old_path	old_q	old_title	old_status	old_tags	old_body_sha256	core_question	action	new_path	new_q	new_title	evidence_version	related_old_ids	reviewer	review_state
01-architecture/01-Android系统架构.md	Q1	Android 的五层架构怎么理解？各层中的典型对象都有什么？	todo		d8ab52463b512e90	Android 的五层架构怎么理解？各层中的典型对象都有什么？	keep	01-architecture/01-system-architecture.md	Q1	Android 的五层架构怎么理解？各层中的典型对象都有什么？	保留原题证据标注	01-architecture/01-Android系统架构.md#Q1	executor	migrated
01-architecture/01-Android系统架构.md	Q2	Android 五层架构之间是通过什么方式通信的，可以跨层通信吗？	todo		ce51137741f08134	Android 五层架构之间是通过什么方式通信的，可以跨层通信吗？	keep	01-architecture/01-system-architecture.md	Q2	Android 五层架构之间是通过什么方式通信的，可以跨层通信吗？	保留原题证据标注	01-architecture/01-Android系统架构.md#Q2	executor	migrated
01-architecture/01-Android系统架构.md	Q3	Android 车机中都有哪些链路场景？	todo		bc7693c6c073280c	Android 车机中都有哪些链路场景？	move	10-aaos/02-vehicle-links.md	Q1	Android 车机中都有哪些链路场景？	保留原题证据标注	01-architecture/01-Android系统架构.md#Q3	executor	migrated
01-architecture/01-Android系统架构.md	Q4	Android 实际工作场景中都有哪些架构问题？如何定位架构问题？	todo		d79c18a50796c68f	Android 实际工作场景中都有哪些架构问题？如何定位架构问题？	keep	01-architecture/01-system-architecture.md	Q3	Android 实际工作场景中都有哪些架构问题？如何定位架构问题？	保留原题证据标注	01-architecture/01-Android系统架构.md#Q4	executor	migrated
01-architecture/01-Android系统架构.md	Q5	Android 架构层级与进程是什么关系？一个应用进程都包含哪些层级的代码？了解这些有什么用？	todo		4832e955c70a442c	Android 架构层级与进程是什么关系？一个应用进程都包含哪些层级的代码？了解这些有什么用？	keep	01-architecture/01-system-architecture.md	Q4	Android 架构层级与进程是什么关系？一个应用进程都包含哪些层级的代码？了解这些有什么用？	保留原题证据标注	01-architecture/01-Android系统架构.md#Q5	executor	migrated
01-architecture/01-Android系统架构.md	Q6	16 KB 页大小、Mainline 模块化、VNDK 废弃——这三个近年架构边界分别改变了什么？	todo		743400c5be4e6920	16 KB 页大小、Mainline 模块化、VNDK 废弃——这三个近年架构边界分别改变了什么？	keep	01-architecture/01-system-architecture.md	Q6	16 KB 页大小、Mainline 模块化、VNDK 废弃——这三个近年架构边界分别改变了什么？	保留原题证据标注	01-architecture/01-Android系统架构.md#Q6	executor	migrated
01-architecture/01-Android系统架构.md	Q7	Android 的进程回收架构由哪些角色组成？杀、冻、压分别是谁在做什么？	todo		00413f7692e8b5be	Android 的进程回收架构由哪些角色组成？杀、冻、压分别是谁在做什么？	keep	01-architecture/01-system-architecture.md	Q9	Android 的进程回收架构由哪些角色组成？杀、冻、压分别是谁在做什么？	保留原题证据标注	01-architecture/01-Android系统架构.md#Q7	executor	migrated
01-architecture/01-Android系统架构.md	Q8	一个 Android 应用进程内部有哪几类固定线程角色？一次点击到上屏经过哪些线程？	todo		1533fe4f64332d5b	一个 Android 应用进程内部有哪几类固定线程角色？一次点击到上屏经过哪些线程？	keep	01-architecture/01-system-architecture.md	Q10	一个 Android 应用进程内部有哪几类固定线程角色？一次点击到上屏经过哪些线程？	保留原题证据标注	01-architecture/01-Android系统架构.md#Q8	executor	migrated
01-architecture/01-Android系统架构.md	Q9	应用的所有请求都需要经过 Android 的五层架构吗？可以跨层通信吗？	todo		eafb23a3bfaaf6f4	应用的所有请求都需要经过 Android 的五层架构吗？可以跨层通信吗？	keep	01-architecture/01-system-architecture.md	Q11	应用的所有请求都需要经过 Android 的五层架构吗？可以跨层通信吗？	保留原题证据标注	01-architecture/01-Android系统架构.md#Q9	executor	migrated
01-architecture/01-Android系统架构.md	Q10	"Android 说的""原生库""指什么？""原生""（native）在这里是什么意思？"	todo		28b707b512782c55	"Android 说的""原生库""指什么？""原生""（native）在这里是什么意思？"	keep	01-architecture/01-system-architecture.md	Q12	"Android 说的""原生库""指什么？""原生""（native）在这里是什么意思？"	保留原题证据标注	01-architecture/01-Android系统架构.md#Q10	executor	migrated
01-architecture/01-Android系统架构.md	Q11	"C/C++ 编写的组件都属于""原生库与 ART 层""吗？"	todo		de2c71811df7b354	"C/C++ 编写的组件都属于""原生库与 ART 层""吗？"	keep	01-architecture/01-system-architecture.md	Q13	"C/C++ 编写的组件都属于""原生库与 ART 层""吗？"	保留原题证据标注	01-architecture/01-Android系统架构.md#Q11	executor	migrated
01-architecture/01-Android系统架构.md	Q12	HAL 的实现代码是 Java 还是 C/C++？框架与 HAL 之间为什么用 Binder 而不是 JNI？	todo		a48dabc32daddb3d	HAL 的实现代码是 Java 还是 C/C++？框架与 HAL 之间为什么用 Binder 而不是 JNI？	keep	01-architecture/01-system-architecture.md	Q14	HAL 的实现代码是 Java 还是 C/C++？框架与 HAL 之间为什么用 Binder 而不是 JNI？	保留原题证据标注	01-architecture/01-Android系统架构.md#Q12	executor	migrated
01-architecture/01-Android系统架构.md	Q13	框架服务之间走原生 Binder指什么？	todo		1b24d8a537ada032	框架服务之间走原生 Binder指什么？	keep	01-architecture/01-system-architecture.md	Q15	框架服务之间走原生 Binder指什么？	保留原题证据标注	01-architecture/01-Android系统架构.md#Q13	executor	migrated
01-architecture/01-Android系统架构.md	Q14	Android 平台架构用了哪几种编程语言？为什么是这些？	todo		b1f5f51c982f98f0	Android 平台架构用了哪几种编程语言？为什么是这些？	keep	01-architecture/01-system-architecture.md	Q16	Android 平台架构用了哪几种编程语言？为什么是这些？	保留原题证据标注	01-architecture/01-Android系统架构.md#Q14	executor	migrated
01-architecture/01-Android系统架构.md	Q15	"system_server 里有 C++ 代码吗？""system_server 的原生部分""指什么？"	todo		cf2b20660e33fab4	"system_server 里有 C++ 代码吗？""system_server 的原生部分""指什么？"	keep	01-architecture/01-system-architecture.md	Q17	"system_server 里有 C++ 代码吗？""system_server 的原生部分""指什么？"	保留原题证据标注	01-architecture/01-Android系统架构.md#Q15	executor	migrated
01-architecture/01-Android系统架构.md	Q16	system_server 引入了哪些 so 库？如何拿到权威清单？	todo		6d5c104c323f12fc	system_server 引入了哪些 so 库？如何拿到权威清单？	keep	01-architecture/01-system-architecture.md	Q18	system_server 引入了哪些 so 库？如何拿到权威清单？	保留原题证据标注	01-architecture/01-Android系统架构.md#Q16	executor	migrated
01-architecture/02-Android系统启动流程.md	Q1	Android 设备从上电到桌面可交互，启动链经过哪些阶段？	learning	系统启动	d4489502fe79fd51	Android 设备从上电到桌面可交互，启动链经过哪些阶段？	keep	01-architecture/02-system-boot.md	Q1	Android 设备从上电到桌面可交互，启动链经过哪些阶段？	保留原题证据标注	01-architecture/02-Android系统启动流程.md#Q1	executor	migrated
01-architecture/02-Android系统启动流程.md	Q2	init 进程的 main.cpp 是被谁拉起的，如何拉起的？	done	init	e103e64f2c66964f	init 进程的 main.cpp 是被谁拉起的，如何拉起的？	keep	01-architecture/02-system-boot.md	Q2	init 进程的 main.cpp 是被谁拉起的，如何拉起的？	保留原题证据标注	01-architecture/02-Android系统启动流程.md#Q2	executor	migrated
01-architecture/02-Android系统启动流程.md	Q3	"verified boot（AVB）是怎么保证""启动运行的代码没有被篡改""的？"	todo		f3f2576b0f79ee73	"verified boot（AVB）是怎么保证""启动运行的代码没有被篡改""的？"	keep	01-architecture/02-system-boot.md	Q3	"verified boot（AVB）是怎么保证""启动运行的代码没有被篡改""的？"	保留原题证据标注	01-architecture/02-Android系统启动流程.md#Q3	executor	migrated
01-architecture/02-Android系统启动流程.md	Q4	内核是怎么启动第一个用户态进程 /init 的？为什么说它不是 fork 出来的？	todo		78c2d617c720fa30	内核是怎么启动第一个用户态进程 /init 的？为什么说它不是 fork 出来的？	keep	01-architecture/02-system-boot.md	Q4	内核是怎么启动第一个用户态进程 /init 的？为什么说它不是 fork 出来的？	保留原题证据标注	01-architecture/02-Android系统启动流程.md#Q4	executor	migrated
01-architecture/02-Android系统启动流程.md	Q5	内核把控制权交给 init 的那一刻，系统精确处于什么状态？	todo		37893461604a1f44	内核把控制权交给 init 的那一刻，系统精确处于什么状态？	keep	01-architecture/02-system-boot.md	Q5	内核把控制权交给 init 的那一刻，系统精确处于什么状态？	保留原题证据标注	01-architecture/02-Android系统启动流程.md#Q5	executor	migrated
01-architecture/02-Android系统启动流程.md	Q6	Android init 进程怎么理解？都做了什么？	todo		c6c2601586d8f8cd	Android init 进程怎么理解？都做了什么？	keep	01-architecture/02-system-boot.md	Q6	Android init 进程怎么理解？都做了什么？	保留原题证据标注	01-architecture/02-Android系统启动流程.md#Q6	executor	migrated
01-architecture/02-Android系统启动流程.md	Q7	init 为什么要在启动中途 execv 自己两次？三个阶段各自做什么？	todo		96e80a596a257a00	init 为什么要在启动中途 execv 自己两次？三个阶段各自做什么？	keep	01-architecture/02-system-boot.md	Q7	init 为什么要在启动中途 execv 自己两次？三个阶段各自做什么？	保留原题证据标注	01-architecture/02-Android系统启动流程.md#Q7	executor	migrated
01-architecture/02-Android系统启动流程.md	Q8	/dev、/proc、/sys 这三个伪文件系统怎么理解？init 为什么要先挂载它们？	todo		1648ec61bc730426	/dev、/proc、/sys 这三个伪文件系统怎么理解？init 为什么要先挂载它们？	keep	01-architecture/02-system-boot.md	Q8	/dev、/proc、/sys 这三个伪文件系统怎么理解？init 为什么要先挂载它们？	保留原题证据标注	01-architecture/02-Android系统启动流程.md#Q8	executor	migrated
01-architecture/02-Android系统启动流程.md	Q9	GKI 时代，为什么内核模块要放在 vendor ramdisk 里而不是编进内核？	todo		83b0297a1a0fe30e	GKI 时代，为什么内核模块要放在 vendor ramdisk 里而不是编进内核？	keep	01-architecture/02-system-boot.md	Q9	GKI 时代，为什么内核模块要放在 vendor ramdisk 里而不是编进内核？	保留原题证据标注	01-architecture/02-Android系统启动流程.md#Q9	executor	migrated
01-architecture/02-Android系统启动流程.md	Q10	fstab 是什么？init 第一阶段怎么按它挂载分区？	todo		0f1b63a90bb46124	fstab 是什么？init 第一阶段怎么按它挂载分区？	keep	01-architecture/02-system-boot.md	Q10	fstab 是什么？init 第一阶段怎么按它挂载分区？	保留原题证据标注	01-architecture/02-Android系统启动流程.md#Q10	executor	migrated
01-architecture/02-Android系统启动流程.md	Q11	启动期 SELinux 策略是怎么装载的？预编译产物不可信时怎么回退？	todo		7252cf1c1992859d	启动期 SELinux 策略是怎么装载的？预编译产物不可信时怎么回退？	keep	01-architecture/02-system-boot.md	Q11	启动期 SELinux 策略是怎么装载的？预编译产物不可信时怎么回退？	保留原题证据标注	01-architecture/02-Android系统启动流程.md#Q11	executor	migrated
01-architecture/02-Android系统启动流程.md	Q12	init 的属性服务是怎么工作的？为什么系统里到处都在用属性？	todo		5f718d5e9834ae2e	init 的属性服务是怎么工作的？为什么系统里到处都在用属性？	keep	01-architecture/02-system-boot.md	Q12	init 的属性服务是怎么工作的？为什么系统里到处都在用属性？	保留原题证据标注	01-architecture/02-Android系统启动流程.md#Q12	executor	migrated
01-architecture/02-Android系统启动流程.md	Q13	.rc 文件怎么理解？	todo		17584b0d44fe90ee	.rc 文件怎么理解？	keep	01-architecture/02-system-boot.md	Q13	.rc 文件怎么理解？	保留原题证据标注	01-architecture/02-Android系统启动流程.md#Q13	executor	migrated
01-architecture/02-Android系统启动流程.md	Q14	init 第二阶段的主循环怎么运转？为什么每轮只执行一条命令？	todo		09f769fdcde3a9aa	init 第二阶段的主循环怎么运转？为什么每轮只执行一条命令？	keep	01-architecture/02-system-boot.md	Q14	init 第二阶段的主循环怎么运转？为什么每轮只执行一条命令？	保留原题证据标注	01-architecture/02-Android系统启动流程.md#Q14	executor	migrated
01-architecture/02-Android系统启动流程.md	Q15	ueventd 是怎么把空的 /dev 填满的？	todo		af315b209c147d0f	ueventd 是怎么把空的 /dev 填满的？	keep	01-architecture/02-system-boot.md	Q15	ueventd 是怎么把空的 /dev 填满的？	保留原题证据标注	01-architecture/02-Android系统启动流程.md#Q15	executor	migrated
01-architecture/02-Android系统启动流程.md	Q16	init 是怎么把一个服务进程拉起来的？Service::Start 里有哪些容易忽略的细节？	todo		193fa9be467c7416	init 是怎么把一个服务进程拉起来的？Service::Start 里有哪些容易忽略的细节？	keep	01-architecture/02-system-boot.md	Q16	init 是怎么把一个服务进程拉起来的？Service::Start 里有哪些容易忽略的细节？	保留原题证据标注	01-architecture/02-Android系统启动流程.md#Q16	executor	migrated
01-architecture/02-Android系统启动流程.md	Q17	init.rc 的 service 块还有哪些关键选项？class_start/class_stop/class_reset 有什么区别？	todo		a3c6acecd7ca734d	init.rc 的 service 块还有哪些关键选项？class_start/class_stop/class_reset 有什么区别？	keep	01-architecture/02-system-boot.md	Q17	init.rc 的 service 块还有哪些关键选项？class_start/class_stop/class_reset 有什么区别？	保留原题证据标注	01-architecture/02-Android系统启动流程.md#Q17	executor	migrated
01-architecture/02-Android系统启动流程.md	Q18	APEX 在启动链的哪一步激活？APEX 损坏时设备表现成什么样？	todo		bcbbd25e096c7034	APEX 在启动链的哪一步激活？APEX 损坏时设备表现成什么样？	keep	01-architecture/02-system-boot.md	Q18	APEX 在启动链的哪一步激活？APEX 损坏时设备表现成什么样？	保留原题证据标注	01-architecture/02-Android系统启动流程.md#Q18	executor	migrated
01-architecture/02-Android系统启动流程.md	Q19	Zygote 是怎么被拉起的？启动后依次做什么？	todo		3514c39ab759ab0d	Zygote 是怎么被拉起的？启动后依次做什么？	keep	01-architecture/02-system-boot.md	Q19	Zygote 是怎么被拉起的？启动后依次做什么？	保留原题证据标注	01-architecture/02-Android系统启动流程.md#Q19	executor	migrated
01-architecture/02-Android系统启动流程.md	Q20	Zygote 的 preload 到底预加载了哪些东西？为什么所有应用进程能直接共享？	todo		c2f69a39e7c111d7	Zygote 的 preload 到底预加载了哪些东西？为什么所有应用进程能直接共享？	keep	01-architecture/02-system-boot.md	Q20	Zygote 的 preload 到底预加载了哪些东西？为什么所有应用进程能直接共享？	保留原题证据标注	01-architecture/02-Android系统启动流程.md#Q20	executor	migrated
01-architecture/02-Android系统启动流程.md	Q21	Zygote 在 Android 进程模型里扮演什么角色？为什么应用进程要用 fork 而不是各自独立启动？	todo		d0bbf1d71ba3cc7f	Zygote 在 Android 进程模型里扮演什么角色？为什么应用进程要用 fork 而不是各自独立启动？	keep	01-architecture/02-system-boot.md	Q22	Zygote 在 Android 进程模型里扮演什么角色？为什么应用进程要用 fork 而不是各自独立启动？	保留原题证据标注	01-architecture/02-Android系统启动流程.md#Q21	executor	migrated
01-architecture/02-Android系统启动流程.md	Q22	"Zygote 的 fork 模型有哪些硬约束？""zygote 本体没有 Binder""是怎么来的？"	todo		dcca564d53a3b0e0	"Zygote 的 fork 模型有哪些硬约束？""zygote 本体没有 Binder""是怎么来的？"	keep	01-architecture/02-system-boot.md	Q23	"Zygote 的 fork 模型有哪些硬约束？""zygote 本体没有 Binder""是怎么来的？"	保留原题证据标注	01-architecture/02-Android系统启动流程.md#Q22	executor	migrated
01-architecture/02-Android系统启动流程.md	Q23	主 Zygote 和次 Zygote 怎么分工？preload 与 USAP 池各有什么坑？	todo		d1c676dce4ebafde	主 Zygote 和次 Zygote 怎么分工？preload 与 USAP 池各有什么坑？	keep	01-architecture/02-system-boot.md	Q25	主 Zygote 和次 Zygote 怎么分工？preload 与 USAP 池各有什么坑？	保留原题证据标注	01-architecture/02-Android系统启动流程.md#Q23	executor	migrated
01-architecture/02-Android系统启动流程.md	Q24	"system_server 是怎么被创建并启动到""服务就绪""的？"	todo		6f9a9a24b323ad7c	"system_server 是怎么被创建并启动到""服务就绪""的？"	move	01-architecture/03-system-server.md	Q2	"system_server 是怎么被创建并启动到""服务就绪""的？"	保留原题证据标注	01-architecture/02-Android系统启动流程.md#Q24	executor	migrated
01-architecture/02-Android系统启动流程.md	Q25	system_server 的四波装配顺序为什么改不得？BootPhase 广播解决了什么问题？	todo		229759869742447b	system_server 的四波装配顺序为什么改不得？BootPhase 广播解决了什么问题？	move	01-architecture/03-system-server.md	Q3	system_server 的四波装配顺序为什么改不得？BootPhase 广播解决了什么问题？	保留原题证据标注	01-architecture/02-Android系统启动流程.md#Q25	executor	migrated
01-architecture/02-Android系统启动流程.md	Q26	system_server 的单点风险靠什么兜底？Watchdog 是怎么工作的？	todo		9bd34ae4b614df76	system_server 的单点风险靠什么兜底？Watchdog 是怎么工作的？	move	01-architecture/03-system-server.md	Q5	system_server 的单点风险靠什么兜底？Watchdog 是怎么工作的？	保留原题证据标注	01-architecture/02-Android系统启动流程.md#Q26	executor	migrated
01-architecture/02-Android系统启动流程.md	Q27	普通应用进程是怎么诞生的？它和 system_server 的诞生路径差在哪？	todo		fcd84b5741b6afd8	普通应用进程是怎么诞生的？它和 system_server 的诞生路径差在哪？	keep	01-architecture/02-system-boot.md	Q29	普通应用进程是怎么诞生的？它和 system_server 的诞生路径差在哪？	保留原题证据标注	01-architecture/02-Android系统启动流程.md#Q27	executor	migrated
01-architecture/02-Android系统启动流程.md	Q28	Android 13 的 systemReady 回调怎样协调 system_server 服务就绪与当前用户启动？	todo		dc8aa3b87e13ec72	Android 13 的 systemReady 回调怎样协调 system_server 服务就绪与当前用户启动？	keep	01-architecture/02-system-boot.md	Q30	Android 13 的 systemReady 回调怎样协调 system_server 服务就绪与当前用户启动？	保留原题证据标注	01-architecture/02-Android系统启动流程.md#Q28	executor	migrated
01-architecture/02-Android系统启动流程.md	Q29	AAOS 在标准启动链的哪三个挂点接入车机专属层？CarService 是怎么起来的？	todo		b8c3f13649c7fe50	AAOS 在标准启动链的哪三个挂点接入车机专属层？CarService 是怎么起来的？	keep	01-architecture/02-system-boot.md	Q31	AAOS 在标准启动链的哪三个挂点接入车机专属层？CarService 是怎么起来的？	保留原题证据标注	01-architecture/02-Android系统启动流程.md#Q29	executor	migrated
01-architecture/02-Android系统启动流程.md	Q30	CarSystemUI 和 CarLauncher 是怎么在不 fork 原生代码的前提下完成车机化的？	todo		54f1f9a8eeebb887	CarSystemUI 和 CarLauncher 是怎么在不 fork 原生代码的前提下完成车机化的？	keep	01-architecture/02-system-boot.md	Q32	CarSystemUI 和 CarLauncher 是怎么在不 fork 原生代码的前提下完成车机化的？	保留原题证据标注	01-architecture/02-Android系统启动流程.md#Q30	executor	migrated
01-architecture/02-Android系统启动流程.md	Q31	误删或禁用了桌面应用，设备开机会怎样？FallbackHome 是干什么的？	todo		90a0d647febca42f	误删或禁用了桌面应用，设备开机会怎样？FallbackHome 是干什么的？	keep	01-architecture/02-system-boot.md	Q33	误删或禁用了桌面应用，设备开机会怎样？FallbackHome 是干什么的？	保留原题证据标注	01-architecture/02-Android系统启动流程.md#Q31	executor	migrated
01-architecture/02-Android系统启动流程.md	Q32	"开机动画由谁拉起、怎么退出？""开机动画卡死不退出""这个经典回归怎么查？"	todo		1beaa917b63918f6	"开机动画由谁拉起、怎么退出？""开机动画卡死不退出""这个经典回归怎么查？"	keep	01-architecture/02-system-boot.md	Q34	"开机动画由谁拉起、怎么退出？""开机动画卡死不退出""这个经典回归怎么查？"	保留原题证据标注	01-architecture/02-Android系统启动流程.md#Q32	executor	migrated
01-architecture/02-Android系统启动流程.md	Q33	FBE 设备重启后、用户还没输锁屏密码，闹钟类应用怎么才能正常响？LOCKED_BOOT_COMPLETED 和 BOOT_COMPLETED 是什么关系？	todo		dd1e6fcc5bab1aba	FBE 设备重启后、用户还没输锁屏密码，闹钟类应用怎么才能正常响？LOCKED_BOOT_COMPLETED 和 BOOT_COMPLETED 是什么关系？	keep	01-architecture/02-system-boot.md	Q35	FBE 设备重启后、用户还没输锁屏密码，闹钟类应用怎么才能正常响？LOCKED_BOOT_COMPLETED 和 BOOT_COMPLETED 是什么关系？	保留原题证据标注	01-architecture/02-Android系统启动流程.md#Q33	executor	migrated
01-architecture/02-Android系统启动流程.md	Q34	开机广播 BOOT_COMPLETED 有时收不到、有时收到就 ANR——它的送达条件、超时和限制到底是什么？	todo		ee1d87c8db7327f7	开机广播 BOOT_COMPLETED 有时收不到、有时收到就 ANR——它的送达条件、超时和限制到底是什么？	keep	01-architecture/02-system-boot.md	Q36	开机广播 BOOT_COMPLETED 有时收不到、有时收到就 ANR——它的送达条件、超时和限制到底是什么？	保留原题证据标注	01-architecture/02-Android系统启动流程.md#Q34	executor	migrated
01-architecture/02-Android系统启动流程.md	Q35	webview_zygote 是什么？应用声明 isolatedProcess 的服务跑在什么进程里？	todo		8b594e0aad5042d4	webview_zygote 是什么？应用声明 isolatedProcess 的服务跑在什么进程里？	keep	01-architecture/02-system-boot.md	Q37	webview_zygote 是什么？应用声明 isolatedProcess 的服务跑在什么进程里？	保留原题证据标注	01-architecture/02-Android系统启动流程.md#Q35	executor	migrated
01-architecture/02-Android系统启动流程.md	Q36	在 system_server 里写代码和读代码各有哪些纪律？	todo		6fa66ceb73efcb87	在 system_server 里写代码和读代码各有哪些纪律？	move	01-architecture/03-system-server.md	Q8	在 system_server 里写代码和读代码各有哪些纪律？	保留原题证据标注	01-architecture/02-Android系统启动流程.md#Q36	executor	migrated
01-architecture/02-Android系统启动流程.md	Q37	"设备正常使用中突然黑屏软重启（不会回 bootloader），日志出现 ""WATCHDOG KILLING SYSTEM PROCESS""——Watchdog 的超时阈值是多少？怎么定位是哪条线程卡住的？"	todo		d12191ed1bdfc07e	"设备正常使用中突然黑屏软重启（不会回 bootloader），日志出现 ""WATCHDOG KILLING SYSTEM PROCESS""——Watchdog 的超时阈值是多少？怎么定位是哪条线程卡住的？"	move	01-architecture/03-system-server.md	Q6	"设备正常使用中突然黑屏软重启（不会回 bootloader），日志出现 ""WATCHDOG KILLING SYSTEM PROCESS""——Watchdog 的超时阈值是多少？怎么定位是哪条线程卡住的？"	保留原题证据标注	01-architecture/02-Android系统启动流程.md#Q37	executor	migrated
01-architecture/02-Android系统启动流程.md	Q38	system_server 崩溃后，系统靠什么恢复？	todo		acc3973344735df2	system_server 崩溃后，系统靠什么恢复？	move	01-architecture/03-system-server.md	Q7	system_server 崩溃后，系统靠什么恢复？	保留原题证据标注	01-architecture/02-Android系统启动流程.md#Q38	executor	migrated
01-architecture/02-Android系统启动流程.md	Q39	服务崩溃后 init 的 Reap 裁决按什么顺序处理？哪些情况会放大成整机重启？	todo		d9f5f6a8be49bddb	服务崩溃后 init 的 Reap 裁决按什么顺序处理？哪些情况会放大成整机重启？	keep	01-architecture/02-system-boot.md	Q38	服务崩溃后 init 的 Reap 裁决按什么顺序处理？哪些情况会放大成整机重启？	保留原题证据标注	01-architecture/02-Android系统启动流程.md#Q39	executor	migrated
01-architecture/02-Android系统启动流程.md	Q40	设备反复重启进不了桌面（boot loop）——init 对关键服务反复崩溃的判据是什么？adb 不可用时怎么拿到上一次崩溃的日志？	todo		34bd779eaf0dd383	设备反复重启进不了桌面（boot loop）——init 对关键服务反复崩溃的判据是什么？adb 不可用时怎么拿到上一次崩溃的日志？	keep	01-architecture/02-system-boot.md	Q39	设备反复重启进不了桌面（boot loop）——init 对关键服务反复崩溃的判据是什么？adb 不可用时怎么拿到上一次崩溃的日志？	保留原题证据标注	01-architecture/02-Android系统启动流程.md#Q40	executor	migrated
01-architecture/02-Android系统启动流程.md	Q41	"设备""突然重启/黑屏""，怎么从日志快速判断死在哪一层——内核、init、Zygote 还是 system_server？"	todo		74e692671deafcc8	"设备""突然重启/黑屏""，怎么从日志快速判断死在哪一层——内核、init、Zygote 还是 system_server？"	keep	01-architecture/02-system-boot.md	Q40	"设备""突然重启/黑屏""，怎么从日志快速判断死在哪一层——内核、init、Zygote 还是 system_server？"	保留原题证据标注	01-architecture/02-Android系统启动流程.md#Q41	executor	migrated
01-architecture/02-Android系统启动流程.md	Q42	AAOS 13 的 headless system user 模式下，AMS 为什么不从 systemReady 直接启动 user 0 的桌面？	todo		a6b0ba87192ca621	AAOS 13 的 headless system user 模式下，AMS 为什么不从 systemReady 直接启动 user 0 的桌面？	keep	01-architecture/02-system-boot.md	Q41	AAOS 13 的 headless system user 模式下，AMS 为什么不从 systemReady 直接启动 user 0 的桌面？	保留原题证据标注	01-architecture/02-Android系统启动流程.md#Q42	executor	migrated
01-architecture/02-Android系统启动流程.md	Q43	AAOS 13 启动 HOME 时，PackageManager 怎样决定是否运行 CarLauncher，进程又怎样进入 Activity？	todo		64fc51c8dbda31b1	AAOS 13 启动 HOME 时，PackageManager 怎样决定是否运行 CarLauncher，进程又怎样进入 Activity？	keep	01-architecture/02-system-boot.md	Q42	AAOS 13 启动 HOME 时，PackageManager 怎样决定是否运行 CarLauncher，进程又怎样进入 Activity？	保留原题证据标注	01-architecture/02-Android系统启动流程.md#Q43	executor	migrated
01-architecture/02-Android系统启动流程.md	Q44	HOME Activity 已启动后，Android 13 还要满足哪些条件才设置 sys.boot_completed？	todo		ce7782d8443f66d3	HOME Activity 已启动后，Android 13 还要满足哪些条件才设置 sys.boot_completed？	keep	01-architecture/02-system-boot.md	Q43	HOME Activity 已启动后，Android 13 还要满足哪些条件才设置 sys.boot_completed？	保留原题证据标注	01-architecture/02-Android系统启动流程.md#Q44	executor	migrated
01-architecture/03-Binder.md	Q1	"Binder 的整体架构由哪几部分组成？""一次拷贝""到底省在哪里？"	todo		5ec03250395ded9d	"Binder 的整体架构由哪几部分组成？""一次拷贝""到底省在哪里？"	keep	01-architecture/04-binder.md	Q1	"Binder 的整体架构由哪几部分组成？""一次拷贝""到底省在哪里？"	保留原题证据标注	01-architecture/03-Binder.md#Q1	executor	migrated
01-architecture/03-Binder.md	Q2	AIDL、Stable AIDL 以及 HIDL 之间有什么区别？	todo		0bdd3e9dace96aeb	AIDL、Stable AIDL 以及 HIDL 之间有什么区别？	keep	01-architecture/04-binder.md	Q4	AIDL、Stable AIDL 以及 HIDL 之间有什么区别？	保留原题证据标注	01-architecture/03-Binder.md#Q2	executor	migrated
01-architecture/03-Binder.md	Q3	"AIDL 接口""能用但慢""，或跨进程 Bundle 在读取处抛 ClassNotFoundException——参数方向与 Parcel 实战有哪些坑？"	todo		52d222a0cef90290	"AIDL 接口""能用但慢""，或跨进程 Bundle 在读取处抛 ClassNotFoundException——参数方向与 Parcel 实战有哪些坑？"	keep	01-architecture/04-binder.md	Q13	"AIDL 接口""能用但慢""，或跨进程 Bundle 在读取处抛 ClassNotFoundException——参数方向与 Parcel 实战有哪些坑？"	保留原题证据标注	01-architecture/03-Binder.md#Q3	executor	migrated
01-architecture/03-Binder.md	Q4	排查 Binder 问题有哪些实用工具？驱动调试节点在新内核上从哪里读？	todo		b978484667ec33ac	排查 Binder 问题有哪些实用工具？驱动调试节点在新内核上从哪里读？	keep	01-architecture/04-binder.md	Q16	排查 Binder 问题有哪些实用工具？驱动调试节点在新内核上从哪里读？	保留原题证据标注	01-architecture/03-Binder.md#Q4	executor	migrated
01-architecture/03-Binder.md	Q5	怎么确认某个 Binder/AIDL 服务在设备上注册了？`service call` 能做什么？	todo		2e07d940d1725432	怎么确认某个 Binder/AIDL 服务在设备上注册了？`service call` 能做什么？	keep	01-architecture/04-binder.md	Q17	怎么确认某个 Binder/AIDL 服务在设备上注册了？`service call` 能做什么？	保留原题证据标注	01-architecture/03-Binder.md#Q5	executor	migrated
01-architecture/03-Binder.md	Q6	"tombstone 里 ""RefBase: object ... with strong count 1 deleted. Double owned?"" 是什么错？"	todo		c22a379a96503ef3	"tombstone 里 ""RefBase: object ... with strong count 1 deleted. Double owned?"" 是什么错？"	keep	01-architecture/04-binder.md	Q18	"tombstone 里 ""RefBase: object ... with strong count 1 deleted. Double owned?"" 是什么错？"	保留原题证据标注	01-architecture/03-Binder.md#Q6	executor	migrated
01-architecture/03-Binder.md	Q7	AIDL 生成的 Stub、Proxy 与 Binder 事务如何连接客户端和服务端？	todo		a4663fc32a3cf62b	AIDL 生成的 Stub、Proxy 与 Binder 事务如何连接客户端和服务端？	keep	01-architecture/04-binder.md	Q5	AIDL 生成的 Stub、Proxy 与 Binder 事务如何连接客户端和服务端？	保留原题证据标注	01-architecture/03-Binder.md#Q7	executor	migrated
01-architecture/03-Binder.md	Q8	Android 进程与线程有什么区别，同一应用为什么会使用多个进程？	todo		7105cd545342f301	Android 进程与线程有什么区别，同一应用为什么会使用多个进程？	move	01-architecture/01-system-architecture.md	Q5	Android 进程与线程有什么区别，同一应用为什么会使用多个进程？	保留原题证据标注	01-architecture/03-Binder.md#Q8	executor	migrated
01-architecture/03-Binder.md	Q9	多进程应用的共享内存与消息传递各有什么取舍？	todo		c0ce96b4c6f5570e	多进程应用的共享内存与消息传递各有什么取舍？	keep	01-architecture/04-binder.md	Q12	多进程应用的共享内存与消息传递各有什么取舍？	保留原题证据标注	01-architecture/03-Binder.md#Q9	executor	migrated
01-architecture/03-Binder.md	Q10	Android 为什么以 Binder 作为常用 IPC，而不是所有场景都用 socket 或共享内存？	todo		dc59ad209542cf44	Android 为什么以 Binder 作为常用 IPC，而不是所有场景都用 socket 或共享内存？	keep	01-architecture/04-binder.md	Q6	Android 为什么以 Binder 作为常用 IPC，而不是所有场景都用 socket 或共享内存？	保留原题证据标注	01-architecture/03-Binder.md#Q10	executor	migrated
01-architecture/04-Sanbox.md	Q1	Android 中的 Sandbox 怎么理解？	todo		5492b577d5afb274	Android 中的 Sandbox 怎么理解？	keep	01-architecture/09-app-sandbox.md	Q1	Android 中的 Sandbox 怎么理解？	保留原题证据标注	01-architecture/04-Sanbox.md#Q1	executor	migrated
01-architecture/04-Sanbox.md	Q2	应用沙箱依靠哪些机制实现？DAC、MAC、seccomp-BPF 分别是什么？	todo		11e4234d96168422	应用沙箱依靠哪些机制实现？DAC、MAC、seccomp-BPF 分别是什么？	keep	01-architecture/09-app-sandbox.md	Q2	应用沙箱依靠哪些机制实现？DAC、MAC、seccomp-BPF 分别是什么？	保留原题证据标注	01-architecture/04-Sanbox.md#Q2	executor	migrated
01-architecture/04-Sanbox.md	Q3	"DAC 和 MAC 都在做""放行/拒绝""，本质区别是什么？"	todo		5042a3ce7010704c	"DAC 和 MAC 都在做""放行/拒绝""，本质区别是什么？"	keep	01-architecture/09-app-sandbox.md	Q3	"DAC 和 MAC 都在做""放行/拒绝""，本质区别是什么？"	保留原题证据标注	01-architecture/04-Sanbox.md#Q3	executor	migrated
01-architecture/04-Sanbox.md	Q4	应用的 UID 是怎么分配的？u0_a199 这样的名字怎么换算成真实 UID？	todo		7cc1103ff385c54a	应用的 UID 是怎么分配的？u0_a199 这样的名字怎么换算成真实 UID？	keep	01-architecture/09-app-sandbox.md	Q4	应用的 UID 是怎么分配的？u0_a199 这样的名字怎么换算成真实 UID？	保留原题证据标注	01-architecture/04-Sanbox.md#Q4	executor	migrated
01-architecture/04-Sanbox.md	Q5	同一应用在工作资料里数据完全隔离，ps 里看到 u0_a123 与 u10_a123——多用户下 UID 怎么分配？跨用户访问的合法路径是什么？	todo		75ffb87351cd2e3a	同一应用在工作资料里数据完全隔离，ps 里看到 u0_a123 与 u10_a123——多用户下 UID 怎么分配？跨用户访问的合法路径是什么？	keep	01-architecture/09-app-sandbox.md	Q5	同一应用在工作资料里数据完全隔离，ps 里看到 u0_a123 与 u10_a123——多用户下 UID 怎么分配？跨用户访问的合法路径是什么？	保留原题证据标注	01-architecture/04-Sanbox.md#Q5	executor	migrated
01-architecture/04-Sanbox.md	Q6	Fatal signal 31 (SIGSYS) 把进程直接杀死——seccomp 拦截系统调用时表现成什么样？怎么确认是哪个调用被拒？	todo		d433c56f0a8ddd14	Fatal signal 31 (SIGSYS) 把进程直接杀死——seccomp 拦截系统调用时表现成什么样？怎么确认是哪个调用被拒？	keep	01-architecture/09-app-sandbox.md	Q6	Fatal signal 31 (SIGSYS) 把进程直接杀死——seccomp 拦截系统调用时表现成什么样？怎么确认是哪个调用被拒？	保留原题证据标注	01-architecture/04-Sanbox.md#Q6	executor	migrated
01-architecture/04-Sanbox.md	Q7	系统的 UID 段位有哪些？隔离进程、App Zygote、SDK 沙箱为什么各占一段？	todo		c779d2dc21345074	系统的 UID 段位有哪些？隔离进程、App Zygote、SDK 沙箱为什么各占一段？	keep	01-architecture/09-app-sandbox.md	Q7	系统的 UID 段位有哪些？隔离进程、App Zygote、SDK 沙箱为什么各占一段？	保留原题证据标注	01-architecture/04-Sanbox.md#Q7	executor	migrated
01-architecture/04-Sanbox.md	Q8	Zygote fork 出应用进程时，UID 与 SELinux 域是在哪一步被设置的？	todo		2815b005208e1175	Zygote fork 出应用进程时，UID 与 SELinux 域是在哪一步被设置的？	keep	01-architecture/09-app-sandbox.md	Q8	Zygote fork 出应用进程时，UID 与 SELinux 域是在哪一步被设置的？	保留原题证据标注	01-architecture/04-Sanbox.md#Q8	executor	migrated
01-architecture/04-Sanbox.md	Q9	应用数据目录的隔离是怎么落到 Linux 文件权限上的？	todo		81768b5037113b5f	应用数据目录的隔离是怎么落到 Linux 文件权限上的？	keep	01-architecture/09-app-sandbox.md	Q9	应用数据目录的隔离是怎么落到 Linux 文件权限上的？	保留原题证据标注	01-architecture/04-Sanbox.md#Q9	executor	migrated
01-architecture/04-Sanbox.md	Q10	两个应用通过 sharedUserId 共享 UID 后，就一定能互相访问吗？	todo		81bd62489b6ca610	两个应用通过 sharedUserId 共享 UID 后，就一定能互相访问吗？	keep	01-architecture/09-app-sandbox.md	Q10	两个应用通过 sharedUserId 共享 UID 后，就一定能互相访问吗？	保留原题证据标注	01-architecture/04-Sanbox.md#Q10	executor	migrated
01-architecture/04-Sanbox.md	Q11	isolatedProcess 的沙箱为什么更小？UID 在其中是怎么变的？	todo		9d36cab3e36c01ae	isolatedProcess 的沙箱为什么更小？UID 在其中是怎么变的？	keep	01-architecture/09-app-sandbox.md	Q11	isolatedProcess 的沙箱为什么更小？UID 在其中是怎么变的？	保留原题证据标注	01-architecture/04-Sanbox.md#Q11	executor	migrated
01-architecture/04-Sanbox.md	Q12	SDK 沙箱（Android 13）是什么？它的 UID 是怎么映射的？	todo		965d8cc03e3ed79d	SDK 沙箱（Android 13）是什么？它的 UID 是怎么映射的？	keep	01-architecture/09-app-sandbox.md	Q12	SDK 沙箱（Android 13）是什么？它的 UID 是怎么映射的？	保留原题证据标注	01-architecture/04-Sanbox.md#Q12	executor	migrated
01-architecture/04-Sanbox.md	Q13	为什么框架的权限检查都用 getCallingUid 而不是 PID？	todo		2bd2e70d2debb97d	为什么框架的权限检查都用 getCallingUid 而不是 PID？	keep	01-architecture/09-app-sandbox.md	Q13	为什么框架的权限检查都用 getCallingUid 而不是 PID？	保留原题证据标注	01-architecture/04-Sanbox.md#Q13	executor	migrated
01-architecture/04-Sanbox.md	Q14	SELinux 完全是 Linux 内核的机制吗？	todo		5dd21e5361c5a682	SELinux 完全是 Linux 内核的机制吗？	keep	01-architecture/09-app-sandbox.md	Q14	SELinux 完全是 Linux 内核的机制吗？	保留原题证据标注	01-architecture/04-Sanbox.md#Q14	executor	migrated
01-architecture/04-Sanbox.md	Q15	MAC 层的拒绝（如应用读 /dev/ttyS0 被 avc denied）是 Linux 内核行为还是 Android 上层行为？	todo		84ff993225842635	MAC 层的拒绝（如应用读 /dev/ttyS0 被 avc denied）是 Linux 内核行为还是 Android 上层行为？	keep	01-architecture/09-app-sandbox.md	Q15	MAC 层的拒绝（如应用读 /dev/ttyS0 被 avc denied）是 Linux 内核行为还是 Android 上层行为？	保留原题证据标注	01-architecture/04-Sanbox.md#Q15	executor	migrated
01-architecture/04-Sanbox.md	Q16	service_manager 类的 avc 拒绝（如 find audio 被拒）也是内核判的吗？	todo		0c828170c3ebd50e	service_manager 类的 avc 拒绝（如 find audio 被拒）也是内核判的吗？	keep	01-architecture/09-app-sandbox.md	Q16	service_manager 类的 avc 拒绝（如 find audio 被拒）也是内核判的吗？	保留原题证据标注	01-architecture/04-Sanbox.md#Q16	executor	migrated
01-architecture/05-Art.md	Q1	Android 中的 ART 如何理解？	todo		a05f94bef19209eb	Android 中的 ART 如何理解？	keep	01-architecture/06-art-runtime.md	Q1	Android 中的 ART 如何理解？	保留原题证据标注	01-architecture/05-Art.md#Q1	executor	migrated
01-architecture/05-Art.md	Q2	常用的 dalvik.vm.* 调试属性有哪些？为什么改了不重启就不生效？	todo		4fea318d8838c5bf	常用的 dalvik.vm.* 调试属性有哪些？为什么改了不重启就不生效？	keep	01-architecture/06-art-runtime.md	Q2	常用的 dalvik.vm.* 调试属性有哪些？为什么改了不重启就不生效？	保留原题证据标注	01-architecture/05-Art.md#Q2	executor	migrated
01-architecture/05-Art.md	Q3	"怎么在设备上验证/触发 AOT 编译？""装了 baseline profile""如何确认真的生效？"	todo		fa8411a89b39220f	"怎么在设备上验证/触发 AOT 编译？""装了 baseline profile""如何确认真的生效？"	keep	01-architecture/06-art-runtime.md	Q3	"怎么在设备上验证/触发 AOT 编译？""装了 baseline profile""如何确认真的生效？"	保留原题证据标注	01-architecture/05-Art.md#Q3	executor	migrated
01-architecture/05-Art.md	Q4	oatdump 和 dexlist 是干什么的？	todo		bae6f87d9c637312	oatdump 和 dexlist 是干什么的？	keep	01-architecture/06-art-runtime.md	Q4	oatdump 和 dexlist 是干什么的？	保留原题证据标注	01-architecture/05-Art.md#Q4	executor	migrated
01-architecture/05-Art.md	Q5	ART 的崩溃在 tombstone 里长什么样？Perfetto 里 GC/JIT 线程的轨道怎么读？	todo		ca71ba6168a53fb4	ART 的崩溃在 tombstone 里长什么样？Perfetto 里 GC/JIT 线程的轨道怎么读？	keep	01-architecture/06-art-runtime.md	Q5	ART 的崩溃在 tombstone 里长什么样？Perfetto 里 GC/JIT 线程的轨道怎么读？	保留原题证据标注	01-architecture/05-Art.md#Q5	executor	migrated
01-architecture/06-JNI.md	Q1	Android 中的 JNI 如何理解？	todo		577fb60b85bb1ee8	Android 中的 JNI 如何理解？	keep	01-architecture/07-jni.md	Q1	Android 中的 JNI 如何理解？	保留原题证据标注	01-architecture/06-JNI.md#Q1	executor	migrated
01-architecture/06-JNI.md	Q2	"native 崩溃只有 ""pc 0x… libfoo.so""，怎么符号化到源码行？线上包拿不到 tombstone 怎么办？"	todo		9f418602f114a585	"native 崩溃只有 ""pc 0x… libfoo.so""，怎么符号化到源码行？线上包拿不到 tombstone 怎么办？"	keep	01-architecture/07-jni.md	Q2	"native 崩溃只有 ""pc 0x… libfoo.so""，怎么符号化到源码行？线上包拿不到 tombstone 怎么办？"	保留原题证据标注	01-architecture/06-JNI.md#Q2	executor	migrated
01-architecture/06-JNI.md	Q3	native 内存随每次 JNI 调用线性上涨，最终被 LMK——典型的 GetStringUTFChars 类泄漏怎么确认与修？	todo		2cbd4ced77e89937	native 内存随每次 JNI 调用线性上涨，最终被 LMK——典型的 GetStringUTFChars 类泄漏怎么确认与修？	keep	01-architecture/07-jni.md	Q3	native 内存随每次 JNI 调用线性上涨，最终被 LMK——典型的 GetStringUTFChars 类泄漏怎么确认与修？	保留原题证据标注	01-architecture/06-JNI.md#Q3	executor	migrated
01-architecture/07-Android分区.md	Q1	Android 设备上常见分区有哪些？各放什么？	todo		9c78073a4effd583	Android 设备上常见分区有哪些？各放什么？	move	06-storage/01-partitions.md	Q1	Android 设备上常见分区有哪些？各放什么？	保留原题证据标注	01-architecture/07-Android分区.md#Q1	executor	migrated
01-architecture/07-Android分区.md	Q2	动态分区（dynamic partitions）与 super 分区怎么理解？	todo		6db39ff4f2983f56	动态分区（dynamic partitions）与 super 分区怎么理解？	move	06-storage/01-partitions.md	Q2	动态分区（dynamic partitions）与 super 分区怎么理解？	保留原题证据标注	01-architecture/07-Android分区.md#Q2	executor	migrated
01-architecture/07-Android分区.md	Q3	虚拟 A/B（Virtual A/B）与分区是什么关系？OTA 期间数据写到哪里？	todo		4614de2488049060	虚拟 A/B（Virtual A/B）与分区是什么关系？OTA 期间数据写到哪里？	move	06-storage/01-partitions.md	Q3	虚拟 A/B（Virtual A/B）与分区是什么关系？OTA 期间数据写到哪里？	保留原题证据标注	01-architecture/07-Android分区.md#Q3	executor	migrated
01-architecture/08-SystemServer.md	Q1	`system_server` 进程都包含哪些层级的代码？了解这些有什么用？	todo		5747d9f8a7cf5d54	`system_server` 进程都包含哪些层级的代码？了解这些有什么用？	keep	01-architecture/03-system-server.md	Q1	`system_server` 进程都包含哪些层级的代码？了解这些有什么用？	保留原题证据标注	01-architecture/08-SystemServer.md#Q1	executor	migrated
01-architecture/08-SystemServer.md	Q2	"WindowManagerService 和 SurfaceFlinger 各自负责什么？为什么说它们是""层≠进程""的典型实例？"	todo		41b8503b82be802a	"WindowManagerService 和 SurfaceFlinger 各自负责什么？为什么说它们是""层≠进程""的典型实例？"	keep	01-architecture/03-system-server.md	Q10	"WindowManagerService 和 SurfaceFlinger 各自负责什么？为什么说它们是""层≠进程""的典型实例？"	保留原题证据标注	01-architecture/08-SystemServer.md#Q2	executor	migrated
01-architecture/09-HAL.md	Q1	HAL 有哪几种存在形态？Treble 之后 system 与 vendor 的边界靠什么维持兼容？	todo		14685ad132bea172	HAL 有哪几种存在形态？Treble 之后 system 与 vendor 的边界靠什么维持兼容？	keep	01-architecture/05-hal.md	Q1	HAL 有哪几种存在形态？Treble 之后 system 与 vendor 的边界靠什么维持兼容？	保留原题证据标注	01-architecture/09-HAL.md#Q1	executor	migrated
01-architecture/09-HAL.md	Q2	"怎么确认某台设备上某 HAL""在不在""？HIDL 和 AIDL 的排查入口有什么不同？"	todo		7cef77c611b0a2b9	"怎么确认某台设备上某 HAL""在不在""？HIDL 和 AIDL 的排查入口有什么不同？"	keep	01-architecture/05-hal.md	Q2	"怎么确认某台设备上某 HAL""在不在""？HIDL 和 AIDL 的排查入口有什么不同？"	保留原题证据标注	01-architecture/09-HAL.md#Q2	executor	migrated
01-architecture/09-HAL.md	Q3	HAL 进程反复崩溃怎么排查？客户端如何感知？有官方调试通道吗？	todo		76832f850f798be5	HAL 进程反复崩溃怎么排查？客户端如何感知？有官方调试通道吗？	keep	01-architecture/05-hal.md	Q3	HAL 进程反复崩溃怎么排查？客户端如何感知？有官方调试通道吗？	保留原题证据标注	01-architecture/09-HAL.md#Q3	executor	migrated
01-architecture/10-Kernel.md	Q1	Android 公共内核是什么？量产设备都会使用吗？厂商会修改什么、为什么？	todo		ec02f253af084a4b	Android 公共内核是什么？量产设备都会使用吗？厂商会修改什么、为什么？	move	12-platform-native/01-kernel-gki.md	Q1	Android 公共内核是什么？量产设备都会使用吗？厂商会修改什么、为什么？	保留原题证据标注	01-architecture/10-Kernel.md#Q1	executor	migrated
01-architecture/10-Kernel.md	Q2	内核有“进程”这个概念吗？内核为什么能运行？	todo		0798037971d24e9a	内核有“进程”这个概念吗？内核为什么能运行？	move	12-platform-native/01-kernel-gki.md	Q4	内核有“进程”这个概念吗？内核为什么能运行？	保留原题证据标注	01-architecture/10-Kernel.md#Q2	executor	migrated
01-architecture/10-Kernel.md	Q3	怎么确认一台设备的内核版本、KMI 和功能开关？	todo		e33df55a77d971c2	怎么确认一台设备的内核版本、KMI 和功能开关？	move	12-platform-native/01-kernel-gki.md	Q5	怎么确认一台设备的内核版本、KMI 和功能开关？	保留原题证据标注	01-architecture/10-Kernel.md#Q3	executor	migrated
01-architecture/10-Kernel.md	Q4	怎么确认 GKI 内核里的 vendor hooks（厂商钩子）存在？	todo		7712fbed8d8a20b7	怎么确认 GKI 内核里的 vendor hooks（厂商钩子）存在？	move	12-platform-native/01-kernel-gki.md	Q6	怎么确认 GKI 内核里的 vendor hooks（厂商钩子）存在？	保留原题证据标注	01-architecture/10-Kernel.md#Q4	executor	migrated
01-architecture/10-Kernel.md	Q5	PSI 的 /proc/pressure 怎么读？dmesg 过滤有哪些实用姿势？	todo		228cd6d32f3509cd	PSI 的 /proc/pressure 怎么读？dmesg 过滤有哪些实用姿势？	move	12-platform-native/01-kernel-gki.md	Q7	PSI 的 /proc/pressure 怎么读？dmesg 过滤有哪些实用姿势？	保留原题证据标注	01-architecture/10-Kernel.md#Q5	executor	migrated
01-architecture/10-Kernel.md	Q6	ramdisk、initramfs 和 rootfs 是什么关系？内核启动为什么需要它？	todo		ab2fb54ec258f3a4	ramdisk、initramfs 和 rootfs 是什么关系？内核启动为什么需要它？	move	12-platform-native/01-kernel-gki.md	Q8	ramdisk、initramfs 和 rootfs 是什么关系？内核启动为什么需要它？	保留原题证据标注	01-architecture/10-Kernel.md#Q6	executor	migrated
01-architecture/11-版本演进与图形栈预加载.md	Q1	判断一台 Android 17 设备的运行时行为，为什么要同时核对五个版本维度，而不是只看系统版本号？	todo		d84f0c020bf3b186	判断一台 Android 17 设备的运行时行为，为什么要同时核对五个版本维度，而不是只看系统版本号？	move	01-architecture/01-system-architecture.md	Q7	判断一台 Android 17 设备的运行时行为，为什么要同时核对五个版本维度，而不是只看系统版本号？	保留原题证据标注	01-architecture/11-版本演进与图形栈预加载.md#Q1	executor	migrated
01-architecture/11-版本演进与图形栈预加载.md	Q2	"Treble 的""框架与 vendor 解耦""靠什么机制保证？GSI 为什么能当验证载体？"	todo		0011dba499a1ff15	"Treble 的""框架与 vendor 解耦""靠什么机制保证？GSI 为什么能当验证载体？"	move	01-architecture/01-system-architecture.md	Q8	"Treble 的""框架与 vendor 解耦""靠什么机制保证？GSI 为什么能当验证载体？"	保留原题证据标注	01-architecture/11-版本演进与图形栈预加载.md#Q2	executor	migrated
01-architecture/11-版本演进与图形栈预加载.md	Q3	Android 17 的内核一定是 6.18 吗？KMI 稳定到底稳定了什么？	todo		12839b322ffd930a	Android 17 的内核一定是 6.18 吗？KMI 稳定到底稳定了什么？	move	12-platform-native/01-kernel-gki.md	Q2	Android 17 的内核一定是 6.18 吗？KMI 稳定到底稳定了什么？	保留原题证据标注	01-architecture/11-版本演进与图形栈预加载.md#Q3	executor	migrated
01-architecture/11-版本演进与图形栈预加载.md	Q4	"云端下发 profile等于""云端编译""吗？Android 编译策略的演进主线是什么？"	todo		3082db735e502fd4	"云端下发 profile等于""云端编译""吗？Android 编译策略的演进主线是什么？"	move	01-architecture/06-art-runtime.md	Q15	"云端下发 profile等于""云端编译""吗？Android 编译策略的演进主线是什么？"	保留原题证据标注	01-architecture/11-版本演进与图形栈预加载.md#Q4	executor	migrated
01-architecture/11-版本演进与图形栈预加载.md	Q5	16 KB 页从支持到强制的时间线是什么？未适配的应用在 Android 17 上会怎样？	todo		d1a546e98fb16204	16 KB 页从支持到强制的时间线是什么？未适配的应用在 Android 17 上会怎样？	move	07-memory/01-memory-management.md	Q29	16 KB 页从支持到强制的时间线是什么？未适配的应用在 Android 17 上会怎样？	保留原题证据标注	01-architecture/11-版本演进与图形栈预加载.md#Q5	executor	migrated
01-architecture/11-版本演进与图形栈预加载.md	Q6	Zygote 预加载碰了图形栈的哪些部分？nativePreloadAppProcessHALs 预加载的是缓冲区分配器吗？	todo		34ed212360c35533	Zygote 预加载碰了图形栈的哪些部分？nativePreloadAppProcessHALs 预加载的是缓冲区分配器吗？	move	05-rendering/05-graphic-stack-preload.md	Q1	Zygote 预加载碰了图形栈的哪些部分？nativePreloadAppProcessHALs 预加载的是缓冲区分配器吗？	保留原题证据标注	01-architecture/11-版本演进与图形栈预加载.md#Q6	executor	migrated
01-architecture/11-版本演进与图形栈预加载.md	Q7	Android 17 的 mapper 预加载为什么跳过 Gralloc 2/3？什么情况下直接 FATAL？	todo		3df7fbb0b7f3dfd0	Android 17 的 mapper 预加载为什么跳过 Gralloc 2/3？什么情况下直接 FATAL？	move	05-rendering/05-graphic-stack-preload.md	Q2	Android 17 的 mapper 预加载为什么跳过 Gralloc 2/3？什么情况下直接 FATAL？	保留原题证据标注	01-architecture/11-版本演进与图形栈预加载.md#Q7	executor	migrated
01-architecture/11-版本演进与图形栈预加载.md	Q8	maybePreloadGraphicsDriver 把图形驱动预热到什么程度？ro.zygote.disable_gl_preload 关掉的是什么？	todo		c1a48a3233b27cf8	maybePreloadGraphicsDriver 把图形驱动预热到什么程度？ro.zygote.disable_gl_preload 关掉的是什么？	move	05-rendering/05-graphic-stack-preload.md	Q3	maybePreloadGraphicsDriver 把图形驱动预热到什么程度？ro.zygote.disable_gl_preload 关掉的是什么？	保留原题证据标注	01-architecture/11-版本演进与图形栈预加载.md#Q8	executor	migrated
01-architecture/11-版本演进与图形栈预加载.md	Q9	app 实际用的 GPU 驱动由谁决定？GraphicsEnvironment 的选择链优先级是什么？	todo		5db31c7b3eddca14	app 实际用的 GPU 驱动由谁决定？GraphicsEnvironment 的选择链优先级是什么？	move	05-rendering/05-graphic-stack-preload.md	Q4	app 实际用的 GPU 驱动由谁决定？GraphicsEnvironment 的选择链优先级是什么？	保留原题证据标注	01-architecture/11-版本演进与图形栈预加载.md#Q9	executor	migrated
01-architecture/11-版本演进与图形栈预加载.md	Q10	Android 17 上 ANGLE 需要什么条件才能成为设备的默认 GL 实现？	todo		72bb4869355bf9af	Android 17 上 ANGLE 需要什么条件才能成为设备的默认 GL 实现？	move	05-rendering/05-graphic-stack-preload.md	Q5	Android 17 上 ANGLE 需要什么条件才能成为设备的默认 GL 实现？	保留原题证据标注	01-architecture/11-版本演进与图形栈预加载.md#Q10	executor	migrated
01-architecture/11-版本演进与图形栈预加载.md	Q11	首帧开销里哪些是 Zygote 预加载帮不上的？HardwareRenderer.preload() 能提前什么？	todo		de41ff388db58dbf	首帧开销里哪些是 Zygote 预加载帮不上的？HardwareRenderer.preload() 能提前什么？	move	05-rendering/05-graphic-stack-preload.md	Q6	首帧开销里哪些是 Zygote 预加载帮不上的？HardwareRenderer.preload() 能提前什么？	保留原题证据标注	01-architecture/11-版本演进与图形栈预加载.md#Q11	executor	migrated
01-architecture/11-版本演进与图形栈预加载.md	Q12	USAP 为什么默认关闭？开启前要确认什么？开了以后还能用 PostFork trace 诊断吗？	todo		fa37dd7b3dd1d73e	USAP 为什么默认关闭？开启前要确认什么？开了以后还能用 PostFork trace 诊断吗？	move	01-architecture/02-system-boot.md	Q26	USAP 为什么默认关闭？开启前要确认什么？开了以后还能用 PostFork trace 诊断吗？	保留原题证据标注	01-architecture/11-版本演进与图形栈预加载.md#Q12	executor	migrated
01-architecture/11-版本演进与图形栈预加载.md	Q13	fork 派生模型的内核成本省在哪？16 KB 页会改变 COW 的什么？	todo		3834ffe53ad20671	fork 派生模型的内核成本省在哪？16 KB 页会改变 COW 的什么？	move	01-architecture/02-system-boot.md	Q27	fork 派生模型的内核成本省在哪？16 KB 页会改变 COW 的什么？	保留原题证据标注	01-architecture/11-版本演进与图形栈预加载.md#Q13	executor	migrated
01-architecture/11-版本演进与图形栈预加载.md	Q14	App Zygote（ZygotePreload）适合什么场景？它和系统 Zygote 的预加载边界怎么分？	todo		54128ce5143d74e3	App Zygote（ZygotePreload）适合什么场景？它和系统 Zygote 的预加载边界怎么分？	move	01-architecture/02-system-boot.md	Q28	App Zygote（ZygotePreload）适合什么场景？它和系统 Zygote 的预加载边界怎么分？	保留原题证据标注	01-architecture/11-版本演进与图形栈预加载.md#Q14	executor	migrated
01-architecture/12-类加载ART编译与JNI链接.md	Q1	类加载的 define、verify、initialize 三步各做什么？loadClass 与 Class.forName 的差别落在哪一步？	todo		859b8ff9d220fefc	类加载的 define、verify、initialize 三步各做什么？loadClass 与 Class.forName 的差别落在哪一步？	move	01-architecture/06-art-runtime.md	Q6	类加载的 define、verify、initialize 三步各做什么？loadClass 与 Class.forName 的差别落在哪一步？	保留原题证据标注	01-architecture/12-类加载ART编译与JNI链接.md#Q1	executor	migrated
01-architecture/12-类加载ART编译与JNI链接.md	Q2	ART 怎么加速跨 ClassLoader 的类查找？DelegateLastClassLoader 的查找顺序特殊在哪？自定义加载器会失去什么？	todo		870529139bb12245	ART 怎么加速跨 ClassLoader 的类查找？DelegateLastClassLoader 的查找顺序特殊在哪？自定义加载器会失去什么？	move	01-architecture/06-art-runtime.md	Q7	ART 怎么加速跨 ClassLoader 的类查找？DelegateLastClassLoader 的查找顺序特殊在哪？自定义加载器会失去什么？	保留原题证据标注	01-architecture/12-类加载ART编译与JNI链接.md#Q2	executor	migrated
01-architecture/12-类加载ART编译与JNI链接.md	Q3	DEX 文件里如何定位一个类？Startup Profile 的 DEX 布局优化为什么能加快启动、从哪个 AGP 版本默认开启？	todo		334ccf9c058744f3	DEX 文件里如何定位一个类？Startup Profile 的 DEX 布局优化为什么能加快启动、从哪个 AGP 版本默认开启？	move	01-architecture/06-art-runtime.md	Q8	DEX 文件里如何定位一个类？Startup Profile 的 DEX 布局优化为什么能加快启动、从哪个 AGP 版本默认开启？	保留原题证据标注	01-architecture/12-类加载ART编译与JNI链接.md#Q3	executor	migrated
01-architecture/12-类加载ART编译与JNI链接.md	Q4	Boot Image 的 .art/.oat/.vdex 各存什么？进程间怎么共享、怎么判断共享是否被打破？	todo		c61bf57e1c8a4447	Boot Image 的 .art/.oat/.vdex 各存什么？进程间怎么共享、怎么判断共享是否被打破？	move	01-architecture/06-art-runtime.md	Q9	Boot Image 的 .art/.oat/.vdex 各存什么？进程间怎么共享、怎么判断共享是否被打破？	保留原题证据标注	01-architecture/12-类加载ART编译与JNI链接.md#Q4	executor	migrated
01-architecture/12-类加载ART编译与JNI链接.md	Q5	设备如何选择 boot image 的位置？odrefresh 什么时候触发重建？	todo		e80f15c61b2f1f99	设备如何选择 boot image 的位置？odrefresh 什么时候触发重建？	move	01-architecture/06-art-runtime.md	Q10	设备如何选择 boot image 的位置？odrefresh 什么时候触发重建？	保留原题证据标注	01-architecture/12-类加载ART编译与JNI链接.md#Q5	executor	migrated
01-architecture/12-类加载ART编译与JNI链接.md	Q6	应用侧可用哪几种编译过滤器？speed-profile 没有 profile 时会发生什么？	todo		928e5aeb40482683	应用侧可用哪几种编译过滤器？speed-profile 没有 profile 时会发生什么？	move	01-architecture/06-art-runtime.md	Q11	应用侧可用哪几种编译过滤器？speed-profile 没有 profile 时会发生什么？	保留原题证据标注	01-architecture/12-类加载ART编译与JNI链接.md#Q6	executor	migrated
01-architecture/12-类加载ART编译与JNI链接.md	Q7	"pm.dexopt.* 各场景的默认过滤器是什么？""安装后第一次启动慢""的完整链路怎么解释？"	todo		c619c8badc933f83	"pm.dexopt.* 各场景的默认过滤器是什么？""安装后第一次启动慢""的完整链路怎么解释？"	move	01-architecture/06-art-runtime.md	Q12	"pm.dexopt.* 各场景的默认过滤器是什么？""安装后第一次启动慢""的完整链路怎么解释？"	保留原题证据标注	01-architecture/12-类加载ART编译与JNI链接.md#Q7	executor	migrated
01-architecture/12-类加载ART编译与JNI链接.md	Q8	AOT 编译产物何时失效？vdex 记录的验证信息怎么被复用？	todo		963b7782d9aebeed	AOT 编译产物何时失效？vdex 记录的验证信息怎么被复用？	move	01-architecture/06-art-runtime.md	Q13	AOT 编译产物何时失效？vdex 记录的验证信息怎么被复用？	保留原题证据标注	01-architecture/12-类加载ART编译与JNI链接.md#Q8	executor	migrated
01-architecture/12-类加载ART编译与JNI链接.md	Q9	ART 的反优化有哪些触发场景？单帧反优化如何执行、怎么判断健康度？	todo		8f6a34674478a199	ART 的反优化有哪些触发场景？单帧反优化如何执行、怎么判断健康度？	move	01-architecture/06-art-runtime.md	Q14	ART 的反优化有哪些触发场景？单帧反优化如何执行、怎么判断健康度？	保留原题证据标注	01-architecture/12-类加载ART编译与JNI链接.md#Q9	executor	migrated
01-architecture/12-类加载ART编译与JNI链接.md	Q10	@FastNative 与 @CriticalNative 加速什么？各自的硬约束与版本可用性是什么？	todo		ccad76e9e38f500e	@FastNative 与 @CriticalNative 加速什么？各自的硬约束与版本可用性是什么？	move	01-architecture/07-jni.md	Q4	@FastNative 与 @CriticalNative 加速什么？各自的硬约束与版本可用性是什么？	保留原题证据标注	01-architecture/12-类加载ART编译与JNI链接.md#Q10	executor	migrated
01-architecture/12-类加载ART编译与JNI链接.md	Q11	native 自建线程里 FindClass 应用类为什么失败？attach 的线程还要注意什么？	todo		3a4f3e4a4009b8ce	native 自建线程里 FindClass 应用类为什么失败？attach 的线程还要注意什么？	move	01-architecture/07-jni.md	Q5	native 自建线程里 FindClass 应用类为什么失败？attach 的线程还要注意什么？	保留原题证据标注	01-architecture/12-类加载ART编译与JNI链接.md#Q11	executor	migrated
01-architecture/12-类加载ART编译与JNI链接.md	Q12	GetStringCritical 返回的指针可以直接保存吗？数组 Elements API 的三种 release 模式怎么选？	todo		2e714c892a21cc48	GetStringCritical 返回的指针可以直接保存吗？数组 Elements API 的三种 release 模式怎么选？	move	01-architecture/07-jni.md	Q6	GetStringCritical 返回的指针可以直接保存吗？数组 Elements API 的三种 release 模式怎么选？	保留原题证据标注	01-architecture/12-类加载ART编译与JNI链接.md#Q12	executor	migrated
01-architecture/12-类加载ART编译与JNI链接.md	Q13	Bionic 的 malloc 最终走到哪个分配器？为什么不同产品行为不同？	todo		da585c69731a09c0	Bionic 的 malloc 最终走到哪个分配器？为什么不同产品行为不同？	move	12-platform-native/05-bionic-linker.md	Q18	Bionic 的 malloc 最终走到哪个分配器？为什么不同产品行为不同？	保留原题证据标注	01-architecture/12-类加载ART编译与JNI链接.md#Q13	executor	migrated
01-architecture/12-类加载ART编译与JNI链接.md	Q14	"linker namespace 怎么判定""这个库能不能加载""？报 not accessible 时按什么顺序排查？"	todo		9f9b0b9c051d44c9	"linker namespace 怎么判定""这个库能不能加载""？报 not accessible 时按什么顺序排查？"	move	12-platform-native/05-bionic-linker.md	Q19	"linker namespace 怎么判定""这个库能不能加载""？报 not accessible 时按什么顺序排查？"	保留原题证据标注	01-architecture/12-类加载ART编译与JNI链接.md#Q14	executor	migrated
01-architecture/12-类加载ART编译与JNI链接.md	Q15	为什么说 Bionic 的符号解析全是急切的？一次 dlopen 的耗时应该归到哪些阶段？	todo		3aad4ed04adffa14	为什么说 Bionic 的符号解析全是急切的？一次 dlopen 的耗时应该归到哪些阶段？	move	12-platform-native/05-bionic-linker.md	Q20	为什么说 Bionic 的符号解析全是急切的？一次 dlopen 的耗时应该归到哪些阶段？	保留原题证据标注	01-architecture/12-类加载ART编译与JNI链接.md#Q15	executor	migrated
01-architecture/12-类加载ART编译与JNI链接.md	Q16	VNDK 弃用后，framework 与 vendor 的原生库隔离靠什么维持？Android 17 的 16 KB 链接兼容开关有哪些取值？	todo		dda2fd420bf18c48	VNDK 弃用后，framework 与 vendor 的原生库隔离靠什么维持？Android 17 的 16 KB 链接兼容开关有哪些取值？	move	12-platform-native/05-bionic-linker.md	Q21	VNDK 弃用后，framework 与 vendor 的原生库隔离靠什么维持？Android 17 的 16 KB 链接兼容开关有哪些取值？	保留原题证据标注	01-architecture/12-类加载ART编译与JNI链接.md#Q16	executor	migrated
01-architecture/13-MessageQueue锁竞争与Binder深化.md	Q1	Android 17 的 DeliQueue 优化了消息处理链条的哪一段，为什么它不能让界面绘制或业务回调自动变快？	todo		e48cacaf1b3b5606	Android 17 的 DeliQueue 优化了消息处理链条的哪一段，为什么它不能让界面绘制或业务回调自动变快？	move	02-app-framework/02-handler-looper.md	Q6	Android 17 的 DeliQueue 优化了消息处理链条的哪一段，为什么它不能让界面绘制或业务回调自动变快？	保留原题证据标注	01-architecture/13-MessageQueue锁竞争与Binder深化.md#Q1	executor	migrated
01-architecture/13-MessageQueue锁竞争与Binder深化.md	Q2	应用要满足什么条件才会启用 DeliQueue？怎样在同一台设备上做出可信的 A/B 对照？	todo		4c2ccbd27e25de77	应用要满足什么条件才会启用 DeliQueue？怎样在同一台设备上做出可信的 A/B 对照？	move	02-app-framework/02-handler-looper.md	Q7	应用要满足什么条件才会启用 DeliQueue？怎样在同一台设备上做出可信的 A/B 对照？	保留原题证据标注	01-architecture/13-MessageQueue锁竞争与Binder深化.md#Q2	executor	migrated
01-architecture/13-MessageQueue锁竞争与Binder深化.md	Q3	"DeliQueue 用什么结构替代""一把锁加一条有序链表""？排序成本转移到了哪里？"	todo		b2b8a55603f255e3	"DeliQueue 用什么结构替代""一把锁加一条有序链表""？排序成本转移到了哪里？"	move	02-app-framework/02-handler-looper.md	Q8	"DeliQueue 用什么结构替代""一把锁加一条有序链表""？排序成本转移到了哪里？"	保留原题证据标注	01-architecture/13-MessageQueue锁竞争与Binder深化.md#Q3	executor	migrated
01-architecture/13-MessageQueue锁竞争与Binder深化.md	Q4	DeliQueue 为什么禁止在并发路径上复用全局 Message 池？	todo		01436644807649d1	DeliQueue 为什么禁止在并发路径上复用全局 Message 池？	move	02-app-framework/02-handler-looper.md	Q9	DeliQueue 为什么禁止在并发路径上复用全局 Message 池？	保留原题证据标注	01-architecture/13-MessageQueue锁竞争与Binder深化.md#Q4	executor	migrated
01-architecture/13-MessageQueue锁竞争与Binder深化.md	Q5	"官方把 Android 17 的新队列称为""无锁 MessageQueue""，这意味着 MessageQueue 里没有任何锁、CAS 一定比锁快吗？"	todo		0bd82beb2a27f91e	"官方把 Android 17 的新队列称为""无锁 MessageQueue""，这意味着 MessageQueue 里没有任何锁、CAS 一定比锁快吗？"	move	02-app-framework/02-handler-looper.md	Q10	"官方把 Android 17 的新队列称为""无锁 MessageQueue""，这意味着 MessageQueue 里没有任何锁、CAS 一定比锁快吗？"	保留原题证据标注	01-architecture/13-MessageQueue锁竞争与Binder深化.md#Q5	executor	migrated
01-architecture/13-MessageQueue锁竞争与Binder深化.md	Q6	把依赖 MessageQueue 内部结构的代码迁移到 Android 17 时要注意什么？	todo		eb83e18ab00e5691	把依赖 MessageQueue 内部结构的代码迁移到 Android 17 时要注意什么？	move	02-app-framework/02-handler-looper.md	Q11	把依赖 MessageQueue 内部结构的代码迁移到 Android 17 时要注意什么？	保留原题证据标注	01-architecture/13-MessageQueue锁竞争与Binder深化.md#Q6	executor	migrated
01-architecture/13-MessageQueue锁竞争与Binder深化.md	Q7	线程停在 `futex_wait` 就应该去找 Java 持锁者吗？Java 锁等待在 Android 17 上有几条不同路径？	todo		1864f384279e8cc0	线程停在 `futex_wait` 就应该去找 Java 持锁者吗？Java 锁等待在 Android 17 上有几条不同路径？	move	16-app-practice/05-stability-threads-ipc.md	Q21	线程停在 `futex_wait` 就应该去找 Java 持锁者吗？Java 锁等待在 Android 17 上有几条不同路径？	保留原题证据标注	01-architecture/13-MessageQueue锁竞争与Binder深化.md#Q7	executor	migrated
01-architecture/13-MessageQueue锁竞争与Binder深化.md	Q8	Android 的 IPC 机制应怎样分层选型？为什么说一条真实链路经常同时使用两三层机制？	todo		e44d1514887714db	Android 的 IPC 机制应怎样分层选型？为什么说一条真实链路经常同时使用两三层机制？	move	01-architecture/04-binder.md	Q7	Android 的 IPC 机制应怎样分层选型？为什么说一条真实链路经常同时使用两三层机制？	保留原题证据标注	01-architecture/13-MessageQueue锁竞争与Binder深化.md#Q8	executor	migrated
01-architecture/13-MessageQueue锁竞争与Binder深化.md	Q9	oneway 调用到底保证了什么、没保证什么？`BR_TRANSACTION_COMPLETE` 代表服务端执行完成吗？	todo		19259c1674e1769c	oneway 调用到底保证了什么、没保证什么？`BR_TRANSACTION_COMPLETE` 代表服务端执行完成吗？	move	01-architecture/04-binder.md	Q8	oneway 调用到底保证了什么、没保证什么？`BR_TRANSACTION_COMPLETE` 代表服务端执行完成吗？	保留原题证据标注	01-architecture/13-MessageQueue锁竞争与Binder深化.md#Q9	executor	migrated
01-architecture/13-MessageQueue锁竞争与Binder深化.md	Q10	"为什么""Binder 单次调用可以安全传接近 1MB""是错误结论？"	todo		da713ea339680452	"为什么""Binder 单次调用可以安全传接近 1MB""是错误结论？"	move	01-architecture/04-binder.md	Q2	"为什么""Binder 单次调用可以安全传接近 1MB""是错误结论？"	保留原题证据标注	01-architecture/13-MessageQueue锁竞争与Binder深化.md#Q10	executor	migrated
01-architecture/13-MessageQueue锁竞争与Binder深化.md	Q11	大数据跨进程传输应该如何设计？`writeBlob` 的 16KiB 分界、`SharedMemory.setProtect()` 和 FMQ 各自的边界是什么？	todo		28efc590d5cc9da0	大数据跨进程传输应该如何设计？`writeBlob` 的 16KiB 分界、`SharedMemory.setProtect()` 和 FMQ 各自的边界是什么？	move	01-architecture/04-binder.md	Q11	大数据跨进程传输应该如何设计？`writeBlob` 的 16KiB 分界、`SharedMemory.setProtect()` 和 FMQ 各自的边界是什么？	保留原题证据标注	01-architecture/13-MessageQueue锁竞争与Binder深化.md#Q11	executor	migrated
01-architecture/13-MessageQueue锁竞争与Binder深化.md	Q12	Binder 线程池默认 15 个线程该怎么准确理解？怎样判断服务端真的发生了线程池饥饿？	todo		da5c4d4b116334e3	Binder 线程池默认 15 个线程该怎么准确理解？怎样判断服务端真的发生了线程池饥饿？	move	01-architecture/04-binder.md	Q10	Binder 线程池默认 15 个线程该怎么准确理解？怎样判断服务端真的发生了线程池饥饿？	保留原题证据标注	01-architecture/13-MessageQueue锁竞争与Binder深化.md#Q12	executor	migrated
01-architecture/13-MessageQueue锁竞争与Binder深化.md	Q13	oneway 事务在驱动里如何排队？异步空间紧张时调用方会看到什么？	todo		5b3497b37c6ad43b	oneway 事务在驱动里如何排队？异步空间紧张时调用方会看到什么？	move	01-architecture/04-binder.md	Q9	oneway 事务在驱动里如何排队？异步空间紧张时调用方会看到什么？	保留原题证据标注	01-architecture/13-MessageQueue锁竞争与Binder深化.md#Q13	executor	migrated
01-architecture/13-MessageQueue锁竞争与Binder深化.md	Q14	向冻结进程发起同步与 oneway Binder 调用分别会发生什么？	todo		907903c71f7d33ec	向冻结进程发起同步与 oneway Binder 调用分别会发生什么？	move	07-memory/01-memory-management.md	Q27	向冻结进程发起同步与 oneway Binder 调用分别会发生什么？	保留原题证据标注	01-architecture/13-MessageQueue锁竞争与Binder深化.md#Q14	executor	migrated
01-architecture/13-MessageQueue锁竞争与Binder深化.md	Q15	Android 17 依据什么决定一个缓存进程能否被冻结？为什么写入 `cgroup.freeze=1` 不代表已经冻结？	todo		7519d373085c9b63	Android 17 依据什么决定一个缓存进程能否被冻结？为什么写入 `cgroup.freeze=1` 不代表已经冻结？	move	07-memory/01-memory-management.md	Q28	Android 17 依据什么决定一个缓存进程能否被冻结？为什么写入 `cgroup.freeze=1` 不代表已经冻结？	保留原题证据标注	01-architecture/13-MessageQueue锁竞争与Binder深化.md#Q15	executor	migrated
01-architecture/13-MessageQueue锁竞争与Binder深化.md	Q16	Binder 相关的约 1MiB、4MiB、600KiB、300KiB 这几个数字分别约束什么？	todo		ec6a1e59fcccb512	Binder 相关的约 1MiB、4MiB、600KiB、300KiB 这几个数字分别约束什么？	move	01-architecture/04-binder.md	Q3	Binder 相关的约 1MiB、4MiB、600KiB、300KiB 这几个数字分别约束什么？	保留原题证据标注	01-architecture/13-MessageQueue锁竞争与Binder深化.md#Q16	executor	migrated
01-architecture/13-MessageQueue锁竞争与Binder深化.md	Q17	一笔事务的 Binder buffer 如何分配与归还？空间不足时的行为是什么？	todo		9019dc3a575af353	一笔事务的 Binder buffer 如何分配与归还？空间不足时的行为是什么？	move	12-platform-native/03-binder-driver.md	Q2	一笔事务的 Binder buffer 如何分配与归还？空间不足时的行为是什么？	保留原题证据标注	01-architecture/13-MessageQueue锁竞争与Binder深化.md#Q17	executor	migrated
01-architecture/13-MessageQueue锁竞争与Binder深化.md	Q18	排查 Binder 问题时，冻结状态位、扩展错误、AIDL trace 与 Perfetto 表各自能回答什么、不能回答什么？	todo		78f2a523dfed298b	排查 Binder 问题时，冻结状态位、扩展错误、AIDL trace 与 Perfetto 表各自能回答什么、不能回答什么？	move	01-architecture/04-binder.md	Q14	排查 Binder 问题时，冻结状态位、扩展错误、AIDL trace 与 Perfetto 表各自能回答什么、不能回答什么？	保留原题证据标注	01-architecture/13-MessageQueue锁竞争与Binder深化.md#Q18	executor	migrated
01-architecture/13-MessageQueue锁竞争与Binder深化.md	Q19	`RecordedTransaction` 能做什么？为什么不能当线上常驻监控？	todo		1972a88d5625e62c	`RecordedTransaction` 能做什么？为什么不能当线上常驻监控？	move	01-architecture/04-binder.md	Q15	`RecordedTransaction` 能做什么？为什么不能当线上常驻监控？	保留原题证据标注	01-architecture/13-MessageQueue锁竞争与Binder深化.md#Q19	executor	migrated
01-architecture/14-系统服务调度核心.md	Q1	启动一个 Activity 到底是 AMS 还是 ATMS 在负责？目标进程由谁创建？	todo		22ecff79c4e24125	启动一个 Activity 到底是 AMS 还是 ATMS 在负责？目标进程由谁创建？	move	01-architecture/03-system-server.md	Q4	启动一个 Activity 到底是 AMS 还是 ATMS 在负责？目标进程由谁创建？	保留原题证据标注	01-architecture/14-系统服务调度核心.md#Q1	executor	migrated
01-architecture/14-系统服务调度核心.md	Q2	"进程回收优先级 adj 的关键档位有哪些？""前台服务 adj 一定是 200""对吗？"	todo		6ae23064514d0d40	"进程回收优先级 adj 的关键档位有哪些？""前台服务 adj 一定是 200""对吗？"	move	07-memory/01-memory-management.md	Q21	"进程回收优先级 adj 的关键档位有哪些？""前台服务 adj 一定是 200""对吗？"	保留原题证据标注	01-architecture/14-系统服务调度核心.md#Q2	executor	migrated
01-architecture/14-系统服务调度核心.md	Q3	"OomAdjuster 算出的 adj 怎样交给 lmkd？""看到 am_kill 就是被 lmkd 杀了""对吗？"	todo		4de062eb3ac6899e	"OomAdjuster 算出的 adj 怎样交给 lmkd？""看到 am_kill 就是被 lmkd 杀了""对吗？"	move	07-memory/01-memory-management.md	Q22	"OomAdjuster 算出的 adj 怎样交给 lmkd？""看到 am_kill 就是被 lmkd 杀了""对吗？"	保留原题证据标注	01-architecture/14-系统服务调度核心.md#Q3	executor	migrated
01-architecture/14-系统服务调度核心.md	Q4	"Android 的 ANR 有哪几套独立计时器？""主线程卡 5 秒就会 ANR""对吗？"	todo		6b65fca1d36fc69b	"Android 的 ANR 有哪几套独立计时器？""主线程卡 5 秒就会 ANR""对吗？"	move	15-performance/03-anr.md	Q29	"Android 的 ANR 有哪几套独立计时器？""主线程卡 5 秒就会 ANR""对吗？"	保留原题证据标注	01-architecture/14-系统服务调度核心.md#Q4	executor	migrated
01-architecture/14-系统服务调度核心.md	Q5	AMS 的双锁模型（`mGlobalLock` 与 `mProcLock`）如何工作？为什么 OOM adj 全量更新仍要同时持两把锁？	todo		57a7b0f008601641	AMS 的双锁模型（`mGlobalLock` 与 `mProcLock`）如何工作？为什么 OOM adj 全量更新仍要同时持两把锁？	move	01-architecture/03-system-server.md	Q9	AMS 的双锁模型（`mGlobalLock` 与 `mProcLock`）如何工作？为什么 OOM adj 全量更新仍要同时持两把锁？	保留原题证据标注	01-architecture/14-系统服务调度核心.md#Q5	executor	migrated
01-architecture/14-系统服务调度核心.md	Q6	Android 17 的 cgroup 是纯 v2 统一层级吗？一个进程的 CPU 组和冻结组分别写在哪里？	todo		3014721753d6a2ae	Android 17 的 cgroup 是纯 v2 统一层级吗？一个进程的 CPU 组和冻结组分别写在哪里？	move	14-cpu-power/01-scheduler-power-framework.md	Q26	Android 17 的 cgroup 是纯 v2 统一层级吗？一个进程的 CPU 组和冻结组分别写在哪里？	保留原题证据标注	01-architecture/14-系统服务调度核心.md#Q6	executor	migrated
01-architecture/14-系统服务调度核心.md	Q7	libprocessgroup 和 task profile 把什么抽象掉了？`SetClamps` 为什么不能用？	todo		1fc4dc0f5bd1afcc	libprocessgroup 和 task profile 把什么抽象掉了？`SetClamps` 为什么不能用？	move	14-cpu-power/01-scheduler-power-framework.md	Q27	libprocessgroup 和 task profile 把什么抽象掉了？`SetClamps` 为什么不能用？	保留原题证据标注	01-architecture/14-系统服务调度核心.md#Q7	executor	migrated
01-architecture/14-系统服务调度核心.md	Q8	framework 的 schedGroup 如何落到 cgroup？为什么短时间内可能看到新 schedGroup 与旧 cgroup 路径并存？	todo		be6b7f9524f2ab28	framework 的 schedGroup 如何落到 cgroup？为什么短时间内可能看到新 schedGroup 与旧 cgroup 路径并存？	move	14-cpu-power/01-scheduler-power-framework.md	Q28	framework 的 schedGroup 如何落到 cgroup？为什么短时间内可能看到新 schedGroup 与旧 cgroup 路径并存？	保留原题证据标注	01-architecture/14-系统服务调度核心.md#Q8	executor	migrated
01-architecture/14-系统服务调度核心.md	Q9	v2 memory controller 的 `memory.low`/`high`/`max` 各自语义是什么？与 LMKD 的边界在哪里？	todo		beb3dc7db90aa443	v2 memory controller 的 `memory.low`/`high`/`max` 各自语义是什么？与 LMKD 的边界在哪里？	move	07-memory/01-memory-management.md	Q23	v2 memory controller 的 `memory.low`/`high`/`max` 各自语义是什么？与 LMKD 的边界在哪里？	保留原题证据标注	01-architecture/14-系统服务调度核心.md#Q9	executor	migrated
01-architecture/14-系统服务调度核心.md	Q10	Android 17 还有前台/后台两条广播队列吗？`FLAG_RECEIVER_FOREGROUND` 到底影响什么？	todo		2bc59065cb10d5a6	Android 17 还有前台/后台两条广播队列吗？`FLAG_RECEIVER_FOREGROUND` 到底影响什么？	move	11-platform-services/01-broadcast.md	Q1	Android 17 还有前台/后台两条广播队列吗？`FLAG_RECEIVER_FOREGROUND` 到底影响什么？	保留原题证据标注	01-architecture/14-系统服务调度核心.md#Q10	executor	migrated
01-architecture/14-系统服务调度核心.md	Q11	广播按什么粒度排队？系统最多同时向几个进程投递？	todo		d32b1d285b69be41	广播按什么粒度排队？系统最多同时向几个进程投递？	move	11-platform-services/01-broadcast.md	Q2	广播按什么粒度排队？系统最多同时向几个进程投递？	保留原题证据标注	01-architecture/14-系统服务调度核心.md#Q11	executor	migrated
01-architecture/14-系统服务调度核心.md	Q12	"哪些广播""发出即算投递成功""？缓存态应用的广播会怎样处理？"	todo		92d0f7d4d896dd1e	"哪些广播""发出即算投递成功""？缓存态应用的广播会怎样处理？"	move	11-platform-services/01-broadcast.md	Q3	"哪些广播""发出即算投递成功""？缓存态应用的广播会怎样处理？"	保留原题证据标注	01-architecture/14-系统服务调度核心.md#Q12	executor	migrated
01-architecture/14-系统服务调度核心.md	Q13	广播 ANR 的计时从哪里开始？`goAsync()` 能把窗口延长多少？	todo		5c13a47a25208698	广播 ANR 的计时从哪里开始？`goAsync()` 能把窗口延长多少？	move	11-platform-services/01-broadcast.md	Q4	广播 ANR 的计时从哪里开始？`goAsync()` 能把窗口延长多少？	保留原题证据标注	01-architecture/14-系统服务调度核心.md#Q13	executor	migrated
01-architecture/14-系统服务调度核心.md	Q14	进程启动时 ContentProvider 为什么早于 `Application.onCreate()` 初始化？`initOrder` 能保证什么？	todo		e314fd7378a6e327	进程启动时 ContentProvider 为什么早于 `Application.onCreate()` 初始化？`initOrder` 能保证什么？	move	02-app-framework/03-content-provider.md	Q1	进程启动时 ContentProvider 为什么早于 `Application.onCreate()` 初始化？`initOrder` 能保证什么？	保留原题证据标注	01-architecture/14-系统服务调度核心.md#Q14	executor	migrated
01-architecture/14-系统服务调度核心.md	Q15	跨进程查询如何返回 Cursor？为什么 `moveToNext()` 仍可能走 Binder？大结果集该怎么分页？	todo		0f7d4ef2aa93e896	跨进程查询如何返回 Cursor？为什么 `moveToNext()` 仍可能走 Binder？大结果集该怎么分页？	move	02-app-framework/03-content-provider.md	Q2	跨进程查询如何返回 Cursor？为什么 `moveToNext()` 仍可能走 Binder？大结果集该怎么分页？	保留原题证据标注	01-architecture/14-系统服务调度核心.md#Q15	executor	migrated
01-architecture/14-系统服务调度核心.md	Q16	"ContentProvider 的 10 秒、20 秒、3 秒分别计什么？""所有 Provider 操作都有 10 秒超时""对吗？"	todo		844b8c4747e447b9	"ContentProvider 的 10 秒、20 秒、3 秒分别计什么？""所有 Provider 操作都有 10 秒超时""对吗？"	move	02-app-framework/03-content-provider.md	Q3	"ContentProvider 的 10 秒、20 秒、3 秒分别计什么？""所有 Provider 操作都有 10 秒超时""对吗？"	保留原题证据标注	01-architecture/14-系统服务调度核心.md#Q16	executor	migrated
01-architecture/14-系统服务调度核心.md	Q17	`applyBatch()` 天然是事务吗？Provider 的 Binder 线程池怎样被拖垮？	todo		46fd6a1e74e46492	`applyBatch()` 天然是事务吗？Provider 的 Binder 线程池怎样被拖垮？	move	02-app-framework/03-content-provider.md	Q4	`applyBatch()` 天然是事务吗？Provider 的 Binder 线程池怎样被拖垮？	保留原题证据标注	01-architecture/14-系统服务调度核心.md#Q17	executor	migrated
01-architecture/15-安装归档与资源配置.md	Q1	商店上传的是 AAB，手机端最终安装的却是 APK：AAB 为什么不能直接安装，设备端 PackageInstaller 对 base/split APK 集合校验什么？	todo		d2225c083fb417e9	商店上传的是 AAB，手机端最终安装的却是 APK：AAB 为什么不能直接安装，设备端 PackageInstaller 对 base/split APK 集合校验什么？	move	01-architecture/08-package-management.md	Q1	商店上传的是 AAB，手机端最终安装的却是 APK：AAB 为什么不能直接安装，设备端 PackageInstaller 对 base/split APK 集合校验什么？	保留原题证据标注	01-architecture/15-安装归档与资源配置.md#Q1	executor	migrated
01-architecture/15-安装归档与资源配置.md	Q2	一次普通 APK 安装在 Package Manager 里分哪四个阶段执行？commit() 正常返回与安装完成是什么关系？	todo		559e6339923170e8	一次普通 APK 安装在 Package Manager 里分哪四个阶段执行？commit() 正常返回与安装完成是什么关系？	move	01-architecture/08-package-management.md	Q2	一次普通 APK 安装在 Package Manager 里分哪四个阶段执行？commit() 正常返回与安装完成是什么关系？	保留原题证据标注	01-architecture/15-安装归档与资源配置.md#Q2	executor	migrated
01-architecture/15-安装归档与资源配置.md	Q3	"Android 13 上安装 dexopt 由谁调度执行？为什么""安装会话失败""不能自动归因于 dex2oat？"	todo		9c0cc830b9c94d4c	"Android 13 上安装 dexopt 由谁调度执行？为什么""安装会话失败""不能自动归因于 dex2oat？"	move	01-architecture/08-package-management.md	Q3	"Android 13 上安装 dexopt 由谁调度执行？为什么""安装会话失败""不能自动归因于 dex2oat？"	保留原题证据标注	01-architecture/15-安装归档与资源配置.md#Q3	executor	migrated
01-architecture/15-安装归档与资源配置.md	Q4	Android 13 的 PMS 已用 Computer 快照优化查询，这是否意味着包查询无锁？查询变慢时该怎么归因？	todo		d9c3c9035fe95c89	Android 13 的 PMS 已用 Computer 快照优化查询，这是否意味着包查询无锁？查询变慢时该怎么归因？	move	01-architecture/08-package-management.md	Q4	Android 13 的 PMS 已用 Computer 快照优化查询，这是否意味着包查询无锁？查询变慢时该怎么归因？	保留原题证据标注	01-architecture/15-安装归档与资源配置.md#Q4	executor	migrated
01-architecture/15-安装归档与资源配置.md	Q5	"APK Signature Scheme v4 与 IncFS 增量安装是什么关系？""边下载边安装""里存在""按需解密""吗？"	todo		3088928ecedaf327	"APK Signature Scheme v4 与 IncFS 增量安装是什么关系？""边下载边安装""里存在""按需解密""吗？"	move	01-architecture/08-package-management.md	Q5	"APK Signature Scheme v4 与 IncFS 增量安装是什么关系？""边下载边安装""里存在""按需解密""吗？"	保留原题证据标注	01-architecture/15-安装归档与资源配置.md#Q5	executor	migrated
01-architecture/15-安装归档与资源配置.md	Q6	Staged install 与普通安装都是事务，为什么还需要跨重启的分阶段会话？就绪状态为什么要先持久化再通知 apexd？	todo		172f219cd5c165e0	Staged install 与普通安装都是事务，为什么还需要跨重启的分阶段会话？就绪状态为什么要先持久化再通知 apexd？	move	01-architecture/08-package-management.md	Q6	Staged install 与普通安装都是事务，为什么还需要跨重启的分阶段会话？就绪状态为什么要先持久化再通知 apexd？	保留原题证据标注	01-architecture/15-安装归档与资源配置.md#Q6	executor	migrated
01-architecture/15-安装归档与资源配置.md	Q7	"应用归档和""卸载但保留数据""差别在哪？Android 13 上能用平台 API 归档应用吗？"	todo		11bce564457a2878	"应用归档和""卸载但保留数据""差别在哪？Android 13 上能用平台 API 归档应用吗？"	move	01-architecture/08-package-management.md	Q7	"应用归档和""卸载但保留数据""差别在哪？Android 13 上能用平台 API 归档应用吗？"	保留原题证据标注	01-architecture/15-安装归档与资源配置.md#Q7	executor	migrated
01-architecture/15-安装归档与资源配置.md	Q8	多用户设备上归档一个应用，能回收的空间为什么常常只有缓存？归档对恢复后的启动性能有什么影响？	todo		a3755e434b02da7f	多用户设备上归档一个应用，能回收的空间为什么常常只有缓存？归档对恢复后的启动性能有什么影响？	move	01-architecture/08-package-management.md	Q8	多用户设备上归档一个应用，能回收的空间为什么常常只有缓存？归档对恢复后的启动性能有什么影响？	保留原题证据标注	01-architecture/15-安装归档与资源配置.md#Q8	executor	migrated
01-architecture/15-安装归档与资源配置.md	Q9	"用户点击已归档应用的图标后，从""类不存在""到""恢复安装""的系统链路怎么走？UNARCHIVAL_OK 表示恢复完成了吗？"	todo		439ac4dc22d86260	"用户点击已归档应用的图标后，从""类不存在""到""恢复安装""的系统链路怎么走？UNARCHIVAL_OK 表示恢复完成了吗？"	move	01-architecture/08-package-management.md	Q9	"用户点击已归档应用的图标后，从""类不存在""到""恢复安装""的系统链路怎么走？UNARCHIVAL_OK 表示恢复完成了吗？"	保留原题证据标注	01-architecture/15-安装归档与资源配置.md#Q9	executor	migrated
01-architecture/15-安装归档与资源配置.md	Q10	"Resources、ResourcesImpl、AssetManager 三层各持有什么？""旋转一次就新建一个 ResourcesImpl""为什么不成立？"	todo		e657f1cc6b93a2cf	"Resources、ResourcesImpl、AssetManager 三层各持有什么？""旋转一次就新建一个 ResourcesImpl""为什么不成立？"	move	03-ui/03-resources.md	Q20	"Resources、ResourcesImpl、AssetManager 三层各持有什么？""旋转一次就新建一个 ResourcesImpl""为什么不成立？"	保留原题证据标注	01-architecture/15-安装归档与资源配置.md#Q10	executor	migrated
01-architecture/15-安装归档与资源配置.md	Q11	一次 Configuration 变更后，系统如何决定 Activity 是热派发 onConfigurationChanged 还是销毁重建？relaunch 等于冷启动吗？	todo		af97cf7ef00ef847	一次 Configuration 变更后，系统如何决定 Activity 是热派发 onConfigurationChanged 还是销毁重建？relaunch 等于冷启动吗？	move	03-ui/03-resources.md	Q21	一次 Configuration 变更后，系统如何决定 Activity 是热派发 onConfigurationChanged 还是销毁重建？relaunch 等于冷启动吗？	保留原题证据标注	01-architecture/15-安装归档与资源配置.md#Q11	executor	migrated
01-architecture/15-安装归档与资源配置.md	Q12	android:configChanges 接管旋转后系统还做什么？Android 17 的 recreateOnConfigChanges 五类扩展为什么不能在 Android 13 上依赖？	todo		368a48a3ec4ef31c	android:configChanges 接管旋转后系统还做什么？Android 17 的 recreateOnConfigChanges 五类扩展为什么不能在 Android 13 上依赖？	move	03-ui/03-resources.md	Q22	android:configChanges 接管旋转后系统还做什么？Android 17 的 recreateOnConfigChanges 五类扩展为什么不能在 Android 13 上依赖？	保留原题证据标注	01-architecture/15-安装归档与资源配置.md#Q12	executor	migrated
01-architecture/15-安装归档与资源配置.md	Q13	"Resources 相关内存持续增长时，为什么""mResourceImpls 里的键变多""不能直接定性为泄漏？应该怎么取证？"	todo		ab43e90ea9119a0c	"Resources 相关内存持续增长时，为什么""mResourceImpls 里的键变多""不能直接定性为泄漏？应该怎么取证？"	move	03-ui/03-resources.md	Q23	"Resources 相关内存持续增长时，为什么""mResourceImpls 里的键变多""不能直接定性为泄漏？应该怎么取证？"	保留原题证据标注	01-architecture/15-安装归档与资源配置.md#Q13	executor	migrated
01-architecture/16-显示与窗口链路.md	Q1	"一次标准硬件加速窗口从 VSync 到上屏经过哪些环节？""syncAndDrawFrame() 已返回""能证明 GPU 画完了吗？"	todo		a9c42305d8ec75ba	"一次标准硬件加速窗口从 VSync 到上屏经过哪些环节？""syncAndDrawFrame() 已返回""能证明 GPU 画完了吗？"	move	05-rendering/01-render-pipeline-vsync.md	Q2	"一次标准硬件加速窗口从 VSync 到上屏经过哪些环节？""syncAndDrawFrame() 已返回""能证明 GPU 画完了吗？"	保留原题证据标注	01-architecture/16-显示与窗口链路.md#Q1	executor	migrated
01-architecture/16-显示与窗口链路.md	Q2	acquire fence、release fence、present fence 分别回答什么问题？queueBuffer 传输的是整帧像素吗？	todo		fa71d763f8ad2f21	acquire fence、release fence、present fence 分别回答什么问题？queueBuffer 传输的是整帧像素吗？	move	05-rendering/02-gpu-composition-display.md	Q31	acquire fence、release fence、present fence 分别回答什么问题？queueBuffer 传输的是整帧像素吗？	保留原题证据标注	01-architecture/16-显示与窗口链路.md#Q2	executor	migrated
01-architecture/16-显示与窗口链路.md	Q3	WMS.addWindow 返回成功后窗口就可见了吗？应用收到 BadTokenException 应该先查什么？	todo		324856c963bb1f11	WMS.addWindow 返回成功后窗口就可见了吗？应用收到 BadTokenException 应该先查什么？	move	03-ui/04-window-system.md	Q18	WMS.addWindow 返回成功后窗口就可见了吗？应用收到 BadTokenException 应该先查什么？	保留原题证据标注	01-architecture/16-显示与窗口链路.md#Q3	executor	migrated
01-architecture/16-显示与窗口链路.md	Q4	"WMS 的 android.display、android.anim、android.anim.lf 三条线程怎么分工？""线程分开了""为什么仍可能互相拖慢？"	todo		db68235ef3f7d824	"WMS 的 android.display、android.anim、android.anim.lf 三条线程怎么分工？""线程分开了""为什么仍可能互相拖慢？"	move	03-ui/04-window-system.md	Q19	"WMS 的 android.display、android.anim、android.anim.lf 三条线程怎么分工？""线程分开了""为什么仍可能互相拖慢？"	保留原题证据标注	01-architecture/16-显示与窗口链路.md#Q4	executor	migrated
01-architecture/16-显示与窗口链路.md	Q5	ViewRootImpl.performTraversals 是每帧都跨进程调用 WMS 的 relayout 吗？命中哪些条件才会 relayout？	todo		c72ca9445eb14f5f	ViewRootImpl.performTraversals 是每帧都跨进程调用 WMS 的 relayout 吗？命中哪些条件才会 relayout？	move	03-ui/04-window-system.md	Q20	ViewRootImpl.performTraversals 是每帧都跨进程调用 WMS 的 relayout 吗？命中哪些条件才会 relayout？	保留原题证据标注	01-architecture/16-显示与窗口链路.md#Q5	executor	migrated
01-architecture/16-显示与窗口链路.md	Q6	点击无响应时，WMS、InputFlinger 和应用各自可能的责任段是什么？	todo		5bc569d255d6f144	点击无响应时，WMS、InputFlinger 和应用各自可能的责任段是什么？	move	04-input/01-input-system.md	Q27	点击无响应时，WMS、InputFlinger 和应用各自可能的责任段是什么？	保留原题证据标注	01-architecture/16-显示与窗口链路.md#Q6	executor	migrated
01-architecture/17-Telephony与Connectivity.md	Q1	"TelephonyManager 这类""同步""查询 API 背后跨了哪些进程？RemoteException 能说明 Modem 坏了吗？"	todo		9e556220ceeb283c	"TelephonyManager 这类""同步""查询 API 背后跨了哪些进程？RemoteException 能说明 Modem 坏了吗？"	move	08-network/02-cellular-wireless.md	Q18	"TelephonyManager 这类""同步""查询 API 背后跨了哪些进程？RemoteException 能说明 Modem 坏了吗？"	保留原题证据标注	01-architecture/17-Telephony与Connectivity.md#Q1	executor	migrated
01-architecture/17-Telephony与Connectivity.md	Q2	RIL 发出一条 radio 请求后怎么把响应对回原调用？Android 13 连 Radio HAL 用 AIDL 还是 HIDL？	todo		fdaf8612e71b525e	RIL 发出一条 radio 请求后怎么把响应对回原调用？Android 13 连 Radio HAL 用 AIDL 还是 HIDL？	move	08-network/02-cellular-wireless.md	Q19	RIL 发出一条 radio 请求后怎么把响应对回原调用？Android 13 连 Radio HAL 用 AIDL 还是 HIDL？	保留原题证据标注	01-architecture/17-Telephony与Connectivity.md#Q2	executor	migrated
01-architecture/17-Telephony与Connectivity.md	Q3	同样是 Telephony 查询 API，为什么 getAllCellInfo 几乎瞬时、requestCellInfoUpdate 慢且限频、部分特权 API 还可能长时间阻塞？	todo		7475c6402c6257af	同样是 Telephony 查询 API，为什么 getAllCellInfo 几乎瞬时、requestCellInfoUpdate 慢且限频、部分特权 API 还可能长时间阻塞？	move	08-network/02-cellular-wireless.md	Q20	同样是 Telephony 查询 API，为什么 getAllCellInfo 几乎瞬时、requestCellInfoUpdate 慢且限频、部分特权 API 还可能长时间阻塞？	保留原题证据标注	01-architecture/17-Telephony与Connectivity.md#Q3	executor	migrated
01-architecture/17-Telephony与Connectivity.md	Q4	一次信号强度变化经 TelephonyRegistry 怎样扇出到应用？同一 callback 反复注册会怎样？	todo		c301ba98f9f0eae7	一次信号强度变化经 TelephonyRegistry 怎样扇出到应用？同一 callback 反复注册会怎样？	move	08-network/02-cellular-wireless.md	Q21	一次信号强度变化经 TelephonyRegistry 怎样扇出到应用？同一 callback 反复注册会怎样？	保留原题证据标注	01-architecture/17-Telephony与Connectivity.md#Q4	executor	migrated
01-architecture/17-Telephony与Connectivity.md	Q5	蜂窝有信号但应用无网时，Telephony 与 Connectivity 各管哪一段？DATA_CONNECTED 能说明能上互联网吗？	todo		81268dc193899e1e	蜂窝有信号但应用无网时，Telephony 与 Connectivity 各管哪一段？DATA_CONNECTED 能说明能上互联网吗？	move	08-network/02-cellular-wireless.md	Q22	蜂窝有信号但应用无网时，Telephony 与 Connectivity 各管哪一段？DATA_CONNECTED 能说明能上互联网吗？	保留原题证据标注	01-architecture/17-Telephony与Connectivity.md#Q5	executor	migrated
01-architecture/17-Telephony与Connectivity.md	Q6	"多卡代码里的 physical slot、phoneId、eSIM port、subscriptionId 是一回事吗？DSDS 设备""另一张卡一定周期性掉信号""吗？"	todo		bf0e5d2655d9b5c0	"多卡代码里的 physical slot、phoneId、eSIM port、subscriptionId 是一回事吗？DSDS 设备""另一张卡一定周期性掉信号""吗？"	move	08-network/02-cellular-wireless.md	Q23	"多卡代码里的 physical slot、phoneId、eSIM port、subscriptionId 是一回事吗？DSDS 设备""另一张卡一定周期性掉信号""吗？"	保留原题证据标注	01-architecture/17-Telephony与Connectivity.md#Q6	executor	migrated
01-architecture/17-Telephony与Connectivity.md	Q7	Connectivity 属于 Mainline 模块，ConnectivityService 跑在哪个进程？网络验证卡住时是 system_server 在发 HTTP 探测吗？	todo		b95020ea73ed7908	Connectivity 属于 Mainline 模块，ConnectivityService 跑在哪个进程？网络验证卡住时是 system_server 在发 HTTP 探测吗？	move	08-network/01-network-framework.md	Q17	Connectivity 属于 Mainline 模块，ConnectivityService 跑在哪个进程？网络验证卡住时是 system_server 在发 HTTP 探测吗？	保留原题证据标注	01-architecture/17-Telephony与Connectivity.md#Q7	executor	migrated
01-architecture/17-Telephony与Connectivity.md	Q8	Wi-Fi 已连接且 NetworkCapabilities 里有 NET_CAPABILITY_INTERNET，为什么应用还是上不了网？一个网络能同时 available 又 blocked 吗？	todo		bdeaf2b13c9d2e32	Wi-Fi 已连接且 NetworkCapabilities 里有 NET_CAPABILITY_INTERNET，为什么应用还是上不了网？一个网络能同时 available 又 blocked 吗？	move	08-network/01-network-framework.md	Q18	Wi-Fi 已连接且 NetworkCapabilities 里有 NET_CAPABILITY_INTERNET，为什么应用还是上不了网？一个网络能同时 available 又 blocked 吗？	保留原题证据标注	01-architecture/17-Telephony与Connectivity.md#Q8	executor	migrated
01-architecture/17-Telephony与Connectivity.md	Q9	NetworkMonitor 验证失败会宣布 Wi-Fi 断开吗？PARTIAL_CONNECTIVITY 是普通应用能用的常量吗？	todo		843663f48aa7048b	NetworkMonitor 验证失败会宣布 Wi-Fi 断开吗？PARTIAL_CONNECTIVITY 是普通应用能用的常量吗？	move	08-network/01-network-framework.md	Q19	NetworkMonitor 验证失败会宣布 Wi-Fi 断开吗？PARTIAL_CONNECTIVITY 是普通应用能用的常量吗？	保留原题证据标注	01-architecture/17-Telephony与Connectivity.md#Q9	executor	migrated
01-architecture/17-Telephony与Connectivity.md	Q10	Wi-Fi 60 分 + validated 40 分 = 100 分，比蜂窝 90 分高所以选 Wi-Fi——这个打分模型对吗？系统实际怎么排序？	todo		ec3863ab4b367a9e	Wi-Fi 60 分 + validated 40 分 = 100 分，比蜂窝 90 分高所以选 Wi-Fi——这个打分模型对吗？系统实际怎么排序？	move	08-network/01-network-framework.md	Q20	Wi-Fi 60 分 + validated 40 分 = 100 分，比蜂窝 90 分高所以选 Wi-Fi——这个打分模型对吗？系统实际怎么排序？	保留原题证据标注	01-architecture/17-Telephony与Connectivity.md#Q10	executor	migrated
01-architecture/17-Telephony与Connectivity.md	Q11	registerDefaultNetworkCallback、registerNetworkCallback、requestNetwork 三者怎么选？为什么不能在 onAvailable 里同步调 getNetworkCapabilities()？	todo		d7b582c800ecb0ee	registerDefaultNetworkCallback、registerNetworkCallback、requestNetwork 三者怎么选？为什么不能在 onAvailable 里同步调 getNetworkCapabilities()？	move	08-network/01-network-framework.md	Q21	registerDefaultNetworkCallback、registerNetworkCallback、requestNetwork 三者怎么选？为什么不能在 onAvailable 里同步调 getNetworkCapabilities()？	保留原题证据标注	01-architecture/17-Telephony与Connectivity.md#Q11	executor	migrated
01-architecture/17-Telephony与Connectivity.md	Q12	Wi-Fi 切到蜂窝后默认网络回调已收到新网络，为什么已有 TCP 连接还是断了？应用该怎么处理？	todo		7aa0c55c4aea6df9	Wi-Fi 切到蜂窝后默认网络回调已收到新网络，为什么已有 TCP 连接还是断了？应用该怎么处理？	move	08-network/01-network-framework.md	Q22	Wi-Fi 切到蜂窝后默认网络回调已收到新网络，为什么已有 TCP 连接还是断了？应用该怎么处理？	保留原题证据标注	01-architecture/17-Telephony与Connectivity.md#Q12	executor	migrated
01-architecture/18-Notification-Biometric-Location.md	Q1	调用 NotificationManager.notify() 返回后，系统已经完成了哪些工作、哪些还没有发生？	todo		6d0cea09848332e3	调用 NotificationManager.notify() 返回后，系统已经完成了哪些工作、哪些还没有发生？	move	11-platform-services/02-notifications.md	Q1	调用 NotificationManager.notify() 返回后，系统已经完成了哪些工作、哪些还没有发生？	保留原题证据标注	01-architecture/18-Notification-Biometric-Location.md#Q1	executor	migrated
01-architecture/18-Notification-Biometric-Location.md	Q2	对同一通知高频刷新进度（如 41% 变 42%）时，更新为什么会静默丢失？两级限流如何豁免状态变化？	todo		857956e06fec4db9	对同一通知高频刷新进度（如 41% 变 42%）时，更新为什么会静默丢失？两级限流如何豁免状态变化？	move	11-platform-services/02-notifications.md	Q2	对同一通知高频刷新进度（如 41% 变 42%）时，更新为什么会静默丢失？两级限流如何豁免状态变化？	保留原题证据标注	01-architecture/18-Notification-Biometric-Location.md#Q2	executor	migrated
01-architecture/18-Notification-Biometric-Location.md	Q3	重复调用 createNotificationChannel() 或删除后重建同 ID 渠道，能绕过用户对渠道的设置吗？	todo		4ad040a549496734	重复调用 createNotificationChannel() 或删除后重建同 ID 渠道，能绕过用户对渠道的设置吗？	move	11-platform-services/02-notifications.md	Q3	重复调用 createNotificationChannel() 或删除后重建同 ID 渠道，能绕过用户对渠道的设置吗？	保留原题证据标注	01-architecture/18-Notification-Biometric-Location.md#Q3	executor	migrated
01-architecture/18-Notification-Biometric-Location.md	Q4	POST_NOTIFICATIONS 运行时权限被拒绝后，notify() 还能调用吗？通知会进入 NotificationManagerService 吗？	todo		ff3a4426e5f4fe89	POST_NOTIFICATIONS 运行时权限被拒绝后，notify() 还能调用吗？通知会进入 NotificationManagerService 吗？	move	11-platform-services/02-notifications.md	Q4	POST_NOTIFICATIONS 运行时权限被拒绝后，notify() 还能调用吗？通知会进入 NotificationManagerService 吗？	保留原题证据标注	01-architecture/18-Notification-Biometric-Location.md#Q4	executor	migrated
01-architecture/18-Notification-Biometric-Location.md	Q5	Android 17 对通知里的自定义 RemoteViews 施加了哪两层内存检查？超限后分别发生什么？	todo		b7fea325da30f8c7	Android 17 对通知里的自定义 RemoteViews 施加了哪两层内存检查？超限后分别发生什么？	move	11-platform-services/02-notifications.md	Q5	Android 17 对通知里的自定义 RemoteViews 施加了哪两层内存检查？超限后分别发生什么？	保留原题证据标注	01-architecture/18-Notification-Biometric-Location.md#Q5	executor	migrated
01-architecture/18-Notification-Biometric-Location.md	Q6	Android 17 想让进行中通知获得 Live Update 提升展示（promoted ongoing），只调用 setRequestPromotedOngoing(true) 够吗？	todo		ce1a6627765229fa	Android 17 想让进行中通知获得 Live Update 提升展示（promoted ongoing），只调用 setRequestPromotedOngoing(true) 够吗？	move	11-platform-services/02-notifications.md	Q6	Android 17 想让进行中通知获得 Live Update 提升展示（promoted ongoing），只调用 setRequestPromotedOngoing(true) 够吗？	保留原题证据标注	01-architecture/18-Notification-Biometric-Location.md#Q6	executor	migrated
01-architecture/18-Notification-Biometric-Location.md	Q7	BiometricPrompt.authenticate() 很快返回，为什么不能说明传感器已经开始采集？请求依次经过哪些组件？	todo		e8752f32074ad772	BiometricPrompt.authenticate() 很快返回，为什么不能说明传感器已经开始采集？请求依次经过哪些组件？	move	11-platform-services/04-biometrics.md	Q1	BiometricPrompt.authenticate() 很快返回，为什么不能说明传感器已经开始采集？请求依次经过哪些组件？	保留原题证据标注	01-architecture/18-Notification-Biometric-Location.md#Q7	executor	migrated
01-architecture/18-Notification-Biometric-Location.md	Q8	BiometricPrompt 认证进行中再次调用 authenticate()，旧请求会排队等待还是被替换？	todo		5ff2eb58ed32b321	BiometricPrompt 认证进行中再次调用 authenticate()，旧请求会排队等待还是被替换？	move	11-platform-services/04-biometrics.md	Q2	BiometricPrompt 认证进行中再次调用 authenticate()，旧请求会排队等待还是被替换？	保留原题证据标注	01-architecture/18-Notification-Biometric-Location.md#Q8	executor	migrated
01-architecture/18-Notification-Biometric-Location.md	Q9	BIOMETRIC_WEAK（Class 2）认证成功后，为什么拿不到可用于 Keystore 的 HardwareAuthToken？	todo		b429f9762684f2e7	BIOMETRIC_WEAK（Class 2）认证成功后，为什么拿不到可用于 Keystore 的 HardwareAuthToken？	move	11-platform-services/04-biometrics.md	Q3	BIOMETRIC_WEAK（Class 2）认证成功后，为什么拿不到可用于 Keystore 的 HardwareAuthToken？	保留原题证据标注	01-architecture/18-Notification-Biometric-Location.md#Q9	executor	migrated
01-architecture/18-Notification-Biometric-Location.md	Q10	HAL 已报告生物识别匹配成功，为什么应用的成功回调还要再等一会儿？	todo		7447679ca52bf49f	HAL 已报告生物识别匹配成功，为什么应用的成功回调还要再等一会儿？	move	11-platform-services/04-biometrics.md	Q4	HAL 已报告生物识别匹配成功，为什么应用的成功回调还要再等一会儿？	保留原题证据标注	01-architecture/18-Notification-Biometric-Location.md#Q10	executor	migrated
01-architecture/18-Notification-Biometric-Location.md	Q11	人脸与指纹同时可用时，Android 17 的 BiometricPrompt 会做特征融合吗？两种模态的启动顺序如何协调？	todo		b32ca0422ed8d4ac	人脸与指纹同时可用时，Android 17 的 BiometricPrompt 会做特征融合吗？两种模态的启动顺序如何协调？	move	11-platform-services/04-biometrics.md	Q5	人脸与指纹同时可用时，Android 17 的 BiometricPrompt 会做特征融合吗？两种模态的启动顺序如何协调？	保留原题证据标注	01-architecture/18-Notification-Biometric-Location.md#Q11	executor	migrated
01-architecture/18-Notification-Biometric-Location.md	Q12	向 LocationManager 的 network provider 提交 QUALITY_HIGH_ACCURACY 请求，会自动启动 GPS 吗？	todo		84178aafe3f7492a	向 LocationManager 的 network provider 提交 QUALITY_HIGH_ACCURACY 请求，会自动启动 GPS 吗？	move	11-platform-services/03-location.md	Q1	向 LocationManager 的 network provider 提交 QUALITY_HIGH_ACCURACY 请求，会自动启动 GPS 吗？	保留原题证据标注	01-architecture/18-Notification-Biometric-Location.md#Q12	executor	migrated
01-architecture/18-Notification-Biometric-Location.md	Q13	getLastKnownLocation、getCurrentLocation、requestLocationUpdates 三类读取位置方式的成本与保证有什么不同？	todo		c0fcc53ffe70d762	getLastKnownLocation、getCurrentLocation、requestLocationUpdates 三类读取位置方式的成本与保证有什么不同？	move	11-platform-services/03-location.md	Q2	getLastKnownLocation、getCurrentLocation、requestLocationUpdates 三类读取位置方式的成本与保证有什么不同？	保留原题证据标注	01-architecture/18-Notification-Biometric-Location.md#Q13	executor	migrated
01-architecture/18-Notification-Biometric-Location.md	Q14	同一 GPS provider 上同时有 1 秒与 30 秒两个注册，底层 GNSS 按什么工作？请求如何合并？	todo		b17867d866d25149	同一 GPS provider 上同时有 1 秒与 30 秒两个注册，底层 GNSS 按什么工作？请求如何合并？	move	11-platform-services/03-location.md	Q3	同一 GPS provider 上同时有 1 秒与 30 秒两个注册，底层 GNSS 按什么工作？请求如何合并？	保留原题证据标注	01-architecture/18-Notification-Biometric-Location.md#Q14	executor	migrated
01-architecture/18-Notification-Biometric-Location.md	Q15	应用只有 coarse（大致位置）权限时，位置请求和回调结果会被系统怎样改写？	todo		eb25a328e4995385	应用只有 coarse（大致位置）权限时，位置请求和回调结果会被系统怎样改写？	move	11-platform-services/03-location.md	Q4	应用只有 coarse（大致位置）权限时，位置请求和回调结果会被系统怎样改写？	保留原题证据标注	01-architecture/18-Notification-Biometric-Location.md#Q15	executor	migrated
01-architecture/18-Notification-Biometric-Location.md	Q16	位置回调的 oneway Binder 投递为什么仍有背压？Executor 拥塞给系统带来什么额外成本？	todo		808e1cb09d7c6dfa	位置回调的 oneway Binder 投递为什么仍有背压？Executor 拥塞给系统带来什么额外成本？	move	11-platform-services/03-location.md	Q5	位置回调的 oneway Binder 投递为什么仍有背压？Executor 拥塞给系统带来什么额外成本？	保留原题证据标注	01-architecture/18-Notification-Biometric-Location.md#Q16	executor	migrated
01-architecture/19-AVF可观测与AI手机技术栈.md	Q1	Android 17 的 AVF 实现里，VirtualizationService、virtmgr、crosvm、pKVM、pvmfw、Microdroid 分别运行在哪里、负责什么？	todo		1bca820eea0c2ab8	Android 17 的 AVF 实现里，VirtualizationService、virtmgr、crosvm、pKVM、pvmfw、Microdroid 分别运行在哪里、负责什么？	move	11-platform-services/06-avf-virtualization.md	Q1	Android 17 的 AVF 实现里，VirtualizationService、virtmgr、crosvm、pKVM、pvmfw、Microdroid 分别运行在哪里、负责什么？	保留原题证据标注	01-architecture/19-AVF可观测与AI手机技术栈.md#Q1	executor	migrated
01-architecture/19-AVF可观测与AI手机技术栈.md	Q2	"Microdroid 是""小号完整 Android""吗？protected VM 里的 Microdroid 能直接用 GPU/NPU 加速通用 AI 推理吗？"	todo		cbe1ac13b7e558a1	"Microdroid 是""小号完整 Android""吗？protected VM 里的 Microdroid 能直接用 GPU/NPU 加速通用 AI 推理吗？"	move	11-platform-services/06-avf-virtualization.md	Q2	"Microdroid 是""小号完整 Android""吗？protected VM 里的 Microdroid 能直接用 GPU/NPU 加速通用 AI 推理吗？"	保留原题证据标注	01-architecture/19-AVF可观测与AI手机技术栈.md#Q2	executor	migrated
01-architecture/19-AVF可观测与AI手机技术栈.md	Q3	pKVM 靠什么阻止宿主 Android 读取 protected VM 的私有内存？这种保护覆盖什么、不承诺什么？	todo		3d8fa2db91ab29ad	pKVM 靠什么阻止宿主 Android 读取 protected VM 的私有内存？这种保护覆盖什么、不承诺什么？	move	11-platform-services/06-avf-virtualization.md	Q3	pKVM 靠什么阻止宿主 Android 读取 protected VM 的私有内存？这种保护覆盖什么、不承诺什么？	保留原题证据标注	01-architecture/19-AVF可观测与AI手机技术栈.md#Q3	executor	migrated
01-architecture/19-AVF可观测与AI手机技术栈.md	Q4	pVM 内的任务变慢，为什么只看客户机内的 Perfetto 不够？vCPU 与 VM exit 的成本结构是什么？	todo		2719c3cb1568bd6c	pVM 内的任务变慢，为什么只看客户机内的 Perfetto 不够？vCPU 与 VM exit 的成本结构是什么？	move	11-platform-services/06-avf-virtualization.md	Q4	pVM 内的任务变慢，为什么只看客户机内的 Perfetto 不够？vCPU 与 VM exit 的成本结构是什么？	保留原题证据标注	01-architecture/19-AVF可观测与AI手机技术栈.md#Q4	executor	migrated
01-architecture/19-AVF可观测与AI手机技术栈.md	Q5	一条 Log.d() 从调用到 logd 要经过什么？native 层的级别过滤能省掉哪些成本、省不掉哪些？	todo		09b33ea093f47f19	一条 Log.d() 从调用到 logd 要经过什么？native 层的级别过滤能省掉哪些成本、省不掉哪些？	move	12-platform-native/06-logd.md	Q1	一条 Log.d() 从调用到 logd 要经过什么？native 层的级别过滤能省掉哪些成本、省不掉哪些？	保留原题证据标注	01-architecture/19-AVF可观测与AI手机技术栈.md#Q5	executor	migrated
01-architecture/19-AVF可观测与AI手机技术栈.md	Q6	应用日志风暴会把主线程阻塞在 logd 上导致 ANR 吗？日志的两种丢失分别怎么发生？	todo		6874a23a59d08c79	应用日志风暴会把主线程阻塞在 logd 上导致 ANR 吗？日志的两种丢失分别怎么发生？	move	12-platform-native/06-logd.md	Q2	应用日志风暴会把主线程阻塞在 logd 上导致 ANR 吗？日志的两种丢失分别怎么发生？	保留原题证据标注	01-architecture/19-AVF可观测与AI手机技术栈.md#Q6	executor	migrated
01-architecture/19-AVF可观测与AI手机技术栈.md	Q7	logcat 的 tag 过滤（MyApp:V *:S）与 --regex 在哪里执行？为什么它们不一定减少 logd 的传输量？	todo		ce65870c633df129	logcat 的 tag 过滤（MyApp:V *:S）与 --regex 在哪里执行？为什么它们不一定减少 logd 的传输量？	move	12-platform-native/06-logd.md	Q3	logcat 的 tag 过滤（MyApp:V *:S）与 --regex 在哪里执行？为什么它们不一定减少 logd 的传输量？	保留原题证据标注	01-architecture/19-AVF可观测与AI手机技术栈.md#Q7	executor	migrated
01-architecture/19-AVF可观测与AI手机技术栈.md	Q8	debuggable=false 的 release 包会自动删除 Log.d() 吗？R8 按级别删除日志怎么配置？	todo		2de1fad23c5d23e0	debuggable=false 的 release 包会自动删除 Log.d() 吗？R8 按级别删除日志怎么配置？	move	16-app-practice/16-cpu-size-optimization.md	Q28	debuggable=false 的 release 包会自动删除 Log.d() 吗？R8 按级别删除日志怎么配置？	保留原题证据标注	01-architecture/19-AVF可观测与AI手机技术栈.md#Q8	executor	migrated
01-architecture/19-AVF可观测与AI手机技术栈.md	Q9	"内核支持 BPF为什么推不出""这台设备上应用能用""？要依次通过哪四道检查？"	todo		cf37e52500398b4f	"内核支持 BPF为什么推不出""这台设备上应用能用""？要依次通过哪四道检查？"	move	12-platform-native/07-bpf.md	Q1	"内核支持 BPF为什么推不出""这台设备上应用能用""？要依次通过哪四道检查？"	保留原题证据标注	01-architecture/19-AVF可观测与AI手机技术栈.md#Q9	executor	migrated
01-architecture/19-AVF可观测与AI手机技术栈.md	Q10	系统是 Android 17能推出内核一定是 6.18 吗？内核版本边界怎么确认？	todo		1b46bdd3123bf40f	系统是 Android 17能推出内核一定是 6.18 吗？内核版本边界怎么确认？	move	12-platform-native/01-kernel-gki.md	Q3	系统是 Android 17能推出内核一定是 6.18 吗？内核版本边界怎么确认？	保留原题证据标注	01-architecture/19-AVF可观测与AI手机技术栈.md#Q10	executor	migrated
01-architecture/19-AVF可观测与AI手机技术栈.md	Q11	"平台 BPF 程序如何装载？""镜像里有 .bpf 文件""等于""设备正在采集""吗？"	todo		24423416973b5820	"平台 BPF 程序如何装载？""镜像里有 .bpf 文件""等于""设备正在采集""吗？"	move	12-platform-native/07-bpf.md	Q2	"平台 BPF 程序如何装载？""镜像里有 .bpf 文件""等于""设备正在采集""吗？"	保留原题证据标注	01-architecture/19-AVF可观测与AI手机技术栈.md#Q11	executor	migrated
01-architecture/19-AVF可观测与AI手机技术栈.md	Q12	ACK 6.18 编译了 BPF Arena 和 sched_ext，它们会自动改变设备行为吗？	todo		53e1d544bad0b0ae	ACK 6.18 编译了 BPF Arena 和 sched_ext，它们会自动改变设备行为吗？	move	12-platform-native/07-bpf.md	Q3	ACK 6.18 编译了 BPF Arena 和 sched_ext，它们会自动改变设备行为吗？	保留原题证据标注	01-architecture/19-AVF可观测与AI手机技术栈.md#Q12	executor	migrated
01-architecture/19-AVF可观测与AI手机技术栈.md	Q13	"同样叫""AI 手机""，能力可能由哪几层交付？选型时先回答什么？"	todo		6aa0a8c03767c9ae	"同样叫""AI 手机""，能力可能由哪几层交付？选型时先回答什么？"	move	11-platform-services/07-ai-services.md	Q1	"同样叫""AI 手机""，能力可能由哪几层交付？选型时先回答什么？"	保留原题证据标注	01-architecture/19-AVF可观测与AI手机技术栈.md#Q13	executor	migrated
01-architecture/19-AVF可观测与AI手机技术栈.md	Q14	Android 17 上 NNAPI 还能用吗？Neural Networks HAL 存在能说明应用模型跑在 NPU 上吗？	todo		8d550fa5daa7a6ee	Android 17 上 NNAPI 还能用吗？Neural Networks HAL 存在能说明应用模型跑在 NPU 上吗？	move	11-platform-services/07-ai-services.md	Q2	Android 17 上 NNAPI 还能用吗？Neural Networks HAL 存在能说明应用模型跑在 NPU 上吗？	保留原题证据标注	01-architecture/19-AVF可观测与AI手机技术栈.md#Q14	executor	migrated
01-architecture/19-AVF可观测与AI手机技术栈.md	Q15	通过 AICore 使用 ML Kit GenAI（Gemini Nano），应用必须处理哪些运行条件？	todo		f047d5c4bb96a859	通过 AICore 使用 ML Kit GenAI（Gemini Nano），应用必须处理哪些运行条件？	move	11-platform-services/07-ai-services.md	Q3	通过 AICore 使用 ML Kit GenAI（Gemini Nano），应用必须处理哪些运行条件？	保留原题证据标注	01-architecture/19-AVF可观测与AI手机技术栈.md#Q15	executor	migrated
01-architecture/19-AVF可观测与AI手机技术栈.md	Q16	AppFunctions 的调用边界是什么？实现 onExecuteFunction 为什么必须把耗时工作切出主线程？	todo		93f186d450a909ef	AppFunctions 的调用边界是什么？实现 onExecuteFunction 为什么必须把耗时工作切出主线程？	move	11-platform-services/07-ai-services.md	Q4	AppFunctions 的调用边界是什么？实现 onExecuteFunction 为什么必须把耗时工作切出主线程？	保留原题证据标注	01-architecture/19-AVF可观测与AI手机技术栈.md#Q16	executor	migrated
01-architecture/20-SELinux.md	Q1	Android SELinux 是什么？怎么理解？	done	SELinux,sdfasf	5d9c78802b2dd35d	Android SELinux 是什么？怎么理解？	keep	01-architecture/11-selinux.md	Q1	Android SELinux 是什么？怎么理解？	保留原题证据标注	01-architecture/20-SELinux.md#Q1	executor	migrated
01-architecture/20-SELinux.md	Q2	SELinux 的判定机制分哪几步？一次访问是怎么被放行或拒绝的？	done		290c0649a2ae4fa3	SELinux 的判定机制分哪几步？一次访问是怎么被放行或拒绝的？	keep	01-architecture/11-selinux.md	Q2	SELinux 的判定机制分哪几步？一次访问是怎么被放行或拒绝的？	保留原题证据标注	01-architecture/20-SELinux.md#Q2	executor	migrated
01-architecture/20-SELinux.md	Q3	Android SELinux 原理？以及代码实现？	todo		cef6fb622f6e37a4	Android SELinux 原理？以及代码实现？	keep	01-architecture/11-selinux.md	Q3	Android SELinux 原理？以及代码实现？	保留原题证据标注	01-architecture/20-SELinux.md#Q3	executor	migrated
01-architecture/20-SELinux.md	Q4	作为上层应用开发者，SELinux的实际应用场景都是什么？	done		c1fe76a5ec321b41	作为上层应用开发者，SELinux的实际应用场景都是什么？	keep	01-architecture/11-selinux.md	Q4	作为上层应用开发者，SELinux的实际应用场景都是什么？	保留原题证据标注	01-architecture/20-SELinux.md#Q4	executor	migrated
01-architecture/20-SELinux.md	Q5	作为framework开发者，SELinux的实际应用场景都是什么？	todo		e6b70a35a5f837b1	作为framework开发者，SELinux的实际应用场景都是什么？	keep	01-architecture/11-selinux.md	Q5	作为framework开发者，SELinux的实际应用场景都是什么？	保留原题证据标注	01-architecture/20-SELinux.md#Q5	executor	migrated
01-architecture/20-SELinux.md	Q6	一条 avc 日志里 pid、uid、name、scontext、tcontext、permissive 各字段分别由谁拼出？	done		0ae369325ba77ba2	一条 avc 日志里 pid、uid、name、scontext、tcontext、permissive 各字段分别由谁拼出？	keep	01-architecture/11-selinux.md	Q6	一条 avc 日志里 pid、uid、name、scontext、tcontext、permissive 各字段分别由谁拼出？	保留原题证据标注	01-architecture/20-SELinux.md#Q6	executor	migrated
01-architecture/20-SELinux.md	Q7	功能静默失效——读不到 /sys 节点、打不开 /dev 设备、跨进程共享文件失败，却没有任何 Java 异常。怎么确认是 SELinux 拒绝？确认后怎么处理？	todo		033a1ec1cbbde492	功能静默失效——读不到 /sys 节点、打不开 /dev 设备、跨进程共享文件失败，却没有任何 Java 异常。怎么确认是 SELinux 拒绝？确认后怎么处理？	keep	01-architecture/11-selinux.md	Q7	功能静默失效——读不到 /sys 节点、打不开 /dev 设备、跨进程共享文件失败，却没有任何 Java 异常。怎么确认是 SELinux 拒绝？确认后怎么处理？	保留原题证据标注	01-architecture/20-SELinux.md#Q7	executor	migrated
01-architecture/20-SELinux.md	Q8	开机早期 setprop 总是失败、OTA 后首次开机明显变慢——属性标签（property_contexts）和策略装载有什么关系？	todo		b9b26bbba7c1234e	开机早期 setprop 总是失败、OTA 后首次开机明显变慢——属性标签（property_contexts）和策略装载有什么关系？	keep	01-architecture/11-selinux.md	Q8	开机早期 setprop 总是失败、OTA 后首次开机明显变慢——属性标签（property_contexts）和策略装载有什么关系？	保留原题证据标注	01-architecture/20-SELinux.md#Q8	executor	migrated
01-architecture/20-SELinux.md	Q9	allow 规则到底该写在哪个文件？为什么在 public/*.te 里加规则会被编译拒绝？	todo		c880ea44a7ba35e2	allow 规则到底该写在哪个文件？为什么在 public/*.te 里加规则会被编译拒绝？	keep	01-architecture/11-selinux.md	Q9	allow 规则到底该写在哪个文件？为什么在 public/*.te 里加规则会被编译拒绝？	保留原题证据标注	01-architecture/20-SELinux.md#Q9	executor	migrated
01-architecture/20-SELinux.md	Q10	新设备节点打了标签还是 avc denied，tcontext 显示 unlabeled——file_contexts 的求值规则是什么？	todo		3b18efcc18473d08	新设备节点打了标签还是 avc denied，tcontext 显示 unlabeled——file_contexts 的求值规则是什么？	keep	01-architecture/11-selinux.md	Q10	新设备节点打了标签还是 avc denied，tcontext 显示 unlabeled——file_contexts 的求值规则是什么？	保留原题证据标注	01-architecture/20-SELinux.md#Q10	executor	migrated
01-architecture/20-SELinux.md	Q11	新增一个系统属性，SELinux 侧要改哪几处？	todo		ec6ea7beb4bbe61e	新增一个系统属性，SELinux 侧要改哪几处？	keep	01-architecture/11-selinux.md	Q11	新增一个系统属性，SELinux 侧要改哪几处？	保留原题证据标注	01-architecture/20-SELinux.md#Q11	executor	migrated
01-architecture/20-SELinux.md	Q12	新的 Binder/HIDL 服务注册被拒（avc denied { add }）——服务标签在哪些文件里声明？	todo		1c9fc6fdc75ec871	新的 Binder/HIDL 服务注册被拒（avc denied { add }）——服务标签在哪些文件里声明？	keep	01-architecture/11-selinux.md	Q12	新的 Binder/HIDL 服务注册被拒（avc denied { add }）——服务标签在哪些文件里声明？	保留原题证据标注	01-architecture/20-SELinux.md#Q12	executor	migrated
01-architecture/20-SELinux.md	Q13	想让三方应用直读自研驱动节点，neverallow 直接编译失败——正确的解法路径是什么？	todo		1bb116940d888710	想让三方应用直读自研驱动节点，neverallow 直接编译失败——正确的解法路径是什么？	keep	01-architecture/11-selinux.md	Q13	想让三方应用直读自研驱动节点，neverallow 直接编译失败——正确的解法路径是什么？	保留原题证据标注	01-architecture/20-SELinux.md#Q13	executor	migrated
01-architecture/20-SELinux.md	Q14	"vendor sepolicy 改动""不生效""、同名 .te 被吞、升级平台后 avc 暴增——板级策略的组织与版本化要点是什么？"	todo		134ad5639a0fc3ca	"vendor sepolicy 改动""不生效""、同名 .te 被吞、升级平台后 avc 暴增——板级策略的组织与版本化要点是什么？"	keep	01-architecture/11-selinux.md	Q14	"vendor sepolicy 改动""不生效""、同名 .te 被吞、升级平台后 avc 暴增——板级策略的组织与版本化要点是什么？"	保留原题证据标注	01-architecture/20-SELinux.md#Q14	executor	migrated
01-architecture/20-SELinux.md	Q15	"service_manager find 被拒时，SELinux 为什么不抛异常而是把应用打崩？——""静默 null""链路与文件类拒绝的差异"	todo		34c5139097c7b08e	"service_manager find 被拒时，SELinux 为什么不抛异常而是把应用打崩？——""静默 null""链路与文件类拒绝的差异"	keep	01-architecture/11-selinux.md	Q15	"service_manager find 被拒时，SELinux 为什么不抛异常而是把应用打崩？——""静默 null""链路与文件类拒绝的差异"	保留原题证据标注	01-architecture/20-SELinux.md#Q15	executor	migrated
01-architecture/20-SELinux.md	Q16	"从 ServiceManager.getService(""audio"") 到策略拒绝，binder 两侧完整经过了哪些代码？"	todo		f41f76c19d2f38f8	"从 ServiceManager.getService(""audio"") 到策略拒绝，binder 两侧完整经过了哪些代码？"	keep	01-architecture/11-selinux.md	Q16	"从 ServiceManager.getService(""audio"") 到策略拒绝，binder 两侧完整经过了哪些代码？"	保留原题证据标注	01-architecture/20-SELinux.md#Q16	executor	migrated
01-architecture/20-SELinux.md	Q17	tclass=service_manager 的 avc 拒绝为什么在 dmesg 里搜不到？两类 avc 日志各走哪条路径？	todo		612f526d7e9072c1	tclass=service_manager 的 avc 拒绝为什么在 dmesg 里搜不到？两类 avc 日志各走哪条路径？	keep	01-architecture/11-selinux.md	Q17	tclass=service_manager 的 avc 拒绝为什么在 dmesg 里搜不到？两类 avc 日志各走哪条路径？	保留原题证据标注	01-architecture/20-SELinux.md#Q17	executor	migrated
01-architecture/20-SELinux.md	Q18	SELinux 运行时会读 .te 或 service_contexts 文件吗？策略与映射分别何时进入内存？	todo		4bb6f3a7be15a0c3	SELinux 运行时会读 .te 或 service_contexts 文件吗？策略与映射分别何时进入内存？	keep	01-architecture/11-selinux.md	Q18	SELinux 运行时会读 .te 或 service_contexts 文件吗？策略与映射分别何时进入内存？	保留原题证据标注	01-architecture/20-SELinux.md#Q18	executor	migrated
01-architecture/20-SELinux.md	Q19	"厂商 App""点哪崩哪、重启即复崩""，如何一步步把根因定位到 SELinux 策略缺失？"	todo		c198e0a1e7bb4679	"厂商 App""点哪崩哪、重启即复崩""，如何一步步把根因定位到 SELinux 策略缺失？"	keep	01-architecture/11-selinux.md	Q19	"厂商 App""点哪崩哪、重启即复崩""，如何一步步把根因定位到 SELinux 策略缺失？"	保留原题证据标注	01-architecture/20-SELinux.md#Q19	executor	migrated
01-architecture/20-SELinux.md	Q20	普通应用域为什么天然能 find audio 服务？属性批量授权体系如何展开生效？	todo		c81e194be9875c25	普通应用域为什么天然能 find audio 服务？属性批量授权体系如何展开生效？	keep	01-architecture/11-selinux.md	Q20	普通应用域为什么天然能 find audio 服务？属性批量授权体系如何展开生效？	保留原题证据标注	01-architecture/20-SELinux.md#Q20	executor	migrated
01-architecture/20-SELinux.md	Q21	作为 SELinux 开发者，修复一条 service_manager find 拒绝的完整流程是什么？	todo		5bff102d501ba2c3	作为 SELinux 开发者，修复一条 service_manager find 拒绝的完整流程是什么？	keep	01-architecture/11-selinux.md	Q21	作为 SELinux 开发者，修复一条 service_manager find 拒绝的完整流程是什么？	保留原题证据标注	01-architecture/20-SELinux.md#Q21	executor	migrated
01-architecture/20-SELinux.md	Q22	策略里确实发生了拒绝，avc 日志却一条都没有——dontaudit 的静音机制与排查方法是什么？	todo		88f59d08168d88b1	策略里确实发生了拒绝，avc 日志却一条都没有——dontaudit 的静音机制与排查方法是什么？	keep	01-architecture/11-selinux.md	Q22	策略里确实发生了拒绝，avc 日志却一条都没有——dontaudit 的静音机制与排查方法是什么？	保留原题证据标注	01-architecture/20-SELinux.md#Q22	executor	migrated
01-architecture/20-SELinux.md	Q23	neverallow 与运行时拒绝是什么关系？撞上 default_android_service 的 neverallow 该怎么解？	todo		2b8ecdf37be4048a	neverallow 与运行时拒绝是什么关系？撞上 default_android_service 的 neverallow 该怎么解？	keep	01-architecture/11-selinux.md	Q23	neverallow 与运行时拒绝是什么关系？撞上 default_android_service 的 neverallow 该怎么解？	保留原题证据标注	01-architecture/20-SELinux.md#Q23	executor	migrated
01-architecture/20-SELinux.md	Q24	ioctl 权限加了 allow 还是被拒（avc 里 ioctlcmd=0x...）——SELinux 对 ioctl 的双层授权怎么补？	todo		f456530838ecdbc2	ioctl 权限加了 allow 还是被拒（avc 里 ioctlcmd=0x...）——SELinux 对 ioctl 的双层授权怎么补？	keep	01-architecture/11-selinux.md	Q24	ioctl 权限加了 allow 还是被拒（avc 里 ioctlcmd=0x...）——SELinux 对 ioctl 的双层授权怎么补？	保留原题证据标注	01-architecture/20-SELinux.md#Q24	executor	migrated
01-architecture/20-SELinux.md	Q25	新增设备节点或 HAL 执行外部程序撞 neverallow 编译失败——两大典型场景与最小权限原则的解法是什么？	todo		f81e183c30802fcf	新增设备节点或 HAL 执行外部程序撞 neverallow 编译失败——两大典型场景与最小权限原则的解法是什么？	keep	01-architecture/11-selinux.md	Q25	新增设备节点或 HAL 执行外部程序撞 neverallow 编译失败——两大典型场景与最小权限原则的解法是什么？	保留原题证据标注	01-architecture/20-SELinux.md#Q25	executor	migrated
01-architecture/20-SELinux.md	Q26	SELinux 三种工作模式怎么切换？发布版为什么必须 Enforcing？调试用的宽容模式有哪几种开法？	todo		0995eecb6c39aba3	SELinux 三种工作模式怎么切换？发布版为什么必须 Enforcing？调试用的宽容模式有哪几种开法？	keep	01-architecture/11-selinux.md	Q26	SELinux 三种工作模式怎么切换？发布版为什么必须 Enforcing？调试用的宽容模式有哪几种开法？	保留原题证据标注	01-architecture/20-SELinux.md#Q26	executor	migrated
01-architecture/20-SELinux.md	Q27	策略改完如何快速编译与验证？audit2allow 的正确用法是什么？	todo		051730fc7788fb2a	策略改完如何快速编译与验证？audit2allow 的正确用法是什么？	keep	01-architecture/11-selinux.md	Q27	策略改完如何快速编译与验证？audit2allow 的正确用法是什么？	保留原题证据标注	01-architecture/20-SELinux.md#Q27	executor	migrated
01-architecture/20-SELinux.md	Q28	avc 里的 tcontext=audio_service 是指 audioserver 进程吗？	todo		126f0ad5729b867c	avc 里的 tcontext=audio_service 是指 audioserver 进程吗？	keep	01-architecture/11-selinux.md	Q28	avc 里的 tcontext=audio_service 是指 audioserver 进程吗？	保留原题证据标注	01-architecture/20-SELinux.md#Q28	executor	migrated
01-architecture/21-Permission.md	Q1	android.permission.* 是什么机制？它属于哪一层？	todo		620eed2468d4cf2a	android.permission.* 是什么机制？它属于哪一层？	keep	01-architecture/10-permissions.md	Q1	android.permission.* 是什么机制？它属于哪一层？	保留原题证据标注	01-architecture/21-Permission.md#Q1	executor	migrated
01-architecture/21-Permission.md	Q2	有了 SELinux，为什么还需要 android.permission.*？	todo		2e2c11cbefb5eb03	有了 SELinux，为什么还需要 android.permission.*？	keep	01-architecture/10-permissions.md	Q2	有了 SELinux，为什么还需要 android.permission.*？	保留原题证据标注	01-architecture/21-Permission.md#Q2	executor	migrated
01-architecture/21-Permission.md	Q3	为什么设计 android.permission.*？它和内核沙箱是怎么衔接的？	todo		04f4e20bae48eb72	为什么设计 android.permission.*？它和内核沙箱是怎么衔接的？	keep	01-architecture/10-permissions.md	Q3	为什么设计 android.permission.*？它和内核沙箱是怎么衔接的？	保留原题证据标注	01-architecture/21-Permission.md#Q3	executor	migrated
01-architecture/22-四大组件.md	Q1	Android 四大组件分别承担什么职责？	todo		eee5a864d3c5a40f	Android 四大组件分别承担什么职责？	move	02-app-framework/01-four-components.md	Q1	Android 四大组件分别承担什么职责？	保留原题证据标注	01-architecture/22-四大组件.md#Q1	executor	migrated
01-architecture/22-四大组件.md	Q2	Activity 从 startActivity 到显示界面，启动链路和生命周期怎样串起来？	todo		fa9a9e16341e3be7	Activity 从 startActivity 到显示界面，启动链路和生命周期怎样串起来？	move	02-app-framework/01-four-components.md	Q2	Activity 从 startActivity 到显示界面，启动链路和生命周期怎样串起来？	保留原题证据标注	01-architecture/22-四大组件.md#Q2	executor	migrated
01-architecture/22-四大组件.md	Q3	Service 的 started 和 bound 两种启动方式有什么区别？Service 为什么不等于子线程？	todo		cb0606565ed7d8f0	Service 的 started 和 bound 两种启动方式有什么区别？Service 为什么不等于子线程？	move	02-app-framework/01-four-components.md	Q3	Service 的 started 和 bound 两种启动方式有什么区别？Service 为什么不等于子线程？	保留原题证据标注	01-architecture/22-四大组件.md#Q3	executor	migrated
01-architecture/22-四大组件.md	Q4	BroadcastReceiver 怎样接收广播？为什么 onReceive() 里不应做耗时工作？	todo		60c8fd6772845a46	BroadcastReceiver 怎样接收广播？为什么 onReceive() 里不应做耗时工作？	move	02-app-framework/01-four-components.md	Q4	BroadcastReceiver 怎样接收广播？为什么 onReceive() 里不应做耗时工作？	保留原题证据标注	01-architecture/22-四大组件.md#Q4	executor	migrated
01-architecture/22-四大组件.md	Q5	ContentProvider 如何完成跨进程数据访问？它与直接访问数据库有什么区别？	todo		525ceb956dfb1dfe	ContentProvider 如何完成跨进程数据访问？它与直接访问数据库有什么区别？	move	02-app-framework/01-four-components.md	Q5	ContentProvider 如何完成跨进程数据访问？它与直接访问数据库有什么区别？	保留原题证据标注	01-architecture/22-四大组件.md#Q5	executor	migrated
01-architecture/22-四大组件.md	Q6	面试中怎样概括四大组件的生命周期与执行边界？	todo		69335dd5cfa0e035	面试中怎样概括四大组件的生命周期与执行边界？	move	02-app-framework/01-four-components.md	Q6	面试中怎样概括四大组件的生命周期与执行边界？	保留原题证据标注	01-architecture/22-四大组件.md#Q6	executor	migrated
01-architecture/23-Handler消息机制.md	Q1	Handler、Looper、MessageQueue 和 Message 如何配合把工作交给目标线程？	todo		4cfa54d48ef0fbce	Handler、Looper、MessageQueue 和 Message 如何配合把工作交给目标线程？	move	02-app-framework/02-handler-looper.md	Q1	Handler、Looper、MessageQueue 和 Message 如何配合把工作交给目标线程？	保留原题证据标注	01-architecture/23-Handler消息机制.md#Q1	executor	migrated
01-architecture/23-Handler消息机制.md	Q2	为什么普通子线程里直接创建 Handler 会失败，怎样正确准备工作线程消息队列？	todo		5ba7782e47ae42df	为什么普通子线程里直接创建 Handler 会失败，怎样正确准备工作线程消息队列？	move	02-app-framework/02-handler-looper.md	Q2	为什么普通子线程里直接创建 Handler 会失败，怎样正确准备工作线程消息队列？	保留原题证据标注	01-architecture/23-Handler消息机制.md#Q2	executor	migrated
01-architecture/23-Handler消息机制.md	Q3	非静态内部类 Handler 为什么可能让已销毁的 Activity 继续存活？	todo		f5a1d3f003acb1fb	非静态内部类 Handler 为什么可能让已销毁的 Activity 继续存活？	move	02-app-framework/02-handler-looper.md	Q3	非静态内部类 Handler 为什么可能让已销毁的 Activity 继续存活？	保留原题证据标注	01-architecture/23-Handler消息机制.md#Q3	executor	migrated
01-architecture/23-Handler消息机制.md	Q4	`HandlerThread` 与普通线程池分别适合什么消息处理需求？	todo		664ceb6f0a733173	`HandlerThread` 与普通线程池分别适合什么消息处理需求？	move	02-app-framework/02-handler-looper.md	Q4	`HandlerThread` 与普通线程池分别适合什么消息处理需求？	保留原题证据标注	01-architecture/23-Handler消息机制.md#Q4	executor	migrated
01-architecture/23-Handler消息机制.md	Q5	Binder 工作线程里用 `Looper.myLooper()` 创建 Handler 会发生什么？	todo		76a75742f2942b9c	Binder 工作线程里用 `Looper.myLooper()` 创建 Handler 会发生什么？	move	02-app-framework/02-handler-looper.md	Q5	Binder 工作线程里用 `Looper.myLooper()` 创建 Handler 会发生什么？	保留原题证据标注	01-architecture/23-Handler消息机制.md#Q5	executor	migrated
02-rendering/01-渲染管线与VSync调度.md	Q1	同一界面里普通 View、TextureView 视频、SurfaceView 地图各自的内容画到哪个 Surface 上，选型边界是什么？	todo		958585097dfceaea	同一界面里普通 View、TextureView 视频、SurfaceView 地图各自的内容画到哪个 Surface 上，选型边界是什么？	keep	05-rendering/01-render-pipeline-vsync.md	Q1	同一界面里普通 View、TextureView 视频、SurfaceView 地图各自的内容画到哪个 Surface 上，选型边界是什么？	保留原题证据标注	02-rendering/01-渲染管线与VSync调度.md#Q1	executor	migrated
02-rendering/01-渲染管线与VSync调度.md	Q2	一帧没有显示出来，如何用证据链区分是 App 没画、SurfaceFlinger 没合成，还是显示没翻转？	todo		bdd1cde2352536a4	一帧没有显示出来，如何用证据链区分是 App 没画、SurfaceFlinger 没合成，还是显示没翻转？	keep	05-rendering/01-render-pipeline-vsync.md	Q3	一帧没有显示出来，如何用证据链区分是 App 没画、SurfaceFlinger 没合成，还是显示没翻转？	保留原题证据标注	02-rendering/01-渲染管线与VSync调度.md#Q2	executor	migrated
02-rendering/01-渲染管线与VSync调度.md	Q3	从 Android 3.0 到 Android 17，哪些版本节点真正改变了渲染性能模型？	todo		b9a838853f3a7e6b	从 Android 3.0 到 Android 17，哪些版本节点真正改变了渲染性能模型？	keep	05-rendering/01-render-pipeline-vsync.md	Q4	从 Android 3.0 到 Android 17，哪些版本节点真正改变了渲染性能模型？	保留原题证据标注	02-rendering/01-渲染管线与VSync调度.md#Q3	executor	migrated
02-rendering/01-渲染管线与VSync调度.md	Q4	同一台设备上 HWUI 何时走 SkiaGL、何时走 SkiaVulkan，由什么决定，怎么复现对比？	todo		7f4eb40102fd6a91	同一台设备上 HWUI 何时走 SkiaGL、何时走 SkiaVulkan，由什么决定，怎么复现对比？	keep	05-rendering/01-render-pipeline-vsync.md	Q5	同一台设备上 HWUI 何时走 SkiaGL、何时走 SkiaVulkan，由什么决定，怎么复现对比？	保留原题证据标注	02-rendering/01-渲染管线与VSync调度.md#Q4	executor	migrated
02-rendering/01-渲染管线与VSync调度.md	Q5	引入 BLAST 之后，BufferQueue 及其 slot 状态机还存在吗，三缓冲是固定的吗？	todo		237d288c7125c913	引入 BLAST 之后，BufferQueue 及其 slot 状态机还存在吗，三缓冲是固定的吗？	keep	05-rendering/01-render-pipeline-vsync.md	Q6	引入 BLAST 之后，BufferQueue 及其 slot 状态机还存在吗，三缓冲是固定的吗？	保留原题证据标注	02-rendering/01-渲染管线与VSync调度.md#Q5	executor	migrated
02-rendering/01-渲染管线与VSync调度.md	Q6	FPS 达到 60 就等于流畅吗，FPS、刷新率、present 间隔、输入延迟各度量什么？	todo		f793d634129c770b	FPS 达到 60 就等于流畅吗，FPS、刷新率、present 间隔、输入延迟各度量什么？	keep	05-rendering/01-render-pipeline-vsync.md	Q7	FPS 达到 60 就等于流畅吗，FPS、刷新率、present 间隔、输入延迟各度量什么？	保留原题证据标注	02-rendering/01-渲染管线与VSync调度.md#Q6	executor	migrated
02-rendering/01-渲染管线与VSync调度.md	Q7	MRR、ARR、VRR、LTPO 四个词分别指什么，最容易混淆的点在哪？	todo		a66ee7a58a68ab0f	MRR、ARR、VRR、LTPO 四个词分别指什么，最容易混淆的点在哪？	keep	05-rendering/01-render-pipeline-vsync.md	Q8	MRR、ARR、VRR、LTPO 四个词分别指什么，最容易混淆的点在哪？	保留原题证据标注	02-rendering/01-渲染管线与VSync调度.md#Q7	executor	migrated
02-rendering/01-渲染管线与VSync调度.md	Q8	视频播放器如何用 Surface.setFrameRate 让系统选对刷新率，参数怎么选？	todo		dadf5c0d6f2cb7a9	视频播放器如何用 Surface.setFrameRate 让系统选对刷新率，参数怎么选？	keep	05-rendering/01-render-pipeline-vsync.md	Q9	视频播放器如何用 Surface.setFrameRate 让系统选对刷新率，参数怎么选？	保留原题证据标注	02-rendering/01-渲染管线与VSync调度.md#Q8	executor	migrated
02-rendering/01-渲染管线与VSync调度.md	Q9	UI 内容的运动速度如何影响刷新率，Android 15 到 17 加了哪些速度类 API？	todo		233be9c801073404	UI 内容的运动速度如何影响刷新率，Android 15 到 17 加了哪些速度类 API？	keep	05-rendering/01-render-pipeline-vsync.md	Q10	UI 内容的运动速度如何影响刷新率，Android 15 到 17 加了哪些速度类 API？	保留原题证据标注	02-rendering/01-渲染管线与VSync调度.md#Q9	executor	migrated
02-rendering/01-渲染管线与VSync调度.md	Q10	多个图层投票冲突时，SurfaceFlinger 如何裁决最终刷新率？	todo		a25edb10a0236c66	多个图层投票冲突时，SurfaceFlinger 如何裁决最终刷新率？	keep	05-rendering/01-render-pipeline-vsync.md	Q11	多个图层投票冲突时，SurfaceFlinger 如何裁决最终刷新率？	保留原题证据标注	02-rendering/01-渲染管线与VSync调度.md#Q10	executor	migrated
02-rendering/01-渲染管线与VSync调度.md	Q11	刷新率从 desired 到 active 要经过哪些状态，上线后用什么计数器验证切换生效？	todo		b25d6b96b9c9b093	刷新率从 desired 到 active 要经过哪些状态，上线后用什么计数器验证切换生效？	keep	05-rendering/01-render-pipeline-vsync.md	Q12	刷新率从 desired 到 active 要经过哪些状态，上线后用什么计数器验证切换生效？	保留原题证据标注	02-rendering/01-渲染管线与VSync调度.md#Q11	executor	migrated
02-rendering/01-渲染管线与VSync调度.md	Q12	说「VSync」时到底指哪个：VBlank、TE、HWC 回调，还是 App 收到的 VSync？	todo		b899c558a34b62f5	说「VSync」时到底指哪个：VBlank、TE、HWC 回调，还是 App 收到的 VSync？	keep	05-rendering/01-render-pipeline-vsync.md	Q13	说「VSync」时到底指哪个：VBlank、TE、HWC 回调，还是 App 收到的 VSync？	保留原题证据标注	02-rendering/01-渲染管线与VSync调度.md#Q12	executor	migrated
02-rendering/01-渲染管线与VSync调度.md	Q13	Android 17 的 VSync 预测由哪些组件组成，各组件的边界条件是什么？	todo		19d1b2e89abdd3fb	Android 17 的 VSync 预测由哪些组件组成，各组件的边界条件是什么？	keep	05-rendering/01-render-pipeline-vsync.md	Q14	Android 17 的 VSync 预测由哪些组件组成，各组件的边界条件是什么？	保留原题证据标注	02-rendering/01-渲染管线与VSync调度.md#Q13	executor	migrated
02-rendering/01-渲染管线与VSync调度.md	Q14	App 与 SurfaceFlinger 的 VSync 唤醒点为何不在同一时刻，workDuration/readyDuration 如何参与计算？	todo		a2ff36e17051bcce	App 与 SurfaceFlinger 的 VSync 唤醒点为何不在同一时刻，workDuration/readyDuration 如何参与计算？	keep	05-rendering/01-render-pipeline-vsync.md	Q15	App 与 SurfaceFlinger 的 VSync 唤醒点为何不在同一时刻，workDuration/readyDuration 如何参与计算？	保留原题证据标注	02-rendering/01-渲染管线与VSync调度.md#Q14	executor	migrated
02-rendering/01-渲染管线与VSync调度.md	Q15	Choreographer 一帧内按什么顺序执行回调，多次 post 为什么只请求一次 VSync？	todo		b1ea77a9d5157aa9	Choreographer 一帧内按什么顺序执行回调，多次 post 为什么只请求一次 VSync？	keep	05-rendering/01-render-pipeline-vsync.md	Q16	Choreographer 一帧内按什么顺序执行回调，多次 post 为什么只请求一次 VSync？	保留原题证据标注	02-rendering/01-渲染管线与VSync调度.md#Q15	executor	migrated
02-rendering/01-渲染管线与VSync调度.md	Q16	Choreographer.doFrame 里除执行回调外还做哪些诊断，buffer stuffing 卡住后如何恢复？	todo		3f7dfbc164036819	Choreographer.doFrame 里除执行回调外还做哪些诊断，buffer stuffing 卡住后如何恢复？	keep	05-rendering/01-render-pipeline-vsync.md	Q17	Choreographer.doFrame 里除执行回调外还做哪些诊断，buffer stuffing 卡住后如何恢复？	保留原题证据标注	02-rendering/01-渲染管线与VSync调度.md#Q16	executor	migrated
02-rendering/01-渲染管线与VSync调度.md	Q17	frameTimeNanos、deadline、expectedPresentationTime、vsyncId 各是什么语义，线上如何采集？	todo		53162d8907a07711	frameTimeNanos、deadline、expectedPresentationTime、vsyncId 各是什么语义，线上如何采集？	keep	05-rendering/01-render-pipeline-vsync.md	Q18	frameTimeNanos、deadline、expectedPresentationTime、vsyncId 各是什么语义，线上如何采集？	保留原题证据标注	02-rendering/01-渲染管线与VSync调度.md#Q17	executor	migrated
02-rendering/01-渲染管线与VSync调度.md	Q18	UI 线程与 RenderThread 如何分工，什么情况下 UI 线程会被「晚解锁」拖住？	todo		e7cb04cf190edbe9	UI 线程与 RenderThread 如何分工，什么情况下 UI 线程会被「晚解锁」拖住？	keep	05-rendering/01-render-pipeline-vsync.md	Q19	UI 线程与 RenderThread 如何分工，什么情况下 UI 线程会被「晚解锁」拖住？	保留原题证据标注	02-rendering/01-渲染管线与VSync调度.md#Q18	executor	migrated
02-rendering/01-渲染管线与VSync调度.md	Q19	RenderThread 的 waitOnFences 在等什么，一帧缓冲池到底有几个 buffer？	todo		7f18076f7c076ae0	RenderThread 的 waitOnFences 在等什么，一帧缓冲池到底有几个 buffer？	keep	05-rendering/01-render-pipeline-vsync.md	Q20	RenderThread 的 waitOnFences 在等什么，一帧缓冲池到底有几个 buffer？	保留原题证据标注	02-rendering/01-渲染管线与VSync调度.md#Q19	executor	migrated
02-rendering/01-渲染管线与VSync调度.md	Q20	什么样的属性动画能完全不经过 UI 线程运行，边界条件是什么？	todo		e0ede11a4bf74f28	什么样的属性动画能完全不经过 UI 线程运行，边界条件是什么？	keep	05-rendering/01-render-pipeline-vsync.md	Q21	什么样的属性动画能完全不经过 UI 线程运行，边界条件是什么？	保留原题证据标注	02-rendering/01-渲染管线与VSync调度.md#Q20	executor	migrated
02-rendering/01-渲染管线与VSync调度.md	Q21	「layer」在渲染语境里有哪几种含义，setLayerType 的三个值分别做什么？	todo		9d49a2fadd370556	「layer」在渲染语境里有哪几种含义，setLayerType 的三个值分别做什么？	keep	05-rendering/01-render-pipeline-vsync.md	Q22	「layer」在渲染语境里有哪几种含义，setLayerType 的三个值分别做什么？	保留原题证据标注	02-rendering/01-渲染管线与VSync调度.md#Q21	executor	migrated
02-rendering/01-渲染管线与VSync调度.md	Q22	没有设置 LAYER_TYPE_HARDWARE 的 View 什么情况下会被自动晋升成硬件层？	todo		817b326ede926be4	没有设置 LAYER_TYPE_HARDWARE 的 View 什么情况下会被自动晋升成硬件层？	keep	05-rendering/01-render-pipeline-vsync.md	Q23	没有设置 LAYER_TYPE_HARDWARE 的 View 什么情况下会被自动晋升成硬件层？	保留原题证据标注	02-rendering/01-渲染管线与VSync调度.md#Q22	executor	migrated
02-rendering/01-渲染管线与VSync调度.md	Q23	硬件层的成本模型是什么，Compose 的 graphicsLayer 对应什么语义？	todo		55f6d6b7c3a9a45b	硬件层的成本模型是什么，Compose 的 graphicsLayer 对应什么语义？	keep	05-rendering/01-render-pipeline-vsync.md	Q24	硬件层的成本模型是什么，Compose 的 graphicsLayer 对应什么语义？	保留原题证据标注	02-rendering/01-渲染管线与VSync调度.md#Q23	executor	migrated
02-rendering/01-渲染管线与VSync调度.md	Q24	开发者选项里的过度绘制颜色各代表什么，这个可视化是怎么实现的？	todo		41c3ff28e583e6f6	开发者选项里的过度绘制颜色各代表什么，这个可视化是怎么实现的？	keep	05-rendering/01-render-pipeline-vsync.md	Q25	开发者选项里的过度绘制颜色各代表什么，这个可视化是怎么实现的？	保留原题证据标注	02-rendering/01-渲染管线与VSync调度.md#Q24	executor	migrated
02-rendering/01-渲染管线与VSync调度.md	Q25	过度绘制该在哪个层面度量，为什么有些 overdraw 不值得优化？	todo		264cafc1ce197c4a	过度绘制该在哪个层面度量，为什么有些 overdraw 不值得优化？	keep	05-rendering/01-render-pipeline-vsync.md	Q26	过度绘制该在哪个层面度量，为什么有些 overdraw 不值得优化？	保留原题证据标注	02-rendering/01-渲染管线与VSync调度.md#Q25	executor	migrated
02-rendering/01-渲染管线与VSync调度.md	Q26	常见的过度绘制来源有哪些，哪些修复手法是安全的？	todo		1123aac5c63b6794	常见的过度绘制来源有哪些，哪些修复手法是安全的？	keep	05-rendering/01-render-pipeline-vsync.md	Q27	常见的过度绘制来源有哪些，哪些修复手法是安全的？	保留原题证据标注	02-rendering/01-渲染管线与VSync调度.md#Q26	executor	migrated
02-rendering/01-渲染管线与VSync调度.md	Q27	TextView 的 measure/layout 何时走 BoringLayout、DynamicLayout、StaticLayout？	todo		b16eb92b64e78372	TextView 的 measure/layout 何时走 BoringLayout、DynamicLayout、StaticLayout？	keep	05-rendering/01-render-pipeline-vsync.md	Q28	TextView 的 measure/layout 何时走 BoringLayout、DynamicLayout、StaticLayout？	保留原题证据标注	02-rendering/01-渲染管线与VSync调度.md#Q27	executor	migrated
02-rendering/01-渲染管线与VSync调度.md	Q28	一次 TextView 绘制背后文本引擎做了什么，LayoutCache 为什么有时不命中？	todo		e3a6c3e54f6246dc	一次 TextView 绘制背后文本引擎做了什么，LayoutCache 为什么有时不命中？	keep	05-rendering/01-render-pipeline-vsync.md	Q29	一次 TextView 绘制背后文本引擎做了什么，LayoutCache 为什么有时不命中？	保留原题证据标注	02-rendering/01-渲染管线与VSync调度.md#Q28	executor	migrated
02-rendering/01-渲染管线与VSync调度.md	Q29	PrecomputedText 预计算了什么、没预计算什么，setTextFuture 有什么坑？	todo		7ffa549beb16cfa5	PrecomputedText 预计算了什么、没预计算什么，setTextFuture 有什么坑？	keep	05-rendering/01-render-pipeline-vsync.md	Q30	PrecomputedText 预计算了什么、没预计算什么，setTextFuture 有什么坑？	保留原题证据标注	02-rendering/01-渲染管线与VSync调度.md#Q29	executor	migrated
02-rendering/01-渲染管线与VSync调度.md	Q30	不同类型的 Span 对 TextView 性能影响差别在哪，emoji 处理走哪条路径？	todo		f40668d6931389e8	不同类型的 Span 对 TextView 性能影响差别在哪，emoji 处理走哪条路径？	keep	05-rendering/01-render-pipeline-vsync.md	Q31	不同类型的 Span 对 TextView 性能影响差别在哪，emoji 处理走哪条路径？	保留原题证据标注	02-rendering/01-渲染管线与VSync调度.md#Q30	executor	migrated
02-rendering/02-GPU合成与显示管线.md	Q1	一帧从 UI 线程结束到屏幕显示要经过哪些彼此独立的完成边界？看到 GPU busy 升高时第一步应该确认什么？	todo		42ac396fef59421d	一帧从 UI 线程结束到屏幕显示要经过哪些彼此独立的完成边界？看到 GPU busy 升高时第一步应该确认什么？	keep	05-rendering/02-gpu-composition-display.md	Q1	一帧从 UI 线程结束到屏幕显示要经过哪些彼此独立的完成边界？看到 GPU busy 升高时第一步应该确认什么？	保留原题证据标注	02-rendering/02-GPU合成与显示管线.md#Q1	executor	migrated
02-rendering/02-GPU合成与显示管线.md	Q2	第一次进入某个效果卡顿、第二次就流畅能直接定性为 shader compilation jank 吗？Vulkan 用 SPIR-V 能消除它吗？	todo		fd646d3b45b9f5a7	第一次进入某个效果卡顿、第二次就流畅能直接定性为 shader compilation jank 吗？Vulkan 用 SPIR-V 能消除它吗？	keep	05-rendering/02-gpu-composition-display.md	Q2	第一次进入某个效果卡顿、第二次就流畅能直接定性为 shader compilation jank 吗？Vulkan 用 SPIR-V 能消除它吗？	保留原题证据标注	02-rendering/02-GPU合成与显示管线.md#Q2	executor	migrated
02-rendering/02-GPU合成与显示管线.md	Q3	已在 OpenGL ES 上稳定运行的项目，什么条件下才值得迁移到 Vulkan？	todo		ff5c5de750f031ed	已在 OpenGL ES 上稳定运行的项目，什么条件下才值得迁移到 Vulkan？	keep	05-rendering/02-gpu-composition-display.md	Q3	已在 OpenGL ES 上稳定运行的项目，什么条件下才值得迁移到 Vulkan？	保留原题证据标注	02-rendering/02-GPU合成与显示管线.md#Q3	executor	migrated
02-rendering/02-GPU合成与显示管线.md	Q4	"Android 17 的 Vulkan 能力要求分哪几层？""设备是 Android 17 就可以跳过 capability query""为什么是错的？"	todo		86655f129e937c95	"Android 17 的 Vulkan 能力要求分哪几层？""设备是 Android 17 就可以跳过 capability query""为什么是错的？"	keep	05-rendering/02-gpu-composition-display.md	Q4	"Android 17 的 Vulkan 能力要求分哪几层？""设备是 Android 17 就可以跳过 capability query""为什么是错的？"	保留原题证据标注	02-rendering/02-GPU合成与显示管线.md#Q4	executor	migrated
02-rendering/02-GPU合成与显示管线.md	Q5	"ANGLE 是什么？Android 17 应用如何表达""想用 ANGLE""？表达后一定会用上吗？"	todo		aabf83bc1113446e	"ANGLE 是什么？Android 17 应用如何表达""想用 ANGLE""？表达后一定会用上吗？"	keep	05-rendering/02-gpu-composition-display.md	Q5	"ANGLE 是什么？Android 17 应用如何表达""想用 ANGLE""？表达后一定会用上吗？"	保留原题证据标注	02-rendering/02-GPU合成与显示管线.md#Q5	executor	migrated
02-rendering/02-GPU合成与显示管线.md	Q6	`SystemHealthManager.getGpuHeadroom()` 应该怎样正确调用？为什么不能放在 UI 线程或游戏 render loop 里？	todo		60ec5106367fd7bb	`SystemHealthManager.getGpuHeadroom()` 应该怎样正确调用？为什么不能放在 UI 线程或游戏 render loop 里？	keep	05-rendering/02-gpu-composition-display.md	Q6	`SystemHealthManager.getGpuHeadroom()` 应该怎样正确调用？为什么不能放在 UI 线程或游戏 render loop 里？	保留原题证据标注	02-rendering/02-GPU合成与显示管线.md#Q6	executor	migrated
02-rendering/02-GPU合成与显示管线.md	Q7	"BufferQueue 的 slot 状态机里，""FREE""和""可以安全写入""是两个时间点吗？为什么 `releaseBuffer()` 不先等 fence signal？"	todo		c7f00c1a0c1a6357	"BufferQueue 的 slot 状态机里，""FREE""和""可以安全写入""是两个时间点吗？为什么 `releaseBuffer()` 不先等 fence signal？"	keep	05-rendering/02-gpu-composition-display.md	Q7	"BufferQueue 的 slot 状态机里，""FREE""和""可以安全写入""是两个时间点吗？为什么 `releaseBuffer()` 不先等 fence signal？"	保留原题证据标注	02-rendering/02-GPU合成与显示管线.md#Q7	executor	migrated
02-rendering/02-GPU合成与显示管线.md	Q8	这个 Surface 是三缓冲的在 Android 17 上为什么不是固定结论？	todo		0b7b08cc66f60f73	这个 Surface 是三缓冲的在 Android 17 上为什么不是固定结论？	keep	05-rendering/02-gpu-composition-display.md	Q8	这个 Surface 是三缓冲的在 Android 17 上为什么不是固定结论？	保留原题证据标注	02-rendering/02-GPU合成与显示管线.md#Q8	executor	migrated
02-rendering/02-GPU合成与显示管线.md	Q9	标准 App Window 的 `dequeueBuffer()` 变长时，Android 17 有哪几种不同的等待原因？各返回什么？	todo		d18bb7ab78bb28f2	标准 App Window 的 `dequeueBuffer()` 变长时，Android 17 有哪几种不同的等待原因？各返回什么？	keep	05-rendering/02-gpu-composition-display.md	Q9	标准 App Window 的 `dequeueBuffer()` 变长时，Android 17 有哪几种不同的等待原因？各返回什么？	保留原题证据标注	02-rendering/02-GPU合成与显示管线.md#Q9	executor	migrated
02-rendering/02-GPU合成与显示管线.md	Q10	"`queueBuffer()` 返回之后到画面显示之间还剩哪些步骤？""BufferTX 增加""能证明新内容被显示了吗？"	todo		eb2799bc4792e7f3	"`queueBuffer()` 返回之后到画面显示之间还剩哪些步骤？""BufferTX 增加""能证明新内容被显示了吗？"	keep	05-rendering/02-gpu-composition-display.md	Q10	"`queueBuffer()` 返回之后到画面显示之间还剩哪些步骤？""BufferTX 增加""能证明新内容被显示了吗？"	保留原题证据标注	02-rendering/02-GPU合成与显示管线.md#Q10	executor	migrated
02-rendering/02-GPU合成与显示管线.md	Q11	一张 1080×2400 的 RGBA_8888 buffer 能按 1080×2400×4 字节计算占用吗？跨进程传 GraphicBuffer 会复制像素吗？	todo		9f5bfaa9f08ca394	一张 1080×2400 的 RGBA_8888 buffer 能按 1080×2400×4 字节计算占用吗？跨进程传 GraphicBuffer 会复制像素吗？	keep	05-rendering/02-gpu-composition-display.md	Q11	一张 1080×2400 的 RGBA_8888 buffer 能按 1080×2400×4 字节计算占用吗？跨进程传 GraphicBuffer 会复制像素吗？	保留原题证据标注	02-rendering/02-GPU合成与显示管线.md#Q11	executor	migrated
02-rendering/02-GPU合成与显示管线.md	Q12	acquire、release、present 三类 fence 分别约束什么？同一条 fence 为什么会有不同名字？	todo		44dcf797cf97ff39	acquire、release、present 三类 fence 分别约束什么？同一条 fence 为什么会有不同名字？	keep	05-rendering/02-gpu-composition-display.md	Q12	acquire、release、present 三类 fence 分别约束什么？同一条 fence 为什么会有不同名字？	保留原题证据标注	02-rendering/02-GPU合成与显示管线.md#Q12	executor	migrated
02-rendering/02-GPU合成与显示管线.md	Q13	"Android 17 的 SurfaceFlinger 主循环为什么读成 commit/composite？""没有 composite slice""能判为丢帧吗？"	todo		c04e152f4b49b511	"Android 17 的 SurfaceFlinger 主循环为什么读成 commit/composite？""没有 composite slice""能判为丢帧吗？"	keep	05-rendering/02-gpu-composition-display.md	Q13	"Android 17 的 SurfaceFlinger 主循环为什么读成 commit/composite？""没有 composite slice""能判为丢帧吗？"	保留原题证据标注	02-rendering/02-GPU合成与显示管线.md#Q13	executor	migrated
02-rendering/02-GPU合成与显示管线.md	Q14	"SurfaceFlinger FrontEnd 的五个对象分别管什么？""transaction 已进入 RequestedLayerState / buffer 已 latch / display 已 present""三句话为什么不能互换？"	todo		8c06b21d27c7a705	"SurfaceFlinger FrontEnd 的五个对象分别管什么？""transaction 已进入 RequestedLayerState / buffer 已 latch / display 已 present""三句话为什么不能互换？"	keep	05-rendering/02-gpu-composition-display.md	Q14	"SurfaceFlinger FrontEnd 的五个对象分别管什么？""transaction 已进入 RequestedLayerState / buffer 已 latch / display 已 present""三句话为什么不能互换？"	保留原题证据标注	02-rendering/02-GPU合成与显示管线.md#Q14	executor	migrated
02-rendering/02-GPU合成与显示管线.md	Q15	"`LocklessQueue` 的""无锁""到底覆盖 Android 17 SurfaceFlinger 的哪一段？它解决了什么、没解决什么？"	todo		e8d51150b07ed9d4	"`LocklessQueue` 的""无锁""到底覆盖 Android 17 SurfaceFlinger 的哪一段？它解决了什么、没解决什么？"	keep	05-rendering/02-gpu-composition-display.md	Q15	"`LocklessQueue` 的""无锁""到底覆盖 Android 17 SurfaceFlinger 的哪一段？它解决了什么、没解决什么？"	保留原题证据标注	02-rendering/02-GPU合成与显示管线.md#Q15	executor	migrated
02-rendering/02-GPU合成与显示管线.md	Q16	"SurfaceFlinger 的事务按 applyToken 分桶后，什么会让同一桶的后继事务全部停在队首？""NotReadyUnsignaled""是忽略 fence 吗？"	todo		75173e1e9bf59f34	"SurfaceFlinger 的事务按 applyToken 分桶后，什么会让同一桶的后继事务全部停在队首？""NotReadyUnsignaled""是忽略 fence 吗？"	keep	05-rendering/02-gpu-composition-display.md	Q16	"SurfaceFlinger 的事务按 applyToken 分桶后，什么会让同一桶的后继事务全部停在队首？""NotReadyUnsignaled""是忽略 fence 吗？"	保留原题证据标注	02-rendering/02-GPU合成与显示管线.md#Q16	executor	migrated
02-rendering/02-GPU合成与显示管线.md	Q17	"HWC 的 validate 与 presentOrValidate 是什么关系？DEVICE composition 为什么不代表""零 GPU""？"	todo		ed1bc7e818695763	"HWC 的 validate 与 presentOrValidate 是什么关系？DEVICE composition 为什么不代表""零 GPU""？"	keep	05-rendering/02-gpu-composition-display.md	Q17	"HWC 的 validate 与 presentOrValidate 是什么关系？DEVICE composition 为什么不代表""零 GPU""？"	保留原题证据标注	02-rendering/02-GPU合成与显示管线.md#Q17	executor	migrated
02-rendering/02-GPU合成与显示管线.md	Q18	一个 RGBA_1010102 的 buffer 被误标成 sRGB 会怎样？`Dataspace` 和 `PixelFormat` 是一回事吗？	todo		e1e4428d39fdc36e	一个 RGBA_1010102 的 buffer 被误标成 sRGB 会怎样？`Dataspace` 和 `PixelFormat` 是一回事吗？	keep	05-rendering/02-gpu-composition-display.md	Q18	一个 RGBA_1010102 的 buffer 被误标成 sRGB 会怎样？`Dataspace` 和 `PixelFormat` 是一回事吗？	保留原题证据标注	02-rendering/02-GPU合成与显示管线.md#Q18	executor	migrated
02-rendering/02-GPU合成与显示管线.md	Q19	"这个 layer 是 HDR和""显示器当前运行在 HDR 输出模式""是一回事吗？输出色彩模式由谁决定？"	todo		3f78c4bd04947c75	"这个 layer 是 HDR和""显示器当前运行在 HDR 输出模式""是一回事吗？输出色彩模式由谁决定？"	keep	05-rendering/02-gpu-composition-display.md	Q19	"这个 layer 是 HDR和""显示器当前运行在 HDR 输出模式""是一回事吗？输出色彩模式由谁决定？"	保留原题证据标注	02-rendering/02-GPU合成与显示管线.md#Q19	executor	migrated
02-rendering/02-GPU合成与显示管线.md	Q20	RenderEngine 在 GPU 合成路径上的 HDR tone mapping 有哪几条实现分支？看到 AGTM trace 能证明硬件没有做 tone mapping 吗？	todo		214d61e2ba58d17b	RenderEngine 在 GPU 合成路径上的 HDR tone mapping 有哪几条实现分支？看到 AGTM trace 能证明硬件没有做 tone mapping 吗？	keep	05-rendering/02-gpu-composition-display.md	Q20	RenderEngine 在 GPU 合成路径上的 HDR tone mapping 有哪几条实现分支？看到 AGTM trace 能证明硬件没有做 tone mapping 吗？	保留原题证据标注	02-rendering/02-GPU合成与显示管线.md#Q20	executor	migrated
02-rendering/02-GPU合成与显示管线.md	Q21	应用想让一段 Ultra HDR 图片获得更多高光余量，正确做法是什么？Window 的 headroom 设置会影响 SurfaceView 吗？	todo		b04d2b0a295f446d	应用想让一段 Ultra HDR 图片获得更多高光余量，正确做法是什么？Window 的 headroom 设置会影响 SurfaceView 吗？	keep	05-rendering/02-gpu-composition-display.md	Q21	应用想让一段 Ultra HDR 图片获得更多高光余量，正确做法是什么？Window 的 headroom 设置会影响 SurfaceView 吗？	保留原题证据标注	02-rendering/02-GPU合成与显示管线.md#Q21	executor	migrated
02-rendering/02-GPU合成与显示管线.md	Q22	"平均 FPS 达标为什么画面还可能""发颤""？queue-stuffing 如何放大延迟？Android 17 提供了什么新开关？"	todo		bc6ae00a7a94c045	"平均 FPS 达标为什么画面还可能""发颤""？queue-stuffing 如何放大延迟？Android 17 提供了什么新开关？"	keep	05-rendering/02-gpu-composition-display.md	Q22	"平均 FPS 达标为什么画面还可能""发颤""？queue-stuffing 如何放大延迟？Android 17 提供了什么新开关？"	保留原题证据标注	02-rendering/02-GPU合成与显示管线.md#Q22	executor	migrated
02-rendering/02-GPU合成与显示管线.md	Q23	"Swappy 的 Auto 模式是""90/45/30 FPS 三档阈值表""吗？它的提交链比一次 `eglSwapBuffers()` 多做了什么？"	todo		2a9041e36f2a3aa6	"Swappy 的 Auto 模式是""90/45/30 FPS 三档阈值表""吗？它的提交链比一次 `eglSwapBuffers()` 多做了什么？"	keep	05-rendering/02-gpu-composition-display.md	Q23	"Swappy 的 Auto 模式是""90/45/30 FPS 三档阈值表""吗？它的提交链比一次 `eglSwapBuffers()` 多做了什么？"	保留原题证据标注	02-rendering/02-GPU合成与显示管线.md#Q23	executor	migrated
02-rendering/02-GPU合成与显示管线.md	Q24	只用 Choreographer 对齐节拍能提供完整 frame pacing 吗？frame-rate vote 与 pacing 是什么关系？	todo		f7ad958d69a04043	只用 Choreographer 对齐节拍能提供完整 frame pacing 吗？frame-rate vote 与 pacing 是什么关系？	keep	05-rendering/02-gpu-composition-display.md	Q24	只用 Choreographer 对齐节拍能提供完整 frame pacing 吗？frame-rate vote 与 pacing 是什么关系？	保留原题证据标注	02-rendering/02-GPU合成与显示管线.md#Q24	executor	migrated
02-rendering/02-GPU合成与显示管线.md	Q25	Android 17 的 `VK_EXT_present_timing` 能查询哪些显示阶段？设备是 Android 17 就一定能用吗？	todo		eb5e72c95492ec8a	Android 17 的 `VK_EXT_present_timing` 能查询哪些显示阶段？设备是 Android 17 就一定能用吗？	keep	05-rendering/02-gpu-composition-display.md	Q25	Android 17 的 `VK_EXT_present_timing` 能查询哪些显示阶段？设备是 Android 17 就一定能用吗？	保留原题证据标注	02-rendering/02-GPU合成与显示管线.md#Q25	executor	migrated
02-rendering/02-GPU合成与显示管线.md	Q26	"FrameTimeline 覆盖哪些出图路径？""App track 没有 slice""能证明应用没有提交 buffer 吗？"	todo		e4a95416c7efa0a4	"FrameTimeline 覆盖哪些出图路径？""App track 没有 slice""能证明应用没有提交 buffer 吗？"	keep	05-rendering/02-gpu-composition-display.md	Q26	"FrameTimeline 覆盖哪些出图路径？""App track 没有 slice""能证明应用没有提交 buffer 吗？"	保留原题证据标注	02-rendering/02-GPU合成与显示管线.md#Q26	executor	migrated
02-rendering/02-GPU合成与显示管线.md	Q27	FrameTimeline 的 surface_frame_token 和 display_frame_token 如何从应用到达 SurfaceFlinger？一个 token 对应多行记录该怎么处理？	todo		dbc75fb901fc7754	FrameTimeline 的 surface_frame_token 和 display_frame_token 如何从应用到达 SurfaceFlinger？一个 token 对应多行记录该怎么处理？	keep	05-rendering/02-gpu-composition-display.md	Q27	FrameTimeline 的 surface_frame_token 和 display_frame_token 如何从应用到达 SurfaceFlinger？一个 token 对应多行记录该怎么处理？	保留原题证据标注	02-rendering/02-GPU合成与显示管线.md#Q27	executor	migrated
02-rendering/02-GPU合成与显示管线.md	Q28	SurfaceFrame 的 Actual end 和 DisplayFrame 的 Actual slice 分别在哪里结束？on_time_finish、present_type、prediction_type 各回答什么？	todo		995210e7bfc3d69a	SurfaceFrame 的 Actual end 和 DisplayFrame 的 Actual slice 分别在哪里结束？on_time_finish、present_type、prediction_type 各回答什么？	keep	05-rendering/02-gpu-composition-display.md	Q28	SurfaceFrame 的 Actual end 和 DisplayFrame 的 Actual slice 分别在哪里结束？on_time_finish、present_type、prediction_type 各回答什么？	保留原题证据标注	02-rendering/02-GPU合成与显示管线.md#Q28	executor	migrated
02-rendering/02-GPU合成与显示管线.md	Q29	"SurfaceFrame 和 DisplayFrame 上的 gpu_composition 标志分别是什么粒度？""DisplayFrame gpu_composition=false""能证明应用没用 GPU 吗？"	todo		77cf1e22d3f7af6d	"SurfaceFrame 和 DisplayFrame 上的 gpu_composition 标志分别是什么粒度？""DisplayFrame gpu_composition=false""能证明应用没用 GPU 吗？"	keep	05-rendering/02-gpu-composition-display.md	Q29	"SurfaceFrame 和 DisplayFrame 上的 gpu_composition 标志分别是什么粒度？""DisplayFrame gpu_composition=false""能证明应用没用 GPU 吗？"	保留原题证据标注	02-rendering/02-GPU合成与显示管线.md#Q29	executor	migrated
02-rendering/02-GPU合成与显示管线.md	Q30	FrameTracer 和 FrameTimeline 是同一个数据源吗？为什么不能把 frame_number 和 surface_frame_token 直接 join？	todo		801db3565dbf760f	FrameTracer 和 FrameTimeline 是同一个数据源吗？为什么不能把 frame_number 和 surface_frame_token 直接 join？	keep	05-rendering/02-gpu-composition-display.md	Q30	FrameTracer 和 FrameTimeline 是同一个数据源吗？为什么不能把 frame_number 和 surface_frame_token 直接 join？	保留原题证据标注	02-rendering/02-GPU合成与显示管线.md#Q30	executor	migrated
02-rendering/03-多窗口折叠屏与显示服务.md	Q1	DisplayManagerService 在显示系统中管什么、不管什么？外接屏黑屏时 `dumpsys display` 里存在 LogicalDisplay 能证明什么？	todo		fc6a65f69d1ef8de	DisplayManagerService 在显示系统中管什么、不管什么？外接屏黑屏时 `dumpsys display` 里存在 LogicalDisplay 能证明什么？	keep	05-rendering/03-multi-window-foldable.md	Q1	DisplayManagerService 在显示系统中管什么、不管什么？外接屏黑屏时 `dumpsys display` 里存在 LogicalDisplay 能证明什么？	保留原题证据标注	02-rendering/03-多窗口折叠屏与显示服务.md#Q1	executor	migrated
02-rendering/03-多窗口折叠屏与显示服务.md	Q2	开机卡在等默认显示时，DMS 在哪个启动 phase 等什么条件、超时多久、怎么定位卡点？	todo		1aafe655ff603f56	开机卡在等默认显示时，DMS 在哪个启动 phase 等什么条件、超时多久、怎么定位卡点？	keep	05-rendering/03-multi-window-foldable.md	Q2	开机卡在等默认显示时，DMS 在哪个启动 phase 等什么条件、超时多久、怎么定位卡点？	保留原题证据标注	02-rendering/03-多窗口折叠屏与显示服务.md#Q2	executor	migrated
02-rendering/03-多窗口折叠屏与显示服务.md	Q3	物理屏 hotplug 之后 DMS 这条链上发生什么？与 VirtualDisplay 的 token 创建有何不同？	todo		fdcfd3e01a6e6698	物理屏 hotplug 之后 DMS 这条链上发生什么？与 VirtualDisplay 的 token 创建有何不同？	keep	05-rendering/03-multi-window-foldable.md	Q3	物理屏 hotplug 之后 DMS 这条链上发生什么？与 VirtualDisplay 的 token 创建有何不同？	保留原题证据标注	02-rendering/03-多窗口折叠屏与显示服务.md#Q3	executor	migrated
02-rendering/03-多窗口折叠屏与显示服务.md	Q4	DMS 为什么用 `mSyncRoot` 一把大锁？哪些慢工作已经被移出锁外？	todo		be2169a879833c10	DMS 为什么用 `mSyncRoot` 一把大锁？哪些慢工作已经被移出锁外？	keep	05-rendering/03-multi-window-foldable.md	Q4	DMS 为什么用 `mSyncRoot` 一把大锁？哪些慢工作已经被移出锁外？	保留原题证据标注	02-rendering/03-多窗口折叠屏与显示服务.md#Q4	executor	migrated
02-rendering/03-多窗口折叠屏与显示服务.md	Q5	`DisplayManager.DisplayListener` 与 Choreographer 的 VSync 是什么关系？双屏设备能拿到两路独立硬件 VSync 吗？	todo		9ae5de909302bc05	`DisplayManager.DisplayListener` 与 Choreographer 的 VSync 是什么关系？双屏设备能拿到两路独立硬件 VSync 吗？	keep	05-rendering/03-multi-window-foldable.md	Q5	`DisplayManager.DisplayListener` 与 Choreographer 的 VSync 是什么关系？双屏设备能拿到两路独立硬件 VSync 吗？	保留原题证据标注	02-rendering/03-多窗口折叠屏与显示服务.md#Q5	executor	migrated
02-rendering/03-多窗口折叠屏与显示服务.md	Q6	刷新率切换时 DMS、SurfaceFlinger 和应用各做什么？mode 变了 BufferQueue 会重建吗？	todo		2af538225b87f362	刷新率切换时 DMS、SurfaceFlinger 和应用各做什么？mode 变了 BufferQueue 会重建吗？	keep	05-rendering/03-multi-window-foldable.md	Q6	刷新率切换时 DMS、SurfaceFlinger 和应用各做什么？mode 变了 BufferQueue 会重建吗？	保留原题证据标注	02-rendering/03-多窗口折叠屏与显示服务.md#Q6	executor	migrated
02-rendering/03-多窗口折叠屏与显示服务.md	Q7	"屏幕上同时显示两块内容，怎么判断这是不是""多窗口""？"	todo		3f94ff99693fb084	"屏幕上同时显示两块内容，怎么判断这是不是""多窗口""？"	keep	05-rendering/03-multi-window-foldable.md	Q7	"屏幕上同时显示两块内容，怎么判断这是不是""多窗口""？"	保留原题证据标注	02-rendering/03-多窗口折叠屏与显示服务.md#Q7	executor	migrated
02-rendering/03-多窗口折叠屏与显示服务.md	Q8	同进程多窗口与跨进程窗口，各自共享什么、独立什么？	todo		3e6120288115024d	同进程多窗口与跨进程窗口，各自共享什么、独立什么？	keep	05-rendering/03-multi-window-foldable.md	Q8	同进程多窗口与跨进程窗口，各自共享什么、独立什么？	保留原题证据标注	02-rendering/03-多窗口折叠屏与显示服务.md#Q8	executor	migrated
02-rendering/03-多窗口折叠屏与显示服务.md	Q9	视频应用进入 PiP 后继续出帧，这条链路与全屏时相比变了什么？`setSeamlessResizeEnabled` 不设置会怎样？	todo		b401d1e61d7cc629	视频应用进入 PiP 后继续出帧，这条链路与全屏时相比变了什么？`setSeamlessResizeEnabled` 不设置会怎样？	keep	05-rendering/03-multi-window-foldable.md	Q9	视频应用进入 PiP 后继续出帧，这条链路与全屏时相比变了什么？`setSeamlessResizeEnabled` 不设置会怎样？	保留原题证据标注	02-rendering/03-多窗口折叠屏与显示服务.md#Q9	executor	migrated
02-rendering/03-多窗口折叠屏与显示服务.md	Q10	PiP 与桌面窗口过渡期间，`WindowContainerTransaction`、`SurfaceControl.Transaction` 和应用 buffer 是三条怎样的输入？	todo		bd9b6fd8cf6705e5	PiP 与桌面窗口过渡期间，`WindowContainerTransaction`、`SurfaceControl.Transaction` 和应用 buffer 是三条怎样的输入？	keep	05-rendering/03-multi-window-foldable.md	Q10	PiP 与桌面窗口过渡期间，`WindowContainerTransaction`、`SurfaceControl.Transaction` 和应用 buffer 是三条怎样的输入？	保留原题证据标注	02-rendering/03-多窗口折叠屏与显示服务.md#Q10	executor	migrated
02-rendering/03-多窗口折叠屏与显示服务.md	Q11	分屏里的副窗口失去了焦点，它进入 `onStop()` 了吗？	todo		2f49b6123509f66e	分屏里的副窗口失去了焦点，它进入 `onStop()` 了吗？	keep	05-rendering/03-multi-window-foldable.md	Q11	分屏里的副窗口失去了焦点，它进入 `onStop()` 了吗？	保留原题证据标注	02-rendering/03-多窗口折叠屏与显示服务.md#Q11	executor	migrated
02-rendering/03-多窗口折叠屏与显示服务.md	Q12	折叠展开或多窗口 resize 时 Activity 何时重建？`recreateOnConfigChanges` 和 `ViewModel` 各管什么？	todo		c26160c100074943	折叠展开或多窗口 resize 时 Activity 何时重建？`recreateOnConfigChanges` 和 `ViewModel` 各管什么？	keep	05-rendering/03-multi-window-foldable.md	Q12	折叠展开或多窗口 resize 时 Activity 何时重建？`recreateOnConfigChanges` 和 `ViewModel` 各管什么？	保留原题证据标注	02-rendering/03-多窗口折叠屏与显示服务.md#Q12	executor	migrated
02-rendering/03-多窗口折叠屏与显示服务.md	Q13	Edge-to-Edge 强制是哪个版本的行为？它改变渲染管线吗？	todo		320a44bab430ce8d	Edge-to-Edge 强制是哪个版本的行为？它改变渲染管线吗？	keep	05-rendering/03-multi-window-foldable.md	Q13	Edge-to-Edge 强制是哪个版本的行为？它改变渲染管线吗？	保留原题证据标注	02-rendering/03-多窗口折叠屏与显示服务.md#Q13	executor	migrated
02-rendering/03-多窗口折叠屏与显示服务.md	Q14	一个 `WindowInsets` 从 WMS 到 View 树经过哪些环节？listener 与 override 谁先执行、消费会挡住兄弟节点吗？	todo		6674aaadd2371a6f	一个 `WindowInsets` 从 WMS 到 View 树经过哪些环节？listener 与 override 谁先执行、消费会挡住兄弟节点吗？	keep	05-rendering/03-multi-window-foldable.md	Q14	一个 `WindowInsets` 从 WMS 到 View 树经过哪些环节？listener 与 override 谁先执行、消费会挡住兄弟节点吗？	保留原题证据标注	02-rendering/03-多窗口折叠屏与显示服务.md#Q14	executor	migrated
02-rendering/03-多窗口折叠屏与显示服务.md	Q15	状态栏透明了，为什么不能直接推断 SurfaceFlinger 换成了 CLIENT composition？	todo		5162a22c164a8056	状态栏透明了，为什么不能直接推断 SurfaceFlinger 换成了 CLIENT composition？	keep	05-rendering/03-multi-window-foldable.md	Q15	状态栏透明了，为什么不能直接推断 SurfaceFlinger 换成了 CLIENT composition？	保留原题证据标注	02-rendering/03-多窗口折叠屏与显示服务.md#Q15	executor	migrated
02-rendering/03-多窗口折叠屏与显示服务.md	Q16	"IME 弹出动画期间，`onProgress()` 回调和""逐帧 apply Insets""是一回事吗？"	todo		8ec3b8b801f223ec	"IME 弹出动画期间，`onProgress()` 回调和""逐帧 apply Insets""是一回事吗？"	keep	05-rendering/03-multi-window-foldable.md	Q16	"IME 弹出动画期间，`onProgress()` 回调和""逐帧 apply Insets""是一回事吗？"	保留原题证据标注	02-rendering/03-多窗口折叠屏与显示服务.md#Q16	executor	migrated
02-rendering/03-多窗口折叠屏与显示服务.md	Q17	折叠展开瞬间为什么会黑一下？500 ms 超时是什么？	todo		76a9726cc0c9f994	折叠展开瞬间为什么会黑一下？500 ms 超时是什么？	keep	05-rendering/03-multi-window-foldable.md	Q17	折叠展开瞬间为什么会黑一下？500 ms 超时是什么？	保留原题证据标注	02-rendering/03-多窗口折叠屏与显示服务.md#Q17	executor	migrated
02-rendering/03-多窗口折叠屏与显示服务.md	Q18	DeviceState 从哪里来？display layout 配置在哪些文件、能配什么？	todo		fb4de64b2298bcc3	DeviceState 从哪里来？display layout 配置在哪些文件、能配什么？	keep	05-rendering/03-multi-window-foldable.md	Q18	DeviceState 从哪里来？display layout 配置在哪些文件、能配什么？	保留原题证据标注	02-rendering/03-多窗口折叠屏与显示服务.md#Q18	executor	migrated
02-rendering/03-多窗口折叠屏与显示服务.md	Q19	"折叠切换的两阶段具体是什么？为什么""合盖必休眠、展开必亮屏""不是平台保证？"	todo		197ebfbb38459faa	"折叠切换的两阶段具体是什么？为什么""合盖必休眠、展开必亮屏""不是平台保证？"	keep	05-rendering/03-multi-window-foldable.md	Q19	"折叠切换的两阶段具体是什么？为什么""合盖必休眠、展开必亮屏""不是平台保证？"	保留原题证据标注	02-rendering/03-多窗口折叠屏与显示服务.md#Q19	executor	migrated
02-rendering/03-多窗口折叠屏与显示服务.md	Q20	应用感知折叠姿态该用 FoldingFeature 还是 hinge angle 传感器？	todo		e5b5e618497832e0	应用感知折叠姿态该用 FoldingFeature 还是 hinge angle 传感器？	keep	05-rendering/03-multi-window-foldable.md	Q20	应用感知折叠姿态该用 FoldingFeature 还是 hinge angle 传感器？	保留原题证据标注	02-rendering/03-多窗口折叠屏与显示服务.md#Q20	executor	migrated
02-rendering/03-多窗口折叠屏与显示服务.md	Q21	TaskSnapshot 里面装的是什么？Overview 卡片、live tile 和启动占位是同一个东西吗？	todo		7a6b509d57a95f37	TaskSnapshot 里面装的是什么？Overview 卡片、live tile 和启动占位是同一个东西吗？	keep	05-rendering/03-multi-window-foldable.md	Q21	TaskSnapshot 里面装的是什么？Overview 卡片、live tile 和启动占位是同一个东西吗？	保留原题证据标注	02-rendering/03-多窗口折叠屏与显示服务.md#Q21	executor	migrated
02-rendering/03-多窗口折叠屏与显示服务.md	Q22	TaskSnapshot 什么时候被捕获？应用被冻结前会自动截图吗？	todo		cfc9d512c730b7b3	TaskSnapshot 什么时候被捕获？应用被冻结前会自动截图吗？	keep	05-rendering/03-multi-window-foldable.md	Q22	TaskSnapshot 什么时候被捕获？应用被冻结前会自动截图吗？	保留原题证据标注	02-rendering/03-多窗口折叠屏与显示服务.md#Q22	executor	migrated
02-rendering/03-多窗口折叠屏与显示服务.md	Q23	什么时候会得到主题色卡片而不是真实截图？`setRecentsScreenshotEnabled(false)` 与 `FLAG_SECURE` 有什么区别？	todo		468b959a9b31d514	什么时候会得到主题色卡片而不是真实截图？`setRecentsScreenshotEnabled(false)` 与 `FLAG_SECURE` 有什么区别？	keep	05-rendering/03-multi-window-foldable.md	Q23	什么时候会得到主题色卡片而不是真实截图？`setRecentsScreenshotEnabled(false)` 与 `FLAG_SECURE` 有什么区别？	保留原题证据标注	02-rendering/03-多窗口折叠屏与显示服务.md#Q23	executor	migrated
02-rendering/03-多窗口折叠屏与显示服务.md	Q24	TaskSnapshot 的缓存与磁盘存储长什么样？占多少内存？	todo		3da6574b54854df3	TaskSnapshot 的缓存与磁盘存储长什么样？占多少内存？	keep	05-rendering/03-multi-window-foldable.md	Q24	TaskSnapshot 的缓存与磁盘存储长什么样？占多少内存？	保留原题证据标注	02-rendering/03-多窗口折叠屏与显示服务.md#Q24	executor	migrated
02-rendering/03-多窗口折叠屏与显示服务.md	Q25	点击 Overview 卡片回到应用走哪条路径？旧快照为什么不匹配时会不用？	todo		ae694d5a9ee8104a	点击 Overview 卡片回到应用走哪条路径？旧快照为什么不匹配时会不用？	keep	05-rendering/03-multi-window-foldable.md	Q25	点击 Overview 卡片回到应用走哪条路径？旧快照为什么不匹配时会不用？	保留原题证据标注	02-rendering/03-多窗口折叠屏与显示服务.md#Q25	executor	migrated
03-input/01-输入系统.md	Q1	"一次点击""没有反应""，输入事件从硬件到 View 树要经过哪些阶段，排查时按什么顺序分段定位？"	todo		fb842bcbc5b70ff1	"一次点击""没有反应""，输入事件从硬件到 View 树要经过哪些阶段，排查时按什么顺序分段定位？"	keep	04-input/01-input-system.md	Q1	"一次点击""没有反应""，输入事件从硬件到 View 树要经过哪些阶段，排查时按什么顺序分段定位？"	保留原题证据标注	03-input/01-输入系统.md#Q1	executor	migrated
03-input/01-输入系统.md	Q2	"`MotionEvent.getEventTime()` 代表什么时间？为什么""eventTime 到回调结束""不等于端到端触摸延迟？"	todo		6a6ba47a169cfa0a	"`MotionEvent.getEventTime()` 代表什么时间？为什么""eventTime 到回调结束""不等于端到端触摸延迟？"	keep	04-input/01-input-system.md	Q2	"`MotionEvent.getEventTime()` 代表什么时间？为什么""eventTime 到回调结束""不等于端到端触摸延迟？"	保留原题证据标注	03-input/01-输入系统.md#Q2	executor	migrated
03-input/01-输入系统.md	Q3	窗口输入事件为什么走 AF_UNIX SOCK_SEQPACKET 套接字而不是 Binder？Binder 在输入路径里还承担什么？	todo		6e24b6adbc8d19bc	窗口输入事件为什么走 AF_UNIX SOCK_SEQPACKET 套接字而不是 Binder？Binder 在输入路径里还承担什么？	keep	04-input/01-input-system.md	Q3	窗口输入事件为什么走 AF_UNIX SOCK_SEQPACKET 套接字而不是 Binder？Binder 在输入路径里还承担什么？	保留原题证据标注	03-input/01-输入系统.md#Q3	executor	migrated
03-input/01-输入系统.md	Q4	InputDispatcher 中一条事件的 iq/oq/wq 三段队列如何迁移？`wq=1` 是否说明应用即将 ANR？	todo		9e36d5847178f47c	InputDispatcher 中一条事件的 iq/oq/wq 三段队列如何迁移？`wq=1` 是否说明应用即将 ANR？	keep	04-input/01-input-system.md	Q4	InputDispatcher 中一条事件的 iq/oq/wq 三段队列如何迁移？`wq=1` 是否说明应用即将 ANR？	保留原题证据标注	03-input/01-输入系统.md#Q4	executor	migrated
03-input/01-输入系统.md	Q5	"输入 ANR 的 5 秒从哪个时刻开始计时？哪些配置会改变它？""无焦点窗口 ANR""又是什么？"	todo		ce435a20e9586ab0	"输入 ANR 的 5 秒从哪个时刻开始计时？哪些配置会改变它？""无焦点窗口 ANR""又是什么？"	keep	04-input/01-input-system.md	Q5	"输入 ANR 的 5 秒从哪个时刻开始计时？哪些配置会改变它？""无焦点窗口 ANR""又是什么？"	保留原题证据标注	03-input/01-输入系统.md#Q5	executor	migrated
03-input/01-输入系统.md	Q6	过期事件（stale event）的判定阈值是什么？它与 ANR 检查、事件丢弃是什么关系？	todo		446391ab0d2498c0	过期事件（stale event）的判定阈值是什么？它与 ANR 检查、事件丢弃是什么关系？	keep	04-input/01-input-system.md	Q6	过期事件（stale event）的判定阈值是什么？它与 ANR 检查、事件丢弃是什么关系？	保留原题证据标注	03-input/01-输入系统.md#Q6	executor	migrated
03-input/01-输入系统.md	Q7	点到谁就永远给谁成立吗？`DOWN` 之后哪些情况会改变触摸目标并产生 `ACTION_CANCEL`？	todo		bfec71bc8498e429	点到谁就永远给谁成立吗？`DOWN` 之后哪些情况会改变触摸目标并产生 `ACTION_CANCEL`？	keep	04-input/01-input-system.md	Q7	点到谁就永远给谁成立吗？`DOWN` 之后哪些情况会改变触摸目标并产生 `ACTION_CANCEL`？	保留原题证据标注	03-input/01-输入系统.md#Q7	executor	migrated
03-input/01-输入系统.md	Q8	`InputFilter`、`InputMonitor`（监视窗口）、无障碍按键过滤三类旁路拦截的权限边界分别是什么？普通应用能注册吗？	todo		20f78a54ec4866cb	`InputFilter`、`InputMonitor`（监视窗口）、无障碍按键过滤三类旁路拦截的权限边界分别是什么？普通应用能注册吗？	keep	04-input/01-input-system.md	Q8	`InputFilter`、`InputMonitor`（监视窗口）、无障碍按键过滤三类旁路拦截的权限边界分别是什么？普通应用能注册吗？	保留原题证据标注	03-input/01-输入系统.md#Q8	executor	migrated
03-input/01-输入系统.md	Q9	`Instrumentation`、`UiAutomation`、`adb shell input`、无障碍 `dispatchGesture()` 四类注入入口有什么差异？应用能用 source 判断事件是注入的吗？	todo		14cdb1264446d7ba	`Instrumentation`、`UiAutomation`、`adb shell input`、无障碍 `dispatchGesture()` 四类注入入口有什么差异？应用能用 source 判断事件是注入的吗？	keep	04-input/01-input-system.md	Q9	`Instrumentation`、`UiAutomation`、`adb shell input`、无障碍 `dispatchGesture()` 四类注入入口有什么差异？应用能用 source 判断事件是注入的吗？	保留原题证据标注	03-input/01-输入系统.md#Q9	executor	migrated
03-input/01-输入系统.md	Q10	触摸采样率 240 Hz 与屏幕刷新率 120 Hz 是什么关系？高采样率的价值由什么决定？	todo		91fa29ef5dae3673	触摸采样率 240 Hz 与屏幕刷新率 120 Hz 是什么关系？高采样率的价值由什么决定？	keep	04-input/01-input-system.md	Q10	触摸采样率 240 Hz 与屏幕刷新率 120 Hz 是什么关系？高采样率的价值由什么决定？	保留原题证据标注	03-input/01-输入系统.md#Q10	executor	migrated
03-input/01-输入系统.md	Q11	应用收到的 `MotionEvent` 为什么会包含历史样本？批处理在 Perfetto 上如何识别？	todo		b0b03a1e7ad9014d	应用收到的 `MotionEvent` 为什么会包含历史样本？批处理在 Perfetto 上如何识别？	keep	04-input/01-input-system.md	Q11	应用收到的 `MotionEvent` 为什么会包含历史样本？批处理在 Perfetto 上如何识别？	保留原题证据标注	03-input/01-输入系统.md#Q11	executor	migrated
03-input/01-输入系统.md	Q12	触摸重采样（resampling）以什么时间为目标？有哪些边界条件？	todo		0ab78a92710ef92c	触摸重采样（resampling）以什么时间为目标？有哪些边界条件？	keep	04-input/01-input-system.md	Q12	触摸重采样（resampling）以什么时间为目标？有哪些边界条件？	保留原题证据标注	03-input/01-输入系统.md#Q12	executor	migrated
03-input/01-输入系统.md	Q13	`requestUnbufferedDispatch` 与前缓冲渲染分别解决什么问题？轨迹预测（MotionPredictor）的可用边界是什么？	todo		671a1caff5b38f2f	`requestUnbufferedDispatch` 与前缓冲渲染分别解决什么问题？轨迹预测（MotionPredictor）的可用边界是什么？	keep	04-input/01-input-system.md	Q13	`requestUnbufferedDispatch` 与前缓冲渲染分别解决什么问题？轨迹预测（MotionPredictor）的可用边界是什么？	保留原题证据标注	03-input/01-输入系统.md#Q13	executor	migrated
03-input/01-输入系统.md	Q14	Choreographer 一帧内输入回调排在什么位置？缓冲与无缓冲的消费分支如何选择？	todo		2be5889489a99e26	Choreographer 一帧内输入回调排在什么位置？缓冲与无缓冲的消费分支如何选择？	keep	04-input/01-input-system.md	Q14	Choreographer 一帧内输入回调排在什么位置？缓冲与无缓冲的消费分支如何选择？	保留原题证据标注	03-input/01-输入系统.md#Q14	executor	migrated
03-input/01-输入系统.md	Q15	"边缘返回手势如何做到""先并行观察、条件成立再接管""？应用分别会看到什么？"	todo		c7116531564fa7aa	"边缘返回手势如何做到""先并行观察、条件成立再接管""？应用分别会看到什么？"	keep	04-input/01-input-system.md	Q15	"边缘返回手势如何做到""先并行观察、条件成立再接管""？应用分别会看到什么？"	保留原题证据标注	03-input/01-输入系统.md#Q15	executor	migrated
03-input/01-输入系统.md	Q16	Predictive Back 的回调接口有哪几层？`android:enableOnBackInvokedCallback` 在不同版本语义有何差异？	todo		8c70227c07159d16	Predictive Back 的回调接口有哪几层？`android:enableOnBackInvokedCallback` 在不同版本语义有何差异？	keep	04-input/01-input-system.md	Q16	Predictive Back 的回调接口有哪几层？`android:enableOnBackInvokedCallback` 在不同版本语义有何差异？	保留原题证据标注	03-input/01-输入系统.md#Q16	executor	migrated
03-input/01-输入系统.md	Q17	"预测性返回为什么要求""进度阶段只做可撤销的视觉更新""？提交边界是什么？"	todo		8c50f7072597a0aa	"预测性返回为什么要求""进度阶段只做可撤销的视觉更新""？提交边界是什么？"	keep	04-input/01-input-system.md	Q17	"预测性返回为什么要求""进度阶段只做可撤销的视觉更新""？提交边界是什么？"	保留原题证据标注	03-input/01-输入系统.md#Q17	executor	migrated
03-input/01-输入系统.md	Q18	`setSystemGestureExclusionRects` 申请的排除区一定生效吗？限制是什么？	todo		727742e2925266ed	`setSystemGestureExclusionRects` 申请的排除区一定生效吗？限制是什么？	keep	04-input/01-input-system.md	Q18	`setSystemGestureExclusionRects` 申请的排除区一定生效吗？限制是什么？	保留原题证据标注	03-input/01-输入系统.md#Q18	executor	migrated
03-input/01-输入系统.md	Q19	`VelocityTracker` 有哪些容易出错的使用细节？默认拟合策略是什么？	todo		6548fb1594dc2b31	`VelocityTracker` 有哪些容易出错的使用细节？默认拟合策略是什么？	keep	04-input/01-input-system.md	Q19	`VelocityTracker` 有哪些容易出错的使用细节？默认拟合策略是什么？	保留原题证据标注	03-input/01-输入系统.md#Q19	executor	migrated
03-input/01-输入系统.md	Q20	TouchSlop 与 Fling 速度阈值应该怎么取值？硬编码源码常量有什么问题？	todo		97de52848ab86a64	TouchSlop 与 Fling 速度阈值应该怎么取值？硬编码源码常量有什么问题？	keep	04-input/01-input-system.md	Q20	TouchSlop 与 Fling 速度阈值应该怎么取值？硬编码源码常量有什么问题？	保留原题证据标注	03-input/01-输入系统.md#Q20	executor	migrated
03-input/01-输入系统.md	Q21	`GestureDetector` 的 `onDown` 返回值为什么重要？长按与双击有哪些机制细节？	todo		f88ff671f4ae1ef6	`GestureDetector` 的 `onDown` 返回值为什么重要？长按与双击有哪些机制细节？	keep	04-input/01-input-system.md	Q21	`GestureDetector` 的 `onDown` 返回值为什么重要？长按与双击有哪些机制细节？	保留原题证据标注	03-input/01-输入系统.md#Q21	executor	migrated
03-input/01-输入系统.md	Q22	父子容器的手势冲突如何仲裁？`requestDisallowInterceptTouchEvent` 有什么边界？	todo		1dd2699045e5562a	父子容器的手势冲突如何仲裁？`requestDisallowInterceptTouchEvent` 有什么边界？	keep	04-input/01-input-system.md	Q22	父子容器的手势冲突如何仲裁？`requestDisallowInterceptTouchEvent` 有什么边界？	保留原题证据标注	03-input/01-输入系统.md#Q22	executor	migrated
03-input/01-输入系统.md	Q23	`showSoftInput()` 返回 true 意味着什么？应用如何可靠确认软键盘可见？	todo		2575813c8937307b	`showSoftInput()` 返回 true 意味着什么？应用如何可靠确认软键盘可见？	keep	04-input/01-input-system.md	Q23	`showSoftInput()` 返回 true 意味着什么？应用如何可靠确认软键盘可见？	保留原题证据标注	03-input/01-输入系统.md#Q23	executor	migrated
03-input/01-输入系统.md	Q24	软键盘显示慢，系统侧的完整链路和等待点是什么？3 秒重连阈值说明什么？	todo		7baca246a9d5908a	软键盘显示慢，系统侧的完整链路和等待点是什么？3 秒重连阈值说明什么？	keep	04-input/01-input-system.md	Q24	软键盘显示慢，系统侧的完整链路和等待点是什么？3 秒重连阈值说明什么？	保留原题证据标注	03-input/01-输入系统.md#Q24	executor	migrated
03-input/01-输入系统.md	Q25	物理键盘按键从硬件到应用经过哪些阶段？按键重复（key repeat）由谁合成？	todo		c7e9e7c89f5cea16	物理键盘按键从硬件到应用经过哪些阶段？按键重复（key repeat）由谁合成？	keep	04-input/01-input-system.md	Q25	物理键盘按键从硬件到应用经过哪些阶段？按键重复（key repeat）由谁合成？	保留原题证据标注	03-input/01-输入系统.md#Q25	executor	migrated
03-input/01-输入系统.md	Q26	鼠标、触控板与触摸屏的事件语义有什么区别？指针捕获有哪些模式？	todo		6b9f1a1217d337f2	鼠标、触控板与触摸屏的事件语义有什么区别？指针捕获有哪些模式？	keep	04-input/01-input-system.md	Q26	鼠标、触控板与触摸屏的事件语义有什么区别？指针捕获有哪些模式？	保留原题证据标注	03-input/01-输入系统.md#Q26	executor	migrated
03-input/02-应用层事件分发与多点触控.md	Q1	一次点击在应用内的完整方法调用链是什么？Activity、Window、DecorView、ViewGroup、View 各自负责什么？	todo		1a53791bad39d5d1	一次点击在应用内的完整方法调用链是什么？Activity、Window、DecorView、ViewGroup、View 各自负责什么？	keep	04-input/02-app-event-dispatch.md	Q1	一次点击在应用内的完整方法调用链是什么？Activity、Window、DecorView、ViewGroup、View 各自负责什么？	保留原题证据标注	03-input/02-应用层事件分发与多点触控.md#Q1	executor	migrated
03-input/02-应用层事件分发与多点触控.md	Q2	`onTouchListener` 与 `onTouchEvent` 谁先执行？为什么 View 被 disable 后 onTouch 也收不到事件？	todo		f6623baa52d2fdb0	`onTouchListener` 与 `onTouchEvent` 谁先执行？为什么 View 被 disable 后 onTouch 也收不到事件？	keep	04-input/02-app-event-dispatch.md	Q2	`onTouchListener` 与 `onTouchEvent` 谁先执行？为什么 View 被 disable 后 onTouch 也收不到事件？	保留原题证据标注	03-input/02-应用层事件分发与多点触控.md#Q2	executor	migrated
03-input/02-应用层事件分发与多点触控.md	Q3	为什么 `ACTION_DOWN` 不返回 true，后续的 MOVE/UP 就都收不到了？	todo		e2ee9ebd561807c8	为什么 `ACTION_DOWN` 不返回 true，后续的 MOVE/UP 就都收不到了？	keep	04-input/02-app-event-dispatch.md	Q3	为什么 `ACTION_DOWN` 不返回 true，后续的 MOVE/UP 就都收不到了？	保留原题证据标注	03-input/02-应用层事件分发与多点触控.md#Q3	executor	migrated
03-input/02-应用层事件分发与多点触控.md	Q4	`onClick` 在哪个 action 里触发？`onTouch` 返回 true 后 onClick 还会执行吗？	todo		f3842c7ffcfb318e	`onClick` 在哪个 action 里触发？`onTouch` 返回 true 后 onClick 还会执行吗？	keep	04-input/02-app-event-dispatch.md	Q4	`onClick` 在哪个 action 里触发？`onTouch` 返回 true 后 onClick 还会执行吗？	保留原题证据标注	03-input/02-应用层事件分发与多点触控.md#Q4	executor	migrated
03-input/02-应用层事件分发与多点触控.md	Q5	长按的计时与取消由谁驱动？`onLongClick` 返回 false 时为什么 `UP` 还能触发 onClick？	todo		90de2370f29e16fc	长按的计时与取消由谁驱动？`onLongClick` 返回 false 时为什么 `UP` 还能触发 onClick？	keep	04-input/02-app-event-dispatch.md	Q5	长按的计时与取消由谁驱动？`onLongClick` 返回 false 时为什么 `UP` 还能触发 onClick？	保留原题证据标注	03-input/02-应用层事件分发与多点触控.md#Q5	executor	migrated
03-input/02-应用层事件分发与多点触控.md	Q6	一次手势里 `onInterceptTouchEvent` 会被调用多少次？什么情况下一次都不会被调用？	todo		ea9b81969af54a1a	一次手势里 `onInterceptTouchEvent` 会被调用多少次？什么情况下一次都不会被调用？	keep	04-input/02-app-event-dispatch.md	Q6	一次手势里 `onInterceptTouchEvent` 会被调用多少次？什么情况下一次都不会被调用？	保留原题证据标注	03-input/02-应用层事件分发与多点触控.md#Q6	executor	migrated
03-input/02-应用层事件分发与多点触控.md	Q7	TextView 和 Button 都没设 listener，为什么 Button 有按压反馈而 TextView 点了没反应？	todo		6c964c7756eb41b8	TextView 和 Button 都没设 listener，为什么 Button 有按压反馈而 TextView 点了没反应？	keep	04-input/02-app-event-dispatch.md	Q7	TextView 和 Button 都没设 listener，为什么 Button 有按压反馈而 TextView 点了没反应？	保留原题证据标注	03-input/02-应用层事件分发与多点触控.md#Q7	executor	migrated
03-input/02-应用层事件分发与多点触控.md	Q8	多指按下时 `getAction()` 和 `getActionMasked()` 有什么区别？action 值里的 index 怎么解读？	todo		610a623ede364f5e	多指按下时 `getAction()` 和 `getActionMasked()` 有什么区别？action 值里的 index 怎么解读？	keep	04-input/02-app-event-dispatch.md	Q8	多指按下时 `getAction()` 和 `getActionMasked()` 有什么区别？action 值里的 index 怎么解读？	保留原题证据标注	03-input/02-应用层事件分发与多点触控.md#Q8	executor	migrated
03-input/02-应用层事件分发与多点触控.md	Q9	pointer id 和 pointer index 有什么区别？为什么滑动手势必须用 pointer id 跟踪手指？	todo		590851aad0cfe111	pointer id 和 pointer index 有什么区别？为什么滑动手势必须用 pointer id 跟踪手指？	keep	04-input/02-app-event-dispatch.md	Q9	pointer id 和 pointer index 有什么区别？为什么滑动手势必须用 pointer id 跟踪手指？	保留原题证据标注	03-input/02-应用层事件分发与多点触控.md#Q9	executor	migrated
03-input/02-应用层事件分发与多点触控.md	Q10	`getX()` 与 `getRawX()` 有什么区别？多点触控时分别怎么取？	todo		72332cff64be2f66	`getX()` 与 `getRawX()` 有什么区别？多点触控时分别怎么取？	keep	04-input/02-app-event-dispatch.md	Q10	`getX()` 与 `getRawX()` 有什么区别？多点触控时分别怎么取？	保留原题证据标注	03-input/02-应用层事件分发与多点触控.md#Q10	executor	migrated
03-input/02-应用层事件分发与多点触控.md	Q11	两根手指按在同一个 ViewGroup 的不同孩子上，事件怎么分发？什么情况下不拆分？	todo		134fa1e91066c4f9	两根手指按在同一个 ViewGroup 的不同孩子上，事件怎么分发？什么情况下不拆分？	keep	04-input/02-app-event-dispatch.md	Q11	两根手指按在同一个 ViewGroup 的不同孩子上，事件怎么分发？什么情况下不拆分？	保留原题证据标注	03-input/02-应用层事件分发与多点触控.md#Q11	executor	migrated
03-input/02-应用层事件分发与多点触控.md	Q12	滑动冲突的经典场景有哪几类？外部拦截和内部拦截分别怎么做？	todo		97ade5c7d3ad347c	滑动冲突的经典场景有哪几类？外部拦截和内部拦截分别怎么做？	keep	04-input/02-app-event-dispatch.md	Q12	滑动冲突的经典场景有哪几类？外部拦截和内部拦截分别怎么做？	保留原题证据标注	03-input/02-应用层事件分发与多点触控.md#Q12	executor	migrated
03-input/02-应用层事件分发与多点触控.md	Q13	用 `scrollTo()` 实现跟随手指滑动时，为什么内容往反方向跑？惯性滚动怎么续？	todo		01b7d13c8ee26eab	用 `scrollTo()` 实现跟随手指滑动时，为什么内容往反方向跑？惯性滚动怎么续？	keep	04-input/02-app-event-dispatch.md	Q13	用 `scrollTo()` 实现跟随手指滑动时，为什么内容往反方向跑？惯性滚动怎么续？	保留原题证据标注	03-input/02-应用层事件分发与多点触控.md#Q13	executor	migrated
03-input/02-应用层事件分发与多点触控.md	Q14	收到 `ACTION_CANCEL` 时，应用必须清理哪些状态？	todo		2c99a7ef559b616e	收到 `ACTION_CANCEL` 时，应用必须清理哪些状态？	keep	04-input/02-app-event-dispatch.md	Q14	收到 `ACTION_CANCEL` 时，应用必须清理哪些状态？	保留原题证据标注	03-input/02-应用层事件分发与多点触控.md#Q14	executor	migrated
03-input/02-应用层事件分发与多点触控.md	Q15	`filterTouchesWhenObscured` 防的是什么？开启后什么场景会误伤？	todo		19ed1eee5026ec5b	`filterTouchesWhenObscured` 防的是什么？开启后什么场景会误伤？	keep	04-input/02-app-event-dispatch.md	Q15	`filterTouchesWhenObscured` 防的是什么？开启后什么场景会误伤？	保留原题证据标注	03-input/02-应用层事件分发与多点触控.md#Q15	executor	migrated
03-input/02-应用层事件分发与多点触控.md	Q16	"滚轮、悬停这类""没有按下""的事件，View 层怎么接收？旋钮事件会走到哪里？"	todo		d77debe44b4d8c5c	"滚轮、悬停这类""没有按下""的事件，View 层怎么接收？旋钮事件会走到哪里？"	keep	04-input/02-app-event-dispatch.md	Q16	"滚轮、悬停这类""没有按下""的事件，View 层怎么接收？旋钮事件会走到哪里？"	保留原题证据标注	03-input/02-应用层事件分发与多点触控.md#Q16	executor	migrated
03-input/02-应用层事件分发与多点触控.md	Q17	软键盘打出的字为什么不会走 `onKeyDown`？文本是怎么进入 EditText 的？	todo		12652b0be5db2d2a	软键盘打出的字为什么不会走 `onKeyDown`？文本是怎么进入 EditText 的？	keep	04-input/02-app-event-dispatch.md	Q17	软键盘打出的字为什么不会走 `onKeyDown`？文本是怎么进入 EditText 的？	保留原题证据标注	03-input/02-应用层事件分发与多点触控.md#Q17	executor	migrated
03-input/02-应用层事件分发与多点触控.md	Q18	物理返回键在 Activity 层的默认行为是什么？重写 `onKeyDown` 拦截 BACK 要注意什么？	todo		8ea9cb978049622f	物理返回键在 Activity 层的默认行为是什么？重写 `onKeyDown` 拦截 BACK 要注意什么？	keep	04-input/02-app-event-dispatch.md	Q18	物理返回键在 Activity 层的默认行为是什么？重写 `onKeyDown` 拦截 BACK 要注意什么？	保留原题证据标注	03-input/02-应用层事件分发与多点触控.md#Q18	executor	migrated
03-input/02-应用层事件分发与多点触控.md	Q19	按钮点了没反应，应用侧的系统排查顺序是什么？	todo		0039beeb4cb2d60a	按钮点了没反应，应用侧的系统排查顺序是什么？	keep	04-input/02-app-event-dispatch.md	Q19	按钮点了没反应，应用侧的系统排查顺序是什么？	保留原题证据标注	03-input/02-应用层事件分发与多点触控.md#Q19	executor	migrated
03-input/02-应用层事件分发与多点触控.md	Q20	控件太小点不中，不改布局怎么扩大它的可点击区域？	todo		d63cb88934f47fb8	控件太小点不中，不改布局怎么扩大它的可点击区域？	keep	04-input/02-app-event-dispatch.md	Q20	控件太小点不中，不改布局怎么扩大它的可点击区域？	保留原题证据标注	03-input/02-应用层事件分发与多点触控.md#Q20	executor	migrated
03-input/02-应用层事件分发与多点触控.md	Q21	点击浮窗外部关闭浮窗是什么机制？为什么拿不到外部点按的位置？	todo		9045ee7c3e72a6d3	点击浮窗外部关闭浮窗是什么机制？为什么拿不到外部点按的位置？	keep	04-input/02-app-event-dispatch.md	Q21	点击浮窗外部关闭浮窗是什么机制？为什么拿不到外部点按的位置？	保留原题证据标注	03-input/02-应用层事件分发与多点触控.md#Q21	executor	migrated
03-input/03-按键系统与键值映射.md	Q1	一条 KeyEvent 里 downTime、eventTime、scanCode、keyCode、metaState、repeatCount 分别是什么？为什么说按键信息有三层？	todo		91b7fc816699177a	一条 KeyEvent 里 downTime、eventTime、scanCode、keyCode、metaState、repeatCount 分别是什么？为什么说按键信息有三层？	keep	04-input/04-key-mapping.md	Q1	一条 KeyEvent 里 downTime、eventTime、scanCode、keyCode、metaState、repeatCount 分别是什么？为什么说按键信息有三层？	保留原题证据标注	03-input/03-按键系统与键值映射.md#Q1	executor	migrated
03-input/03-按键系统与键值映射.md	Q2	扫描码到按键码的映射文件按什么顺序查找？目录优先级是怎样的？	todo		3629299b69a0135b	扫描码到按键码的映射文件按什么顺序查找？目录优先级是怎样的？	keep	04-input/04-key-mapping.md	Q2	扫描码到按键码的映射文件按什么顺序查找？目录优先级是怎样的？	保留原题证据标注	03-input/03-按键系统与键值映射.md#Q2	executor	migrated
03-input/03-按键系统与键值映射.md	Q3	`.kl` 按键布局文件的语法是什么？flags 列能写什么？	todo		28fe52efebdf29a7	`.kl` 按键布局文件的语法是什么？flags 列能写什么？	keep	04-input/04-key-mapping.md	Q3	`.kl` 按键布局文件的语法是什么？flags 列能写什么？	保留原题证据标注	03-input/03-按键系统与键值映射.md#Q3	executor	migrated
03-input/03-按键系统与键值映射.md	Q4	`.kcm` 字符映射文件与 `.kl` 怎么分工？type 声明影响什么？	todo		cec5355078ff515b	`.kcm` 字符映射文件与 `.kl` 怎么分工？type 声明影响什么？	keep	04-input/04-key-mapping.md	Q4	`.kcm` 字符映射文件与 `.kl` 怎么分工？type 声明影响什么？	保留原题证据标注	03-input/03-按键系统与键值映射.md#Q4	executor	migrated
03-input/03-按键系统与键值映射.md	Q5	`.idc` 输入设备配置文件是干什么的？哪些场景必须配？	todo		209ebc8744c2c3c2	`.idc` 输入设备配置文件是干什么的？哪些场景必须配？	keep	04-input/04-key-mapping.md	Q5	`.idc` 输入设备配置文件是干什么的？哪些场景必须配？	保留原题证据标注	03-input/03-按键系统与键值映射.md#Q5	executor	migrated
03-input/03-按键系统与键值映射.md	Q6	新增一个车机物理硬键，从内核到应用响应要改哪些地方？	todo		1d581e977ff57999	新增一个车机物理硬键，从内核到应用响应要改哪些地方？	keep	04-input/04-key-mapping.md	Q6	新增一个车机物理硬键，从内核到应用响应要改哪些地方？	保留原题证据标注	03-input/03-按键系统与键值映射.md#Q6	executor	migrated
03-input/03-按键系统与键值映射.md	Q7	为什么有的按键黑屏时能点亮屏幕？唤醒判定发生在哪一层？	todo		863adb1dd20b3ee3	为什么有的按键黑屏时能点亮屏幕？唤醒判定发生在哪一层？	keep	04-input/04-key-mapping.md	Q7	为什么有的按键黑屏时能点亮屏幕？唤醒判定发生在哪一层？	保留原题证据标注	03-input/03-按键系统与键值映射.md#Q7	executor	migrated
03-input/03-按键系统与键值映射.md	Q8	方向盘按键接 Android 有哪两条路线？各自适合什么情况？	todo		aba8f90638061c6b	方向盘按键接 Android 有哪两条路线？各自适合什么情况？	keep	04-input/04-key-mapping.md	Q8	方向盘按键接 Android 有哪两条路线？各自适合什么情况？	保留原题证据标注	03-input/03-按键系统与键值映射.md#Q8	executor	migrated
03-input/03-按键系统与键值映射.md	Q9	uinput 是什么？怎么用它创建一个虚拟按键设备？	todo		704d8b95a74db977	uinput 是什么？怎么用它创建一个虚拟按键设备？	keep	04-input/04-key-mapping.md	Q9	uinput 是什么？怎么用它创建一个虚拟按键设备？	保留原题证据标注	03-input/03-按键系统与键值映射.md#Q9	executor	migrated
03-input/03-按键系统与键值映射.md	Q10	蓝牙耳机的播放/暂停键为什么前台应用经常收不到？媒体键的路由有什么特殊之处？	todo		66b2a8ad7398d2fc	蓝牙耳机的播放/暂停键为什么前台应用经常收不到？媒体键的路由有什么特殊之处？	keep	04-input/04-key-mapping.md	Q10	蓝牙耳机的播放/暂停键为什么前台应用经常收不到？媒体键的路由有什么特殊之处？	保留原题证据标注	03-input/03-按键系统与键值映射.md#Q10	executor	migrated
03-input/03-按键系统与键值映射.md	Q11	"HOME 键为什么应用层拦不到？哪些按键会被系统""吃掉""？"	todo		c31d43cd27f7bd41	"HOME 键为什么应用层拦不到？哪些按键会被系统""吃掉""？"	keep	04-input/04-key-mapping.md	Q11	"HOME 键为什么应用层拦不到？哪些按键会被系统""吃掉""？"	保留原题证据标注	03-input/03-按键系统与键值映射.md#Q11	executor	migrated
03-input/03-按键系统与键值映射.md	Q12	方向键在电视/车机这类无触摸设备上怎么移动焦点？应用要怎么配合？	todo		c89095bb736ed585	方向键在电视/车机这类无触摸设备上怎么移动焦点？应用要怎么配合？	keep	04-input/04-key-mapping.md	Q12	方向键在电视/车机这类无触摸设备上怎么移动焦点？应用要怎么配合？	保留原题证据标注	03-input/03-按键系统与键值映射.md#Q12	executor	migrated
03-input/03-按键系统与键值映射.md	Q13	`downTime` 和 `eventTime` 为什么分开？长按判定和 repeat 判定分别用哪个？	todo		ccd1dae7814169be	`downTime` 和 `eventTime` 为什么分开？长按判定和 repeat 判定分别用哪个？	keep	04-input/04-key-mapping.md	Q13	`downTime` 和 `eventTime` 为什么分开？长按判定和 repeat 判定分别用哪个？	保留原题证据标注	03-input/03-按键系统与键值映射.md#Q13	executor	migrated
03-input/03-按键系统与键值映射.md	Q14	"fallback 合成键是什么机制？为什么按键没人处理时会""变成""另一个键？"	todo		a9c6ede9160abf6f	"fallback 合成键是什么机制？为什么按键没人处理时会""变成""另一个键？"	keep	04-input/04-key-mapping.md	Q14	"fallback 合成键是什么机制？为什么按键没人处理时会""变成""另一个键？"	保留原题证据标注	03-input/03-按键系统与键值映射.md#Q14	executor	migrated
03-input/03-按键系统与键值映射.md	Q15	"按了某个物理键没反应或""按 A 出 B""，排查路径怎么走？"	todo		c1a569bc68efa7b4	"按了某个物理键没反应或""按 A 出 B""，排查路径怎么走？"	keep	04-input/04-key-mapping.md	Q15	"按了某个物理键没反应或""按 A 出 B""，排查路径怎么走？"	保留原题证据标注	03-input/03-按键系统与键值映射.md#Q15	executor	migrated
03-input/03-按键系统与键值映射.md	Q16	"两个键同时按的组合逻辑（如截屏）在哪实现？要做""HOME+某键进工程模式""怎么定制？"	todo		cd4f43615fd4775f	"两个键同时按的组合逻辑（如截屏）在哪实现？要做""HOME+某键进工程模式""怎么定制？"	keep	04-input/04-key-mapping.md	Q16	"两个键同时按的组合逻辑（如截屏）在哪实现？要做""HOME+某键进工程模式""怎么定制？"	保留原题证据标注	03-input/03-按键系统与键值映射.md#Q16	executor	migrated
03-input/03-按键系统与键值映射.md	Q17	`ACTION_MULTIPLE` 是什么？现在还有哪些场景会遇到？	todo		ddad407551401a9d	`ACTION_MULTIPLE` 是什么？现在还有哪些场景会遇到？	keep	04-input/04-key-mapping.md	Q17	`ACTION_MULTIPLE` 是什么？现在还有哪些场景会遇到？	保留原题证据标注	03-input/03-按键系统与键值映射.md#Q17	executor	migrated
03-input/04-设备接入与InputReader.md	Q1	一个触摸/按键事件从硬件到 InputReader 经过内核哪些环节？	todo		71f08c4bf97299db	一个触摸/按键事件从硬件到 InputReader 经过内核哪些环节？	keep	04-input/03-input-reader.md	Q1	一个触摸/按键事件从硬件到 InputReader 经过内核哪些环节？	保留原题证据标注	03-input/04-设备接入与InputReader.md#Q1	executor	migrated
03-input/04-设备接入与InputReader.md	Q2	`input_event` 的 type/code/value 各自什么语义？一帧触摸由哪些事件组成？	todo		57cdc99a01c5f14f	`input_event` 的 type/code/value 各自什么语义？一帧触摸由哪些事件组成？	keep	04-input/03-input-reader.md	Q2	`input_event` 的 type/code/value 各自什么语义？一帧触摸由哪些事件组成？	保留原题证据标注	03-input/04-设备接入与InputReader.md#Q2	executor	migrated
03-input/04-设备接入与InputReader.md	Q3	多点触控协议 Type A 与 Type B 有什么区别？Android 怎么判断驱动用的是哪种？	todo		e87d4c9da8bc75ef	多点触控协议 Type A 与 Type B 有什么区别？Android 怎么判断驱动用的是哪种？	keep	04-input/03-input-reader.md	Q3	多点触控协议 Type A 与 Type B 有什么区别？Android 怎么判断驱动用的是哪种？	保留原题证据标注	03-input/04-设备接入与InputReader.md#Q3	executor	migrated
03-input/04-设备接入与InputReader.md	Q4	EventHub 怎么发现和增删设备？热插拔依赖什么机制？	todo		ddd3dddc229c0617	EventHub 怎么发现和增删设备？热插拔依赖什么机制？	keep	04-input/03-input-reader.md	Q4	EventHub 怎么发现和增删设备？热插拔依赖什么机制？	保留原题证据标注	03-input/04-设备接入与InputReader.md#Q4	executor	migrated
03-input/04-设备接入与InputReader.md	Q5	Android 怎么判断一个 `/dev/input` 设备是触摸屏、键盘还是旋钮？	todo		6ab1c9a255d4cbb2	Android 怎么判断一个 `/dev/input` 设备是触摸屏、键盘还是旋钮？	keep	04-input/03-input-reader.md	Q5	Android 怎么判断一个 `/dev/input` 设备是触摸屏、键盘还是旋钮？	保留原题证据标注	03-input/04-设备接入与InputReader.md#Q5	executor	migrated
03-input/04-设备接入与InputReader.md	Q6	设备分类之后由谁来处理？mapper 族是怎么对应的？	todo		e575ca4aaa8c51f0	设备分类之后由谁来处理？mapper 族是怎么对应的？	keep	04-input/03-input-reader.md	Q6	设备分类之后由谁来处理？mapper 族是怎么对应的？	保留原题证据标注	03-input/04-设备接入与InputReader.md#Q6	executor	migrated
03-input/04-设备接入与InputReader.md	Q7	触摸屏怎么绑定到具体哪块屏幕？车机仪表屏/副驾屏的触控为什么不能接反？	todo		da5fcd397e0ce9f0	触摸屏怎么绑定到具体哪块屏幕？车机仪表屏/副驾屏的触控为什么不能接反？	keep	04-input/03-input-reader.md	Q7	触摸屏怎么绑定到具体哪块屏幕？车机仪表屏/副驾屏的触控为什么不能接反？	保留原题证据标注	03-input/04-设备接入与InputReader.md#Q7	executor	migrated
03-input/04-设备接入与InputReader.md	Q8	触摸坐标从驱动原始值到应用屏幕坐标经过哪些变换？	todo		5a9047bcbd911729	触摸坐标从驱动原始值到应用屏幕坐标经过哪些变换？	keep	04-input/03-input-reader.md	Q8	触摸坐标从驱动原始值到应用屏幕坐标经过哪些变换？	保留原题证据标注	03-input/04-设备接入与InputReader.md#Q8	executor	migrated
03-input/04-设备接入与InputReader.md	Q9	虚拟按键（virtual keys）是什么？怎么定义与排查？	todo		e3a5db7ccaf35821	虚拟按键（virtual keys）是什么？怎么定义与排查？	keep	04-input/03-input-reader.md	Q9	虚拟按键（virtual keys）是什么？怎么定义与排查？	保留原题证据标注	03-input/04-设备接入与InputReader.md#Q9	executor	migrated
03-input/04-设备接入与InputReader.md	Q10	旋钮作为 Linux 输入设备怎么接入？与 VHAL 旋钮是同一条链路吗？	todo		199c0be50ff37399	旋钮作为 Linux 输入设备怎么接入？与 VHAL 旋钮是同一条链路吗？	keep	04-input/03-input-reader.md	Q10	旋钮作为 Linux 输入设备怎么接入？与 VHAL 旋钮是同一条链路吗？	保留原题证据标注	03-input/04-设备接入与InputReader.md#Q10	executor	migrated
03-input/04-设备接入与InputReader.md	Q11	"内核的按键重复与 Android 的 key repeat 是什么关系？为什么会""双份重复""？"	todo		714d0bec3faf8cda	"内核的按键重复与 Android 的 key repeat 是什么关系？为什么会""双份重复""？"	keep	04-input/03-input-reader.md	Q11	"内核的按键重复与 Android 的 key repeat 是什么关系？为什么会""双份重复""？"	保留原题证据标注	03-input/04-设备接入与InputReader.md#Q11	executor	migrated
03-input/04-设备接入与InputReader.md	Q12	`SYN_DROPPED` 是什么？出现时系统会怎样、该查什么？	todo		924330dbd2dc4c09	`SYN_DROPPED` 是什么？出现时系统会怎样、该查什么？	keep	04-input/03-input-reader.md	Q12	`SYN_DROPPED` 是什么？出现时系统会怎样、该查什么？	保留原题证据标注	03-input/04-设备接入与InputReader.md#Q12	executor	migrated
03-input/04-设备接入与InputReader.md	Q13	充电或特定充电器插入时触摸乱跳（鬼触摸），原因与对策链是什么？	todo		8cdbb40bd7eed40b	充电或特定充电器插入时触摸乱跳（鬼触摸），原因与对策链是什么？	keep	04-input/03-input-reader.md	Q13	充电或特定充电器插入时触摸乱跳（鬼触摸），原因与对策链是什么？	保留原题证据标注	03-input/04-设备接入与InputReader.md#Q13	executor	migrated
03-input/04-设备接入与InputReader.md	Q14	边缘滑动断触、干手指没反应，是同一类问题吗？怎么分？	todo		50aa73b613d3a6bf	边缘滑动断触、干手指没反应，是同一类问题吗？怎么分？	keep	04-input/03-input-reader.md	Q14	边缘滑动断触、干手指没反应，是同一类问题吗？怎么分？	保留原题证据标注	03-input/04-设备接入与InputReader.md#Q14	executor	migrated
03-input/04-设备接入与InputReader.md	Q15	触控 IC 与驱动联调有哪些标准入口？	todo		b9006cd5a54cf3bd	触控 IC 与驱动联调有哪些标准入口？	keep	04-input/03-input-reader.md	Q15	触控 IC 与驱动联调有哪些标准入口？	保留原题证据标注	03-input/04-设备接入与InputReader.md#Q15	executor	migrated
03-input/04-设备接入与InputReader.md	Q16	想看到触控 IC 的原始电容数据（热力图），有什么现成管道？	todo		3b85506ac2744cec	想看到触控 IC 的原始电容数据（热力图），有什么现成管道？	keep	04-input/03-input-reader.md	Q16	想看到触控 IC 的原始电容数据（热力图），有什么现成管道？	保留原题证据标注	03-input/04-设备接入与InputReader.md#Q16	executor	migrated
03-input/04-设备接入与InputReader.md	Q17	翻盖、皮套、耳机插拔这类开关（Switch）输入走哪条路？车机为什么不该用它传整车信号？	todo		d77e974ddc822d2e	翻盖、皮套、耳机插拔这类开关（Switch）输入走哪条路？车机为什么不该用它传整车信号？	keep	04-input/03-input-reader.md	Q17	翻盖、皮套、耳机插拔这类开关（Switch）输入走哪条路？车机为什么不该用它传整车信号？	保留原题证据标注	03-input/04-设备接入与InputReader.md#Q17	executor	migrated
03-input/05-焦点分发与多屏输入.md	Q1	按键事件的目标窗口怎么确定？焦点的记账单位为什么是令牌而不是窗口句柄？	todo		8f02c042826c9e0e	按键事件的目标窗口怎么确定？焦点的记账单位为什么是令牌而不是窗口句柄？	keep	04-input/05-focus-multi-display.md	Q1	按键事件的目标窗口怎么确定？焦点的记账单位为什么是令牌而不是窗口句柄？	保留原题证据标注	03-input/05-焦点分发与多屏输入.md#Q1	executor	migrated
03-input/05-焦点分发与多屏输入.md	Q2	"窗口属性变化时焦点怎么重算？""焦点被别的窗口抢走""发生在什么条件下？"	todo		ffc31dad2cbfd064	"窗口属性变化时焦点怎么重算？""焦点被别的窗口抢走""发生在什么条件下？"	keep	04-input/05-focus-multi-display.md	Q2	"窗口属性变化时焦点怎么重算？""焦点被别的窗口抢走""发生在什么条件下？"	保留原题证据标注	03-input/05-焦点分发与多屏输入.md#Q2	executor	migrated
03-input/05-焦点分发与多屏输入.md	Q3	一条触摸事件怎么选中目标窗口？命中测试按什么顺序？	todo		a5107eb3349bd994	一条触摸事件怎么选中目标窗口？命中测试按什么顺序？	keep	04-input/05-focus-multi-display.md	Q3	一条触摸事件怎么选中目标窗口？命中测试按什么顺序？	保留原题证据标注	03-input/05-焦点分发与多屏输入.md#Q3	executor	migrated
03-input/05-焦点分发与多屏输入.md	Q4	"slippery 窗口是什么？""手指滑出窗口边界后事件跟出去""是怎么实现的？"	todo		9280b8b3085cf116	"slippery 窗口是什么？""手指滑出窗口边界后事件跟出去""是怎么实现的？"	keep	04-input/05-focus-multi-display.md	Q4	"slippery 窗口是什么？""手指滑出窗口边界后事件跟出去""是怎么实现的？"	保留原题证据标注	03-input/05-焦点分发与多屏输入.md#Q4	executor	migrated
03-input/05-焦点分发与多屏输入.md	Q5	多指按下落在两个窗口上，窗口级触摸拆分怎么工作？	todo		8658777d41e663ea	多指按下落在两个窗口上，窗口级触摸拆分怎么工作？	keep	04-input/05-focus-multi-display.md	Q5	多指按下落在两个窗口上，窗口级触摸拆分怎么工作？	保留原题证据标注	03-input/05-焦点分发与多屏输入.md#Q5	executor	migrated
03-input/05-焦点分发与多屏输入.md	Q6	监视窗口（spy window / InputMonitor）有哪些真实用户？它与普通窗口接收事件有什么区别？	todo		6113aa1281f44bd7	监视窗口（spy window / InputMonitor）有哪些真实用户？它与普通窗口接收事件有什么区别？	keep	04-input/05-focus-multi-display.md	Q6	监视窗口（spy window / InputMonitor）有哪些真实用户？它与普通窗口接收事件有什么区别？	保留原题证据标注	03-input/05-焦点分发与多屏输入.md#Q6	executor	migrated
03-input/05-焦点分发与多屏输入.md	Q7	窗口级指针捕获（pointer capture）和应用级有什么关系？窗口失焦会怎样？	todo		357700e1ba5869ea	窗口级指针捕获（pointer capture）和应用级有什么关系？窗口失焦会怎样？	keep	04-input/05-focus-multi-display.md	Q7	窗口级指针捕获（pointer capture）和应用级有什么关系？窗口失焦会怎样？	保留原题证据标注	03-input/05-焦点分发与多屏输入.md#Q7	executor	migrated
03-input/05-焦点分发与多屏输入.md	Q8	拖放（drag and drop）在框架层是怎么实现的？谁在驱动事件？	todo		2f87043ffb64dbe4	拖放（drag and drop）在框架层是怎么实现的？谁在驱动事件？	keep	04-input/05-focus-multi-display.md	Q8	拖放（drag and drop）在框架层是怎么实现的？谁在驱动事件？	保留原题证据标注	03-input/05-焦点分发与多屏输入.md#Q8	executor	migrated
03-input/05-焦点分发与多屏输入.md	Q9	每块屏幕的焦点是独立的吗？`setFocusedDisplay` 改变什么？	todo		ba4871e94f9ea033	每块屏幕的焦点是独立的吗？`setFocusedDisplay` 改变什么？	keep	04-input/05-focus-multi-display.md	Q9	每块屏幕的焦点是独立的吗？`setFocusedDisplay` 改变什么？	保留原题证据标注	03-input/05-焦点分发与多屏输入.md#Q9	executor	migrated
03-input/05-焦点分发与多屏输入.md	Q10	触摸模式（touch mode）是什么？为什么旋钮/按键界面要关心它？	todo		0de625c880d16a28	触摸模式（touch mode）是什么？为什么旋钮/按键界面要关心它？	keep	04-input/05-focus-multi-display.md	Q10	触摸模式（touch mode）是什么？为什么旋钮/按键界面要关心它？	保留原题证据标注	03-input/05-焦点分发与多屏输入.md#Q10	executor	migrated
03-input/05-焦点分发与多屏输入.md	Q11	分发链上的误触抑制与事件分类组件是干什么的？没有分类硬件会怎样？	todo		45cabf2c01047124	分发链上的误触抑制与事件分类组件是干什么的？没有分类硬件会怎样？	keep	04-input/05-focus-multi-display.md	Q11	分发链上的误触抑制与事件分类组件是干什么的？没有分类硬件会怎样？	保留原题证据标注	03-input/05-焦点分发与多屏输入.md#Q11	executor	migrated
03-input/05-焦点分发与多屏输入.md	Q12	这个点被谁接走了——事件流向的窗口级排查怎么做？	todo		b03834cf1be3d244	这个点被谁接走了——事件流向的窗口级排查怎么做？	keep	04-input/05-focus-multi-display.md	Q12	这个点被谁接走了——事件流向的窗口级排查怎么做？	保留原题证据标注	03-input/05-焦点分发与多屏输入.md#Q12	executor	migrated
03-input/05-焦点分发与多屏输入.md	Q13	"副驾屏/仪表屏的触摸""完全没反应""，分发侧有哪些可能原因？"	todo		197f1ef1aa28b051	"副驾屏/仪表屏的触摸""完全没反应""，分发侧有哪些可能原因？"	keep	04-input/05-focus-multi-display.md	Q13	"副驾屏/仪表屏的触摸""完全没反应""，分发侧有哪些可能原因？"	保留原题证据标注	03-input/05-焦点分发与多屏输入.md#Q13	executor	migrated
03-input/05-焦点分发与多屏输入.md	Q14	焦点请求是持久化的——这个语义会带来什么反直觉行为？	todo		a1b1ac693e82e47a	焦点请求是持久化的——这个语义会带来什么反直觉行为？	keep	04-input/05-focus-multi-display.md	Q14	焦点请求是持久化的——这个语义会带来什么反直觉行为？	保留原题证据标注	03-input/05-焦点分发与多屏输入.md#Q14	executor	migrated
03-input/06-AAOS车机输入.md	Q1	车机物理按键从按下到应用响应的完整链路是什么？	todo		0211c8c2d58c9b1f	车机物理按键从按下到应用响应的完整链路是什么？	keep	04-input/06-aaos-input.md	Q1	车机物理按键从按下到应用响应的完整链路是什么？	保留原题证据标注	03-input/06-AAOS车机输入.md#Q1	executor	migrated
03-input/06-AAOS车机输入.md	Q2	VHAL 的三个输入属性分别怎么定义？int32Values 各个位置是什么含义？	todo		3e06641dbbd18db8	VHAL 的三个输入属性分别怎么定义？int32Values 各个位置是什么含义？	keep	04-input/06-aaos-input.md	Q2	VHAL 的三个输入属性分别怎么定义？int32Values 各个位置是什么含义？	保留原题证据标注	03-input/06-AAOS车机输入.md#Q2	executor	migrated
03-input/06-AAOS车机输入.md	Q3	`InputHalService` 在转换时做了哪些加工与防御？	todo		4ece40b069f3bb3d	`InputHalService` 在转换时做了哪些加工与防御？	keep	04-input/06-aaos-input.md	Q3	`InputHalService` 在转换时做了哪些加工与防御？	保留原题证据标注	03-input/06-AAOS车机输入.md#Q3	executor	migrated
03-input/06-AAOS车机输入.md	Q4	"`CarInputService` 收到按键后的分发顺序是什么？哪一步可能""吃掉""按键？"	todo		8de191303614a9b7	"`CarInputService` 收到按键后的分发顺序是什么？哪一步可能""吃掉""按键？"	keep	04-input/06-aaos-input.md	Q4	"`CarInputService` 收到按键后的分发顺序是什么？哪一步可能""吃掉""按键？"	保留原题证据标注	03-input/06-AAOS车机输入.md#Q4	executor	migrated
03-input/06-AAOS车机输入.md	Q5	语音键和通话键的长按逻辑在哪实现？短按/长按分别做什么？	todo		09a642b3c1363a98	语音键和通话键的长按逻辑在哪实现？短按/长按分别做什么？	keep	04-input/06-aaos-input.md	Q5	语音键和通话键的长按逻辑在哪实现？短按/长按分别做什么？	保留原题证据标注	03-input/06-AAOS车机输入.md#Q5	executor	migrated
03-input/06-AAOS车机输入.md	Q6	"`CustomInputEvent` 是什么？为什么 OEM 自定义键""没人接收就直接丢弃""？"	todo		bbea7db34730707d	"`CustomInputEvent` 是什么？为什么 OEM 自定义键""没人接收就直接丢弃""？"	keep	04-input/06-aaos-input.md	Q6	"`CustomInputEvent` 是什么？为什么 OEM 自定义键""没人接收就直接丢弃""？"	保留原题证据标注	03-input/06-AAOS车机输入.md#Q6	executor	migrated
03-input/06-AAOS车机输入.md	Q7	"应用或系统服务怎么""捕获""车机按键？捕获的仲裁规则是什么？"	todo		6d382b4d4e443473	"应用或系统服务怎么""捕获""车机按键？捕获的仲裁规则是什么？"	keep	04-input/06-aaos-input.md	Q7	"应用或系统服务怎么""捕获""车机按键？捕获的仲裁规则是什么？"	保留原题证据标注	03-input/06-AAOS车机输入.md#Q7	executor	migrated
03-input/06-AAOS车机输入.md	Q8	车机旋钮有哪两条接入链路？事件类型与消费方有什么区别？	todo		fdaf3f9149b4add9	车机旋钮有哪两条接入链路？事件类型与消费方有什么区别？	keep	04-input/06-aaos-input.md	Q8	车机旋钮有哪两条接入链路？事件类型与消费方有什么区别？	保留原题证据标注	03-input/06-AAOS车机输入.md#Q8	executor	migrated
03-input/06-AAOS车机输入.md	Q9	RotaryService 是什么？为什么实现成无障碍服务？	todo		5ca21621cdcf6fe3	RotaryService 是什么？为什么实现成无障碍服务？	keep	04-input/06-aaos-input.md	Q9	RotaryService 是什么？为什么实现成无障碍服务？	保留原题证据标注	03-input/06-AAOS车机输入.md#Q9	executor	migrated
03-input/06-AAOS车机输入.md	Q10	旋钮交互的三种基本操作与直接操作模式分别是什么？	todo		f62b8cdd23d9797b	旋钮交互的三种基本操作与直接操作模式分别是什么？	keep	04-input/06-aaos-input.md	Q10	旋钮交互的三种基本操作与直接操作模式分别是什么？	保留原题证据标注	03-input/06-AAOS车机输入.md#Q10	executor	migrated
03-input/06-AAOS车机输入.md	Q11	"旋转事件怎么决定""移动焦点还是滚动内容""？加速策略是什么？"	todo		aac0f3bedd25930e	"旋转事件怎么决定""移动焦点还是滚动内容""？加速策略是什么？"	keep	04-input/06-aaos-input.md	Q11	"旋转事件怎么决定""移动焦点还是滚动内容""？加速策略是什么？"	保留原题证据标注	03-input/06-AAOS车机输入.md#Q11	executor	migrated
03-input/06-AAOS车机输入.md	Q12	应用适配旋钮要遵守哪些布局契约？	todo		e920267366d7b6ff	应用适配旋钮要遵守哪些布局契约？	keep	04-input/06-aaos-input.md	Q12	应用适配旋钮要遵守哪些布局契约？	保留原题证据标注	03-input/06-AAOS车机输入.md#Q12	executor	migrated
03-input/06-AAOS车机输入.md	Q13	仪表（cluster）屏能接收按键吗？两条路由分别是什么？	todo		11a8eea9146ffaca	仪表（cluster）屏能接收按键吗？两条路由分别是什么？	keep	04-input/06-aaos-input.md	Q13	仪表（cluster）屏能接收按键吗？两条路由分别是什么？	保留原题证据标注	03-input/06-AAOS车机输入.md#Q13	executor	migrated
03-input/06-AAOS车机输入.md	Q14	车机的输入法有什么特殊性？旋钮怎么输入文本？	todo		bf75e227e3562866	车机的输入法有什么特殊性？旋钮怎么输入文本？	keep	04-input/06-aaos-input.md	Q14	车机的输入法有什么特殊性？旋钮怎么输入文本？	保留原题证据标注	03-input/06-AAOS车机输入.md#Q14	executor	migrated
03-input/06-AAOS车机输入.md	Q15	车机输入有哪些专用调试命令？	todo		01a645278b3f0f4d	车机输入有哪些专用调试命令？	keep	04-input/06-aaos-input.md	Q15	车机输入有哪些专用调试命令？	保留原题证据标注	03-input/06-AAOS车机输入.md#Q15	executor	migrated
03-input/06-AAOS车机输入.md	Q16	旋钮/按键没反应的车机分层排查怎么做？	todo		bad83c9448e50759	旋钮/按键没反应的车机分层排查怎么做？	keep	04-input/06-aaos-input.md	Q16	旋钮/按键没反应的车机分层排查怎么做？	保留原题证据标注	03-input/06-AAOS车机输入.md#Q16	executor	migrated
03-input/06-AAOS车机输入.md	Q17	定制旋控体验前，RotaryService 有哪些内部机制必须知道？	todo		a5c19636a9ad67d3	定制旋控体验前，RotaryService 有哪些内部机制必须知道？	keep	04-input/06-aaos-input.md	Q17	定制旋控体验前，RotaryService 有哪些内部机制必须知道？	保留原题证据标注	03-input/06-AAOS车机输入.md#Q17	executor	migrated
03-input/07-输入排查工具与实战.md	Q1	`getevent` 有哪些参数？测触控上报率用哪个组合？	todo		8303c8d494a6c3a7	`getevent` 有哪些参数？测触控上报率用哪个组合？	keep	04-input/07-input-diagnostics.md	Q1	`getevent` 有哪些参数？测触控上报率用哪个组合？	保留原题证据标注	03-input/07-输入排查工具与实战.md#Q1	executor	migrated
03-input/07-输入排查工具与实战.md	Q2	没有第三方工具时，`/proc/bus/input/devices` 和 sysfs 能回答什么问题？	todo		4d70464e153bdc05	没有第三方工具时，`/proc/bus/input/devices` 和 sysfs 能回答什么问题？	keep	04-input/07-input-diagnostics.md	Q2	没有第三方工具时，`/proc/bus/input/devices` 和 sysfs 能回答什么问题？	保留原题证据标注	03-input/07-输入排查工具与实战.md#Q2	executor	migrated
03-input/07-输入排查工具与实战.md	Q3	`dumpsys input` 的输出怎么分段阅读？	todo		839ca942705a0e46	`dumpsys input` 的输出怎么分段阅读？	keep	04-input/07-input-diagnostics.md	Q3	`dumpsys input` 的输出怎么分段阅读？	保留原题证据标注	03-input/07-输入排查工具与实战.md#Q3	executor	migrated
03-input/07-输入排查工具与实战.md	Q4	`iq`/`oq`/`wq` 之外，dump 里的 RecentQueue、PendingEvent、AppSwitch 是什么？	todo		d436528982beaced	`iq`/`oq`/`wq` 之外，dump 里的 RecentQueue、PendingEvent、AppSwitch 是什么？	keep	04-input/07-input-diagnostics.md	Q4	`iq`/`oq`/`wq` 之外，dump 里的 RecentQueue、PendingEvent、AppSwitch 是什么？	保留原题证据标注	03-input/07-输入排查工具与实战.md#Q4	executor	migrated
03-input/07-输入排查工具与实战.md	Q5	`adb shell input` 命令族有哪些成员？各适合什么验证？	todo		a87ba7805d77e4e8	`adb shell input` 命令族有哪些成员？各适合什么验证？	keep	04-input/07-input-diagnostics.md	Q5	`adb shell input` 命令族有哪些成员？各适合什么验证？	保留原题证据标注	03-input/07-输入排查工具与实战.md#Q5	executor	migrated
03-input/07-输入排查工具与实战.md	Q6	`input` 命令、uiautomator、Instrumentation、monkey 四种注入怎么选？	todo		49f83435941339b5	`input` 命令、uiautomator、Instrumentation、monkey 四种注入怎么选？	keep	04-input/07-input-diagnostics.md	Q6	`input` 命令、uiautomator、Instrumentation、monkey 四种注入怎么选？	保留原题证据标注	03-input/07-输入排查工具与实战.md#Q6	executor	migrated
03-input/07-输入排查工具与实战.md	Q7	想在设备上构造一个虚拟输入设备做自动化，有什么现成命令？	todo		4ebaeb65ca545ac5	想在设备上构造一个虚拟输入设备做自动化，有什么现成命令？	keep	04-input/07-input-diagnostics.md	Q7	想在设备上构造一个虚拟输入设备做自动化，有什么现成命令？	保留原题证据标注	03-input/07-输入排查工具与实战.md#Q7	executor	migrated
03-input/07-输入排查工具与实战.md	Q8	Perfetto 里输入相关的轨道有哪些？怎么用它定位一次卡顿是输入侧还是渲染侧？	todo		9427e394e23bbf72	Perfetto 里输入相关的轨道有哪些？怎么用它定位一次卡顿是输入侧还是渲染侧？	keep	04-input/07-input-diagnostics.md	Q8	Perfetto 里输入相关的轨道有哪些？怎么用它定位一次卡顿是输入侧还是渲染侧？	保留原题证据标注	03-input/07-输入排查工具与实战.md#Q8	executor	migrated
03-input/07-输入排查工具与实战.md	Q9	"输入 ANR 的""输入侧""证据链怎么取？"	todo		ffb8de720359ef83	"输入 ANR 的""输入侧""证据链怎么取？"	keep	04-input/07-input-diagnostics.md	Q9	"输入 ANR 的""输入侧""证据链怎么取？"	保留原题证据标注	03-input/07-输入排查工具与实战.md#Q9	executor	migrated
03-input/07-输入排查工具与实战.md	Q10	"整机触摸""完全没反应""，通用 Android 设备上的分层决策树是什么？"	todo		5c98218f3bac1c31	"整机触摸""完全没反应""，通用 Android 设备上的分层决策树是什么？"	keep	04-input/07-input-diagnostics.md	Q10	"整机触摸""完全没反应""，通用 Android 设备上的分层决策树是什么？"	保留原题证据标注	03-input/07-输入排查工具与实战.md#Q10	executor	migrated
03-input/07-输入排查工具与实战.md	Q11	屏幕乱跳/自动乱点（鬼触摸类）现场怎么取证才能定位到硬件还是软件？	todo		3bd9d35adf1f7281	屏幕乱跳/自动乱点（鬼触摸类）现场怎么取证才能定位到硬件还是软件？	keep	04-input/07-input-diagnostics.md	Q11	屏幕乱跳/自动乱点（鬼触摸类）现场怎么取证才能定位到硬件还是软件？	保留原题证据标注	03-input/07-输入排查工具与实战.md#Q11	executor	migrated
03-input/07-输入排查工具与实战.md	Q12	防误触（口袋模式、来电黑屏）是怎么实现的？车机的手套模式属于哪一层？	todo		c7a658e873a21585	防误触（口袋模式、来电黑屏）是怎么实现的？车机的手套模式属于哪一层？	keep	04-input/07-input-diagnostics.md	Q12	防误触（口袋模式、来电黑屏）是怎么实现的？车机的手套模式属于哪一层？	保留原题证据标注	03-input/07-输入排查工具与实战.md#Q12	executor	migrated
03-input/07-输入排查工具与实战.md	Q13	"自动化回归里输入相关的用例为什么""偶现不过""？注入侧有哪些稳定性坑？"	todo		ed0c6d93d06c1e09	"自动化回归里输入相关的用例为什么""偶现不过""？注入侧有哪些稳定性坑？"	keep	04-input/07-input-diagnostics.md	Q13	"自动化回归里输入相关的用例为什么""偶现不过""？注入侧有哪些稳定性坑？"	保留原题证据标注	03-input/07-输入排查工具与实战.md#Q13	executor	migrated
03-input/07-输入排查工具与实战.md	Q14	输入 ANR 的五类经典根因，各自的输入侧表象是什么？	todo		b17414291a176775	输入 ANR 的五类经典根因，各自的输入侧表象是什么？	keep	04-input/07-input-diagnostics.md	Q14	输入 ANR 的五类经典根因，各自的输入侧表象是什么？	保留原题证据标注	03-input/07-输入排查工具与实战.md#Q14	executor	migrated
03-input/07-输入排查工具与实战.md	Q15	复现一个输入问题，一次到位的采集清单是什么？	todo		2aa875cfd0a7ae88	复现一个输入问题，一次到位的采集清单是什么？	keep	04-input/07-input-diagnostics.md	Q15	复现一个输入问题，一次到位的采集清单是什么？	保留原题证据标注	03-input/07-输入排查工具与实战.md#Q15	executor	migrated
03-input/07-输入排查工具与实战.md	Q16	蓝牙/USB 外设（键鼠、手柄）接入后输入异常，排查入口有哪些？	todo		711cfac44b8b2706	蓝牙/USB 外设（键鼠、手柄）接入后输入异常，排查入口有哪些？	keep	04-input/07-input-diagnostics.md	Q16	蓝牙/USB 外设（键鼠、手柄）接入后输入异常，排查入口有哪些？	保留原题证据标注	03-input/07-输入排查工具与实战.md#Q16	executor	migrated
03-input/07-输入排查工具与实战.md	Q17	"中文输入""丢字/字母被吞""怎么排查？组合输入的时序坑在哪？"	todo		7457735181b43e6f	"中文输入""丢字/字母被吞""怎么排查？组合输入的时序坑在哪？"	keep	04-input/07-input-diagnostics.md	Q17	"中文输入""丢字/字母被吞""怎么排查？组合输入的时序坑在哪？"	保留原题证据标注	03-input/07-输入排查工具与实战.md#Q17	executor	migrated
04-storage/01-存储与IO.md	Q1	一次应用文件 I/O 从 API 到闪存要经过哪些层，应用私有目录与共享存储的路径有什么区别？	todo		2a8235d09a5636b3	一次应用文件 I/O 从 API 到闪存要经过哪些层，应用私有目录与共享存储的路径有什么区别？	keep	06-storage/02-storage-io.md	Q1	一次应用文件 I/O 从 API 到闪存要经过哪些层，应用私有目录与共享存储的路径有什么区别？	保留原题证据标注	04-storage/01-存储与IO.md#Q1	executor	migrated
04-storage/01-存储与IO.md	Q2	eMMC 5.1 与 UFS 3.x/4.x 的性能差距来自哪里，为什么不能按版本号给设备设定固定毫秒阈值？	todo		4d2b8140d48a9b81	eMMC 5.1 与 UFS 3.x/4.x 的性能差距来自哪里，为什么不能按版本号给设备设定固定毫秒阈值？	keep	06-storage/02-storage-io.md	Q2	eMMC 5.1 与 UFS 3.x/4.x 的性能差距来自哪里，为什么不能按版本号给设备设定固定毫秒阈值？	保留原题证据标注	04-storage/01-存储与IO.md#Q2	executor	migrated
04-storage/01-存储与IO.md	Q3	Dynamic Partition 下 system/vendor 是怎么挂载出来的，bootloader 负责挂载 /data 吗？	todo		bfd67ac883d51076	Dynamic Partition 下 system/vendor 是怎么挂载出来的，bootloader 负责挂载 /data 吗？	move	06-storage/01-partitions.md	Q4	Dynamic Partition 下 system/vendor 是怎么挂载出来的，bootloader 负责挂载 /data 吗？	保留原题证据标注	04-storage/01-存储与IO.md#Q3	executor	migrated
04-storage/01-存储与IO.md	Q4	FBE 的 DE/CE 存储、metadata encryption 与 /metadata 分区各是什么，为什么不能把 dm-default-key 说成 FBE 的别名？	todo		49345c5729b1a912	FBE 的 DE/CE 存储、metadata encryption 与 /metadata 分区各是什么，为什么不能把 dm-default-key 说成 FBE 的别名？	keep	06-storage/02-storage-io.md	Q3	FBE 的 DE/CE 存储、metadata encryption 与 /metadata 分区各是什么，为什么不能把 dm-default-key 说成 FBE 的别名？	保留原题证据标注	04-storage/01-存储与IO.md#Q4	executor	migrated
04-storage/01-存储与IO.md	Q5	Virtual A/B 的快照与合并在 Android 11、12、13+ 有什么不同，OTA 期间前台 I/O 为什么变慢？	todo		8986afe5c59a81e2	Virtual A/B 的快照与合并在 Android 11、12、13+ 有什么不同，OTA 期间前台 I/O 为什么变慢？	keep	06-storage/02-storage-io.md	Q4	Virtual A/B 的快照与合并在 Android 11、12、13+ 有什么不同，OTA 期间前台 I/O 为什么变慢？	保留原题证据标注	04-storage/01-存储与IO.md#Q5	executor	migrated
04-storage/01-存储与IO.md	Q6	剩余空间还没满，写入就已经变慢了，应该怎么解释？	todo		12a2a4192814b5cc	剩余空间还没满，写入就已经变慢了，应该怎么解释？	keep	06-storage/02-storage-io.md	Q5	剩余空间还没满，写入就已经变慢了，应该怎么解释？	保留原题证据标注	04-storage/01-存储与IO.md#Q6	executor	migrated
04-storage/01-存储与IO.md	Q7	主线程停在 fsync() 上，怎么定位等待发生在哪一层？	todo		40e5882faf20bafe	主线程停在 fsync() 上，怎么定位等待发生在哪一层？	keep	06-storage/02-storage-io.md	Q6	主线程停在 fsync() 上，怎么定位等待发生在哪一层？	保留原题证据标注	04-storage/01-存储与IO.md#Q7	executor	migrated
04-storage/01-存储与IO.md	Q8	ext4 的一次 fsync() 实际在等什么？	todo		b91b425abd684cb7	ext4 的一次 fsync() 实际在等什么？	keep	06-storage/02-storage-io.md	Q7	ext4 的一次 fsync() 实际在等什么？	保留原题证据标注	04-storage/01-存储与IO.md#Q8	executor	migrated
04-storage/01-存储与IO.md	Q9	"f2fs 是怎么为闪存组织写入的，""f2fs 一定比 ext4 快""为什么不成立？"	todo		c5b624de47b997b4	"f2fs 是怎么为闪存组织写入的，""f2fs 一定比 ext4 快""为什么不成立？"	keep	06-storage/02-storage-io.md	Q8	"f2fs 是怎么为闪存组织写入的，""f2fs 一定比 ext4 快""为什么不成立？"	保留原题证据标注	04-storage/01-存储与IO.md#Q9	executor	migrated
04-storage/01-存储与IO.md	Q10	Android 设备可选哪些 I/O 调度器，怎么确认实机实际用的是哪个？	todo		7df27f83752be015	Android 设备可选哪些 I/O 调度器，怎么确认实机实际用的是哪个？	keep	06-storage/02-storage-io.md	Q9	Android 设备可选哪些 I/O 调度器，怎么确认实机实际用的是哪个？	保留原题证据标注	04-storage/01-存储与IO.md#Q10	executor	migrated
04-storage/01-存储与IO.md	Q11	Android 的前后台 I/O 优先级是怎么配置的，HighIoPriority 是不是把进程设成 RT class？	todo		a6e02536b6bfef39	Android 的前后台 I/O 优先级是怎么配置的，HighIoPriority 是不是把进程设成 RT class？	keep	06-storage/02-storage-io.md	Q10	Android 的前后台 I/O 优先级是怎么配置的，HighIoPriority 是不是把进程设成 RT class？	保留原题证据标注	04-storage/01-存储与IO.md#Q11	executor	migrated
04-storage/01-存储与IO.md	Q12	SQLite 的 F2FS batch atomic write 是怎么启用的，每个事务都会走它吗？	todo		4f86c26156105c22	SQLite 的 F2FS batch atomic write 是怎么启用的，每个事务都会走它吗？	keep	06-storage/02-storage-io.md	Q11	SQLite 的 F2FS batch atomic write 是怎么启用的，每个事务都会走它吗？	保留原题证据标注	04-storage/01-存储与IO.md#Q12	executor	migrated
04-storage/01-存储与IO.md	Q13	SharedPreferences.apply() 明明是异步写盘，为什么官方文档仍警告它可能造成 ANR？	todo		4450bf0c0297af22	SharedPreferences.apply() 明明是异步写盘，为什么官方文档仍警告它可能造成 ANR？	keep	06-storage/02-storage-io.md	Q12	SharedPreferences.apply() 明明是异步写盘，为什么官方文档仍警告它可能造成 ANR？	保留原题证据标注	04-storage/01-存储与IO.md#Q13	executor	migrated
04-storage/01-存储与IO.md	Q14	SharedPreferences 首次 getXxx() 为什么可能卡住主线程，Android 13 与 Android 17 的加载线程实现有什么不同？	todo		8e33ea6efd78dd25	SharedPreferences 首次 getXxx() 为什么可能卡住主线程，Android 13 与 Android 17 的加载线程实现有什么不同？	keep	06-storage/02-storage-io.md	Q13	SharedPreferences 首次 getXxx() 为什么可能卡住主线程，Android 13 与 Android 17 的加载线程实现有什么不同？	保留原题证据标注	04-storage/01-存储与IO.md#Q14	executor	migrated
04-storage/01-存储与IO.md	Q15	commit() 与 apply() 的差异是什么，一次有效写入在磁盘上做了什么？	todo		db48d7d7d976a4ae	commit() 与 apply() 的差异是什么，一次有效写入在磁盘上做了什么？	keep	06-storage/02-storage-io.md	Q14	commit() 与 apply() 的差异是什么，一次有效写入在磁盘上做了什么？	保留原题证据标注	04-storage/01-存储与IO.md#Q15	executor	migrated
04-storage/01-存储与IO.md	Q16	哪些组件收尾点会触发 QueuedWork 等待，BroadcastReceiver 的完成回执为什么会被 SP 拖慢？	todo		cd91427dde7cd4cd	哪些组件收尾点会触发 QueuedWork 等待，BroadcastReceiver 的完成回执为什么会被 SP 拖慢？	keep	06-storage/02-storage-io.md	Q15	哪些组件收尾点会触发 QueuedWork 等待，BroadcastReceiver 的完成回执为什么会被 SP 拖慢？	保留原题证据标注	04-storage/01-存储与IO.md#Q16	executor	migrated
04-storage/01-存储与IO.md	Q17	DataStore 的 edit() 返回意味着什么，它比 SharedPreferences 强在哪、仍然贵在哪？	todo		f47d2141ab960639	DataStore 的 edit() 返回意味着什么，它比 SharedPreferences 强在哪、仍然贵在哪？	keep	06-storage/02-storage-io.md	Q16	DataStore 的 edit() 返回意味着什么，它比 SharedPreferences 强在哪、仍然贵在哪？	保留原题证据标注	04-storage/01-存储与IO.md#Q17	executor	migrated
04-storage/01-存储与IO.md	Q18	多进程共享一个 DataStore 文件需要什么条件，它的跨进程一致性靠什么实现？	todo		b9cd431f4d608c36	多进程共享一个 DataStore 文件需要什么条件，它的跨进程一致性靠什么实现？	keep	06-storage/02-storage-io.md	Q17	多进程共享一个 DataStore 文件需要什么条件，它的跨进程一致性靠什么实现？	保留原题证据标注	04-storage/01-存储与IO.md#Q18	executor	migrated
04-storage/01-存储与IO.md	Q19	共享存储的读写为什么会牵扯 MediaProvider，应用私有目录也一样吗？	todo		882421bef0a05422	共享存储的读写为什么会牵扯 MediaProvider，应用私有目录也一样吗？	keep	06-storage/02-storage-io.md	Q18	共享存储的读写为什么会牵扯 MediaProvider，应用私有目录也一样吗？	保留原题证据标注	04-storage/01-存储与IO.md#Q19	executor	migrated
04-storage/01-存储与IO.md	Q20	FUSE passthrough 是什么，direct file path 与 MediaStore 应该怎么选？	todo		7d577ae24038e9f5	FUSE passthrough 是什么，direct file path 与 MediaStore 应该怎么选？	keep	06-storage/02-storage-io.md	Q19	FUSE passthrough 是什么，direct file path 与 MediaStore 应该怎么选？	保留原题证据标注	04-storage/01-存储与IO.md#Q20	executor	migrated
04-storage/01-存储与IO.md	Q21	共享存储的版本断点有哪些，排查时为什么必须先确认设备首发版本？	todo		3920feee3302bf57	共享存储的版本断点有哪些，排查时为什么必须先确认设备首发版本？	keep	06-storage/02-storage-io.md	Q20	共享存储的版本断点有哪些，排查时为什么必须先确认设备首发版本？	保留原题证据标注	04-storage/01-存储与IO.md#Q21	executor	migrated
04-storage/01-存储与IO.md	Q22	FBE 加密会拖慢存储性能吗？	todo		ee15e7d4ac3c2f1f	FBE 加密会拖慢存储性能吗？	keep	06-storage/02-storage-io.md	Q21	FBE 加密会拖慢存储性能吗？	保留原题证据标注	04-storage/01-存储与IO.md#Q22	executor	migrated
05-memory/01-内存管理与压力治理.md	Q1	"Android 进程的""内存""由哪些域组成？为什么""Java 堆没满，所以不会 OOM""不成立？"	todo		220d5662d6f25d3d	"Android 进程的""内存""由哪些域组成？为什么""Java 堆没满，所以不会 OOM""不成立？"	keep	07-memory/01-memory-management.md	Q1	"Android 进程的""内存""由哪些域组成？为什么""Java 堆没满，所以不会 OOM""不成立？"	保留原题证据标注	05-memory/01-内存管理与压力治理.md#Q1	executor	migrated
05-memory/01-内存管理与压力治理.md	Q2	"VSS/RSS/PSS/USS 各回答什么问题？为什么""PSS 连续上升""不等于泄漏？"	todo		a71ae43ac06596b9	"VSS/RSS/PSS/USS 各回答什么问题？为什么""PSS 连续上升""不等于泄漏？"	keep	07-memory/01-memory-management.md	Q2	"VSS/RSS/PSS/USS 各回答什么问题？为什么""PSS 连续上升""不等于泄漏？"	保留原题证据标注	05-memory/01-内存管理与压力治理.md#Q2	executor	migrated
05-memory/01-内存管理与压力治理.md	Q3	`MemFree` 很小说明系统异常吗？判断压力应看哪些指标？	todo		c9a19dd46456ac22	`MemFree` 很小说明系统异常吗？判断压力应看哪些指标？	keep	07-memory/01-memory-management.md	Q3	`MemFree` 很小说明系统异常吗？判断压力应看哪些指标？	保留原题证据标注	05-memory/01-内存管理与压力治理.md#Q3	executor	migrated
05-memory/01-内存管理与压力治理.md	Q4	"内存分配为什么会进入内核慢路径？判断""直接回收拖慢了线程""的证据如何取？"	todo		7564afa0d1b2244a	"内存分配为什么会进入内核慢路径？判断""直接回收拖慢了线程""的证据如何取？"	keep	07-memory/01-memory-management.md	Q4	"内存分配为什么会进入内核慢路径？判断""直接回收拖慢了线程""的证据如何取？"	保留原题证据标注	05-memory/01-内存管理与压力治理.md#Q4	executor	migrated
05-memory/01-内存管理与压力治理.md	Q5	DMA-BUF 的内存占用如何核算？ION 与 DMA-BUF Heaps 的版本边界是什么？	todo		0d2351a08276fad4	DMA-BUF 的内存占用如何核算？ION 与 DMA-BUF Heaps 的版本边界是什么？	keep	07-memory/01-memory-management.md	Q5	DMA-BUF 的内存占用如何核算？ION 与 DMA-BUF Heaps 的版本边界是什么？	保留原题证据标注	05-memory/01-内存管理与压力治理.md#Q5	executor	migrated
05-memory/01-内存管理与压力治理.md	Q6	MemoryLimiter 与 PMGD 是什么机制？在 Android 13 设备上存在吗？	todo		dab57c08010eff9b	MemoryLimiter 与 PMGD 是什么机制？在 Android 13 设备上存在吗？	keep	07-memory/01-memory-management.md	Q6	MemoryLimiter 与 PMGD 是什么机制？在 Android 13 设备上存在吗？	保留原题证据标注	05-memory/01-内存管理与压力治理.md#Q6	executor	migrated
05-memory/01-内存管理与压力治理.md	Q7	ART 堆由哪些 space 组成？Android 13 与 Android 17 的主移动空间实现有何差异？	todo		b3ec8d4e75e927d4	ART 堆由哪些 space 组成？Android 13 与 Android 17 的主移动空间实现有何差异？	keep	07-memory/01-memory-management.md	Q7	ART 堆由哪些 space 组成？Android 13 与 Android 17 的主移动空间实现有何差异？	保留原题证据标注	05-memory/01-内存管理与压力治理.md#Q7	executor	migrated
05-memory/01-内存管理与压力治理.md	Q8	"小对象分配的快路径与慢路径分别是什么？""TLAB 用尽就去拿堆全局锁""准确吗？"	todo		c6e7f376b1899d3b	"小对象分配的快路径与慢路径分别是什么？""TLAB 用尽就去拿堆全局锁""准确吗？"	keep	07-memory/01-memory-management.md	Q8	"小对象分配的快路径与慢路径分别是什么？""TLAB 用尽就去拿堆全局锁""准确吗？"	保留原题证据标注	05-memory/01-内存管理与压力治理.md#Q8	executor	migrated
05-memory/01-内存管理与压力治理.md	Q9	"进入大对象空间（LOS）的条件是什么？""12 KiB 阈值""怎么理解？"	todo		7114d84a16e35527	"进入大对象空间（LOS）的条件是什么？""12 KiB 阈值""怎么理解？"	keep	07-memory/01-memory-management.md	Q9	"进入大对象空间（LOS）的条件是什么？""12 KiB 阈值""怎么理解？"	保留原题证据标注	05-memory/01-内存管理与压力治理.md#Q9	executor	migrated
05-memory/01-内存管理与压力治理.md	Q10	"一次 GC 有哪三种分类？`System.gc()` 是""强制全堆 GC""吗？"	todo		5cb47b3beadf186f	"一次 GC 有哪三种分类？`System.gc()` 是""强制全堆 GC""吗？"	keep	07-memory/01-memory-management.md	Q10	"一次 GC 有哪三种分类？`System.gc()` 是""强制全堆 GC""吗？"	保留原题证据标注	05-memory/01-内存管理与压力治理.md#Q10	executor	migrated
05-memory/01-内存管理与压力治理.md	Q11	分代回收如何工作？Android 13 与 Android 17 的分代实现有何不同？	todo		87040faa16568c3a	分代回收如何工作？Android 13 与 Android 17 的分代实现有何不同？	keep	07-memory/01-memory-management.md	Q11	分代回收如何工作？Android 13 与 Android 17 的分代实现有何不同？	保留原题证据标注	05-memory/01-内存管理与压力治理.md#Q11	executor	migrated
05-memory/01-内存管理与压力治理.md	Q12	Perfetto 里 GC 时间片与掉帧帧重叠，能判定 GC 导致掉帧吗？	todo		8caedd22d16b8f98	Perfetto 里 GC 时间片与掉帧帧重叠，能判定 GC 导致掉帧吗？	keep	07-memory/01-memory-management.md	Q12	Perfetto 里 GC 时间片与掉帧帧重叠，能判定 GC 导致掉帧吗？	保留原题证据标注	05-memory/01-内存管理与压力治理.md#Q12	executor	migrated
05-memory/01-内存管理与压力治理.md	Q13	`HeapTaskDaemon` 是什么？进程被冻结期间，ART 的维护任务会怎样？	todo		a335b9f48ccd4a80	`HeapTaskDaemon` 是什么？进程被冻结期间，ART 的维护任务会怎样？	keep	07-memory/01-memory-management.md	Q13	`HeapTaskDaemon` 是什么？进程被冻结期间，ART 的维护任务会怎样？	保留原题证据标注	05-memory/01-内存管理与压力治理.md#Q13	executor	migrated
05-memory/01-内存管理与压力治理.md	Q14	`onTrimMemory()` 会触发 GC 或内核回收吗？Android 13 与 Android 14+ 的回调级别有什么差异？	todo		63cfeb9f5b281324	`onTrimMemory()` 会触发 GC 或内核回收吗？Android 13 与 Android 14+ 的回调级别有什么差异？	keep	07-memory/01-memory-management.md	Q14	`onTrimMemory()` 会触发 GC 或内核回收吗？Android 13 与 Android 14+ 的回调级别有什么差异？	保留原题证据标注	05-memory/01-内存管理与压力治理.md#Q14	executor	migrated
05-memory/01-内存管理与压力治理.md	Q15	lmkd 与内核 OOM Killer 的分工是什么？lmkd 如何拿到进程优先级？	todo		a5a72f671914e1b8	lmkd 与内核 OOM Killer 的分工是什么？lmkd 如何拿到进程优先级？	keep	07-memory/01-memory-management.md	Q16	lmkd 与内核 OOM Killer 的分工是什么？lmkd 如何拿到进程优先级？	保留原题证据标注	05-memory/01-内存管理与压力治理.md#Q15	executor	migrated
05-memory/01-内存管理与压力治理.md	Q16	"`oom_score_adj` 的主要档位有哪些？为什么""进程有 Service 就不会被杀""不可靠？"	todo		bea43e5467df8ad1	"`oom_score_adj` 的主要档位有哪些？为什么""进程有 Service 就不会被杀""不可靠？"	keep	07-memory/01-memory-management.md	Q17	"`oom_score_adj` 的主要档位有哪些？为什么""进程有 Service 就不会被杀""不可靠？"	保留原题证据标注	05-memory/01-内存管理与压力治理.md#Q16	executor	migrated
05-memory/01-内存管理与压力治理.md	Q17	lmkd 的 PSI 新策略默认阈值是什么？PSI 唤醒后还会检查什么？	todo		b73dfab1af4dc024	lmkd 的 PSI 新策略默认阈值是什么？PSI 唤醒后还会检查什么？	keep	07-memory/01-memory-management.md	Q18	lmkd 的 PSI 新策略默认阈值是什么？PSI 唤醒后还会检查什么？	保留原题证据标注	05-memory/01-内存管理与压力治理.md#Q17	executor	migrated
05-memory/01-内存管理与压力治理.md	Q18	lmkd 选定候选后如何终止进程？有哪些保护与加速机制？	todo		64e734bfa688ce22	lmkd 选定候选后如何终止进程？有哪些保护与加速机制？	keep	07-memory/01-memory-management.md	Q19	lmkd 选定候选后如何终止进程？有哪些保护与加速机制？	保留原题证据标注	05-memory/01-内存管理与压力治理.md#Q18	executor	migrated
05-memory/01-内存管理与压力治理.md	Q19	"进程""消失""有哪几类原因？如何用证据区分？"	todo		9402a0b326b36d06	"进程""消失""有哪几类原因？如何用证据区分？"	keep	07-memory/01-memory-management.md	Q20	"进程""消失""有哪几类原因？如何用证据区分？"	保留原题证据标注	05-memory/01-内存管理与压力治理.md#Q19	executor	migrated
05-memory/01-内存管理与压力治理.md	Q20	Cached App Freezer 的冻结流程与资格判断是什么？冻结期间进程内的 GC 会运行吗？	todo		a16c3bb3a7450060	Cached App Freezer 的冻结流程与资格判断是什么？冻结期间进程内的 GC 会运行吗？	keep	07-memory/01-memory-management.md	Q25	Cached App Freezer 的冻结流程与资格判断是什么？冻结期间进程内的 GC 会运行吗？	保留原题证据标注	05-memory/01-内存管理与压力治理.md#Q20	executor	migrated
05-memory/01-内存管理与压力治理.md	Q21	"冻结后 RSS 下降了，是谁做的？""应用页面回收""与 ART GC、内核规整有什么区别？"	todo		5e1a2168880ed9a6	"冻结后 RSS 下降了，是谁做的？""应用页面回收""与 ART GC、内核规整有什么区别？"	keep	07-memory/01-memory-management.md	Q26	"冻结后 RSS 下降了，是谁做的？""应用页面回收""与 ART GC、内核规整有什么区别？"	保留原题证据标注	05-memory/01-内存管理与压力治理.md#Q21	executor	migrated
05-memory/01-内存管理与压力治理.md	Q22	App 内存优化的推进顺序是什么？为什么不能一上来就上对象池？	todo		d5ef5ec530ad618a	App 内存优化的推进顺序是什么？为什么不能一上来就上对象池？	keep	07-memory/01-memory-management.md	Q30	App 内存优化的推进顺序是什么？为什么不能一上来就上对象池？	保留原题证据标注	05-memory/01-内存管理与压力治理.md#Q22	executor	migrated
05-memory/01-内存管理与压力治理.md	Q23	Bitmap 内存有哪些关键口径与手段？`recycle()` 该不该手动调？	todo		cd1374fc51de3988	Bitmap 内存有哪些关键口径与手段？`recycle()` 该不该手动调？	keep	07-memory/01-memory-management.md	Q31	Bitmap 内存有哪些关键口径与手段？`recycle()` 该不该手动调？	保留原题证据标注	05-memory/01-内存管理与压力治理.md#Q23	executor	migrated
05-memory/01-内存管理与压力治理.md	Q24	16 KB Page Size 对应用意味着什么？Android 13 设备需要关心吗？	todo		55558ab72c66aec5	16 KB Page Size 对应用意味着什么？Android 13 设备需要关心吗？	keep	07-memory/01-memory-management.md	Q32	16 KB Page Size 对应用意味着什么？Android 13 设备需要关心吗？	保留原题证据标注	05-memory/01-内存管理与压力治理.md#Q24	executor	migrated
05-memory/02-回收压缩与专项内存.md	Q1	"看到 FinalizerDaemon 忙或文件描述符上涨时，GC、ReferenceQueueDaemon、FinalizerDaemon 与应用代码各自负责什么？为什么不能用""GC 发生过""证明资源已释放？"	todo		6ec1b3eabde5f699	"看到 FinalizerDaemon 忙或文件描述符上涨时，GC、ReferenceQueueDaemon、FinalizerDaemon 与应用代码各自负责什么？为什么不能用""GC 发生过""证明资源已释放？"	keep	07-memory/02-reclaim-compression.md	Q1	"看到 FinalizerDaemon 忙或文件描述符上涨时，GC、ReferenceQueueDaemon、FinalizerDaemon 与应用代码各自负责什么？为什么不能用""GC 发生过""证明资源已释放？"	保留原题证据标注	05-memory/02-回收压缩与专项内存.md#Q1	executor	migrated
05-memory/02-回收压缩与专项内存.md	Q2	"可终结对象的 FinalizerReference 为什么有""head 链表""与""queue""两套结构？`get()` 返回的 zombie 是什么含义？"	todo		21ce7d9ee954fabf	"可终结对象的 FinalizerReference 为什么有""head 链表""与""queue""两套结构？`get()` 返回的 zombie 是什么含义？"	keep	07-memory/02-reclaim-compression.md	Q2	"可终结对象的 FinalizerReference 为什么有""head 链表""与""queue""两套结构？`get()` 返回的 zombie 是什么含义？"	保留原题证据标注	05-memory/02-回收压缩与专项内存.md#Q2	executor	migrated
05-memory/02-回收压缩与专项内存.md	Q3	待处理引用如何从 GC 转移到 FinalizerDaemon？为什么进度计数器不能当队列长度读？	todo		27726a6c191a71e4	待处理引用如何从 GC 转移到 FinalizerDaemon？为什么进度计数器不能当队列长度读？	keep	07-memory/02-reclaim-compression.md	Q3	待处理引用如何从 GC 转移到 FinalizerDaemon？为什么进度计数器不能当队列长度读？	保留原题证据标注	05-memory/02-回收压缩与专项内存.md#Q3	executor	migrated
05-memory/02-回收压缩与专项内存.md	Q4	FinalizerWatchdogDaemon 判定超时的条件是什么？Android 13 与 Android 17 的判定方式有何差异？	todo		9c1a23935674fc69	FinalizerWatchdogDaemon 判定超时的条件是什么？Android 13 与 Android 17 的判定方式有何差异？	keep	07-memory/02-reclaim-compression.md	Q4	FinalizerWatchdogDaemon 判定超时的条件是什么？Android 13 与 Android 17 的判定方式有何差异？	保留原题证据标注	05-memory/02-回收压缩与专项内存.md#Q4	executor	migrated
05-memory/02-回收压缩与专项内存.md	Q5	`sun.misc.Cleaner`、`java.lang.ref.Cleaner` 与 `SystemCleaner` 三种 Cleaner 路径的执行线程与异常边界有何不同？	todo		91a9b18cc4631c83	`sun.misc.Cleaner`、`java.lang.ref.Cleaner` 与 `SystemCleaner` 三种 Cleaner 路径的执行线程与异常边界有何不同？	keep	07-memory/02-reclaim-compression.md	Q5	`sun.misc.Cleaner`、`java.lang.ref.Cleaner` 与 `SystemCleaner` 三种 Cleaner 路径的执行线程与异常边界有何不同？	保留原题证据标注	05-memory/02-回收压缩与专项内存.md#Q5	executor	migrated
05-memory/02-回收压缩与专项内存.md	Q6	资源包装类怎样才能让 Cleaner 兜底真正生效？为什么清理动作不能捕获所有者？	todo		da6c89ece5a2d690	资源包装类怎样才能让 Cleaner 兜底真正生效？为什么清理动作不能捕获所有者？	keep	07-memory/02-reclaim-compression.md	Q6	资源包装类怎样才能让 Cleaner 兜底真正生效？为什么清理动作不能捕获所有者？	保留原题证据标注	05-memory/02-回收压缩与专项内存.md#Q6	executor	migrated
05-memory/02-回收压缩与专项内存.md	Q7	CloseGuard 和 StrictMode 在资源泄漏排查中各自回答什么问题？	todo		2f852d6305b957db	CloseGuard 和 StrictMode 在资源泄漏排查中各自回答什么问题？	keep	07-memory/02-reclaim-compression.md	Q7	CloseGuard 和 StrictMode 在资源泄漏排查中各自回答什么问题？	保留原题证据标注	05-memory/02-回收压缩与专项内存.md#Q7	executor	migrated
05-memory/02-回收压缩与专项内存.md	Q8	"终结队列堆积为什么会表现为""Java 堆不大、原生内存与文件描述符持续上涨""？"	todo		52a9549b29aeca15	"终结队列堆积为什么会表现为""Java 堆不大、原生内存与文件描述符持续上涨""？"	keep	07-memory/02-reclaim-compression.md	Q8	"终结队列堆积为什么会表现为""Java 堆不大、原生内存与文件描述符持续上涨""？"	保留原题证据标注	05-memory/02-回收压缩与专项内存.md#Q8	executor	migrated
05-memory/02-回收压缩与专项内存.md	Q9	定位终结积压时，线程栈、Perfetto、simpleperf 与堆转储各自能证明什么？	todo		4e3a7fd48c639ff7	定位终结积压时，线程栈、Perfetto、simpleperf 与堆转储各自能证明什么？	keep	07-memory/02-reclaim-compression.md	Q9	定位终结积压时，线程栈、Perfetto、simpleperf 与堆转储各自能证明什么？	保留原题证据标注	05-memory/02-回收压缩与专项内存.md#Q9	executor	migrated
05-memory/02-回收压缩与专项内存.md	Q10	"order 描述什么？为什么""回收出了很多页""仍可能救不了高阶分配？"	todo		0a18b855532b07ba	"order 描述什么？为什么""回收出了很多页""仍可能救不了高阶分配？"	keep	07-memory/02-reclaim-compression.md	Q10	"order 描述什么？为什么""回收出了很多页""仍可能救不了高阶分配？"	保留原题证据标注	05-memory/02-回收压缩与专项内存.md#Q10	executor	migrated
05-memory/02-回收压缩与专项内存.md	Q11	直接回收与直接规整都会拖慢分配线程，两者的顺序和 PSI 计入方式是什么？	todo		f872fc0a0bafb021	直接回收与直接规整都会拖慢分配线程，两者的顺序和 PSI 计入方式是什么？	keep	07-memory/02-reclaim-compression.md	Q11	直接回收与直接规整都会拖慢分配线程，两者的顺序和 PSI 计入方式是什么？	保留原题证据标注	05-memory/02-回收压缩与专项内存.md#Q11	executor	migrated
05-memory/02-回收压缩与专项内存.md	Q12	`vm.compaction_proactiveness` 等规整参数怎么理解？调参实验要遵守什么纪律？	todo		6fd58c8ed83e2646	`vm.compaction_proactiveness` 等规整参数怎么理解？调参实验要遵守什么纪律？	keep	07-memory/02-reclaim-compression.md	Q12	`vm.compaction_proactiveness` 等规整参数怎么理解？调参实验要遵守什么纪律？	保留原题证据标注	05-memory/02-回收压缩与专项内存.md#Q12	executor	migrated
05-memory/02-回收压缩与专项内存.md	Q13	"分析""应用重新打开变慢""时，为什么必须先确认原进程还在？用什么证据区分换入恢复与冷启动？"	todo		5e9c756c74181f8a	"分析""应用重新打开变慢""时，为什么必须先确认原进程还在？用什么证据区分换入恢复与冷启动？"	keep	07-memory/02-reclaim-compression.md	Q13	"分析""应用重新打开变慢""时，为什么必须先确认原进程还在？用什么证据区分换入恢复与冷启动？"	保留原题证据标注	05-memory/02-回收压缩与专项内存.md#Q13	executor	migrated
05-memory/02-回收压缩与专项内存.md	Q14	匿名页为什么要换出到 ZRAM？页面在 ZRAM、后备设备与交换缓存三种位置时恢复成本差在哪？	todo		bed68533659316eb	匿名页为什么要换出到 ZRAM？页面在 ZRAM、后备设备与交换缓存三种位置时恢复成本差在哪？	keep	07-memory/02-reclaim-compression.md	Q14	匿名页为什么要换出到 ZRAM？页面在 ZRAM、后备设备与交换缓存三种位置时恢复成本差在哪？	保留原题证据标注	05-memory/02-回收压缩与专项内存.md#Q14	executor	migrated
05-memory/02-回收压缩与专项内存.md	Q15	Android 13 的 ZRAM 写回与 Android 17 引入的 mmd 有什么机制差异？写回会给进程带来什么保护？	todo		87ef75050c00f57b	Android 13 的 ZRAM 写回与 Android 17 引入的 mmd 有什么机制差异？写回会给进程带来什么保护？	keep	07-memory/02-reclaim-compression.md	Q15	Android 13 的 ZRAM 写回与 Android 17 引入的 mmd 有什么机制差异？写回会给进程带来什么保护？	保留原题证据标注	05-memory/02-回收压缩与专项内存.md#Q15	executor	migrated
05-memory/02-回收压缩与专项内存.md	Q16	"为什么""换出总量""预测不了 ZRAM 恢复延迟？预取能解决多少？"	todo		5c7d1bc5bf018daf	"为什么""换出总量""预测不了 ZRAM 恢复延迟？预取能解决多少？"	keep	07-memory/02-reclaim-compression.md	Q16	"为什么""换出总量""预测不了 ZRAM 恢复延迟？预取能解决多少？"	保留原题证据标注	05-memory/02-回收压缩与专项内存.md#Q16	executor	migrated
05-memory/02-回收压缩与专项内存.md	Q17	ARM MTE 检测内存错误的原理是什么？为什么说它是概率性检测？	todo		493252943a762e1d	ARM MTE 检测内存错误的原理是什么？为什么说它是概率性检测？	keep	07-memory/02-reclaim-compression.md	Q17	ARM MTE 检测内存错误的原理是什么？为什么说它是概率性检测？	保留原题证据标注	05-memory/02-回收压缩与专项内存.md#Q17	executor	migrated
05-memory/02-回收压缩与专项内存.md	Q18	MTE 的 SYNC、ASYNC 与 ASYMM 三种模式在报告行为和适用场景上有什么差别？	todo		ac6651efb53f9f35	MTE 的 SYNC、ASYNC 与 ASYMM 三种模式在报告行为和适用场景上有什么差别？	keep	07-memory/02-reclaim-compression.md	Q18	MTE 的 SYNC、ASYNC 与 ASYMM 三种模式在报告行为和适用场景上有什么差别？	保留原题证据标注	05-memory/02-回收压缩与专项内存.md#Q18	executor	migrated
05-memory/02-回收压缩与专项内存.md	Q19	Android 如何把 manifest 的 memtagMode 决策传给 Bionic 与 Scudo？运行时能改吗？	todo		86f6a99854bd86d8	Android 如何把 manifest 的 memtagMode 决策传给 Bionic 与 Scudo？运行时能改吗？	keep	07-memory/02-reclaim-compression.md	Q19	Android 如何把 manifest 的 memtagMode 决策传给 Bionic 与 Scudo？运行时能改吗？	保留原题证据标注	05-memory/02-回收压缩与专项内存.md#Q19	executor	migrated
05-memory/02-回收压缩与专项内存.md	Q20	只设置 memtagMode 覆盖不了哪些内存？栈与全局变量 MTE 如何启用、怎么验证？	todo		a82ed381f4c826bd	只设置 memtagMode 覆盖不了哪些内存？栈与全局变量 MTE 如何启用、怎么验证？	keep	07-memory/02-reclaim-compression.md	Q20	只设置 memtagMode 覆盖不了哪些内存？栈与全局变量 MTE 如何启用、怎么验证？	保留原题证据标注	05-memory/02-回收压缩与专项内存.md#Q20	executor	migrated
05-memory/02-回收压缩与专项内存.md	Q21	端侧推理的四种部署方式在内存归属与隔离强度上有什么差别？为什么推理进程不会自动获得优先级保护？	todo		b53b7a20d0b60df5	端侧推理的四种部署方式在内存归属与隔离强度上有什么差别？为什么推理进程不会自动获得优先级保护？	keep	07-memory/02-reclaim-compression.md	Q21	端侧推理的四种部署方式在内存归属与隔离强度上有什么差别？为什么推理进程不会自动获得优先级保护？	保留原题证据标注	05-memory/02-回收压缩与专项内存.md#Q21	executor	migrated
05-memory/02-回收压缩与专项内存.md	Q22	用 Binder 传推理输入为什么容易失败？1 MiB、64 KiB 各是什么边界？	todo		b77673059b7a4495	用 Binder 传推理输入为什么容易失败？1 MiB、64 KiB 各是什么边界？	keep	07-memory/02-reclaim-compression.md	Q22	用 Binder 传推理输入为什么容易失败？1 MiB、64 KiB 各是什么边界？	保留原题证据标注	05-memory/02-回收压缩与专项内存.md#Q22	executor	migrated
05-memory/02-回收压缩与专项内存.md	Q23	"SharedMemory 的 setProtect、close 与""零拷贝""各有什么语义边界？"	todo		b18257d437a0134e	"SharedMemory 的 setProtect、close 与""零拷贝""各有什么语义边界？"	keep	07-memory/02-reclaim-compression.md	Q23	"SharedMemory 的 setProtect、close 与""零拷贝""各有什么语义边界？"	保留原题证据标注	05-memory/02-回收压缩与专项内存.md#Q23	executor	migrated
05-memory/02-回收压缩与专项内存.md	Q24	图像帧、模型权重、结构化数据分别该走什么通道？CursorWindow 的默认大小是多少？	todo		d0000e59ced1c441	图像帧、模型权重、结构化数据分别该走什么通道？CursorWindow 的默认大小是多少？	keep	07-memory/02-reclaim-compression.md	Q24	图像帧、模型权重、结构化数据分别该走什么通道？CursorWindow 的默认大小是多少？	保留原题证据标注	05-memory/02-回收压缩与专项内存.md#Q24	executor	migrated
05-memory/02-回收压缩与专项内存.md	Q25	一次端侧生成式推理的内存由哪些部分组成？权重和 KV cache 怎么估算？	todo		aefad1044f2edfd1	一次端侧生成式推理的内存由哪些部分组成？权重和 KV cache 怎么估算？	keep	07-memory/02-reclaim-compression.md	Q25	一次端侧生成式推理的内存由哪些部分组成？权重和 KV cache 怎么估算？	保留原题证据标注	05-memory/02-回收压缩与专项内存.md#Q25	executor	migrated
06-system/01-AOSP性能优化.md	Q1	一轮 AOSP 平台性能优化开始前，怎样判断问题属于平台而不是单个应用？结论需要哪三类证据共同约束？	todo		7c2184815af796c8	一轮 AOSP 平台性能优化开始前，怎样判断问题属于平台而不是单个应用？结论需要哪三类证据共同约束？	move	15-performance/07-platform-optimization.md	Q1	一轮 AOSP 平台性能优化开始前，怎样判断问题属于平台而不是单个应用？结论需要哪三类证据共同约束？	保留原题证据标注	06-system/01-AOSP性能优化.md#Q1	executor	migrated
06-system/01-AOSP性能优化.md	Q2	Android 17 的 DeliQueue（无锁 MessageQueue）解决什么问题？Android 13 上的消息队列是什么实现，迁移测试要覆盖哪些风险？	todo		d5a020c24dcd318c	Android 17 的 DeliQueue（无锁 MessageQueue）解决什么问题？Android 13 上的消息队列是什么实现，迁移测试要覆盖哪些风险？	move	02-app-framework/02-handler-looper.md	Q12	Android 17 的 DeliQueue（无锁 MessageQueue）解决什么问题？Android 13 上的消息队列是什么实现，迁移测试要覆盖哪些风险？	保留原题证据标注	06-system/01-AOSP性能优化.md#Q2	executor	migrated
06-system/01-AOSP性能优化.md	Q3	Android 17 ART 的分代 Concurrent Mark-Compact 与 userfaultfd 是什么关系？启用条件是什么，为什么不能承诺所有应用都降低暂停时间？	todo		eec012e82934bae4	Android 17 ART 的分代 Concurrent Mark-Compact 与 userfaultfd 是什么关系？启用条件是什么，为什么不能承诺所有应用都降低暂停时间？	move	01-architecture/06-art-runtime.md	Q16	Android 17 ART 的分代 Concurrent Mark-Compact 与 userfaultfd 是什么关系？启用条件是什么，为什么不能承诺所有应用都降低暂停时间？	保留原题证据标注	06-system/01-AOSP性能优化.md#Q3	executor	migrated
06-system/01-AOSP性能优化.md	Q4	"为什么""Android 17 上发生""不足以描述性能问题？版本、交付路径与 target SDK 要怎样拆开记录？"	todo		f6a16a9ae8495563	"为什么""Android 17 上发生""不足以描述性能问题？版本、交付路径与 target SDK 要怎样拆开记录？"	move	17-tools/02-performance-methodology.md	Q34	"为什么""Android 17 上发生""不足以描述性能问题？版本、交付路径与 target SDK 要怎样拆开记录？"	保留原题证据标注	06-system/01-AOSP性能优化.md#Q4	executor	migrated
06-system/01-AOSP性能优化.md	Q5	性能测试应选什么构建变体，怎样避免把调试差异当成优化收益？	todo		1c3b3b2e059b7994	性能测试应选什么构建变体，怎样避免把调试差异当成优化收益？	move	13-build-system/01-product-config.md	Q15	性能测试应选什么构建变体，怎样避免把调试差异当成优化收益？	保留原题证据标注	06-system/01-AOSP性能优化.md#Q5	executor	migrated
06-system/01-AOSP性能优化.md	Q6	改了 framework 性能代码后，怎样构建、同步到设备并验证改动？	todo		7cbeb35e2f929c43	改了 framework 性能代码后，怎样构建、同步到设备并验证改动？	move	13-build-system/02-soong-modules.md	Q24	改了 framework 性能代码后，怎样构建、同步到设备并验证改动？	保留原题证据标注	06-system/01-AOSP性能优化.md#Q6	executor	migrated
06-system/01-AOSP性能优化.md	Q7	用 Cuttlefish 验证 framework 改动的边界在哪？为什么 Android 内核必须单独构建？	todo		ab08a77a06db0df9	用 Cuttlefish 验证 framework 改动的边界在哪？为什么 Android 内核必须单独构建？	move	13-build-system/05-android-kernel-build.md	Q13	用 Cuttlefish 验证 framework 改动的边界在哪？为什么 Android 内核必须单独构建？	保留原题证据标注	06-system/01-AOSP性能优化.md#Q7	executor	migrated
06-system/01-AOSP性能优化.md	Q8	"内核里某个机制""存在""就能说明设备启用了吗？评估 Android 17 GKI 6.18 的调度与内存改动要满足哪三个条件？"	todo		f25927bcd64b1862	"内核里某个机制""存在""就能说明设备启用了吗？评估 Android 17 GKI 6.18 的调度与内存改动要满足哪三个条件？"	move	12-platform-native/01-kernel-gki.md	Q10	"内核里某个机制""存在""就能说明设备启用了吗？评估 Android 17 GKI 6.18 的调度与内存改动要满足哪三个条件？"	保留原题证据标注	06-system/01-AOSP性能优化.md#Q8	executor	migrated
06-system/01-AOSP性能优化.md	Q9	MGLRU 开启后 lmkd 杀进程次数可能下降，这条因果链完整吗？	todo		27ac9abb82bdd0a0	MGLRU 开启后 lmkd 杀进程次数可能下降，这条因果链完整吗？	move	07-memory/01-memory-management.md	Q15	MGLRU 开启后 lmkd 杀进程次数可能下降，这条因果链完整吗？	保留原题证据标注	06-system/01-AOSP性能优化.md#Q9	executor	migrated
06-system/01-AOSP性能优化.md	Q10	ARM64 的 KASLR、KPTI 与 Spectre 缓解各自保护什么？为什么 KPTI 是否生效不能靠 CPU 型号推断？	todo		6d6c56d4c61c1470	ARM64 的 KASLR、KPTI 与 Spectre 缓解各自保护什么？为什么 KPTI 是否生效不能靠 CPU 型号推断？	move	12-platform-native/01-kernel-gki.md	Q11	ARM64 的 KASLR、KPTI 与 Spectre 缓解各自保护什么？为什么 KPTI 是否生效不能靠 CPU 型号推断？	保留原题证据标注	06-system/01-AOSP性能优化.md#Q10	executor	migrated
06-system/01-AOSP性能优化.md	Q11	MTE 用 4 位标签管理 16 字节粒度的内存，为什么不能据此换算出固定 PSS 增量？评估 MTE 成本要看哪些指标？	todo		3bedff48cb3e69b8	MTE 用 4 位标签管理 16 字节粒度的内存，为什么不能据此换算出固定 PSS 增量？评估 MTE 成本要看哪些指标？	move	07-memory/02-reclaim-compression.md	Q26	MTE 用 4 位标签管理 16 字节粒度的内存，为什么不能据此换算出固定 PSS 增量？评估 MTE 成本要看哪些指标？	保留原题证据标注	06-system/01-AOSP性能优化.md#Q11	executor	migrated
06-system/01-AOSP性能优化.md	Q12	"AutoFDO 与插桩 PGO、Baseline Profile 分别差在哪？它会在用户手机运行时""自动优化""吗？"	todo		a13e3203c8a4792f	"AutoFDO 与插桩 PGO、Baseline Profile 分别差在哪？它会在用户手机运行时""自动优化""吗？"	move	13-build-system/02-soong-modules.md	Q25	"AutoFDO 与插桩 PGO、Baseline Profile 分别差在哪？它会在用户手机运行时""自动优化""吗？"	保留原题证据标注	06-system/01-AOSP性能优化.md#Q12	executor	migrated
06-system/01-AOSP性能优化.md	Q13	Soong 模块怎样接入 AutoFDO？模块声明 afdo: true 能证明本地二进制已经优化了吗？	todo		f3cd9809cdb9be13	Soong 模块怎样接入 AutoFDO？模块声明 afdo: true 能证明本地二进制已经优化了吗？	move	13-build-system/02-soong-modules.md	Q26	Soong 模块怎样接入 AutoFDO？模块声明 afdo: true 能证明本地二进制已经优化了吗？	保留原题证据标注	06-system/01-AOSP性能优化.md#Q13	executor	migrated
06-system/01-AOSP性能优化.md	Q14	Android 17 GKI 的 kernel.afdo 是怎么从设备采样生成的？README 的 Pixel 8 收益数字为什么不能写进产品承诺？	todo		e4040d13c6858fd3	Android 17 GKI 的 kernel.afdo 是怎么从设备采样生成的？README 的 Pixel 8 收益数字为什么不能写进产品承诺？	move	13-build-system/05-android-kernel-build.md	Q14	Android 17 GKI 的 kernel.afdo 是怎么从设备采样生成的？README 的 Pixel 8 收益数字为什么不能写进产品承诺？	保留原题证据标注	06-system/01-AOSP性能优化.md#Q14	executor	migrated
06-system/01-AOSP性能优化.md	Q15	Profile、DM、SDM、SDC 四类文件分别解决什么问题？各自的版本边界是什么？	todo		a32e5547966e57ba	Profile、DM、SDM、SDC 四类文件分别解决什么问题？各自的版本边界是什么？	move	01-architecture/06-art-runtime.md	Q17	Profile、DM、SDM、SDC 四类文件分别解决什么问题？各自的版本边界是什么？	保留原题证据标注	06-system/01-AOSP性能优化.md#Q15	executor	migrated
06-system/01-AOSP性能优化.md	Q16	安装一个带 SDM 的应用时，系统怎样决定跳过本机 dex2oat？SDM 无效或缺失会怎样？	todo		8b8f51865875917c	安装一个带 SDM 的应用时，系统怎样决定跳过本机 dex2oat？SDM 无效或缺失会怎样？	move	01-architecture/06-art-runtime.md	Q18	安装一个带 SDM 的应用时，系统怎样决定跳过本机 dex2oat？SDM 无效或缺失会怎样？	保留原题证据标注	06-system/01-AOSP性能优化.md#Q16	executor	migrated
06-system/01-AOSP性能优化.md	Q17	"运行时怎么使用 SDM 里的云端 AOT 代码？为什么""SDM 文件存在""不能证明应用在执行其中的机器码？"	todo		3027fefc6c3f7e64	"运行时怎么使用 SDM 里的云端 AOT 代码？为什么""SDM 文件存在""不能证明应用在执行其中的机器码？"	move	01-architecture/06-art-runtime.md	Q19	"运行时怎么使用 SDM 里的云端 AOT 代码？为什么""SDM 文件存在""不能证明应用在执行其中的机器码？"	保留原题证据标注	06-system/01-AOSP性能优化.md#Q17	executor	migrated
06-system/01-AOSP性能优化.md	Q18	"SDM 能省掉安装期的哪些工作？为什么不能照搬""安装时间减少 40%–60%""这类百分比？"	todo		c173f202f0c407f4	"SDM 能省掉安装期的哪些工作？为什么不能照搬""安装时间减少 40%–60%""这类百分比？"	move	01-architecture/06-art-runtime.md	Q20	"SDM 能省掉安装期的哪些工作？为什么不能照搬""安装时间减少 40%–60%""这类百分比？"	保留原题证据标注	06-system/01-AOSP性能优化.md#Q18	executor	migrated
06-system/01-AOSP性能优化.md	Q19	"系统启动优化怎么定义""启动完成""？为什么 first boot 与 OTA 后首启的样本要单独分组？"	todo		0ace9a0b75577f8f	"系统启动优化怎么定义""启动完成""？为什么 first boot 与 OTA 后首启的样本要单独分组？"	move	15-performance/07-platform-optimization.md	Q2	"系统启动优化怎么定义""启动完成""？为什么 first boot 与 OTA 后首启的样本要单独分组？"	保留原题证据标注	06-system/01-AOSP性能优化.md#Q19	executor	migrated
06-system/01-AOSP性能优化.md	Q20	bootanalyze、bootio 与 bootstat 各自回答什么问题？使用时有哪些容易踩的坑？	todo		32ddef3c993ecc6f	bootanalyze、bootio 与 bootstat 各自回答什么问题？使用时有哪些容易踩的坑？	move	17-tools/03-performance-tools.md	Q38	bootanalyze、bootio 与 bootstat 各自回答什么问题？使用时有哪些容易踩的坑？	保留原题证据标注	06-system/01-AOSP性能优化.md#Q20	executor	migrated
06-system/01-AOSP性能优化.md	Q21	init 的 Action 队列是串行的，为什么启动期间还能多进程并发？把慢的驱动 probe 或 module 移出关键路径要防什么回退？	todo		148c5b303e43e704	init 的 Action 队列是串行的，为什么启动期间还能多进程并发？把慢的驱动 probe 或 module 移出关键路径要防什么回退？	move	15-performance/07-platform-optimization.md	Q3	init 的 Action 队列是串行的，为什么启动期间还能多进程并发？把慢的驱动 probe 或 module 移出关键路径要防什么回退？	保留原题证据标注	06-system/01-AOSP性能优化.md#Q21	executor	migrated
06-system/01-AOSP性能优化.md	Q22	Zygote preload 用开机成本换取什么？删减预加载清单或使用 lazy preload 分别要注意什么？	todo		206ff23beac3ca61	Zygote preload 用开机成本换取什么？删减预加载清单或使用 lazy preload 分别要注意什么？	move	01-architecture/02-system-boot.md	Q21	Zygote preload 用开机成本换取什么？删减预加载清单或使用 lazy preload 分别要注意什么？	保留原题证据标注	06-system/01-AOSP性能优化.md#Q22	executor	migrated
06-system/01-AOSP性能优化.md	Q23	"Android 平台为什么引入 Rust？Keystore2 这类 Rust Binder 服务与""Rust 经 JNI 跳 C++ AIDL""的说法差在哪？"	todo		c6cdd2c12139f123	"Android 平台为什么引入 Rust？Keystore2 这类 Rust Binder 服务与""Rust 经 JNI 跳 C++ AIDL""的说法差在哪？"	move	12-platform-native/08-rust-native.md	Q1	"Android 平台为什么引入 Rust？Keystore2 这类 Rust Binder 服务与""Rust 经 JNI 跳 C++ AIDL""的说法差在哪？"	保留原题证据标注	06-system/01-AOSP性能优化.md#Q23	executor	migrated
06-system/01-AOSP性能优化.md	Q24	"Android 设备端的 Rust 编译配置与分配器路径是什么？""panic 可以在 FFI 入口用 catch_unwind 恢复""错在哪？"	todo		b475dfa4b3cc28ef	"Android 设备端的 Rust 编译配置与分配器路径是什么？""panic 可以在 FFI 入口用 catch_unwind 恢复""错在哪？"	move	12-platform-native/08-rust-native.md	Q2	"Android 设备端的 Rust 编译配置与分配器路径是什么？""panic 可以在 FFI 入口用 catch_unwind 恢复""错在哪？"	保留原题证据标注	06-system/01-AOSP性能优化.md#Q24	executor	migrated
06-system/01-AOSP性能优化.md	Q25	评估一个 Rust 系统服务的性能时，应把哪些边界成本拆开测量？	todo		a5f4d87eb36f82a8	评估一个 Rust 系统服务的性能时，应把哪些边界成本拆开测量？	move	12-platform-native/08-rust-native.md	Q3	评估一个 Rust 系统服务的性能时，应把哪些边界成本拆开测量？	保留原题证据标注	06-system/01-AOSP性能优化.md#Q25	executor	migrated
06-system/01-AOSP性能优化.md	Q26	"AppFlow 论文把 GB 级应用冷启动当成什么问题？为什么""只加文件预读""可能反而变慢？"	todo		748022e7596eb697	"AppFlow 论文把 GB 级应用冷启动当成什么问题？为什么""只加文件预读""可能反而变慢？"	move	15-performance/07-platform-optimization.md	Q4	"AppFlow 论文把 GB 级应用冷启动当成什么问题？为什么""只加文件预读""可能反而变慢？"	保留原题证据标注	06-system/01-AOSP性能优化.md#Q26	executor	migrated
06-system/01-AOSP性能优化.md	Q27	"Android 的 lmkd 基线是怎样工作的？AppFlow 式的""预测哪个应用可杀""在现平台上缺什么？"	todo		ff83934b0b4de46c	"Android 的 lmkd 基线是怎样工作的？AppFlow 式的""预测哪个应用可杀""在现平台上缺什么？"	move	15-performance/07-platform-optimization.md	Q5	"Android 的 lmkd 基线是怎样工作的？AppFlow 式的""预测哪个应用可杀""在现平台上缺什么？"	保留原题证据标注	06-system/01-AOSP性能优化.md#Q27	executor	migrated
06-system/01-AOSP性能优化.md	Q28	想借鉴 AppFlow，普通应用、特权 framework 原型、产品级 OS 三种权限下分别能做什么、不能做什么？	todo		352c752cdd34707b	想借鉴 AppFlow，普通应用、特权 framework 原型、产品级 OS 三种权限下分别能做什么、不能做什么？	move	15-performance/07-platform-optimization.md	Q6	想借鉴 AppFlow，普通应用、特权 framework 原型、产品级 OS 三种权限下分别能做什么、不能做什么？	保留原题证据标注	06-system/01-AOSP性能优化.md#Q28	executor	migrated
06-system/01-AOSP性能优化.md	Q29	AOHP 想把 Android 改造成什么样？评估它时为什么要区分论文设计、原型实现与标准平台三类证据？	todo		ef7bb1dc182727c3	AOHP 想把 Android 改造成什么样？评估它时为什么要区分论文设计、原型实现与标准平台三类证据？	move	15-performance/07-platform-optimization.md	Q7	AOHP 想把 Android 改造成什么样？评估它时为什么要区分论文设计、原型实现与标准平台三类证据？	保留原题证据标注	06-system/01-AOSP性能优化.md#Q29	executor	migrated
06-system/01-AOSP性能优化.md	Q30	AOHP 用特权虚拟显示、结构化 UI 和事件流替代 GUI 往返；标准平台的 VirtualDisplay 与 AppFunctions 分别给到哪一步？	todo		57c920a7b2f78a23	AOHP 用特权虚拟显示、结构化 UI 和事件流替代 GUI 往返；标准平台的 VirtualDisplay 与 AppFunctions 分别给到哪一步？	move	15-performance/07-platform-optimization.md	Q8	AOHP 用特权虚拟显示、结构化 UI 和事件流替代 GUI 往返；标准平台的 VirtualDisplay 与 AppFunctions 分别给到哪一步？	保留原题证据标注	06-system/01-AOSP性能优化.md#Q30	executor	migrated
06-system/01-AOSP性能优化.md	Q31	AOHP 的安全信息流设计了六步流程，原型现状与论文的差距在哪？五个 security case 通过能说明什么、不能说明什么？	todo		219898d081225d53	AOHP 的安全信息流设计了六步流程，原型现状与论文的差距在哪？五个 security case 通过能说明什么、不能说明什么？	move	15-performance/07-platform-optimization.md	Q9	AOHP 的安全信息流设计了六步流程，原型现状与论文的差距在哪？五个 security case 通过能说明什么、不能说明什么？	保留原题证据标注	06-system/01-AOSP性能优化.md#Q31	executor	migrated
06-system/02-OEM与设备差异.md	Q1	"同一个 APK 在两台设备上启动、掉帧或后台行为不同，怎样把差异归因到具体层而不是笼统的""ROM 优化""？"	todo		ed6c3c10f5a39987	"同一个 APK 在两台设备上启动、掉帧或后台行为不同，怎样把差异归因到具体层而不是笼统的""ROM 优化""？"	move	17-tools/02-performance-methodology.md	Q35	"同一个 APK 在两台设备上启动、掉帧或后台行为不同，怎样把差异归因到具体层而不是笼统的""ROM 优化""？"	保留原题证据标注	06-system/02-OEM与设备差异.md#Q1	executor	migrated
06-system/02-OEM与设备差异.md	Q2	"Cached Apps Freezer 在系统里怎么实现？""冻结""与 SIGSTOP 差在哪？怎样确认设备真的发生了冻结？"	todo		0b64948fd1ba1001	"Cached Apps Freezer 在系统里怎么实现？""冻结""与 SIGSTOP 差在哪？怎样确认设备真的发生了冻结？"	move	07-memory/01-memory-management.md	Q24	"Cached Apps Freezer 在系统里怎么实现？""冻结""与 SIGSTOP 差在哪？怎样确认设备真的发生了冻结？"	保留原题证据标注	06-system/02-OEM与设备差异.md#Q2	executor	migrated
06-system/02-OEM与设备差异.md	Q3	"USAP 池与""厂商预启动""是什么关系？为什么 trace 里没看到 fork 不能证明系统预启动了应用？"	todo		ac05c7ef201a3cff	"USAP 池与""厂商预启动""是什么关系？为什么 trace 里没看到 fork 不能证明系统预启动了应用？"	move	01-architecture/02-system-boot.md	Q24	"USAP 池与""厂商预启动""是什么关系？为什么 trace 里没看到 fork 不能证明系统预启动了应用？"	保留原题证据标注	06-system/02-OEM与设备差异.md#Q3	executor	migrated
06-system/02-OEM与设备差异.md	Q4	"后台任务应该选哪个系统 API？为什么""加白名单""或""全用前台服务""不是万能解？行业案例的百分比能直接复用吗？"	todo		fa021748f0afd5f3	"后台任务应该选哪个系统 API？为什么""加白名单""或""全用前台服务""不是万能解？行业案例的百分比能直接复用吗？"	move	16-app-practice/15-power-practice.md	Q28	"后台任务应该选哪个系统 API？为什么""加白名单""或""全用前台服务""不是万能解？行业案例的百分比能直接复用吗？"	保留原题证据标注	06-system/02-OEM与设备差异.md#Q4	executor	migrated
06-system/02-OEM与设备差异.md	Q5	SoC 型号能预测流畅度吗？跨 SoC 分析要把哪三层证据分开，CPU 分析的四个概念怎样区分？	todo		b8d435d23a857dbc	SoC 型号能预测流畅度吗？跨 SoC 分析要把哪三层证据分开，CPU 分析的四个概念怎样区分？	move	14-cpu-power/01-scheduler-power-framework.md	Q29	SoC 型号能预测流畅度吗？跨 SoC 分析要把哪三层证据分开，CPU 分析的四个概念怎样区分？	保留原题证据标注	06-system/02-OEM与设备差异.md#Q5	executor	migrated
06-system/02-OEM与设备差异.md	Q6	"厂商内核 hook 与 EAS 是什么关系？一段""多核同时升频""的 trace 怎样查证来源？"	todo		0f90c4417cf5361f	"厂商内核 hook 与 EAS 是什么关系？一段""多核同时升频""的 trace 怎样查证来源？"	move	14-cpu-power/01-scheduler-power-framework.md	Q30	"厂商内核 hook 与 EAS 是什么关系？一段""多核同时升频""的 trace 怎样查证来源？"	保留原题证据标注	06-system/02-OEM与设备差异.md#Q6	executor	migrated
06-system/02-OEM与设备差异.md	Q7	Adreno、Mali/Xclipse 的架构名称与厂商 NPU 百分比能说明什么？GPU 或内存数据缺失时怎么避免误判？	todo		4724206d1a291a4c	Adreno、Mali/Xclipse 的架构名称与厂商 NPU 百分比能说明什么？GPU 或内存数据缺失时怎么避免误判？	move	14-cpu-power/02-energy-efficiency.md	Q18	Adreno、Mali/Xclipse 的架构名称与厂商 NPU 百分比能说明什么？GPU 或内存数据缺失时怎么避免误判？	保留原题证据标注	06-system/02-OEM与设备差异.md#Q7	executor	migrated
06-system/02-OEM与设备差异.md	Q8	"sched_ext 是什么？确认一台设备""厂商 BPF 调度器在运行""要看哪三层？full 与 partial 模式差在哪？"	todo		96134a68e486d600	"sched_ext 是什么？确认一台设备""厂商 BPF 调度器在运行""要看哪三层？full 与 partial 模式差在哪？"	move	12-platform-native/07-bpf.md	Q4	"sched_ext 是什么？确认一台设备""厂商 BPF 调度器在运行""要看哪三层？full 与 partial 模式差在哪？"	保留原题证据标注	06-system/02-OEM与设备差异.md#Q8	executor	migrated
06-system/02-OEM与设备差异.md	Q9	MUSCHED 的 VIP 是什么机制？它证明了什么，又有哪些不能外推成 Android 17 默认行为？	todo		bb879fbfdddc0ea9	MUSCHED 的 VIP 是什么机制？它证明了什么，又有哪些不能外推成 Android 17 默认行为？	move	14-cpu-power/01-scheduler-power-framework.md	Q31	MUSCHED 的 VIP 是什么机制？它证明了什么，又有哪些不能外推成 Android 17 默认行为？	保留原题证据标注	06-system/02-OEM与设备差异.md#Q9	executor	migrated
06-system/02-OEM与设备差异.md	Q10	"AOSP 的 Game Mode 给了系统什么信号、没给什么？""游戏事件在 InputDispatcher 有专属优先级""为什么不成立？"	todo		2e9b88339acd7f14	"AOSP 的 Game Mode 给了系统什么信号、没给什么？""游戏事件在 InputDispatcher 有专属优先级""为什么不成立？"	move	15-performance/07-platform-optimization.md	Q10	"AOSP 的 Game Mode 给了系统什么信号、没给什么？""游戏事件在 InputDispatcher 有专属优先级""为什么不成立？"	保留原题证据标注	06-system/02-OEM与设备差异.md#Q10	executor	migrated
06-system/02-OEM与设备差异.md	Q11	"触控采样率 1000 Hz、高刷新率、异步注入，各自能改善""跟手""吗？应该怎么测量？"	todo		7ecad3a68eb46c37	"触控采样率 1000 Hz、高刷新率、异步注入，各自能改善""跟手""吗？应该怎么测量？"	move	15-performance/02-responsiveness.md	Q31	"触控采样率 1000 Hz、高刷新率、异步注入，各自能改善""跟手""吗？应该怎么测量？"	保留原题证据标注	06-system/02-OEM与设备差异.md#Q11	executor	migrated
06-system/02-OEM与设备差异.md	Q12	Power HAL 的 Mode/Boost 与 Hint Session 是两条什么路径？应用能直接调用 setMode 吗？	todo		faabf0e4a30a4732	Power HAL 的 Mode/Boost 与 Hint Session 是两条什么路径？应用能直接调用 setMode 吗？	move	14-cpu-power/01-scheduler-power-framework.md	Q32	Power HAL 的 Mode/Boost 与 Hint Session 是两条什么路径？应用能直接调用 setMode 吗？	保留原题证据标注	06-system/02-OEM与设备差异.md#Q12	executor	migrated
06-system/02-OEM与设备差异.md	Q13	"schedutil 怎么决定 CPU 频率？""利用率 × 最高频率""错在哪？频率上不去时应检查什么？"	todo		45b4f4f8723248ef	"schedutil 怎么决定 CPU 频率？""利用率 × 最高频率""错在哪？频率上不去时应检查什么？"	move	14-cpu-power/01-scheduler-power-framework.md	Q33	"schedutil 怎么决定 CPU 频率？""利用率 × 最高频率""错在哪？频率上不去时应检查什么？"	保留原题证据标注	06-system/02-OEM与设备差异.md#Q13	executor	migrated
06-system/02-OEM与设备差异.md	Q14	PerformanceHintManager 的 Hint Session 怎么用？thermal headroom 的数值怎么读才不会误判？	todo		22c1629b5f773fa0	PerformanceHintManager 的 Hint Session 怎么用？thermal headroom 的数值怎么读才不会误判？	move	14-cpu-power/01-scheduler-power-framework.md	Q34	PerformanceHintManager 的 Hint Session 怎么用？thermal headroom 的数值怎么读才不会误判？	保留原题证据标注	06-system/02-OEM与设备差异.md#Q14	executor	migrated
06-system/02-OEM与设备差异.md	Q15	"PowerStats HAL 报告哪三组数据？为什么""dumpsys powerstats 能列出对象""不等于设备能做应用耗电归因？"	todo		97f00b97e3cb9336	"PowerStats HAL 报告哪三组数据？为什么""dumpsys powerstats 能列出对象""不等于设备能做应用耗电归因？"	move	14-cpu-power/01-scheduler-power-framework.md	Q35	"PowerStats HAL 报告哪三组数据？为什么""dumpsys powerstats 能列出对象""不等于设备能做应用耗电归因？"	保留原题证据标注	06-system/02-OEM与设备差异.md#Q15	executor	migrated
06-system/02-OEM与设备差异.md	Q16	"Media Performance Class 是什么？Android 17 新增的等级为什么打破了""非零值等于 API 级别""的旧假设？"	todo		d1d94a8c69c01ad1	"Media Performance Class 是什么？Android 17 新增的等级为什么打破了""非零值等于 API 级别""的旧假设？"	move	15-performance/07-platform-optimization.md	Q11	"Media Performance Class 是什么？Android 17 新增的等级为什么打破了""非零值等于 API 级别""的旧假设？"	保留原题证据标注	06-system/02-OEM与设备差异.md#Q16	executor	migrated
06-system/02-OEM与设备差异.md	Q17	用 Jetpack DevicePerformance 读 MPC 有什么兼容性坑？业务分级为什么不能用 mpc >= 34 这类比较？	todo		57c1544e327570a5	用 Jetpack DevicePerformance 读 MPC 有什么兼容性坑？业务分级为什么不能用 mpc >= 34 这类比较？	move	15-performance/07-platform-optimization.md	Q12	用 Jetpack DevicePerformance 读 MPC 有什么兼容性坑？业务分级为什么不能用 mpc >= 34 这类比较？	保留原题证据标注	06-system/02-OEM与设备差异.md#Q17	executor	migrated
06-system/02-OEM与设备差异.md	Q18	MPC 与运行时能力查询怎样组合决策？值为 0 或低等级的设备怎么设计体验？	todo		1e775d74b33df979	MPC 与运行时能力查询怎样组合决策？值为 0 或低等级的设备怎么设计体验？	move	15-performance/07-platform-optimization.md	Q13	MPC 与运行时能力查询怎样组合决策？值为 0 或低等级的设备怎么设计体验？	保留原题证据标注	06-system/02-OEM与设备差异.md#Q18	executor	migrated
06-system/02-OEM与设备差异.md	Q19	厂商应用锁、Private Space、AAOS App Lock 与应用内鉴权怎么区分？误认会出什么问题？	todo		c1595a69d6647784	厂商应用锁、Private Space、AAOS App Lock 与应用内鉴权怎么区分？误认会出什么问题？	move	02-app-framework/06-private-space.md	Q1	厂商应用锁、Private Space、AAOS App Lock 与应用内鉴权怎么区分？误认会出什么问题？	保留原题证据标注	06-system/02-OEM与设备差异.md#Q19	executor	migrated
06-system/02-OEM与设备差异.md	Q20	普通 App 能探测 Private Space 吗？默认 Launcher 用哪些 API 接入、要满足什么权限？	todo		f876b2f1649a4223	普通 App 能探测 Private Space 吗？默认 Launcher 用哪些 API 接入、要满足什么权限？	move	02-app-framework/06-private-space.md	Q2	普通 App 能探测 Private Space 吗？默认 Launcher 用哪些 API 接入、要满足什么权限？	保留原题证据标注	06-system/02-OEM与设备差异.md#Q20	executor	migrated
06-system/02-OEM与设备差异.md	Q21	Private Space 锁定后，跨空间的 content:// 读取失败是授权被撤销了吗？涉及私密空间的长任务该怎么处理？	todo		5f1471c175528218	Private Space 锁定后，跨空间的 content:// 读取失败是授权被撤销了吗？涉及私密空间的长任务该怎么处理？	move	02-app-framework/06-private-space.md	Q3	Private Space 锁定后，跨空间的 content:// 读取失败是授权被撤销了吗？涉及私密空间的长任务该怎么处理？	保留原题证据标注	06-system/02-OEM与设备差异.md#Q21	executor	migrated
06-system/02-OEM与设备差异.md	Q22	"Android Auto 和 AAOS 有什么本质区别？性能问题为什么要先确定""谁在哪执行""？"	todo		29366af76deb3c45	"Android Auto 和 AAOS 有什么本质区别？性能问题为什么要先确定""谁在哪执行""？"	move	10-aaos/01-aaos-app-dev.md	Q1	"Android Auto 和 AAOS 有什么本质区别？性能问题为什么要先确定""谁在哪执行""？"	保留原题证据标注	06-system/02-OEM与设备差异.md#Q22	executor	migrated
06-system/02-OEM与设备差异.md	Q23	模板应用的冷启动与刷新怎么做才不踩 host 的坑？	todo		0e80e113c78838d4	模板应用的冷启动与刷新怎么做才不踩 host 的坑？	move	10-aaos/01-aaos-app-dev.md	Q2	模板应用的冷启动与刷新怎么做才不踩 host 的坑？	保留原题证据标注	06-system/02-OEM与设备差异.md#Q23	executor	migrated
06-system/02-OEM与设备差异.md	Q24	地图 Surface 的生命周期怎么管理？帧预算与可见区域有哪些约束？	todo		d60dbca1d8c7301d	地图 Surface 的生命周期怎么管理？帧预算与可见区域有哪些约束？	move	03-ui/06-aaos-ui.md	Q16	地图 Surface 的生命周期怎么管理？帧预算与可见区域有哪些约束？	保留原题证据标注	06-system/02-OEM与设备差异.md#Q24	executor	migrated
06-system/02-OEM与设备差异.md	Q25	车载媒体应用围绕什么组件组织？音频与导航语音要注意什么？	todo		1cc7f0e2bf7b7b23	车载媒体应用围绕什么组件组织？音频与导航语音要注意什么？	move	10-aaos/01-aaos-app-dev.md	Q3	车载媒体应用围绕什么组件组织？音频与导航语音要注意什么？	保留原题证据标注	06-system/02-OEM与设备差异.md#Q25	executor	migrated
06-system/02-OEM与设备差异.md	Q26	CarWatchdog 怎么管第三方应用的磁盘写入？地图与媒体应用最容易超限的模式是什么？	todo		2b834069b7ce0c51	CarWatchdog 怎么管第三方应用的磁盘写入？地图与媒体应用最容易超限的模式是什么？	move	10-aaos/03-car-services.md	Q10	CarWatchdog 怎么管第三方应用的磁盘写入？地图与媒体应用最容易超限的模式是什么？	保留原题证据标注	06-system/02-OEM与设备差异.md#Q26	executor	migrated
06-system/02-OEM与设备差异.md	Q27	AAOS 的车辆电源状态机与 VHAL 属性访问对应用意味着什么？跨版本订阅接口有什么差异？	todo		62eef9223e5acaf6	AAOS 的车辆电源状态机与 VHAL 属性访问对应用意味着什么？跨版本订阅接口有什么差异？	move	10-aaos/05-car-power-users.md	Q1	AAOS 的车辆电源状态机与 VHAL 属性访问对应用意味着什么？跨版本订阅接口有什么差异？	保留原题证据标注	06-system/02-OEM与设备差异.md#Q27	executor	migrated
06-system/02-OEM与设备差异.md	Q28	"VHAL 属性 get/set 抛 ""not writable at areaId"" 或 SecurityException——CarPropertyService 的两层校验是怎么做的？（服务侧视角，与 Q27 的应用侧互补）"	todo		5f61b2623e753698	"VHAL 属性 get/set 抛 ""not writable at areaId"" 或 SecurityException——CarPropertyService 的两层校验是怎么做的？（服务侧视角，与 Q27 的应用侧互补）"	move	10-aaos/04-vhal-integration.md	Q1	"VHAL 属性 get/set 抛 ""not writable at areaId"" 或 SecurityException——CarPropertyService 的两层校验是怎么做的？（服务侧视角，与 Q27 的应用侧互补）"	保留原题证据标注	06-system/02-OEM与设备差异.md#Q28	executor	migrated
06-system/02-OEM与设备差异.md	Q29	"VHAL 崩溃后整车服务什么表现？CarService 为什么会""自杀""重建？"	todo		d8b3d4fd5ae6a947	"VHAL 崩溃后整车服务什么表现？CarService 为什么会""自杀""重建？"	move	10-aaos/04-vhal-integration.md	Q2	"VHAL 崩溃后整车服务什么表现？CarService 为什么会""自杀""重建？"	保留原题证据标注	06-system/02-OEM与设备差异.md#Q29	executor	migrated
06-system/02-OEM与设备差异.md	Q30	"车速等连续属性上报频率低于配置、ON_CHANGE 属性""偶尔漏事件""——VHAL 订阅契约里哪些条款最容易被忽略？"	todo		2c88af7712d58af2	"车速等连续属性上报频率低于配置、ON_CHANGE 属性""偶尔漏事件""——VHAL 订阅契约里哪些条款最容易被忽略？"	move	10-aaos/04-vhal-integration.md	Q3	"车速等连续属性上报频率低于配置、ON_CHANGE 属性""偶尔漏事件""——VHAL 订阅契约里哪些条款最容易被忽略？"	保留原题证据标注	06-system/02-OEM与设备差异.md#Q30	executor	migrated
06-system/02-OEM与设备差异.md	Q31	挂 R 后倒车影像出得慢甚至黑屏——CarEvsService 的触发链有哪两条？延迟差在哪？	todo		8b2c5ec7c7ddd0c1	挂 R 后倒车影像出得慢甚至黑屏——CarEvsService 的触发链有哪两条？延迟差在哪？	move	10-aaos/03-car-services.md	Q11	挂 R 后倒车影像出得慢甚至黑屏——CarEvsService 的触发链有哪两条？延迟差在哪？	保留原题证据标注	06-system/02-OEM与设备差异.md#Q31	executor	migrated
06-system/02-OEM与设备差异.md	Q32	"仪表相关接口抛 ""Service is not enabled""、cluster UI 停更但不崩——ClusterHomeService 的机制要点是什么？"	todo		1e2f8b56b07f3014	"仪表相关接口抛 ""Service is not enabled""、cluster UI 停更但不崩——ClusterHomeService 的机制要点是什么？"	move	10-aaos/03-car-services.md	Q12	"仪表相关接口抛 ""Service is not enabled""、cluster UI 停更但不崩——ClusterHomeService 的机制要点是什么？"	保留原题证据标注	06-system/02-OEM与设备差异.md#Q32	executor	migrated
06-system/02-OEM与设备差异.md	Q33	HIDL VHAL 迁移到 AIDL 后 get/set 偶发超时、大数据传输失败——两代 VHAL 接口的契约差异有哪些？	todo		d013054400f9a33e	HIDL VHAL 迁移到 AIDL 后 get/set 偶发超时、大数据传输失败——两代 VHAL 接口的契约差异有哪些？	move	10-aaos/04-vhal-integration.md	Q4	HIDL VHAL 迁移到 AIDL 后 get/set 偶发超时、大数据传输失败——两代 VHAL 接口的契约差异有哪些？	保留原题证据标注	06-system/02-OEM与设备差异.md#Q33	executor	migrated
06-system/02-OEM与设备差异.md	Q34	"CarLauncher 里嵌入的地图""按返回后空白/打不开""——TaskView 嵌入任务有哪些官方修复案例？"	todo		5f719cba212692ad	"CarLauncher 里嵌入的地图""按返回后空白/打不开""——TaskView 嵌入任务有哪些官方修复案例？"	move	10-aaos/06-car-launcher.md	Q4	"CarLauncher 里嵌入的地图""按返回后空白/打不开""——TaskView 嵌入任务有哪些官方修复案例？"	保留原题证据标注	06-system/02-OEM与设备差异.md#Q34	executor	migrated
06-system/02-OEM与设备差异.md	Q35	SystemUI 崩溃重启后车机面板空白、rotary 旋钮失效——CarSystemUI 有哪些值得对照的官方修复与结构要点？	todo		b5db4f926ce360bb	SystemUI 崩溃重启后车机面板空白、rotary 旋钮失效——CarSystemUI 有哪些值得对照的官方修复与结构要点？	move	03-ui/06-aaos-ui.md	Q17	SystemUI 崩溃重启后车机面板空白、rotary 旋钮失效——CarSystemUI 有哪些值得对照的官方修复与结构要点？	保留原题证据标注	06-system/02-OEM与设备差异.md#Q35	executor	migrated
06-system/02-OEM与设备差异.md	Q36	驾驶分心限制（UXR）到底能禁什么？FULLY_RESTRICTED 的位标志清单是什么？	todo		ec9bb4bbe1d6619f	驾驶分心限制（UXR）到底能禁什么？FULLY_RESTRICTED 的位标志清单是什么？	move	03-ui/07-driving-safety.md	Q16	驾驶分心限制（UXR）到底能禁什么？FULLY_RESTRICTED 的位标志清单是什么？	保留原题证据标注	06-system/02-OEM与设备差异.md#Q36	executor	migrated
06-system/02-OEM与设备差异.md	Q37	OEM 怎么定制分心限制规则？为什么改了 car_ux_restrictions_map.xml 没立即生效？	todo		545137a7e897ba6c	OEM 怎么定制分心限制规则？为什么改了 car_ux_restrictions_map.xml 没立即生效？	move	03-ui/07-driving-safety.md	Q17	OEM 怎么定制分心限制规则？为什么改了 car_ux_restrictions_map.xml 没立即生效？	保留原题证据标注	06-system/02-OEM与设备差异.md#Q37	executor	migrated
06-system/02-OEM与设备差异.md	Q38	"行驶中打开应用被全屏遮罩挡住——系统怎么判定和阻断？""IDENTIFY_DISTRACTION 权限""是真的吗？"	todo		a4b491610de70f63	"行驶中打开应用被全屏遮罩挡住——系统怎么判定和阻断？""IDENTIFY_DISTRACTION 权限""是真的吗？"	move	03-ui/07-driving-safety.md	Q18	"行驶中打开应用被全屏遮罩挡住——系统怎么判定和阻断？""IDENTIFY_DISTRACTION 权限""是真的吗？"	保留原题证据标注	06-system/02-OEM与设备差异.md#Q38	executor	migrated
06-system/02-OEM与设备差异.md	Q39	AAOS 的 headless system user 是什么？切驾驶员的完整流程和失败语义是什么？	todo		73e7990be146682a	AAOS 的 headless system user 是什么？切驾驶员的完整流程和失败语义是什么？	move	10-aaos/05-car-power-users.md	Q2	AAOS 的 headless system user 是什么？切驾驶员的完整流程和失败语义是什么？	保留原题证据标注	06-system/02-OEM与设备差异.md#Q39	executor	migrated
06-system/02-OEM与设备差异.md	Q40	"OEM 服务在 AAOS 多用户下""切用户后消失/重复多份""——组件该跑在 system user 还是前台用户？"	todo		d3cb819b36c21c3c	"OEM 服务在 AAOS 多用户下""切用户后消失/重复多份""——组件该跑在 system user 还是前台用户？"	move	10-aaos/05-car-power-users.md	Q3	"OEM 服务在 AAOS 多用户下""切用户后消失/重复多份""——组件该跑在 system user 还是前台用户？"	保留原题证据标注	06-system/02-OEM与设备差异.md#Q40	executor	migrated
06-system/03-CarService服务速览.md	Q1	CarService 里除了电源/属性/音频这些核心服务，还有哪些系统服务？怎么快速建立全景？	todo		eef7a1305b284f12	CarService 里除了电源/属性/音频这些核心服务，还有哪些系统服务？怎么快速建立全景？	move	10-aaos/03-car-services.md	Q1	CarService 里除了电源/属性/音频这些核心服务，还有哪些系统服务？怎么快速建立全景？	保留原题证据标注	06-system/03-CarService服务速览.md#Q1	executor	migrated
06-system/03-CarService服务速览.md	Q2	"CarMediaService 管什么？""开机恢复上次媒体源""是怎么实现的？媒体应用要注意什么？"	todo		1fd128e2e8475862	"CarMediaService 管什么？""开机恢复上次媒体源""是怎么实现的？媒体应用要注意什么？"	move	10-aaos/03-car-services.md	Q2	"CarMediaService 管什么？""开机恢复上次媒体源""是怎么实现的？媒体应用要注意什么？"	保留原题证据标注	06-system/03-CarService服务速览.md#Q2	executor	migrated
06-system/03-CarService服务速览.md	Q3	"CarBluetoothService 管什么？""上车自动连蓝牙""的触发条件是什么？应用还能配优先级吗？"	todo		2489b8413f7ece5c	"CarBluetoothService 管什么？""上车自动连蓝牙""的触发条件是什么？应用还能配优先级吗？"	move	10-aaos/03-car-services.md	Q3	"CarBluetoothService 管什么？""上车自动连蓝牙""的触发条件是什么？应用还能配优先级吗？"	保留原题证据标注	06-system/03-CarService服务速览.md#Q3	executor	migrated
06-system/03-CarService服务速览.md	Q4	CarTelemetryService 是干什么的？为什么三方应用用不了？	todo		f91d164d6314d03d	CarTelemetryService 是干什么的？为什么三方应用用不了？	move	10-aaos/03-car-services.md	Q4	CarTelemetryService 是干什么的？为什么三方应用用不了？	保留原题证据标注	06-system/03-CarService服务速览.md#Q4	executor	migrated
06-system/03-CarService服务速览.md	Q5	"CarDiagnosticService 暴露什么数据？为什么""实现了也不一定有""？"	todo		bcf4eebe58d20e15	"CarDiagnosticService 暴露什么数据？为什么""实现了也不一定有""？"	move	10-aaos/03-car-services.md	Q5	"CarDiagnosticService 暴露什么数据？为什么""实现了也不一定有""？"	保留原题证据标注	06-system/03-CarService服务速览.md#Q5	executor	migrated
06-system/03-CarService服务速览.md	Q6	车机版的 bugreport 服务和标准 BugreportManager 有什么区别？	todo		3d07841429229cbb	车机版的 bugreport 服务和标准 BugreportManager 有什么区别？	move	10-aaos/03-car-services.md	Q6	车机版的 bugreport 服务和标准 BugreportManager 有什么区别？	保留原题证据标注	06-system/03-CarService服务速览.md#Q6	executor	migrated
06-system/03-CarService服务速览.md	Q7	"CarDevicePolicyService 管什么？""驾驶中限制拨出电话""是它做的吗？"	todo		e6a404e5faa4f89f	"CarDevicePolicyService 管什么？""驾驶中限制拨出电话""是它做的吗？"	move	10-aaos/03-car-services.md	Q7	"CarDevicePolicyService 管什么？""驾驶中限制拨出电话""是它做的吗？"	保留原题证据标注	06-system/03-CarService服务速览.md#Q7	executor	migrated
06-system/03-CarService服务速览.md	Q8	CarStorageMonitoringService 还能用吗？	todo		6bcad17781daae5d	CarStorageMonitoringService 还能用吗？	move	10-aaos/03-car-services.md	Q8	CarStorageMonitoringService 还能用吗？	保留原题证据标注	06-system/03-CarService服务速览.md#Q8	executor	migrated
06-system/03-CarService服务速览.md	Q9	CarProjectionService 是干什么的？手机互联（CarPlay/CarLife 类）方案和它什么关系？	todo		3409789563a2dce4	CarProjectionService 是干什么的？手机互联（CarPlay/CarLife 类）方案和它什么关系？	move	10-aaos/03-car-services.md	Q9	CarProjectionService 是干什么的？手机互联（CarPlay/CarLife 类）方案和它什么关系？	保留原题证据标注	06-system/03-CarService服务速览.md#Q9	executor	migrated
07-performance/01-流畅性.md	Q1	"用户反馈""页面有点卡""，为什么必须先区分渲染 jank、响应延迟与 ANR 三类工程口径，各自动用哪些证据？"	todo		b252d4b0dad02a30	"用户反馈""页面有点卡""，为什么必须先区分渲染 jank、响应延迟与 ANR 三类工程口径，各自动用哪些证据？"	keep	15-performance/01-smoothness.md	Q1	"用户反馈""页面有点卡""，为什么必须先区分渲染 jank、响应延迟与 ANR 三类工程口径，各自动用哪些证据？"	保留原题证据标注	07-performance/01-流畅性.md#Q1	executor	migrated
07-performance/01-流畅性.md	Q2	FrameTimeline 用什么结构记录一帧，`surface_frame_token` 与 `display_frame_token` 为什么不能互换？	todo		48dfb5a9b5920072	FrameTimeline 用什么结构记录一帧，`surface_frame_token` 与 `display_frame_token` 为什么不能互换？	keep	15-performance/01-smoothness.md	Q2	FrameTimeline 用什么结构记录一帧，`surface_frame_token` 与 `display_frame_token` 为什么不能互换？	保留原题证据标注	07-performance/01-流畅性.md#Q2	executor	migrated
07-performance/01-流畅性.md	Q3	JankType 位标志如何支撑 App、SurfaceFlinger 与 Display 三层归因，哪些标志在 AAOS13 里还不存在？	todo		a5540ce91398f890	JankType 位标志如何支撑 App、SurfaceFlinger 与 Display 三层归因，哪些标志在 AAOS13 里还不存在？	keep	15-performance/01-smoothness.md	Q3	JankType 位标志如何支撑 App、SurfaceFlinger 与 Display 三层归因，哪些标志在 AAOS13 里还不存在？	保留原题证据标注	07-performance/01-流畅性.md#Q3	executor	migrated
07-performance/01-流畅性.md	Q4	"`dequeueBuffer` 或 `queueBuffer` 变长为什么不能直接写成""SurfaceFlinger 正在合成""，buffer 背压如何传播延迟？"	todo		062fa170621f036e	"`dequeueBuffer` 或 `queueBuffer` 变长为什么不能直接写成""SurfaceFlinger 正在合成""，buffer 背压如何传播延迟？"	keep	15-performance/01-smoothness.md	Q4	"`dequeueBuffer` 或 `queueBuffer` 变长为什么不能直接写成""SurfaceFlinger 正在合成""，buffer 背压如何传播延迟？"	保留原题证据标注	07-performance/01-流畅性.md#Q4	executor	migrated
07-performance/01-流畅性.md	Q5	Android vitals 的慢帧与冻结帧阈值是什么口径，为什么不能替代逐帧 deadline 归因？	todo		51ce4058b11eadd7	Android vitals 的慢帧与冻结帧阈值是什么口径，为什么不能替代逐帧 deadline 归因？	keep	15-performance/01-smoothness.md	Q5	Android vitals 的慢帧与冻结帧阈值是什么口径，为什么不能替代逐帧 deadline 归因？	保留原题证据标注	07-performance/01-流畅性.md#Q5	executor	migrated
07-performance/01-流畅性.md	Q6	一次可靠的 FrameTimeline 单帧归因要按什么顺序取证据，为什么会把 Binder、GC 误判成根因？	todo		2765405c334f0a52	一次可靠的 FrameTimeline 单帧归因要按什么顺序取证据，为什么会把 Binder、GC 误判成根因？	keep	15-performance/01-smoothness.md	Q6	一次可靠的 FrameTimeline 单帧归因要按什么顺序取证据，为什么会把 Binder、GC 误判成根因？	保留原题证据标注	07-performance/01-流畅性.md#Q6	executor	migrated
07-performance/01-流畅性.md	Q7	Perfetto 的线程状态里 Runnable、Sleeping、Uninterruptible Sleep 各意味着什么，为什么 Runnable 不等于等锁、`D` 状态不等于磁盘 I/O？	todo		c2ad1feed035bf7e	Perfetto 的线程状态里 Runnable、Sleeping、Uninterruptible Sleep 各意味着什么，为什么 Runnable 不等于等锁、`D` 状态不等于磁盘 I/O？	keep	15-performance/01-smoothness.md	Q7	Perfetto 的线程状态里 Runnable、Sleeping、Uninterruptible Sleep 各意味着什么，为什么 Runnable 不等于等锁、`D` 状态不等于磁盘 I/O？	保留原题证据标注	07-performance/01-流畅性.md#Q7	executor	migrated
07-performance/01-流畅性.md	Q8	把同步 Binder 归为某帧卡顿根因需要什么证据，为什么只统计 Binder 次数无效？	todo		3a0548c01d76eca8	把同步 Binder 归为某帧卡顿根因需要什么证据，为什么只统计 Binder 次数无效？	keep	15-performance/01-smoothness.md	Q8	把同步 Binder 归为某帧卡顿根因需要什么证据，为什么只统计 Binder 次数无效？	保留原题证据标注	07-performance/01-流畅性.md#Q8	executor	migrated
07-performance/01-流畅性.md	Q9	列表滑动的拖动阶段与 fling 阶段驱动方式有何不同，RecyclerView 留在 trace 里的三组线索分别指向什么？	todo		9c8bce7d5513c02b	列表滑动的拖动阶段与 fling 阶段驱动方式有何不同，RecyclerView 留在 trace 里的三组线索分别指向什么？	keep	15-performance/01-smoothness.md	Q9	列表滑动的拖动阶段与 fling 阶段驱动方式有何不同，RecyclerView 留在 trace 里的三组线索分别指向什么？	保留原题证据标注	07-performance/01-流畅性.md#Q9	executor	migrated
07-performance/01-流畅性.md	Q10	"WeSing 歌房进房案例中，为什么根因不是""312 ms 的长方法""而是进房依赖没有分类？"	todo		72a168517fd4a66e	"WeSing 歌房进房案例中，为什么根因不是""312 ms 的长方法""而是进房依赖没有分类？"	keep	15-performance/01-smoothness.md	Q10	"WeSing 歌房进房案例中，为什么根因不是""312 ms 的长方法""而是进房依赖没有分类？"	保留原题证据标注	07-performance/01-流畅性.md#Q10	executor	migrated
07-performance/01-流畅性.md	Q11	"某版本升级后线程数增加约 30 个、卡顿率上升，如何把""线程变多""从相关性推进到调度根因？"	todo		67fa1a9eff0c4cfa	"某版本升级后线程数增加约 30 个、卡顿率上升，如何把""线程变多""从相关性推进到调度根因？"	keep	15-performance/01-smoothness.md	Q11	"某版本升级后线程数增加约 30 个、卡顿率上升，如何把""线程变多""从相关性推进到调度根因？"	保留原题证据标注	07-performance/01-流畅性.md#Q11	executor	migrated
07-performance/01-流畅性.md	Q12	App 侧没有长任务、SurfaceFlinger 的 GPU 合成区间却变长，这类卡顿在 Android 17 语境下如何重建证据链？	todo		09df0588de00775a	App 侧没有长任务、SurfaceFlinger 的 GPU 合成区间却变长，这类卡顿在 Android 17 语境下如何重建证据链？	keep	15-performance/01-smoothness.md	Q12	App 侧没有长任务、SurfaceFlinger 的 GPU 合成区间却变长，这类卡顿在 Android 17 语境下如何重建证据链？	保留原题证据标注	07-performance/01-流畅性.md#Q12	executor	migrated
07-performance/01-流畅性.md	Q13	长时间游戏后帧率波动，什么样的证据链才能把原因落到温控而不是巧合？	todo		055d869f81a48069	长时间游戏后帧率波动，什么样的证据链才能把原因落到温控而不是巧合？	keep	15-performance/01-smoothness.md	Q13	长时间游戏后帧率波动，什么样的证据链才能把原因落到温控而不是巧合？	保留原题证据标注	07-performance/01-流畅性.md#Q13	executor	migrated
07-performance/01-流畅性.md	Q14	"FrameTimeline 全绿为什么不能证明运动轨迹均匀，""无掉帧卡顿""应该怎样继续拆？"	todo		1ef0adc42940811b	"FrameTimeline 全绿为什么不能证明运动轨迹均匀，""无掉帧卡顿""应该怎样继续拆？"	keep	15-performance/01-smoothness.md	Q14	"FrameTimeline 全绿为什么不能证明运动轨迹均匀，""无掉帧卡顿""应该怎样继续拆？"	保留原题证据标注	07-performance/01-流畅性.md#Q14	executor	migrated
07-performance/01-流畅性.md	Q15	`OverScroller` 的 fling 轨迹里藏着哪三种离散化，120 Hz 下 8/9 ms 交替是随机抖动吗？	todo		5d97ec5e59153e07	`OverScroller` 的 fling 轨迹里藏着哪三种离散化，120 Hz 下 8/9 ms 交替是随机抖动吗？	keep	15-performance/01-smoothness.md	Q15	`OverScroller` 的 fling 轨迹里藏着哪三种离散化，120 Hz 下 8/9 ms 交替是随机抖动吗？	保留原题证据标注	07-performance/01-流畅性.md#Q15	executor	migrated
07-performance/01-流畅性.md	Q16	怎样量化一段滚动的步幅波动，为什么不能对减速 fling 直接计算 Δx 方差？	todo		385e18c7c35efb37	怎样量化一段滚动的步幅波动，为什么不能对减速 fling 直接计算 Δx 方差？	keep	15-performance/01-smoothness.md	Q16	怎样量化一段滚动的步幅波动，为什么不能对减速 fling 直接计算 Δx 方差？	保留原题证据标注	07-performance/01-流畅性.md#Q16	executor	migrated
07-performance/01-流畅性.md	Q17	"触摸重采样的 5 ms 回退与 8 ms 外推上限各是什么语义，""等于触摸固定慢 5 ms""错在哪？"	todo		a6b61c5746234502	"触摸重采样的 5 ms 回退与 8 ms 外推上限各是什么语义，""等于触摸固定慢 5 ms""错在哪？"	keep	15-performance/01-smoothness.md	Q17	"触摸重采样的 5 ms 回退与 8 ms 外推上限各是什么语义，""等于触摸固定慢 5 ms""错在哪？"	保留原题证据标注	07-performance/01-流畅性.md#Q17	executor	migrated
07-performance/01-流畅性.md	Q18	自有动画应该用什么时间基准，为什么 EMA 平滑和 Android 17 的 Buffer Stuffing Recovery 都不是通用修复？	todo		f2e2b8aaa34d743c	自有动画应该用什么时间基准，为什么 EMA 平滑和 Android 17 的 Buffer Stuffing Recovery 都不是通用修复？	keep	15-performance/01-smoothness.md	Q18	自有动画应该用什么时间基准，为什么 EMA 平滑和 Android 17 的 Buffer Stuffing Recovery 都不是通用修复？	保留原题证据标注	07-performance/01-流畅性.md#Q18	executor	migrated
07-performance/01-流畅性.md	Q19	"Android 17 的 SystemUI 有哪三个独立窗口入口，SceneContainer 为什么让""一张固定架构图""失效？"	todo		ee59a5505df80596	"Android 17 的 SystemUI 有哪三个独立窗口入口，SceneContainer 为什么让""一张固定架构图""失效？"	keep	15-performance/01-smoothness.md	Q19	"Android 17 的 SystemUI 有哪三个独立窗口入口，SceneContainer 为什么让""一张固定架构图""失效？"	保留原题证据标注	07-performance/01-流畅性.md#Q19	executor	migrated
07-performance/01-流畅性.md	Q20	通知从入库到显示经历哪些阶段，为什么异步绑定没有消除 UI 线程成本？	todo		083114339add866e	通知从入库到显示经历哪些阶段，为什么异步绑定没有消除 UI 线程成本？	keep	15-performance/01-smoothness.md	Q20	通知从入库到显示经历哪些阶段，为什么异步绑定没有消除 UI 线程成本？	保留原题证据标注	07-performance/01-流畅性.md#Q20	executor	migrated
07-performance/01-流畅性.md	Q21	"NSSL 的 `onMeasure` 为什么连 GONE 的子 View 也要测量，""屏幕上可见几条通知""与测量成本为什么不同？"	todo		ca385be6f23b88cd	"NSSL 的 `onMeasure` 为什么连 GONE 的子 View 也要测量，""屏幕上可见几条通知""与测量成本为什么不同？"	keep	15-performance/01-smoothness.md	Q21	"NSSL 的 `onMeasure` 为什么连 GONE 的子 View 也要测量，""屏幕上可见几条通知""与测量成本为什么不同？"	保留原题证据标注	07-performance/01-流畅性.md#Q21	executor	migrated
07-performance/01-流畅性.md	Q22	通知面板展开掉帧时，怎样证明责任在 SystemUI 而不是发布通知的应用？	todo		dc6897bc4e01ae19	通知面板展开掉帧时，怎样证明责任在 SystemUI 而不是发布通知的应用？	keep	15-performance/01-smoothness.md	Q22	通知面板展开掉帧时，怎样证明责任在 SystemUI 而不是发布通知的应用？	保留原题证据标注	07-performance/01-流畅性.md#Q22	executor	migrated
07-performance/01-流畅性.md	Q23	HWC 的 `DEVICE` 与 `CLIENT` 合成类型分别是什么，为什么看到 `DEVICE` 不能断言该 layer 独占一个物理 overlay plane？	todo		1c571a844043aecd	HWC 的 `DEVICE` 与 `CLIENT` 合成类型分别是什么，为什么看到 `DEVICE` 不能断言该 layer 独占一个物理 overlay plane？	keep	15-performance/01-smoothness.md	Q23	HWC 的 `DEVICE` 与 `CLIENT` 合成类型分别是什么，为什么看到 `DEVICE` 不能断言该 layer 独占一个物理 overlay plane？	保留原题证据标注	07-performance/01-流畅性.md#Q23	executor	migrated
07-performance/01-流畅性.md	Q24	Android 13 的 SurfaceFlinger 每帧怎样与 HWC 交互，`presentOrValidate` 的快速分支省掉了什么？	todo		df03c65bc39ae377	Android 13 的 SurfaceFlinger 每帧怎样与 HWC 交互，`presentOrValidate` 的快速分支省掉了什么？	keep	15-performance/01-smoothness.md	Q24	Android 13 的 SurfaceFlinger 每帧怎样与 HWC 交互，`presentOrValidate` 的快速分支省掉了什么？	保留原题证据标注	07-performance/01-流畅性.md#Q24	executor	migrated
07-performance/01-流畅性.md	Q25	SurfaceView 视频加半透明控制栏后画面从 `DEVICE` 变 `CLIENT`，如何设计单变量实验找出触发属性？	todo		0a84e60db8c22012	SurfaceView 视频加半透明控制栏后画面从 `DEVICE` 变 `CLIENT`，如何设计单变量实验找出触发属性？	keep	15-performance/01-smoothness.md	Q25	SurfaceView 视频加半透明控制栏后画面从 `DEVICE` 变 `CLIENT`，如何设计单变量实验找出触发属性？	保留原题证据标注	07-performance/01-流畅性.md#Q25	executor	migrated
07-performance/01-流畅性.md	Q26	Accessibility 的事件上报与节点查询为什么方向相反，`oneway` 为什么不等于零成本？	todo		568219b4a9758932	Accessibility 的事件上报与节点查询为什么方向相反，`oneway` 为什么不等于零成本？	keep	15-performance/01-smoothness.md	Q26	Accessibility 的事件上报与节点查询为什么方向相反，`oneway` 为什么不等于零成本？	保留原题证据标注	07-performance/01-流畅性.md#Q26	executor	migrated
07-performance/01-流畅性.md	Q27	一次无障碍节点查询会遍历整棵 View 树吗，AAOS13 源码里 prefetch 的上限与保护是什么？	todo		aa448d77b0b3615a	一次无障碍节点查询会遍历整棵 View 树吗，AAOS13 源码里 prefetch 的上限与保护是什么？	keep	15-performance/01-smoothness.md	Q27	一次无障碍节点查询会遍历整棵 View 树吗，AAOS13 源码里 prefetch 的上限与保护是什么？	保留原题证据标注	07-performance/01-流畅性.md#Q27	executor	migrated
07-performance/01-流畅性.md	Q28	应用侧做无障碍性能优化时，哪些做法安全、哪些会破坏语义，`minDurationBetweenContentChanges` 解决什么问题？	todo		7bec9bd3435e56da	应用侧做无障碍性能优化时，哪些做法安全、哪些会破坏语义，`minDurationBetweenContentChanges` 解决什么问题？	keep	15-performance/01-smoothness.md	Q28	应用侧做无障碍性能优化时，哪些做法安全、哪些会破坏语义，`minDurationBetweenContentChanges` 解决什么问题？	保留原题证据标注	07-performance/01-流畅性.md#Q28	executor	migrated
07-performance/01-流畅性.md	Q29	"ContentCapture 与 Autofill 都会读视图结构，两者的触发条件与线程路径差在哪，为什么不能统称""全树扫描""？"	todo		816e425b6a457c66	"ContentCapture 与 Autofill 都会读视图结构，两者的触发条件与线程路径差在哪，为什么不能统称""全树扫描""？"	keep	15-performance/01-smoothness.md	Q29	"ContentCapture 与 Autofill 都会读视图结构，两者的触发条件与线程路径差在哪，为什么不能统称""全树扫描""？"	保留原题证据标注	07-performance/01-流畅性.md#Q29	executor	migrated
07-performance/02-响应速度.md	Q1	"测量""点击响应慢""时，为什么按压反馈与点击结果要用不同的起点，event-to-photon 与 touch-to-photon 差在哪？"	todo		3fe791b307f12e52	"测量""点击响应慢""时，为什么按压反馈与点击结果要用不同的起点，event-to-photon 与 touch-to-photon 差在哪？"	keep	15-performance/02-responsiveness.md	Q1	"测量""点击响应慢""时，为什么按压反馈与点击结果要用不同的起点，event-to-photon 与 touch-to-photon 差在哪？"	保留原题证据标注	07-performance/02-响应速度.md#Q1	executor	migrated
07-performance/02-响应速度.md	Q2	一次触摸从内核到上屏经过哪些阶段，ACK 很快为什么不代表反馈已完成？	todo		a457013b66027396	一次触摸从内核到上屏经过哪些阶段，ACK 很快为什么不代表反馈已完成？	keep	15-performance/02-responsiveness.md	Q2	一次触摸从内核到上屏经过哪些阶段，ACK 很快为什么不代表反馈已完成？	保留原题证据标注	07-performance/02-响应速度.md#Q2	executor	migrated
07-performance/02-响应速度.md	Q3	AOSP 把性能问题分为 capacity 与 jitter 两类，这个分类如何决定优化方向和报告口径？	todo		2c1330102ec774a0	AOSP 把性能问题分为 capacity 与 jitter 两类，这个分类如何决定优化方向和报告口径？	keep	15-performance/02-responsiveness.md	Q3	AOSP 把性能问题分为 capacity 与 jitter 两类，这个分类如何决定优化方向和报告口径？	保留原题证据标注	07-performance/02-响应速度.md#Q3	executor	migrated
07-performance/02-响应速度.md	Q4	"Android Vitals 的慢帧、冻结帧、TTID/TTFD 各回答什么问题，ANR 为什么不能简化成""主线程超过某个时长""？"	todo		ae002680701fe936	"Android Vitals 的慢帧、冻结帧、TTID/TTFD 各回答什么问题，ANR 为什么不能简化成""主线程超过某个时长""？"	keep	15-performance/02-responsiveness.md	Q4	"Android Vitals 的慢帧、冻结帧、TTID/TTFD 各回答什么问题，ANR 为什么不能简化成""主线程超过某个时长""？"	保留原题证据标注	07-performance/02-响应速度.md#Q4	executor	migrated
07-performance/02-响应速度.md	Q5	同一应用内 `startActivity()` 的成本为什么差异巨大，Fragment 的 `commit()` 与 `commitNow()` 如何选择？	todo		beae366ad89379bd	同一应用内 `startActivity()` 的成本为什么差异巨大，Fragment 的 `commit()` 与 `commitNow()` 如何选择？	keep	15-performance/02-responsiveness.md	Q5	同一应用内 `startActivity()` 的成本为什么差异巨大，Fragment 的 `commit()` 与 `commitNow()` 如何选择？	保留原题证据标注	07-performance/02-响应速度.md#Q5	executor	migrated
07-performance/02-响应速度.md	Q6	ViewPager2 的 `offscreenPageLimit` 交换的是什么成本，`FragmentStateAdapter` 下数据加载应绑在哪个生命周期？	todo		7d50d9b7315be2b4	ViewPager2 的 `offscreenPageLimit` 交换的是什么成本，`FragmentStateAdapter` 下数据加载应绑在哪个生命周期？	keep	15-performance/02-responsiveness.md	Q6	ViewPager2 的 `offscreenPageLimit` 交换的是什么成本，`FragmentStateAdapter` 下数据加载应绑在哪个生命周期？	保留原题证据标注	07-performance/02-响应速度.md#Q6	executor	migrated
07-performance/02-响应速度.md	Q7	实时搜索的延迟由哪四段组成，debounce 与 `distinctUntilChanged` 各解决什么问题、边界在哪？	todo		990a1612bf6863ff	实时搜索的延迟由哪四段组成，debounce 与 `distinctUntilChanged` 各解决什么问题、边界在哪？	keep	15-performance/02-responsiveness.md	Q7	实时搜索的延迟由哪四段组成，debounce 与 `distinctUntilChanged` 各解决什么问题、边界在哪？	保留原题证据标注	07-performance/02-响应速度.md#Q7	executor	migrated
07-performance/02-响应速度.md	Q8	"Duolingo 案例""课程结束点击后等待长""的优化为什么有效，提前显示完成反馈的前提是什么？"	todo		16dca1cf4c174405	"Duolingo 案例""课程结束点击后等待长""的优化为什么有效，提前显示完成反馈的前提是什么？"	keep	15-performance/02-responsiveness.md	Q8	"Duolingo 案例""课程结束点击后等待长""的优化为什么有效，提前显示完成反馈的前提是什么？"	保留原题证据标注	07-performance/02-响应速度.md#Q8	executor	migrated
07-performance/02-响应速度.md	Q9	冷启动、温启动、热启动的判定依据是什么，为什么不能凭生命周期日志下结论？	todo		3d0c54543bea9159	冷启动、温启动、热启动的判定依据是什么，为什么不能凭生命周期日志下结论？	keep	15-performance/02-responsiveness.md	Q9	冷启动、温启动、热启动的判定依据是什么，为什么不能凭生命周期日志下结论？	保留原题证据标注	07-performance/02-响应速度.md#Q9	executor	migrated
07-performance/02-响应速度.md	Q10	TTID 与 TTFD 各自的语义与阈值是什么，`reportFullyDrawn()` 报早或报晚会发生什么？	todo		32f312a1a744a960	TTID 与 TTFD 各自的语义与阈值是什么，`reportFullyDrawn()` 报早或报晚会发生什么？	keep	15-performance/02-responsiveness.md	Q10	TTID 与 TTFD 各自的语义与阈值是什么，`reportFullyDrawn()` 报早或报晚会发生什么？	保留原题证据标注	07-performance/02-响应速度.md#Q10	executor	migrated
07-performance/02-响应速度.md	Q11	用 Binder trace 归因冷启动时，一笔同步事务的四段怎么分解，SystemServer 的 Binder 线程上限是多少？	todo		6d9c7e299aabc92d	用 Binder trace 归因冷启动时，一笔同步事务的四段怎么分解，SystemServer 的 Binder 线程上限是多少？	keep	15-performance/02-responsiveness.md	Q11	用 Binder trace 归因冷启动时，一笔同步事务的四段怎么分解，SystemServer 的 Binder 线程上限是多少？	保留原题证据标注	07-performance/02-响应速度.md#Q11	executor	migrated
07-performance/02-响应速度.md	Q12	目标进程被冻结时同步与 oneway 事务的内核行为差在哪，为什么 `server_dur = 0` 查不到 frozen rejection？	todo		a88f35b89459d611	目标进程被冻结时同步与 oneway 事务的内核行为差在哪，为什么 `server_dur = 0` 查不到 frozen rejection？	keep	15-performance/02-responsiveness.md	Q12	目标进程被冻结时同步与 oneway 事务的内核行为差在哪，为什么 `server_dur = 0` 查不到 frozen rejection？	保留原题证据标注	07-performance/02-响应速度.md#Q12	executor	migrated
07-performance/02-响应速度.md	Q13	"启动优化的正确推进顺序是什么，为什么""把任务移到后台""常常不算优化？"	todo		62af962943b55a8d	"启动优化的正确推进顺序是什么，为什么""把任务移到后台""常常不算优化？"	keep	15-performance/02-responsiveness.md	Q13	"启动优化的正确推进顺序是什么，为什么""把任务移到后台""常常不算优化？"	保留原题证据标注	07-performance/02-响应速度.md#Q13	executor	migrated
07-performance/02-响应速度.md	Q14	Jetpack App Startup 解决什么问题、边界在哪，第三方 ContentProvider 的自动初始化如何处置？	todo		f32d57975d0f2b5f	Jetpack App Startup 解决什么问题、边界在哪，第三方 ContentProvider 的自动初始化如何处置？	keep	15-performance/02-responsiveness.md	Q14	Jetpack App Startup 解决什么问题、边界在哪，第三方 ContentProvider 的自动初始化如何处置？	保留原题证据标注	07-performance/02-响应速度.md#Q14	executor	migrated
07-performance/02-响应速度.md	Q15	系统 SplashScreen 与自定义 Splash Activity 的差别在哪，`ViewStub` 与 `AsyncLayoutInflater` 的适用前提是什么？	todo		26a96bca55d5d403	系统 SplashScreen 与自定义 Splash Activity 的差别在哪，`ViewStub` 与 `AsyncLayoutInflater` 的适用前提是什么？	keep	15-performance/02-responsiveness.md	Q15	系统 SplashScreen 与自定义 Splash Activity 的差别在哪，`ViewStub` 与 `AsyncLayoutInflater` 的适用前提是什么？	保留原题证据标注	07-performance/02-响应速度.md#Q15	executor	migrated
07-performance/02-响应速度.md	Q16	Baseline Profile、Startup Profile 与 Cloud Profile 分别作用于什么阶段，生产案例的百分比为什么不能相加？	todo		06af3598fd41755f	Baseline Profile、Startup Profile 与 Cloud Profile 分别作用于什么阶段，生产案例的百分比为什么不能相加？	keep	15-performance/02-responsiveness.md	Q16	Baseline Profile、Startup Profile 与 Cloud Profile 分别作用于什么阶段，生产案例的百分比为什么不能相加？	保留原题证据标注	07-performance/02-响应速度.md#Q16	executor	migrated
07-performance/02-响应速度.md	Q17	协程切换为什么要拆成挂起恢复、dispatch 与内核上下文切换三种事件，如何量化调度成本？	todo		6eb47a1b26701316	协程切换为什么要拆成挂起恢复、dispatch 与内核上下文切换三种事件，如何量化调度成本？	keep	15-performance/02-responsiveness.md	Q17	协程切换为什么要拆成挂起恢复、dispatch 与内核上下文切换三种事件，如何量化调度成本？	保留原题证据标注	07-performance/02-响应速度.md#Q17	executor	migrated
07-performance/02-响应速度.md	Q18	四个标准 Dispatcher 各适合什么工作，`Dispatchers.IO.limitedParallelism(n)` 限制了什么、没限制什么？	todo		e0880818ac02bb58	四个标准 Dispatcher 各适合什么工作，`Dispatchers.IO.limitedParallelism(n)` 限制了什么、没限制什么？	keep	15-performance/02-responsiveness.md	Q18	四个标准 Dispatcher 各适合什么工作，`Dispatchers.IO.limitedParallelism(n)` 限制了什么、没限制什么？	保留原题证据标注	07-performance/02-响应速度.md#Q18	executor	migrated
07-performance/02-响应速度.md	Q19	结构化并发下 Job 的失败与取消如何传播，`viewModelScope` 与 `repeatOnLifecycle` 各自解决什么、不解决什么？	todo		8ca08debf9a4685f	结构化并发下 Job 的失败与取消如何传播，`viewModelScope` 与 `repeatOnLifecycle` 各自解决什么、不解决什么？	keep	15-performance/02-responsiveness.md	Q19	结构化并发下 Job 的失败与取消如何传播，`viewModelScope` 与 `repeatOnLifecycle` 各自解决什么、不解决什么？	保留原题证据标注	07-performance/02-响应速度.md#Q19	executor	migrated
07-performance/02-响应速度.md	Q20	默认 Flow、`buffer`、`conflate`、`collectLatest` 在慢消费者面前的行为差异是什么，`flowOn` 改变了什么边界？	todo		e14c897a0339b3b7	默认 Flow、`buffer`、`conflate`、`collectLatest` 在慢消费者面前的行为差异是什么，`flowOn` 改变了什么边界？	keep	15-performance/02-responsiveness.md	Q20	默认 Flow、`buffer`、`conflate`、`collectLatest` 在慢消费者面前的行为差异是什么，`flowOn` 改变了什么边界？	保留原题证据标注	07-performance/02-响应速度.md#Q20	executor	migrated
07-performance/02-响应速度.md	Q21	一次 Keystore 签名实际分几段，为什么耗时埋点只包住 `sign()` 会漏掉大头，`Cipher.init()` 期间发生了什么？	todo		29e9e657f2bf4c9a	一次 Keystore 签名实际分几段，为什么耗时埋点只包住 `sign()` 会漏掉大头，`Cipher.init()` 期间发生了什么？	keep	15-performance/02-responsiveness.md	Q21	一次 Keystore 签名实际分几段，为什么耗时埋点只包住 `sign()` 会漏掉大头，`Cipher.init()` 期间发生了什么？	保留原题证据标注	07-performance/02-响应速度.md#Q21	executor	migrated
07-performance/02-响应速度.md	Q22	`setUserAuthenticationRequired(true)` 的 per-use 与 time-based 密钥流程差在哪，`CryptoObject` 为什么必须用认证回调返回的同一对象？	todo		acad5989fddef7ba	`setUserAuthenticationRequired(true)` 的 per-use 与 time-based 密钥流程差在哪，`CryptoObject` 为什么必须用认证回调返回的同一对象？	keep	15-performance/02-responsiveness.md	Q22	`setUserAuthenticationRequired(true)` 的 per-use 与 time-based 密钥流程差在哪，`CryptoObject` 为什么必须用认证回调返回的同一对象？	保留原题证据标注	07-performance/02-响应速度.md#Q22	executor	migrated
07-performance/02-响应速度.md	Q23	StrongBox 与 TEE 的选择是性能问题吗，slot 用尽时系统如何处置、应用该怎么避免？	todo		d44bca0f5efb10b5	StrongBox 与 TEE 的选择是性能问题吗，slot 用尽时系统如何处置、应用该怎么避免？	keep	15-performance/02-responsiveness.md	Q23	StrongBox 与 TEE 的选择是性能问题吗，slot 用尽时系统如何处置、应用该怎么避免？	保留原题证据标注	07-performance/02-响应速度.md#Q23	executor	migrated
07-performance/02-响应速度.md	Q24	BiometricPrompt 从调用到回调跨哪些进程，依赖方应用能稳定观测什么、不能声称观测什么？	todo		40fc1bd659f64f76	BiometricPrompt 从调用到回调跨哪些进程，依赖方应用能稳定观测什么、不能声称观测什么？	keep	15-performance/02-responsiveness.md	Q24	BiometricPrompt 从调用到回调跨哪些进程，依赖方应用能稳定观测什么、不能声称观测什么？	保留原题证据标注	07-performance/02-响应速度.md#Q24	executor	migrated
07-performance/02-响应速度.md	Q25	推送慢可能指哪五件事，为什么没有一个公开 API 能用同一时钟记录全链路？	todo		b4e82ea939980269	推送慢可能指哪五件事，为什么没有一个公开 API 能用同一时钟记录全链路？	keep	15-performance/02-responsiveness.md	Q25	推送慢可能指哪五件事，为什么没有一个公开 API 能用同一时钟记录全链路？	保留原题证据标注	07-performance/02-响应速度.md#Q25	executor	migrated
07-performance/02-响应速度.md	Q26	FCM 的 high priority 承诺了什么、没承诺什么，`onMessageReceived()` 里能做多少事？	todo		efbdbdf87abc28c1	FCM 的 high priority 承诺了什么、没承诺什么，`onMessageReceived()` 里能做多少事？	keep	15-performance/02-responsiveness.md	Q26	FCM 的 high priority 承诺了什么、没承诺什么，`onMessageReceived()` 里能做多少事？	保留原题证据标注	07-performance/02-响应速度.md#Q26	executor	migrated
07-performance/02-响应速度.md	Q27	`notify()` 返回前后分别发生什么，NMS 的限速是怎么算的，SystemUI 侧的成本来自哪？	todo		646392e18f9d75c9	`notify()` 返回前后分别发生什么，NMS 的限速是怎么算的，SystemUI 侧的成本来自哪？	keep	15-performance/02-responsiveness.md	Q27	`notify()` 返回前后分别发生什么，NMS 的限速是怎么算的，SystemUI 侧的成本来自哪？	保留原题证据标注	07-performance/02-响应速度.md#Q27	executor	migrated
07-performance/02-响应速度.md	Q28	Play Integrity 的 Standard 与 Classic 请求差在哪，prepare 阶段该放在什么时候？	todo		bd54c848bcad96a2	Play Integrity 的 Standard 与 Classic 请求差在哪，prepare 阶段该放在什么时候？	keep	15-performance/02-responsiveness.md	Q28	Play Integrity 的 Standard 与 Classic 请求差在哪，prepare 阶段该放在什么时候？	保留原题证据标注	07-performance/02-响应速度.md#Q28	executor	migrated
07-performance/02-响应速度.md	Q29	`requestHash`（Classic 的 nonce）要满足什么条件，服务端解密后还要检查哪些项？	todo		d2626fcb3b372b3c	`requestHash`（Classic 的 nonce）要满足什么条件，服务端解密后还要检查哪些项？	keep	15-performance/02-responsiveness.md	Q29	`requestHash`（Classic 的 nonce）要满足什么条件，服务端解密后还要检查哪些项？	保留原题证据标注	07-performance/02-响应速度.md#Q29	executor	migrated
07-performance/02-响应速度.md	Q30	Play Integrity 的端到端延迟怎么拆，重试、修复对话框与观测各要注意什么？	todo		bbf273e45cd81d10	Play Integrity 的端到端延迟怎么拆，重试、修复对话框与观测各要注意什么？	keep	15-performance/02-responsiveness.md	Q30	Play Integrity 的端到端延迟怎么拆，重试、修复对话框与观测各要注意什么？	保留原题证据标注	07-performance/02-响应速度.md#Q30	executor	migrated
07-performance/03-ANR.md	Q1	system_server 处理一条应用 ANR 经过哪几层？为什么报告处理要异步排队、可能只转储目标进程自身？	todo		7d02aaabb7e247fc	system_server 处理一条应用 ANR 经过哪几层？为什么报告处理要异步排队、可能只转储目标进程自身？	keep	15-performance/03-anr.md	Q1	system_server 处理一条应用 ANR 经过哪几层？为什么报告处理要异步排队、可能只转储目标进程自身？	保留原题证据标注	07-performance/03-ANR.md#Q1	executor	migrated
07-performance/03-ANR.md	Q2	system_server 的 Watchdog 与应用 ANR 有什么区别？AAOS13 的 pre-watchdog 抓栈发生在什么时刻？	todo		1aead250f7bd8c2d	system_server 的 Watchdog 与应用 ANR 有什么区别？AAOS13 的 pre-watchdog 抓栈发生在什么时刻？	keep	15-performance/03-anr.md	Q2	system_server 的 Watchdog 与应用 ANR 有什么区别？AAOS13 的 pre-watchdog 抓栈发生在什么时刻？	保留原题证据标注	07-performance/03-ANR.md#Q2	executor	migrated
07-performance/03-ANR.md	Q3	"Input connection ANR 从哪个动作开始计时？报告里的""队首事件""能当作触发超时的那条事件吗？"	todo		ded210ea15fd3ad5	"Input connection ANR 从哪个动作开始计时？报告里的""队首事件""能当作触发超时的那条事件吗？"	keep	15-performance/03-anr.md	Q3	"Input connection ANR 从哪个动作开始计时？报告里的""队首事件""能当作触发超时的那条事件吗？"	保留原题证据标注	07-performance/03-ANR.md#Q3	executor	migrated
07-performance/03-ANR.md	Q4	"Application does not have a focused window 指向什么问题？为什么不能按""点击事件处理超过 5 秒""来排查？"	todo		6e2a67c47b287b85	"Application does not have a focused window 指向什么问题？为什么不能按""点击事件处理超过 5 秒""来排查？"	keep	15-performance/03-anr.md	Q4	"Application does not have a focused window 指向什么问题？为什么不能按""点击事件处理超过 5 秒""来排查？"	保留原题证据标注	07-performance/03-ANR.md#Q4	executor	migrated
07-performance/03-ANR.md	Q5	"execute-service ANR 的""前台 20 秒""和前台服务（FGS）是什么关系？"	todo		5fce9b97fe128f5d	"execute-service ANR 的""前台 20 秒""和前台服务（FGS）是什么关系？"	keep	15-performance/03-anr.md	Q5	"execute-service ANR 的""前台 20 秒""和前台服务（FGS）是什么关系？"	保留原题证据标注	07-performance/03-ANR.md#Q5	executor	migrated
07-performance/03-ANR.md	Q6	前台服务相关的超时有哪几类结果？shortService 和 dataSync 超时算 ANR 吗？	todo		61949de1839f9cd1	前台服务相关的超时有哪几类结果？shortService 和 dataSync 超时算 ANR 吗？	keep	15-performance/03-anr.md	Q6	前台服务相关的超时有哪几类结果？shortService 和 dataSync 超时算 ANR 吗？	保留原题证据标注	07-performance/03-ANR.md#Q6	executor	migrated
07-performance/03-ANR.md	Q7	JobService 有哪几条互相独立的时间线？job 被系统停止本身算 ANR 吗？	todo		77c7a5ddf3838658	JobService 有哪几条互相独立的时间线？job 被系统停止本身算 ANR 吗？	keep	15-performance/03-anr.md	Q7	JobService 有哪几条互相独立的时间线？job 被系统停止本身算 ANR 吗？	保留原题证据标注	07-performance/03-ANR.md#Q7	executor	migrated
07-performance/03-ANR.md	Q8	EventLog 的 am_anr、ANR trace、DropBox 三类产物各回答什么？应用侧能回捞到多少？	todo		f76d098a7a91767f	EventLog 的 am_anr、ANR trace、DropBox 三类产物各回答什么？应用侧能回捞到多少？	keep	15-performance/03-anr.md	Q8	EventLog 的 am_anr、ANR trace、DropBox 三类产物各回答什么？应用侧能回捞到多少？	保留原题证据标注	07-performance/03-ANR.md#Q8	executor	migrated
07-performance/03-ANR.md	Q9	系统发 SIGQUIT、ART 写 traces.txt的说法现在还准确吗？	todo		f85c44cac5857172	系统发 SIGQUIT、ART 写 traces.txt的说法现在还准确吗？	keep	15-performance/03-anr.md	Q9	系统发 SIGQUIT、ART 写 traces.txt的说法现在还准确吗？	保留原题证据标注	07-performance/03-ANR.md#Q9	executor	migrated
07-performance/03-ANR.md	Q10	ANR trace 里出现的进程都是 Binder 对端吗？什么情况下采集范围会缩小？	todo		475663af1d46ef61	ANR trace 里出现的进程都是 Binder 对端吗？什么情况下采集范围会缩小？	keep	15-performance/03-anr.md	Q10	ANR trace 里出现的进程都是 Binder 对端吗？什么情况下采集范围会缩小？	保留原题证据标注	07-performance/03-ANR.md#Q10	executor	migrated
07-performance/03-ANR.md	Q11	同一段线程栈里的 ART 状态、Linux 状态和 Java 栈怎么区分解读？	todo		7fd421436bae6c0f	同一段线程栈里的 ART 状态、Linux 状态和 Java 栈怎么区分解读？	keep	15-performance/03-anr.md	Q11	同一段线程栈里的 ART 状态、Linux 状态和 Java 栈怎么区分解读？	保留原题证据标注	07-performance/03-ANR.md#Q11	executor	migrated
07-performance/03-ANR.md	Q12	怎样从两段线程栈判断死锁？ART 的 tid 和 Perfetto 的 TID 有什么区别？	todo		364f58158b30b0bb	怎样从两段线程栈判断死锁？ART 的 tid 和 Perfetto 的 TID 有什么区别？	keep	15-performance/03-anr.md	Q12	怎样从两段线程栈判断死锁？ART 的 tid 和 Perfetto 的 TID 有什么区别？	保留原题证据标注	07-performance/03-ANR.md#Q12	executor	migrated
07-performance/03-ANR.md	Q13	主线程栈停在 nativePollOnce 能证明它空闲吗？为什么要用采集延迟校准？	todo		6248820f52758d48	主线程栈停在 nativePollOnce 能证明它空闲吗？为什么要用采集延迟校准？	keep	15-performance/03-anr.md	Q13	主线程栈停在 nativePollOnce 能证明它空闲吗？为什么要用采集延迟校准？	保留原题证据标注	07-performance/03-ANR.md#Q13	executor	migrated
07-performance/03-ANR.md	Q14	ANR 报告里的 CPU 百分比、Load 和 PSI 分别能说明什么、不能说明什么？	todo		290688733f67df24	ANR 报告里的 CPU 百分比、Load 和 PSI 分别能说明什么、不能说明什么？	keep	15-performance/03-anr.md	Q14	ANR 报告里的 CPU 百分比、Load 和 PSI 分别能说明什么、不能说明什么？	保留原题证据标注	07-performance/03-ANR.md#Q14	executor	migrated
07-performance/03-ANR.md	Q15	SharedPreferences.apply() 已经返回，哪些组件边界还会替它等待写盘？	todo		3e6fbad20f4b9531	SharedPreferences.apply() 已经返回，哪些组件边界还会替它等待写盘？	keep	15-performance/03-anr.md	Q15	SharedPreferences.apply() 已经返回，哪些组件边界还会替它等待写盘？	保留原题证据标注	07-performance/03-ANR.md#Q15	executor	migrated
07-performance/03-ANR.md	Q16	A 调 B、B 回调 A为什么不算死锁？看到 15 条 Binder 线程能断定线程池耗尽吗？	todo		a524d006cf69ad2f	A 调 B、B 回调 A为什么不算死锁？看到 15 条 Binder 线程能断定线程池耗尽吗？	keep	15-performance/03-anr.md	Q16	A 调 B、B 回调 A为什么不算死锁？看到 15 条 Binder 线程能断定线程池耗尽吗？	保留原题证据标注	07-performance/03-ANR.md#Q16	executor	migrated
07-performance/03-ANR.md	Q17	怀疑进程被 Cached Apps Freezer 冻结导致输入 ANR，证据链怎么建？	todo		eb0b7e1283bcccbc	怀疑进程被 Cached Apps Freezer 冻结导致输入 ANR，证据链怎么建？	keep	15-performance/03-anr.md	Q17	怀疑进程被 Cached Apps Freezer 冻结导致输入 ANR，证据链怎么建？	保留原题证据标注	07-performance/03-ANR.md#Q17	executor	migrated
07-performance/03-ANR.md	Q18	ANR 根因结论的证据分级怎么定？	todo		cb792097f4c2cdea	ANR 根因结论的证据分级怎么定？	keep	15-performance/03-anr.md	Q18	ANR 根因结论的证据分级怎么定？	保留原题证据标注	07-performance/03-ANR.md#Q18	executor	migrated
07-performance/03-ANR.md	Q19	慢消息日志与 ANR 时间差了 52 秒，为什么不能据此归因？	todo		010873444aa008dd	慢消息日志与 ANR 时间差了 52 秒，为什么不能据此归因？	keep	15-performance/03-anr.md	Q19	慢消息日志与 ANR 时间差了 52 秒，为什么不能据此归因？	保留原题证据标注	07-performance/03-ANR.md#Q19	executor	migrated
07-performance/03-ANR.md	Q20	am_process_start_timeout 能证明 Application.onCreate() 太慢吗？	todo		2b065ff45d219942	am_process_start_timeout 能证明 Application.onCreate() 太慢吗？	keep	15-performance/03-anr.md	Q20	am_process_start_timeout 能证明 Application.onCreate() 太慢吗？	保留原题证据标注	07-performance/03-ANR.md#Q20	executor	migrated
07-performance/03-ANR.md	Q21	NotificationManager.notify() 是异步的吗？发布线程在等 system_server 做什么？	todo		72c6f44a898c4248	NotificationManager.notify() 是异步的吗？发布线程在等 system_server 做什么？	keep	15-performance/03-anr.md	Q21	NotificationManager.notify() 是异步的吗？发布线程在等 system_server 做什么？	保留原题证据标注	07-performance/03-ANR.md#Q21	executor	migrated
07-performance/03-ANR.md	Q22	通知更新被限流丢弃时应用能收到失败回调吗？限流的判定单位是什么？	todo		925a47c92ebce5e9	通知更新被限流丢弃时应用能收到失败回调吗？限流的判定单位是什么？	keep	15-performance/03-anr.md	Q22	通知更新被限流丢弃时应用能收到失败回调吗？限流的判定单位是什么？	保留原题证据标注	07-performance/03-ANR.md#Q22	executor	migrated
07-performance/03-ANR.md	Q23	NotificationListenerService 的回调跑在哪个线程？在回调里查数据库会怎样？	todo		9480270eda92d80b	NotificationListenerService 的回调跑在哪个线程？在回调里查数据库会怎样？	keep	15-performance/03-anr.md	Q23	NotificationListenerService 的回调跑在哪个线程？在回调里查数据库会怎样？	保留原题证据标注	07-performance/03-ANR.md#Q23	executor	migrated
07-performance/03-ANR.md	Q24	ContentProvider 的 10 秒、20 秒、3 秒、23 秒分别计什么？哪一条会真正产生 ANR？	todo		a442257561659f5d	ContentProvider 的 10 秒、20 秒、3 秒、23 秒分别计什么？哪一条会真正产生 ANR？	keep	15-performance/03-anr.md	Q24	ContentProvider 的 10 秒、20 秒、3 秒、23 秒分别计什么？哪一条会真正产生 ANR？	保留原题证据标注	07-performance/03-ANR.md#Q24	executor	migrated
07-performance/03-ANR.md	Q25	ContentProviderClient.setDetectNotResponding() 配置后，检测是如何运行的？为什么普通应用不能把它当通用超时？	todo		cee81cb1f2ac018b	ContentProviderClient.setDetectNotResponding() 配置后，检测是如何运行的？为什么普通应用不能把它当通用超时？	keep	15-performance/03-anr.md	Q25	ContentProviderClient.setDetectNotResponding() 配置后，检测是如何运行的？为什么普通应用不能把它当通用超时？	保留原题证据标注	07-performance/03-ANR.md#Q25	executor	migrated
07-performance/03-ANR.md	Q26	Android 17 的 ANR 预警回调提供什么信息？有哪些边界？AAOS13 能用吗？	todo		812784ce494cb4a1	Android 17 的 ANR 预警回调提供什么信息？有哪些边界？AAOS13 能用吗？	keep	15-performance/03-anr.md	Q26	Android 17 的 ANR 预警回调提供什么信息？有哪些边界？AAOS13 能用吗？	保留原题证据标注	07-performance/03-ANR.md#Q26	executor	migrated
07-performance/03-ANR.md	Q27	Android 17 的预警覆盖为什么小于 AnrTypes 的 11 个枚举？no-focused-window 的预警时刻怎么算？	todo		d29fc58df0b16516	Android 17 的预警覆盖为什么小于 AnrTypes 的 11 个枚举？no-focused-window 的预警时刻怎么算？	keep	15-performance/03-anr.md	Q27	Android 17 的预警覆盖为什么小于 AnrTypes 的 11 个枚举？no-focused-window 的预警时刻怎么算？	保留原题证据标注	07-performance/03-ANR.md#Q27	executor	migrated
07-performance/03-ANR.md	Q28	warning 的 anrId 与最终 ANR 如何关联？多进程应用为什么会收到重复通知？	todo		6f0292694372e837	warning 的 anrId 与最终 ANR 如何关联？多进程应用为什么会收到重复通知？	keep	15-performance/03-anr.md	Q28	warning 的 anrId 与最终 ANR 如何关联？多进程应用为什么会收到重复通知？	保留原题证据标注	07-performance/03-ANR.md#Q28	executor	migrated
07-performance/04-内存性能.md	Q1	Debug.MemoryInfo 的 App Summary 口径是什么？为什么 getProcessMemoryInfo() 不能高频调用？	todo		e29036a0710854a1	Debug.MemoryInfo 的 App Summary 口径是什么？为什么 getProcessMemoryInfo() 不能高频调用？	keep	15-performance/04-memory-performance.md	Q1	Debug.MemoryInfo 的 App Summary 口径是什么？为什么 getProcessMemoryInfo() 不能高频调用？	保留原题证据标注	07-performance/04-内存性能.md#Q1	executor	migrated
07-performance/04-内存性能.md	Q2	heap dump 的 Shallow Size、Retained Size、GC Root path 各回答什么？怎样做一次可复现的泄漏检查？	todo		12962128e00790f8	heap dump 的 Shallow Size、Retained Size、GC Root path 各回答什么？怎样做一次可复现的泄漏检查？	keep	15-performance/04-memory-performance.md	Q2	heap dump 的 Shallow Size、Retained Size、GC Root path 各回答什么？怎样做一次可复现的泄漏检查？	保留原题证据标注	07-performance/04-内存性能.md#Q2	executor	migrated
07-performance/04-内存性能.md	Q3	heapprofd 能回答什么、不能回答什么？	todo		0364c74544104316	heapprofd 能回答什么、不能回答什么？	keep	15-performance/04-memory-performance.md	Q3	heapprofd 能回答什么、不能回答什么？	保留原题证据标注	07-performance/04-内存性能.md#Q3	executor	migrated
07-performance/04-内存性能.md	Q4	Native Heap RSS 减 heapprofd unreleased 等于碎片为什么不成立？	todo		285fa5de408bbd5b	Native Heap RSS 减 heapprofd unreleased 等于碎片为什么不成立？	keep	15-performance/04-memory-performance.md	Q4	Native Heap RSS 减 heapprofd unreleased 等于碎片为什么不成立？	保留原题证据标注	07-performance/04-内存性能.md#Q4	executor	migrated
07-performance/04-内存性能.md	Q5	"Java OOM 的崩溃点栈为什么回答不了""内存被谁占用""？线上 Hprof 方案的关键环节是什么？"	todo		01983725b7bff72e	"Java OOM 的崩溃点栈为什么回答不了""内存被谁占用""？线上 Hprof 方案的关键环节是什么？"	keep	15-performance/04-memory-performance.md	Q5	"Java OOM 的崩溃点栈为什么回答不了""内存被谁占用""？线上 Hprof 方案的关键环节是什么？"	保留原题证据标注	07-performance/04-内存性能.md#Q5	executor	migrated
07-performance/04-内存性能.md	Q6	像 renderD128 映射增长这类 GPU 驱动侧 OOM，排查方法有什么可迁移的？	todo		2de2bcf5a23229dc	像 renderD128 映射增长这类 GPU 驱动侧 OOM，排查方法有什么可迁移的？	keep	15-performance/04-memory-performance.md	Q6	像 renderD128 映射增长这类 GPU 驱动侧 OOM，排查方法有什么可迁移的？	保留原题证据标注	07-performance/04-内存性能.md#Q6	executor	migrated
07-performance/04-内存性能.md	Q7	低内存的性能损失为什么没有固定顺序？不同页面的回收成本差在哪？	todo		629c4c847893799e	低内存的性能损失为什么没有固定顺序？不同页面的回收成本差在哪？	keep	15-performance/04-memory-performance.md	Q7	低内存的性能损失为什么没有固定顺序？不同页面的回收成本差在哪？	保留原题证据标注	07-performance/04-内存性能.md#Q7	executor	migrated
07-performance/04-内存性能.md	Q8	LowMemDetector 和 lmkd 都消费 PSI，它们的分工是什么？	todo		5c776f39b9088532	LowMemDetector 和 lmkd 都消费 PSI，它们的分工是什么？	keep	15-performance/04-memory-performance.md	Q8	LowMemDetector 和 lmkd 都消费 PSI，它们的分工是什么？	保留原题证据标注	07-performance/04-内存性能.md#Q8	executor	migrated
07-performance/04-内存性能.md	Q9	lmkd kill 之后的性能损失怎么量化？	todo		8404456d121cea8c	lmkd kill 之后的性能损失怎么量化？	keep	15-performance/04-memory-performance.md	Q9	lmkd kill 之后的性能损失怎么量化？	保留原题证据标注	07-performance/04-内存性能.md#Q9	executor	migrated
07-performance/04-内存性能.md	Q10	全局内存压力会直接改变前台应用的 GC 行为吗？	todo		23a0e4117bb94215	全局内存压力会直接改变前台应用的 GC 行为吗？	keep	15-performance/04-memory-performance.md	Q10	全局内存压力会直接改变前台应用的 GC 行为吗？	保留原题证据标注	07-performance/04-内存性能.md#Q10	executor	migrated
07-performance/04-内存性能.md	Q11	低内存拖慢冷启动的证据链怎么建？以 682 ms 与 624 ms 的对比案例说明。	todo		2003cf0e171a4683	低内存拖慢冷启动的证据链怎么建？以 682 ms 与 624 ms 的对比案例说明。	keep	15-performance/04-memory-performance.md	Q11	低内存拖慢冷启动的证据链怎么建？以 682 ms 与 624 ms 的对比案例说明。	保留原题证据标注	07-performance/04-内存性能.md#Q11	executor	migrated
07-performance/04-内存性能.md	Q12	ZRAM、MGLRU 和回收事件观测有哪些设备与版本边界？	todo		be39f4f061c3bfbd	ZRAM、MGLRU 和回收事件观测有哪些设备与版本边界？	keep	15-performance/04-memory-performance.md	Q12	ZRAM、MGLRU 和回收事件观测有哪些设备与版本边界？	保留原题证据标注	07-performance/04-内存性能.md#Q12	executor	migrated
07-performance/04-内存性能.md	Q13	内存抖动、泄漏、缓存增长在曲线上怎么区分？	todo		685ef7e01062e2e0	内存抖动、泄漏、缓存增长在曲线上怎么区分？	keep	15-performance/04-memory-performance.md	Q13	内存抖动、泄漏、缓存增长在曲线上怎么区分？	保留原题证据标注	07-performance/04-内存性能.md#Q13	executor	migrated
07-performance/04-内存性能.md	Q14	TLAB 让分配很快，为什么高频分配仍然会拖慢帧？	todo		808452c6531700dc	TLAB 让分配很快，为什么高频分配仍然会拖慢帧？	keep	15-performance/04-memory-performance.md	Q14	TLAB 让分配很快，为什么高频分配仍然会拖慢帧？	保留原题证据标注	07-performance/04-内存性能.md#Q14	executor	migrated
07-performance/04-内存性能.md	Q15	常见的 Java 分配热点有哪些？各自怎么证实和修？	todo		0ae241d82a032ba2	常见的 Java 分配热点有哪些？各自怎么证实和修？	keep	15-performance/04-memory-performance.md	Q15	常见的 Java 分配热点有哪些？各自怎么证实和修？	保留原题证据标注	07-performance/04-内存性能.md#Q15	executor	migrated
07-performance/04-内存性能.md	Q16	Java/Kotlin 分配和 GC 在开发期与线上怎么观测？能复制 BinderInternal.GcWatcher 吗？	todo		59d3ff26bc2d42b6	Java/Kotlin 分配和 GC 在开发期与线上怎么观测？能复制 BinderInternal.GcWatcher 吗？	keep	15-performance/04-memory-performance.md	Q16	Java/Kotlin 分配和 GC 在开发期与线上怎么观测？能复制 BinderInternal.GcWatcher 吗？	保留原题证据标注	07-performance/04-内存性能.md#Q16	executor	migrated
07-performance/04-内存性能.md	Q17	Compose 的内存抖动怎么治理？remember、strong skipping、derivedStateOf 各解决什么？	todo		d4a53a551411a7ff	Compose 的内存抖动怎么治理？remember、strong skipping、derivedStateOf 各解决什么？	keep	15-performance/04-memory-performance.md	Q17	Compose 的内存抖动怎么治理？remember、strong skipping、derivedStateOf 各解决什么？	保留原题证据标注	07-performance/04-内存性能.md#Q17	executor	migrated
07-performance/04-内存性能.md	Q18	为什么图形内存没有一个统一数字？四类工具各回答什么、为什么不能相加？	todo		eb67ff2918f98a30	为什么图形内存没有一个统一数字？四类工具各回答什么、为什么不能相加？	keep	15-performance/04-memory-performance.md	Q18	为什么图形内存没有一个统一数字？四类工具各回答什么、为什么不能相加？	保留原题证据标注	07-performance/04-内存性能.md#Q18	executor	migrated
07-performance/04-内存性能.md	Q19	dumpsys meminfo 的 Graphics 摘要由什么组成？Graphics 为 0 说明没有 GPU 内存吗？	todo		a845bf7f9f642172	dumpsys meminfo 的 Graphics 摘要由什么组成？Graphics 为 0 说明没有 GPU 内存吗？	keep	15-performance/04-memory-performance.md	Q19	dumpsys meminfo 的 Graphics 摘要由什么组成？Graphics 为 0 说明没有 GPU 内存吗？	保留原题证据标注	07-performance/04-内存性能.md#Q19	executor	migrated
07-performance/04-内存性能.md	Q20	dumpsys gpu --gpumem 和 Perfetto 的 android.gpu.memory 怎么配合使用？	todo		028869cfc4d9ea98	dumpsys gpu --gpumem 和 Perfetto 的 android.gpu.memory 怎么配合使用？	keep	15-performance/04-memory-performance.md	Q20	dumpsys gpu --gpumem 和 Perfetto 的 android.gpu.memory 怎么配合使用？	保留原题证据标注	07-performance/04-内存性能.md#Q20	executor	migrated
07-performance/04-内存性能.md	Q21	进程 fd、sysfs、debugfs 三个 DMA-BUF 入口怎么分工？进程 fd 大小总和能当系统物理占用吗？	todo		e8fe6e92849975bc	进程 fd、sysfs、debugfs 三个 DMA-BUF 入口怎么分工？进程 fd 大小总和能当系统物理占用吗？	keep	15-performance/04-memory-performance.md	Q21	进程 fd、sysfs、debugfs 三个 DMA-BUF 入口怎么分工？进程 fd 大小总和能当系统物理占用吗？	保留原题证据标注	07-performance/04-内存性能.md#Q21	executor	migrated
07-performance/04-内存性能.md	Q22	"图形内存""泄漏""为什么先要排除三类延迟释放？"	todo		1e0259e1a4f4db09	"图形内存""泄漏""为什么先要排除三类延迟释放？"	keep	15-performance/04-memory-performance.md	Q22	"图形内存""泄漏""为什么先要排除三类延迟释放？"	保留原题证据标注	07-performance/04-内存性能.md#Q22	executor	migrated
07-performance/04-内存性能.md	Q23	SurfaceView 和 TextureView 谁更省内存？BufferQueue 的 buffer 数是固定的吗？	todo		5c8091d1dadd87d0	SurfaceView 和 TextureView 谁更省内存？BufferQueue 的 buffer 数是固定的吗？	keep	15-performance/04-memory-performance.md	Q23	SurfaceView 和 TextureView 谁更省内存？BufferQueue 的 buffer 数是固定的吗？	保留原题证据标注	07-performance/04-内存性能.md#Q23	executor	migrated
07-performance/05-功耗.md	Q1	BatteryStats 的活动时长、PowerStats HAL 的能量读数（µWs）与设置页的应用耗电百分比，为什么不能直接换算和横向比较？	todo		919ec5e9cb558086	BatteryStats 的活动时长、PowerStats HAL 的能量读数（µWs）与设置页的应用耗电百分比，为什么不能直接换算和横向比较？	keep	15-performance/05-power.md	Q1	BatteryStats 的活动时长、PowerStats HAL 的能量读数（µWs）与设置页的应用耗电百分比，为什么不能直接换算和横向比较？	保留原题证据标注	07-performance/05-功耗.md#Q1	executor	migrated
07-performance/05-功耗.md	Q2	`power_profile.xml` 在功耗估算里承担什么角色？为什么用 AOSP 默认值算真机耗电没有意义，PMIC rail 的电流能直接填进去吗？	todo		56b1632036619208	`power_profile.xml` 在功耗估算里承担什么角色？为什么用 AOSP 默认值算真机耗电没有意义，PMIC rail 的电流能直接填进去吗？	keep	15-performance/05-power.md	Q2	`power_profile.xml` 在功耗估算里承担什么角色？为什么用 AOSP 默认值算真机耗电没有意义，PMIC rail 的电流能直接填进去吗？	保留原题证据标注	07-performance/05-功耗.md#Q2	executor	migrated
07-performance/05-功耗.md	Q3	Android 13 与 Android 17 把组件耗电归因到 UID 的管线有什么不同？设备提供 screen energy consumer 时，屏幕耗电怎么分给应用？	todo		f8b7de4f41d57295	Android 13 与 Android 17 把组件耗电归因到 UID 的管线有什么不同？设备提供 screen energy consumer 时，屏幕耗电怎么分给应用？	keep	15-performance/05-power.md	Q3	Android 13 与 Android 17 把组件耗电归因到 UID 的管线有什么不同？设备提供 screen energy consumer 时，屏幕耗电怎么分给应用？	保留原题证据标注	07-performance/05-功耗.md#Q3	executor	migrated
07-performance/05-功耗.md	Q4	"设置页里""某应用耗电占比 20%""能当作应用的精确耗电量吗？它与库仑计、燃料计的读数是什么关系，统计什么时候会自动重置？"	todo		feebbc31d77bb288	"设置页里""某应用耗电占比 20%""能当作应用的精确耗电量吗？它与库仑计、燃料计的读数是什么关系，统计什么时候会自动重置？"	keep	15-performance/05-power.md	Q4	"设置页里""某应用耗电占比 20%""能当作应用的精确耗电量吗？它与库仑计、燃料计的读数是什么关系，统计什么时候会自动重置？"	保留原题证据标注	07-performance/05-功耗.md#Q4	executor	migrated
07-performance/05-功耗.md	Q5	Light Doze 与 Deep Doze 的触发条件、限制强度和维护窗口有什么区别？把应用加入电池优化豁免列表后，Doze 还会限制什么？	todo		8e402d5a663c85b4	Light Doze 与 Deep Doze 的触发条件、限制强度和维护窗口有什么区别？把应用加入电池优化豁免列表后，Doze 还会限制什么？	keep	15-performance/05-power.md	Q5	Light Doze 与 Deep Doze 的触发条件、限制强度和维护窗口有什么区别？把应用加入电池优化豁免列表后，Doze 还会限制什么？	保留原题证据标注	07-performance/05-功耗.md#Q5	executor	migrated
07-performance/05-功耗.md	Q6	"Low Power Standby、Doze、Battery Saver、Data Saver 分别约束什么？""前台服务还活着却断网""应该怎么排查？"	todo		8671ae8dcd23dc23	"Low Power Standby、Doze、Battery Saver、Data Saver 分别约束什么？""前台服务还活着却断网""应该怎么排查？"	keep	15-performance/05-power.md	Q6	"Low Power Standby、Doze、Battery Saver、Data Saver 分别约束什么？""前台服务还活着却断网""应该怎么排查？"	保留原题证据标注	07-performance/05-功耗.md#Q6	executor	migrated
07-performance/05-功耗.md	Q7	"用 WorkManager 承担可延迟上传时，约束应该怎么表达？""UNMETERED 等于 Wi-Fi""错在哪？为什么同一任务要用唯一工作而不是重复 enqueue？"	todo		a636d7583e4e49eb	"用 WorkManager 承担可延迟上传时，约束应该怎么表达？""UNMETERED 等于 Wi-Fi""错在哪？为什么同一任务要用唯一工作而不是重复 enqueue？"	keep	15-performance/05-power.md	Q7	"用 WorkManager 承担可延迟上传时，约束应该怎么表达？""UNMETERED 等于 Wi-Fi""错在哪？为什么同一任务要用唯一工作而不是重复 enqueue？"	保留原题证据标注	07-performance/05-功耗.md#Q7	executor	migrated
07-performance/05-功耗.md	Q8	应用在后台持续以 1 秒间隔请求 GPS 高精度定位有什么问题？请求参数、生命周期与后台定位的权限边界应该怎么定？	todo		3a024e79e531a476	应用在后台持续以 1 秒间隔请求 GPS 高精度定位有什么问题？请求参数、生命周期与后台定位的权限边界应该怎么定？	keep	15-performance/05-power.md	Q8	应用在后台持续以 1 秒间隔请求 GPS 高精度定位有什么问题？请求参数、生命周期与后台定位的权限边界应该怎么定？	保留原题证据标注	07-performance/05-功耗.md#Q8	executor	migrated
07-performance/05-功耗.md	Q9	大量间隔很短的网络请求在蜂窝环境会带来什么功耗风险？应用层能控制什么，能引用固定的 radio tail 时长吗？	todo		c4e3c7e8505bbaf2	大量间隔很短的网络请求在蜂窝环境会带来什么功耗风险？应用层能控制什么，能引用固定的 radio tail 时长吗？	keep	15-performance/05-power.md	Q9	大量间隔很短的网络请求在蜂窝环境会带来什么功耗风险？应用层能控制什么，能引用固定的 radio tail 时长吗？	保留原题证据标注	07-performance/05-功耗.md#Q9	executor	migrated
07-performance/05-功耗.md	Q10	用前台服务每 5 秒轮询一次消息接口为什么是典型的功耗反模式？按业务时效应该怎么选消息机制，FCM 的 normal 与 high 优先级怎么用？	todo		90afe665bde2f2c6	用前台服务每 5 秒轮询一次消息接口为什么是典型的功耗反模式？按业务时效应该怎么选消息机制，FCM 的 normal 与 high 优先级怎么用？	keep	15-performance/05-power.md	Q10	用前台服务每 5 秒轮询一次消息接口为什么是典型的功耗反模式？按业务时效应该怎么选消息机制，FCM 的 normal 与 high 优先级怎么用？	保留原题证据标注	07-performance/05-功耗.md#Q10	executor	migrated
07-performance/05-功耗.md	Q11	Android 的两种精确闹钟权限有什么区别？`setExactAndAllowWhileIdle()` 约九分钟一次的频率边界决定了它适合什么场景？	todo		0acc53962bc2336b	Android 的两种精确闹钟权限有什么区别？`setExactAndAllowWhileIdle()` 约九分钟一次的频率边界决定了它适合什么场景？	keep	15-performance/05-power.md	Q11	Android 的两种精确闹钟权限有什么区别？`setExactAndAllowWhileIdle()` 约九分钟一次的频率边界决定了它适合什么场景？	保留原题证据标注	07-performance/05-功耗.md#Q11	executor	migrated
07-performance/05-功耗.md	Q12	`shortService`、`dataSync`、`mediaProcessing` 三类前台服务的运行时限规则是什么？超时回调后不停止服务会发生什么？	todo		1d8ed77065fc7325	`shortService`、`dataSync`、`mediaProcessing` 三类前台服务的运行时限规则是什么？超时回调后不停止服务会发生什么？	keep	15-performance/05-power.md	Q12	`shortService`、`dataSync`、`mediaProcessing` 三类前台服务的运行时限规则是什么？超时回调后不停止服务会发生什么？	保留原题证据标注	07-performance/05-功耗.md#Q12	executor	migrated
07-performance/05-功耗.md	Q13	"Activity 注册了 NetworkCallback 却从不注销，这种泄漏怎样才能与""耗电异常""建立因果证据链？RSS 下降能证明省电吗？"	todo		4670f49f18d44773	"Activity 注册了 NetworkCallback 却从不注销，这种泄漏怎样才能与""耗电异常""建立因果证据链？RSS 下降能证明省电吗？"	keep	15-performance/05-power.md	Q13	"Activity 注册了 NetworkCallback 却从不注销，这种泄漏怎样才能与""耗电异常""建立因果证据链？RSS 下降能证明省电吗？"	保留原题证据标注	07-performance/05-功耗.md#Q13	executor	migrated
07-performance/05-功耗.md	Q14	WakeLock 的 tag 为什么必须稳定且不能包含用户信息？用 WorkSource 把锁记到别的 UID 名下可行吗？	todo		e6b840c350251010	WakeLock 的 tag 为什么必须稳定且不能包含用户信息？用 WorkSource 把锁记到别的 UID 名下可行吗？	keep	15-performance/05-power.md	Q14	WakeLock 的 tag 为什么必须稳定且不能包含用户信息？用 WorkSource 把锁记到别的 UID 名下可行吗？	保留原题证据标注	07-performance/05-功耗.md#Q14	executor	migrated
07-performance/05-功耗.md	Q15	客户端 `isHeld()` 返回 true 的 WakeLock，为什么在系统侧可能根本不生效？`WakeLockStateListener` 观察到的又是什么？	todo		dd9b6a51fac259b9	客户端 `isHeld()` 返回 true 的 WakeLock，为什么在系统侧可能根本不生效？`WakeLockStateListener` 观察到的又是什么？	keep	15-performance/05-power.md	Q15	客户端 `isHeld()` 返回 true 的 WakeLock，为什么在系统侧可能根本不生效？`WakeLockStateListener` 观察到的又是什么？	保留原题证据标注	07-performance/05-功耗.md#Q15	executor	migrated
07-performance/05-功耗.md	Q16	BatteryStats 里能看到几十个应用 wakelock tag，内核 `/sys/kernel/debug/wakeup_sources` 里却对不上号——应用 tag、suspend blocker 与内核 wakeup_source 三层为什么不一一对应？	todo		fb566c275b5f6f9e	BatteryStats 里能看到几十个应用 wakelock tag，内核 `/sys/kernel/debug/wakeup_sources` 里却对不上号——应用 tag、suspend blocker 与内核 wakeup_source 三层为什么不一一对应？	keep	15-performance/05-power.md	Q16	BatteryStats 里能看到几十个应用 wakelock tag，内核 `/sys/kernel/debug/wakeup_sources` 里却对不上号——应用 tag、suspend blocker 与内核 wakeup_source 三层为什么不一一对应？	保留原题证据标注	07-performance/05-功耗.md#Q16	executor	migrated
07-performance/05-功耗.md	Q17	应用没有调用过 `newWakeLock()`，Android vitals 里为什么仍会出现归因到它的锁？excessive partial wake lock 指标怎么算、超了会怎样？	todo		cec036b530f03b7d	应用没有调用过 `newWakeLock()`，Android vitals 里为什么仍会出现归因到它的锁？excessive partial wake lock 指标怎么算、超了会怎样？	keep	15-performance/05-power.md	Q17	应用没有调用过 `newWakeLock()`，Android vitals 里为什么仍会出现归因到它的锁？excessive partial wake lock 指标怎么算、超了会怎样？	保留原题证据标注	07-performance/05-功耗.md#Q17	executor	migrated
07-performance/05-功耗.md	Q18	BLE 扫描的能耗由哪些参数决定？`ScanFilter` 与 `setReportDelay()` 分别省的是什么，`SCAN_MODE_LOW_LATENCY` 能长期开着吗？	todo		84f27ee7f9b59165	BLE 扫描的能耗由哪些参数决定？`ScanFilter` 与 `setReportDelay()` 分别省的是什么，`SCAN_MODE_LOW_LATENCY` 能长期开着吗？	keep	15-performance/05-power.md	Q18	BLE 扫描的能耗由哪些参数决定？`ScanFilter` 与 `setReportDelay()` 分别省的是什么，`SCAN_MODE_LOW_LATENCY` 能长期开着吗？	保留原题证据标注	07-performance/05-功耗.md#Q18	executor	migrated
07-performance/05-功耗.md	Q19	进程可能被回收时仍要发现 BLE 设备，应该用什么方案？周期用 Job/Alarm 启动扫描、连续 start/stop 为什么都被系统限制？	todo		f31fbb822992b185	进程可能被回收时仍要发现 BLE 设备，应该用什么方案？周期用 Job/Alarm 启动扫描、连续 start/stop 为什么都被系统限制？	keep	15-performance/05-power.md	Q19	进程可能被回收时仍要发现 BLE 设备，应该用什么方案？周期用 Job/Alarm 启动扫描、连续 start/stop 为什么都被系统限制？	保留原题证据标注	07-performance/05-功耗.md#Q19	executor	migrated
07-performance/05-功耗.md	Q20	GATT 连接已经建立，为什么蓝牙功耗仍然很高？连接优先级、MTU、notification 与轮询应该怎么组合？	todo		8a51051ebb7825bd	GATT 连接已经建立，为什么蓝牙功耗仍然很高？连接优先级、MTU、notification 与轮询应该怎么组合？	keep	15-performance/05-power.md	Q20	GATT 连接已经建立，为什么蓝牙功耗仍然很高？连接优先级、MTU、notification 与轮询应该怎么组合？	保留原题证据标注	07-performance/05-功耗.md#Q20	executor	migrated
07-performance/05-功耗.md	Q21	"排查蓝牙功耗异常时，应用日志、`dumpsys bluetooth_manager`、BatteryStats 与 controller activity 各能回答什么？""BLE scan 归因时间很短""能证明 controller 没在工作吗？"	todo		35c4012b28776d3a	"排查蓝牙功耗异常时，应用日志、`dumpsys bluetooth_manager`、BatteryStats 与 controller activity 各能回答什么？""BLE scan 归因时间很短""能证明 controller 没在工作吗？"	keep	15-performance/05-power.md	Q21	"排查蓝牙功耗异常时，应用日志、`dumpsys bluetooth_manager`、BatteryStats 与 controller activity 各能回答什么？""BLE scan 归因时间很短""能证明 controller 没在工作吗？"	保留原题证据标注	07-performance/05-功耗.md#Q21	executor	migrated
07-performance/05-功耗.md	Q22	亮度 50%为什么不是跨设备可比的物理量？比较屏幕耗电时有哪几种口径，Android 13 与 17 的显示归因有什么差别？	todo		fcc7fb5fce2666d4	亮度 50%为什么不是跨设备可比的物理量？比较屏幕耗电时有哪几种口径，Android 13 与 17 的显示归因有什么差别？	keep	15-performance/05-power.md	Q22	亮度 50%为什么不是跨设备可比的物理量？比较屏幕耗电时有哪几种口径，Android 13 与 17 的显示归因有什么差别？	保留原题证据标注	07-performance/05-功耗.md#Q22	executor	migrated
07-performance/05-功耗.md	Q23	应用请求 120 Hz 就等于面板运行在 120 Hz 吗？Android 的刷新率由谁决定，`Surface.setFrameRate()` 承诺了什么？	todo		af882beb84004c02	应用请求 120 Hz 就等于面板运行在 120 Hz 吗？Android 的刷新率由谁决定，`Surface.setFrameRate()` 承诺了什么？	keep	15-performance/05-power.md	Q23	应用请求 120 Hz 就等于面板运行在 120 Hz 吗？Android 的刷新率由谁决定，`Surface.setFrameRate()` 承诺了什么？	保留原题证据标注	07-performance/05-功耗.md#Q23	executor	migrated
07-performance/05-功耗.md	Q24	"为什么""深色模式省电 X%""与""省电模式提升续航 Y%""不能直接写进产品文案？这两类结论各依赖什么条件？"	todo		034965d2e7794a1e	"为什么""深色模式省电 X%""与""省电模式提升续航 Y%""不能直接写进产品文案？这两类结论各依赖什么条件？"	keep	15-performance/05-power.md	Q24	"为什么""深色模式省电 X%""与""省电模式提升续航 Y%""不能直接写进产品文案？这两类结论各依赖什么条件？"	保留原题证据标注	07-performance/05-功耗.md#Q24	executor	migrated
07-performance/05-功耗.md	Q25	设计一次可信的用户设置类功耗实验（对比刷新率、深色模式等），变量应该怎么安排？统计与失败样本要注意什么？	todo		f9372eaffd584972	设计一次可信的用户设置类功耗实验（对比刷新率、深色模式等），变量应该怎么安排？统计与失败样本要注意什么？	keep	15-performance/05-power.md	Q25	设计一次可信的用户设置类功耗实验（对比刷新率、深色模式等），变量应该怎么安排？统计与失败样本要注意什么？	保留原题证据标注	07-performance/05-功耗.md#Q25	executor	migrated
07-performance/06-网络性能.md	Q1	一次 HTTPS 请求应该按哪些分段计时？TTFB 为什么不能单独证明服务端慢？	todo		ac7ab9c91d6fce28	一次 HTTPS 请求应该按哪些分段计时？TTFB 为什么不能单独证明服务端慢？	keep	15-performance/06-network-performance.md	Q1	一次 HTTPS 请求应该按哪些分段计时？TTFB 为什么不能单独证明服务端慢？	保留原题证据标注	07-performance/06-网络性能.md#Q1	executor	migrated
07-performance/06-网络性能.md	Q2	"主线程发起网络会抛 `NetworkOnMainThreadException`，但""主线程等待后台网络结果""为什么同样危险？BlockGuard 覆盖哪些入口？"	todo		2e070a6b96a34496	"主线程发起网络会抛 `NetworkOnMainThreadException`，但""主线程等待后台网络结果""为什么同样危险？BlockGuard 覆盖哪些入口？"	keep	15-performance/06-network-performance.md	Q2	"主线程发起网络会抛 `NetworkOnMainThreadException`，但""主线程等待后台网络结果""为什么同样危险？BlockGuard 覆盖哪些入口？"	保留原题证据标注	07-performance/06-网络性能.md#Q2	executor	migrated
07-performance/06-网络性能.md	Q3	"HTTP/2 与 HTTP/3 在同连接并发与丢包处理上的本质区别是什么？""上了 HTTP/3 就一定更快""错在哪？"	todo		587beb3f30d491f3	"HTTP/2 与 HTTP/3 在同连接并发与丢包处理上的本质区别是什么？""上了 HTTP/3 就一定更快""错在哪？"	keep	15-performance/06-network-performance.md	Q3	"HTTP/2 与 HTTP/3 在同连接并发与丢包处理上的本质区别是什么？""上了 HTTP/3 就一定更快""错在哪？"	保留原题证据标注	07-performance/06-网络性能.md#Q3	executor	migrated
07-performance/06-网络性能.md	Q4	TLS 1.3 的 0-RTT early data 为什么只能承载能容忍重放的操作？QUIC 连接迁移是无条件的吗？	todo		6fd53916ed08a0c5	TLS 1.3 的 0-RTT early data 为什么只能承载能容忍重放的操作？QUIC 连接迁移是无条件的吗？	keep	15-performance/06-network-performance.md	Q4	TLS 1.3 的 0-RTT early data 为什么只能承载能容忍重放的操作？QUIC 连接迁移是无条件的吗？	保留原题证据标注	07-performance/06-网络性能.md#Q4	executor	migrated
07-performance/06-网络性能.md	Q5	"为什么整个进程要共享一个 OkHttpClient？连接池默认的""5 和 5 分钟""是什么口径，一次连接复用要满足什么条件？"	todo		428cb4244d4ff927	"为什么整个进程要共享一个 OkHttpClient？连接池默认的""5 和 5 分钟""是什么口径，一次连接复用要满足什么条件？"	keep	15-performance/06-network-performance.md	Q5	"为什么整个进程要共享一个 OkHttpClient？连接池默认的""5 和 5 分钟""是什么口径，一次连接复用要满足什么条件？"	保留原题证据标注	07-performance/06-网络性能.md#Q5	executor	migrated
07-performance/06-网络性能.md	Q6	OkHttp 的 `callTimeout`、`connectTimeout`、`readTimeout`、`writeTimeout` 分别约束哪一段？弱网下把超时一律调大或调小各有什么问题？	todo		2fa35d90a8435802	OkHttp 的 `callTimeout`、`connectTimeout`、`readTimeout`、`writeTimeout` 分别约束哪一段？弱网下把超时一律调大或调小各有什么问题？	keep	15-performance/06-network-performance.md	Q6	OkHttp 的 `callTimeout`、`connectTimeout`、`readTimeout`、`writeTimeout` 分别约束哪一段？弱网下把超时一律调大或调小各有什么问题？	保留原题证据标注	07-performance/06-网络性能.md#Q6	executor	migrated
07-performance/06-网络性能.md	Q7	"判断""失败后能不能自动重试""的依据是什么？""请求体已发出后连接中断""为什么最危险？"	todo		99b2fb8f3e34ce96	"判断""失败后能不能自动重试""的依据是什么？""请求体已发出后连接中断""为什么最危险？"	keep	15-performance/06-network-performance.md	Q7	"判断""失败后能不能自动重试""的依据是什么？""请求体已发出后连接中断""为什么最危险？"	保留原题证据标注	07-performance/06-网络性能.md#Q7	executor	migrated
07-performance/06-网络性能.md	Q8	HTTP 连接复用、TLS 会话恢复与 TLS 1.3 0-RTT 三者有什么区别？客户端持有 session ticket 就一定能恢复吗？	todo		c6f1a78703aafd91	HTTP 连接复用、TLS 会话恢复与 TLS 1.3 0-RTT 三者有什么区别？客户端持有 session ticket 就一定能恢复吗？	keep	15-performance/06-network-performance.md	Q8	HTTP 连接复用、TLS 会话恢复与 TLS 1.3 0-RTT 三者有什么区别？客户端持有 session ticket 就一定能恢复吗？	保留原题证据标注	07-performance/06-网络性能.md#Q8	executor	migrated
07-performance/06-网络性能.md	Q9	targetSdk 决定的明文流量默认值是什么？Network Security Config 还能管什么，证书固定为什么不是默认推荐？	todo		2fc5b4d0294a0966	targetSdk 决定的明文流量默认值是什么？Network Security Config 还能管什么，证书固定为什么不是默认推荐？	keep	15-performance/06-network-performance.md	Q9	targetSdk 决定的明文流量默认值是什么？Network Security Config 还能管什么，证书固定为什么不是默认推荐？	保留原题证据标注	07-performance/06-网络性能.md#Q9	executor	migrated
07-performance/06-网络性能.md	Q10	"Android 17 的 Encrypted Client Hello 解决什么问题？一次连接真正发出 ECH 要同时满足哪些条件，""失败会静默降级""可靠吗？"	todo		1758bb0346aec458	"Android 17 的 Encrypted Client Hello 解决什么问题？一次连接真正发出 ECH 要同时满足哪些条件，""失败会静默降级""可靠吗？"	keep	15-performance/06-network-performance.md	Q10	"Android 17 的 Encrypted Client Hello 解决什么问题？一次连接真正发出 ECH 要同时满足哪些条件，""失败会静默降级""可靠吗？"	保留原题证据标注	07-performance/06-网络性能.md#Q10	executor	migrated
07-performance/06-网络性能.md	Q11	"Android 17 的 Certificate Transparency 什么条件下默认开启？为什么""至少两个 SCT""不是完整策略？"	todo		17d1220d12bf078d	"Android 17 的 Certificate Transparency 什么条件下默认开启？为什么""至少两个 SCT""不是完整策略？"	keep	15-performance/06-network-performance.md	Q11	"Android 17 的 Certificate Transparency 什么条件下默认开启？为什么""至少两个 SCT""不是完整策略？"	保留原题证据标注	07-performance/06-网络性能.md#Q11	executor	migrated
07-performance/06-网络性能.md	Q12	用 OkHttp `EventListener` 做网络监控要注意什么？`NetworkCallback` 的 `VALIDATED` 能证明业务域名可达吗？	todo		9c367bd2dbd202f4	用 OkHttp `EventListener` 做网络监控要注意什么？`NetworkCallback` 的 `VALIDATED` 能证明业务域名可达吗？	keep	15-performance/06-network-performance.md	Q12	用 OkHttp `EventListener` 做网络监控要注意什么？`NetworkCallback` 的 `VALIDATED` 能证明业务域名可达吗？	保留原题证据标注	07-performance/06-网络性能.md#Q12	executor	migrated
07-performance/06-网络性能.md	Q13	HTTP cache 与业务离线数据各管什么？`onlyIfCached()` 在缓存缺失时返回什么？	todo		c92bdaf934865b90	HTTP cache 与业务离线数据各管什么？`onlyIfCached()` 在缓存缺失时返回什么？	keep	15-performance/06-network-performance.md	Q13	HTTP cache 与业务离线数据各管什么？`onlyIfCached()` 在缓存缺失时返回什么？	保留原题证据标注	07-performance/06-网络性能.md#Q13	executor	migrated
07-performance/06-网络性能.md	Q14	netd 负责 Android 的 DNS错在哪？DNS resolver 从 netd 到独立模块经历了怎样的迁移？	todo		9c5a1471a5c171b4	netd 负责 Android 的 DNS错在哪？DNS resolver 从 netd 到独立模块经历了怎样的迁移？	keep	15-performance/06-network-performance.md	Q14	netd 负责 Android 的 DNS错在哪？DNS resolver 从 netd 到独立模块经历了怎样的迁移？	保留原题证据标注	07-performance/06-网络性能.md#Q14	executor	migrated
07-performance/06-网络性能.md	Q15	`DnsResolver` 的 Looper、Executor 与 CancellationSignal 分别控制什么？`query()` 与 `rawQuery()` 的错误信息差别为什么重要？	todo		c81508a5ee2f82fc	`DnsResolver` 的 Looper、Executor 与 CancellationSignal 分别控制什么？`query()` 与 `rawQuery()` 的错误信息差别为什么重要？	keep	15-performance/06-network-performance.md	Q15	`DnsResolver` 的 Looper、Executor 与 CancellationSignal 分别控制什么？`query()` 与 `rawQuery()` 的错误信息差别为什么重要？	保留原题证据标注	07-performance/06-网络性能.md#Q15	executor	migrated
07-performance/06-网络性能.md	Q16	"切网后""域名已解析到新地址、请求却还在走旧链路""是怎么回事？系统怎么组织 DNS 缓存与配置？"	todo		1e26a1da7cac8d4b	"切网后""域名已解析到新地址、请求却还在走旧链路""是怎么回事？系统怎么组织 DNS 缓存与配置？"	keep	15-performance/06-network-performance.md	Q16	"切网后""域名已解析到新地址、请求却还在走旧链路""是怎么回事？系统怎么组织 DNS 缓存与配置？"	保留原题证据标注	07-performance/06-网络性能.md#Q16	executor	migrated
07-performance/06-网络性能.md	Q17	Private DNS 与应用自带 DoH 各保护哪一段？接入应用 DoH 要处理哪些边界？	todo		dbc9d56ae76d8888	Private DNS 与应用自带 DoH 各保护哪一段？接入应用 DoH 要处理哪些边界？	keep	15-performance/06-network-performance.md	Q17	Private DNS 与应用自带 DoH 各保护哪一段？接入应用 DoH 要处理哪些边界？	保留原题证据标注	07-performance/06-网络性能.md#Q17	executor	migrated
07-performance/06-网络性能.md	Q18	DNS 故障诊断应收集哪些系统证据？resolver 的 querylog 与 server 统计能回答什么、不能回答什么？	todo		d31dea786c7543fc	DNS 故障诊断应收集哪些系统证据？resolver 的 querylog 与 server 统计能回答什么、不能回答什么？	keep	15-performance/06-network-performance.md	Q18	DNS 故障诊断应收集哪些系统证据？resolver 的 querylog 与 server 统计能回答什么、不能回答什么？	保留原题证据标注	07-performance/06-网络性能.md#Q18	executor	migrated
07-performance/06-网络性能.md	Q19	用 OkHttp 自定义 `Dns` 接 HTTPDNS 时，缓存 key、TTL 与 bootstrap 有什么约束？为什么 URL 不能改成裸 IP？	todo		55af7cc13c609e81	用 OkHttp 自定义 `Dns` 接 HTTPDNS 时，缓存 key、TTL 与 bootstrap 有什么约束？为什么 URL 不能改成裸 IP？	keep	15-performance/06-network-performance.md	Q19	用 OkHttp 自定义 `Dns` 接 HTTPDNS 时，缓存 key、TTL 与 bootstrap 有什么约束？为什么 URL 不能改成裸 IP？	保留原题证据标注	07-performance/06-网络性能.md#Q19	executor	migrated
07-performance/06-网络性能.md	Q20	网络性能日志应该记录什么、不应该记录什么？OkHttp、Cronet 与平台 `HttpEngine` 的选型边界是什么？	todo		f892b69cbcdeb8e4	网络性能日志应该记录什么、不应该记录什么？OkHttp、Cronet 与平台 `HttpEngine` 的选型边界是什么？	keep	15-performance/06-network-performance.md	Q20	网络性能日志应该记录什么、不应该记录什么？OkHttp、Cronet 与平台 `HttpEngine` 的选型边界是什么？	保留原题证据标注	07-performance/06-网络性能.md#Q20	executor	migrated
07-performance/07-渲染管线-基础与图形API.md	Q1	分析一段渲染 trace 时，为什么应先固定 Producer、输出 Surface、layer 拓扑与合成位置四个坐标，而不是从最长的 trace slice 入手？	todo		454a4d43123dc83b	分析一段渲染 trace 时，为什么应先固定 Producer、输出 Surface、layer 拓扑与合成位置四个坐标，而不是从最长的 trace slice 入手？	move	15-performance/01-smoothness.md	Q30	分析一段渲染 trace 时，为什么应先固定 Producer、输出 Surface、layer 拓扑与合成位置四个坐标，而不是从最长的 trace slice 入手？	保留原题证据标注	07-performance/07-渲染管线-基础与图形API.md#Q1	executor	migrated
07-performance/07-渲染管线-基础与图形API.md	Q2	判定一个页面属于「标准 HWUI 页面」还是混合或独立管线，应该核对哪四个条件？	todo		cb5f9835a06a4fe0	判定一个页面属于「标准 HWUI 页面」还是混合或独立管线，应该核对哪四个条件？	move	05-rendering/01-render-pipeline-vsync.md	Q32	判定一个页面属于「标准 HWUI 页面」还是混合或独立管线，应该核对哪四个条件？	保留原题证据标注	07-performance/07-渲染管线-基础与图形API.md#Q2	executor	migrated
07-performance/07-渲染管线-基础与图形API.md	Q3	queueBuffer、BufferTX、latch、present fence 四个信号各证明什么，为什么其中任何一个都不能单独当作「画面已显示」的证据？	todo		662698ce6fadf383	queueBuffer、BufferTX、latch、present fence 四个信号各证明什么，为什么其中任何一个都不能单独当作「画面已显示」的证据？	move	05-rendering/02-gpu-composition-display.md	Q32	queueBuffer、BufferTX、latch、present fence 四个信号各证明什么，为什么其中任何一个都不能单独当作「画面已显示」的证据？	保留原题证据标注	07-performance/07-渲染管线-基础与图形API.md#Q3	executor	migrated
07-performance/07-渲染管线-基础与图形API.md	Q4	标准 App Window 里 RenderThread queueBuffer 之后，buffer 是怎样变成 SurfaceFlinger 收到的事务的，为什么这条路径不复制整帧像素？	todo		fefc57537a649a0e	标准 App Window 里 RenderThread queueBuffer 之后，buffer 是怎样变成 SurfaceFlinger 收到的事务的，为什么这条路径不复制整帧像素？	move	05-rendering/02-gpu-composition-display.md	Q33	标准 App Window 里 RenderThread queueBuffer 之后，buffer 是怎样变成 SurfaceFlinger 收到的事务的，为什么这条路径不复制整帧像素？	保留原题证据标注	07-performance/07-渲染管线-基础与图形API.md#Q4	executor	migrated
07-performance/07-渲染管线-基础与图形API.md	Q5	dequeueBuffer 长时间等待时，为什么不能直接得出「队列深度不够、应该加 buffer」的结论？	todo		f47711058f855199	dequeueBuffer 长时间等待时，为什么不能直接得出「队列深度不够、应该加 buffer」的结论？	move	15-performance/01-smoothness.md	Q31	dequeueBuffer 长时间等待时，为什么不能直接得出「队列深度不够、应该加 buffer」的结论？	保留原题证据标注	07-performance/07-渲染管线-基础与图形API.md#Q5	executor	migrated
07-performance/07-渲染管线-基础与图形API.md	Q6	「软件渲染」和「离屏渲染」是同一维度的两种选择吗，常见路径如何按「生产方式 × 结果去向」分类？	todo		6d844f3a55883581	「软件渲染」和「离屏渲染」是同一维度的两种选择吗，常见路径如何按「生产方式 × 结果去向」分类？	move	05-rendering/01-render-pipeline-vsync.md	Q33	「软件渲染」和「离屏渲染」是同一维度的两种选择吗，常见路径如何按「生产方式 × 结果去向」分类？	保留原题证据标注	07-performance/07-渲染管线-基础与图形API.md#Q6	executor	migrated
07-performance/07-渲染管线-基础与图形API.md	Q7	关闭硬件加速后普通 View 树的一次绘制走什么链路，它与标准 HWUI 路径的本质差异是什么？	todo		2b7a0686bb8d115b	关闭硬件加速后普通 View 树的一次绘制走什么链路，它与标准 HWUI 路径的本质差异是什么？	move	05-rendering/01-render-pipeline-vsync.md	Q34	关闭硬件加速后普通 View 树的一次绘制走什么链路，它与标准 HWUI 路径的本质差异是什么？	保留原题证据标注	07-performance/07-渲染管线-基础与图形API.md#Q7	executor	migrated
07-performance/07-渲染管线-基础与图形API.md	Q8	Surface.lockCanvas 的 lock、draw、post 三段各有哪些成本，「软件渲染不携带 fence」为什么是错的？	todo		bdee494b95a1e590	Surface.lockCanvas 的 lock、draw、post 三段各有哪些成本，「软件渲染不携带 fence」为什么是错的？	move	05-rendering/01-render-pipeline-vsync.md	Q35	Surface.lockCanvas 的 lock、draw、post 三段各有哪些成本，「软件渲染不携带 fence」为什么是错的？	保留原题证据标注	07-performance/07-渲染管线-基础与图形API.md#Q8	executor	migrated
07-performance/07-渲染管线-基础与图形API.md	Q9	software Canvas 的小脏区更新为什么可能反而变慢，AAOS13 的 copyback 在什么条件下执行？	todo		2af23213bb32daa8	software Canvas 的小脏区更新为什么可能反而变慢，AAOS13 的 copyback 在什么条件下执行？	move	05-rendering/01-render-pipeline-vsync.md	Q36	software Canvas 的小脏区更新为什么可能反而变慢，AAOS13 的 copyback 在什么条件下执行？	保留原题证据标注	07-performance/07-渲染管线-基础与图形API.md#Q9	executor	migrated
07-performance/07-渲染管线-基础与图形API.md	Q10	LAYER_TYPE_SOFTWARE、LAYER_TYPE_HARDWARE 与 Canvas.saveLayer 三者最容易被怎样混淆，「SF 里能看到某个 software View 的独立 layer」为什么是错的？	todo		521d2044409b213c	LAYER_TYPE_SOFTWARE、LAYER_TYPE_HARDWARE 与 Canvas.saveLayer 三者最容易被怎样混淆，「SF 里能看到某个 software View 的独立 layer」为什么是错的？	move	03-ui/02-view.md	Q21	LAYER_TYPE_SOFTWARE、LAYER_TYPE_HARDWARE 与 Canvas.saveLayer 三者最容易被怎样混淆，「SF 里能看到某个 software View 的独立 layer」为什么是错的？	保留原题证据标注	07-performance/07-渲染管线-基础与图形API.md#Q10	executor	migrated
07-performance/07-渲染管线-基础与图形API.md	Q11	SurfaceView 的「独立」具体独立在哪里，带来哪些收益，又有哪些不保证？	todo		a3b6f8cf119d0d76	SurfaceView 的「独立」具体独立在哪里，带来哪些收益，又有哪些不保证？	move	03-ui/02-view.md	Q22	SurfaceView 的「独立」具体独立在哪里，带来哪些收益，又有哪些不保证？	保留原题证据标注	07-performance/07-渲染管线-基础与图形API.md#Q11	executor	migrated
07-performance/07-渲染管线-基础与图形API.md	Q12	Z-below 的 SurfaceView 为什么要在宿主窗口「挖洞」，mDrawFinished 置位后能证明什么、不能证明什么？	todo		3954f7703713a37a	Z-below 的 SurfaceView 为什么要在宿主窗口「挖洞」，mDrawFinished 置位后能证明什么、不能证明什么？	move	03-ui/02-view.md	Q23	Z-below 的 SurfaceView 为什么要在宿主窗口「挖洞」，mDrawFinished 置位后能证明什么、不能证明什么？	保留原题证据标注	07-performance/07-渲染管线-基础与图形API.md#Q12	executor	migrated
07-performance/07-渲染管线-基础与图形API.md	Q13	surfaceDestroyed 返回后 Producer 还在写旧 Surface 会怎样，正确的停止协议是什么？	todo		c8b1cfa340ba6e5e	surfaceDestroyed 返回后 Producer 还在写旧 Surface 会怎样，正确的停止协议是什么？	move	03-ui/02-view.md	Q24	surfaceDestroyed 返回后 Producer 还在写旧 Surface 会怎样，正确的停止协议是什么？	保留原题证据标注	07-performance/07-渲染管线-基础与图形API.md#Q13	executor	migrated
07-performance/07-渲染管线-基础与图形API.md	Q14	TextureView 的一次可见更新要经过哪两套队列与哪些环节，「外部 Producer 已 queue，画面就该更新了」为什么不成立？	todo		2b058ea1223cdcf5	TextureView 的一次可见更新要经过哪两套队列与哪些环节，「外部 Producer 已 queue，画面就该更新了」为什么不成立？	move	03-ui/02-view.md	Q25	TextureView 的一次可见更新要经过哪两套队列与哪些环节，「外部 Producer 已 queue，画面就该更新了」为什么不成立？	保留原题证据标注	07-performance/07-渲染管线-基础与图形API.md#Q14	executor	migrated
07-performance/07-渲染管线-基础与图形API.md	Q15	TextureView 的额外成本是什么形态，什么场景不合适，所有权上有哪些易错入口？	todo		50f45705548240cf	TextureView 的额外成本是什么形态，什么场景不合适，所有权上有哪些易错入口？	move	03-ui/02-view.md	Q26	TextureView 的额外成本是什么形态，什么场景不合适，所有权上有哪些易错入口？	保留原题证据标注	07-performance/07-渲染管线-基础与图形API.md#Q15	executor	migrated
07-performance/07-渲染管线-基础与图形API.md	Q16	EGL 的 EGLDisplay、EGLContext、EGLSurface 各管什么，「应用在用 GLES」能推断它写到哪个 Surface 吗？	todo		db806225c814a41f	EGL 的 EGLDisplay、EGLContext、EGLSurface 各管什么，「应用在用 GLES」能推断它写到哪个 Surface 吗？	move	05-rendering/04-graphics-api.md	Q1	EGL 的 EGLDisplay、EGLContext、EGLSurface 各管什么，「应用在用 GLES」能推断它写到哪个 Surface 吗？	保留原题证据标注	07-performance/07-渲染管线-基础与图形API.md#Q16	executor	migrated
07-performance/07-渲染管线-基础与图形API.md	Q17	AOSP 平台层在 eglSwapBuffers 里做哪些事，swap 耗时长能直接归因 GPU 慢吗？	todo		c9cfb1682a45f1b4	AOSP 平台层在 eglSwapBuffers 里做哪些事，swap 耗时长能直接归因 GPU 慢吗？	move	05-rendering/04-graphics-api.md	Q2	AOSP 平台层在 eglSwapBuffers 里做哪些事，swap 耗时长能直接归因 GPU 慢吗？	保留原题证据标注	07-performance/07-渲染管线-基础与图形API.md#Q17	executor	migrated
07-performance/07-渲染管线-基础与图形API.md	Q18	GLSurfaceView 的两种 render mode 节奏由什么决定，GLThread 独立后哪些责任没有被隔离？	todo		a5b453192b3732e5	GLSurfaceView 的两种 render mode 节奏由什么决定，GLThread 独立后哪些责任没有被隔离？	move	03-ui/02-view.md	Q27	GLSurfaceView 的两种 render mode 节奏由什么决定，GLThread 独立后哪些责任没有被隔离？	保留原题证据标注	07-performance/07-渲染管线-基础与图形API.md#Q18	executor	migrated
07-performance/07-渲染管线-基础与图形API.md	Q19	ANGLE 在 Android 上如何分层，为什么不能把每个 GLES 调用一一映射成同名同数量的 Vulkan 命令？	todo		ae1e5c643894cdaa	ANGLE 在 Android 上如何分层，为什么不能把每个 GLES 调用一一映射成同名同数量的 Vulkan 命令？	move	05-rendering/04-graphics-api.md	Q3	ANGLE 在 Android 上如何分层，为什么不能把每个 GLES 调用一一映射成同名同数量的 Vulkan 命令？	保留原题证据标注	07-performance/07-渲染管线-基础与图形API.md#Q19	executor	migrated
07-performance/07-渲染管线-基础与图形API.md	Q20	ANGLE 路径上 swap 阶段做哪些工作，为什么 vkQueuePresentKHR 返回仍不能当作上屏证据？	todo		46e9ac5a9abb0677	ANGLE 路径上 swap 阶段做哪些工作，为什么 vkQueuePresentKHR 返回仍不能当作上屏证据？	move	05-rendering/04-graphics-api.md	Q4	ANGLE 路径上 swap 阶段做哪些工作，为什么 vkQueuePresentKHR 返回仍不能当作上屏证据？	保留原题证据标注	07-performance/07-渲染管线-基础与图形API.md#Q20	executor	migrated
07-performance/07-渲染管线-基础与图形API.md	Q21	Android 上 Vulkan 的 swapchain image 与 BufferQueue 是什么关系，acquire 与 present 如何与 ANativeWindow 的 fence 交接？	todo		b96e49d418471626	Android 上 Vulkan 的 swapchain image 与 BufferQueue 是什么关系，acquire 与 present 如何与 ANativeWindow 的 fence 交接？	move	05-rendering/04-graphics-api.md	Q5	Android 上 Vulkan 的 swapchain image 与 BufferQueue 是什么关系，acquire 与 present 如何与 ANativeWindow 的 fence 交接？	保留原题证据标注	07-performance/07-渲染管线-基础与图形API.md#Q21	executor	migrated
07-performance/07-渲染管线-基础与图形API.md	Q22	Vulkan 的 semaphore、fence、pipeline barrier 各解决什么问题，把 stage mask 一律放宽为 ALL_COMMANDS 会怎样？	todo		15eb0e61075df5c8	Vulkan 的 semaphore、fence、pipeline barrier 各解决什么问题，把 stage mask 一律放宽为 ALL_COMMANDS 会怎样？	move	05-rendering/04-graphics-api.md	Q6	Vulkan 的 semaphore、fence、pipeline barrier 各解决什么问题，把 stage mask 一律放宽为 ALL_COMMANDS 会怎样？	保留原题证据标注	07-performance/07-渲染管线-基础与图形API.md#Q22	executor	migrated
07-performance/07-渲染管线-基础与图形API.md	Q23	Android 的 Vulkan present mode 集合与桌面 Vulkan 有何不同，选 MAILBOX 就一定时延最低吗？	todo		84061619858ab912	Android 的 Vulkan present mode 集合与桌面 Vulkan 有何不同，选 MAILBOX 就一定时延最低吗？	move	05-rendering/04-graphics-api.md	Q7	Android 的 Vulkan present mode 集合与桌面 Vulkan 有何不同，选 MAILBOX 就一定时延最低吗？	保留原题证据标注	07-performance/07-渲染管线-基础与图形API.md#Q23	executor	migrated
07-performance/07-渲染管线-基础与图形API.md	Q24	HWUI 的 Vulkan 后端用什么 queue 结构，Android 13 与 Android 17 的描述有何差异，queue 数量能推导硬件并行吗？	todo		a75710b99e11240c	HWUI 的 Vulkan 后端用什么 queue 结构，Android 13 与 Android 17 的描述有何差异，queue 数量能推导硬件并行吗？	move	05-rendering/04-graphics-api.md	Q8	HWUI 的 Vulkan 后端用什么 queue 结构，Android 13 与 Android 17 的描述有何差异，queue 数量能推导硬件并行吗？	保留原题证据标注	07-performance/07-渲染管线-基础与图形API.md#Q24	executor	migrated
07-performance/07-渲染管线-基础与图形API.md	Q25	ASurfaceControl_createFromWindow 创建的是什么，它与 parent window 的 BufferQueue 是什么关系？	todo		e695afd1a500c790	ASurfaceControl_createFromWindow 创建的是什么，它与 parent window 的 BufferQueue 是什么关系？	move	05-rendering/04-graphics-api.md	Q9	ASurfaceControl_createFromWindow 创建的是什么，它与 parent window 的 BufferQueue 是什么关系？	保留原题证据标注	07-performance/07-渲染管线-基础与图形API.md#Q25	executor	migrated
07-performance/07-渲染管线-基础与图形API.md	Q26	ASurfaceTransaction 的原子性保证覆盖到哪里，OnCommit、OnComplete 与 API 36 的 OnBufferRelease 各能证明什么？	todo		057e1124aac6fe91	ASurfaceTransaction 的原子性保证覆盖到哪里，OnCommit、OnComplete 与 API 36 的 OnBufferRelease 各能证明什么？	move	05-rendering/04-graphics-api.md	Q10	ASurfaceTransaction 的原子性保证覆盖到哪里，OnCommit、OnComplete 与 API 36 的 OnBufferRelease 各能证明什么？	保留原题证据标注	07-performance/07-渲染管线-基础与图形API.md#Q26	executor	migrated
07-performance/07-渲染管线-基础与图形API.md	Q27	setBuffer 传入 acquire fence fd 后所有权归谁，API 29–35 与 API 36–37 的「buffer 可复用依据」为何不同？	todo		648769f5f8b16d8c	setBuffer 传入 acquire fence fd 后所有权归谁，API 29–35 与 API 36–37 的「buffer 可复用依据」为何不同？	move	05-rendering/04-graphics-api.md	Q11	setBuffer 传入 acquire fence fd 后所有权归谁，API 29–35 与 API 36–37 的「buffer 可复用依据」为何不同？	保留原题证据标注	07-performance/07-渲染管线-基础与图形API.md#Q27	executor	migrated
07-performance/07-渲染管线-基础与图形API.md	Q28	HardwareBufferRenderer 适合什么问题，它与 lockHardwareCanvas 的边界在哪，AAOS13 上能用吗？	todo		34a055e2525bc1c6	HardwareBufferRenderer 适合什么问题，它与 lockHardwareCanvas 的边界在哪，AAOS13 上能用吗？	move	05-rendering/04-graphics-api.md	Q12	HardwareBufferRenderer 适合什么问题，它与 lockHardwareCanvas 的边界在哪，AAOS13 上能用吗？	保留原题证据标注	07-performance/07-渲染管线-基础与图形API.md#Q28	executor	migrated
07-performance/08-渲染管线-跨框架与媒体.md	Q1	Flutter 3.32 stable+ 在 Android 上 Dart UI 工作与平台回调共用哪条线程？诊断卡顿前为什么要记录 engine revision 而不是只看 SDK 版本？	todo		87fd6d4d5080b552	Flutter 3.32 stable+ 在 Android 上 Dart UI 工作与平台回调共用哪条线程？诊断卡顿前为什么要记录 engine revision 而不是只看 SDK 版本？	move	16-app-practice/11-rendering-media-hybrid.md	Q25	Flutter 3.32 stable+ 在 Android 上 Dart UI 工作与平台回调共用哪条线程？诊断卡顿前为什么要记录 engine revision 而不是只看 SDK 版本？	保留原题证据标注	07-performance/08-渲染管线-跨框架与媒体.md#Q1	executor	migrated
07-performance/08-渲染管线-跨框架与媒体.md	Q2	Flutter 的 RenderMode.surface、texture、image 三种 root 输出路径分别写入什么 Android 对象？FlutterActivity 默认如何选择？	todo		f1fcb220404edfeb	Flutter 的 RenderMode.surface、texture、image 三种 root 输出路径分别写入什么 Android 对象？FlutterActivity 默认如何选择？	move	16-app-practice/11-rendering-media-hybrid.md	Q26	Flutter 的 RenderMode.surface、texture、image 三种 root 输出路径分别写入什么 Android 对象？FlutterActivity 默认如何选择？	保留原题证据标注	07-performance/08-渲染管线-跨框架与媒体.md#Q2	executor	migrated
07-performance/08-渲染管线-跨框架与媒体.md	Q3	Flutter 在 Android 上如何接入 VSync？Perfetto 中 PlatformVsync 已出现但 Dart 迟迟不跑时，应沿什么顺序检查？	todo		8740335832d78443	Flutter 在 Android 上如何接入 VSync？Perfetto 中 PlatformVsync 已出现但 Dart 迟迟不跑时，应沿什么顺序检查？	move	16-app-practice/11-rendering-media-hybrid.md	Q27	Flutter 在 Android 上如何接入 VSync？Perfetto 中 PlatformVsync 已出现但 Dart 迟迟不跑时，应沿什么顺序检查？	保留原题证据标注	07-performance/08-渲染管线-跨框架与媒体.md#Q3	executor	migrated
07-performance/08-渲染管线-跨框架与媒体.md	Q4	Flutter 在 Android 上没有 Vulkan 时一定回退到 Skia 吗？Impeller 的 shader 与 pipeline cache 机制能消除所有卡顿吗？	todo		69a4077331617501	Flutter 在 Android 上没有 Vulkan 时一定回退到 Skia 吗？Impeller 的 shader 与 pipeline cache 机制能消除所有卡顿吗？	move	16-app-practice/11-rendering-media-hybrid.md	Q28	Flutter 在 Android 上没有 Vulkan 时一定回退到 Skia 吗？Impeller 的 shader 与 pipeline cache 机制能消除所有卡顿吗？	保留原题证据标注	07-performance/08-渲染管线-跨框架与媒体.md#Q4	executor	migrated
07-performance/08-渲染管线-跨框架与媒体.md	Q5	Flutter 的 TLHC、HC、HCPP 三种 PlatformView 策略数据流差在哪？HCPP 需要什么条件才会真正生效？	todo		2239a5964a7d9875	Flutter 的 TLHC、HC、HCPP 三种 PlatformView 策略数据流差在哪？HCPP 需要什么条件才会真正生效？	move	16-app-practice/11-rendering-media-hybrid.md	Q29	Flutter 的 TLHC、HC、HCPP 三种 PlatformView 策略数据流差在哪？HCPP 需要什么条件才会真正生效？	保留原题证据标注	07-performance/08-渲染管线-跨框架与媒体.md#Q5	executor	migrated
07-performance/08-渲染管线-跨框架与媒体.md	Q6	普通 Compose 页面有自己的渲染引擎吗？`AndroidUiFrameClock` 的 Choreographer 回调与 ViewRootImpl 的 traversal 回调各做什么？	todo		b823e22f98498984	普通 Compose 页面有自己的渲染引擎吗？`AndroidUiFrameClock` 的 Choreographer 回调与 ViewRootImpl 的 traversal 回调各做什么？	move	03-ui/05-compose.md	Q16	普通 Compose 页面有自己的渲染引擎吗？`AndroidUiFrameClock` 的 Choreographer 回调与 ViewRootImpl 的 traversal 回调各做什么？	保留原题证据标注	07-performance/08-渲染管线-跨框架与媒体.md#Q6	executor	migrated
07-performance/08-渲染管线-跨框架与媒体.md	Q7	Compose 中同一状态被 composable 函数体、placement lambda 与 draw lambda 读取，状态变化分别触发什么？Recomposition 一定带来重绘吗？	todo		9dc267ef5f436b24	Compose 中同一状态被 composable 函数体、placement lambda 与 draw lambda 读取，状态变化分别触发什么？Recomposition 一定带来重绘吗？	move	03-ui/05-compose.md	Q17	Compose 中同一状态被 composable 函数体、placement lambda 与 draw lambda 读取，状态变化分别触发什么？Recomposition 一定带来重绘吗？	保留原题证据标注	07-performance/08-渲染管线-跨框架与媒体.md#Q7	executor	migrated
07-performance/08-渲染管线-跨框架与媒体.md	Q8	Compose 的每个 LayoutNode 都对应一个 Android RenderNode 吗？`Modifier.graphicsLayer` 一定创建离屏纹理吗？	todo		7dc4a921b69c7bce	Compose 的每个 LayoutNode 都对应一个 Android RenderNode 吗？`Modifier.graphicsLayer` 一定创建离屏纹理吗？	move	03-ui/05-compose.md	Q18	Compose 的每个 LayoutNode 都对应一个 Android RenderNode 吗？`Modifier.graphicsLayer` 一定创建离屏纹理吗？	保留原题证据标注	07-performance/08-渲染管线-跨框架与媒体.md#Q8	executor	migrated
07-performance/08-渲染管线-跨框架与媒体.md	Q9	Compose 的 PausableComposition 分段执行的是什么工作？为什么它不能用来降低 GPU 负担？	todo		14df8a5bfb1e007b	Compose 的 PausableComposition 分段执行的是什么工作？为什么它不能用来降低 GPU 负担？	move	03-ui/05-compose.md	Q19	Compose 的 PausableComposition 分段执行的是什么工作？为什么它不能用来降低 GPU 负担？	保留原题证据标注	07-performance/08-渲染管线-跨框架与媒体.md#Q9	executor	migrated
07-performance/08-渲染管线-跨框架与媒体.md	Q10	WebView 渲染问题为什么必须同时记录平台版本与 provider 版本？provider 在 Android 13 中怎样装入宿主进程？	todo		9308ff37c96e3e31	WebView 渲染问题为什么必须同时记录平台版本与 provider 版本？provider 在 Android 13 中怎样装入宿主进程？	move	16-app-practice/11-rendering-media-hybrid.md	Q30	WebView 渲染问题为什么必须同时记录平台版本与 provider 版本？provider 在 Android 13 中怎样装入宿主进程？	保留原题证据标注	07-performance/08-渲染管线-跨框架与媒体.md#Q10	executor	migrated
07-performance/08-渲染管线-跨框架与媒体.md	Q11	"标准 WebView 的网页像素怎样进入宿主窗口？""DrawAndSwapOnViz""能证明 App Window 已向 SurfaceFlinger 提交吗？"	todo		ae11cc7ef9c3d50c	"标准 WebView 的网页像素怎样进入宿主窗口？""DrawAndSwapOnViz""能证明 App Window 已向 SurfaceFlinger 提交吗？"	move	16-app-practice/11-rendering-media-hybrid.md	Q31	"标准 WebView 的网页像素怎样进入宿主窗口？""DrawAndSwapOnViz""能证明 App Window 已向 SurfaceFlinger 提交吗？"	保留原题证据标注	07-performance/08-渲染管线-跨框架与媒体.md#Q11	executor	migrated
07-performance/08-渲染管线-跨框架与媒体.md	Q12	WebView 的 SurfaceControl overlay 等于整页独立出图吗？Android 13 平台侧的开启条件是什么？	todo		468f143c0c533ea2	WebView 的 SurfaceControl overlay 等于整页独立出图吗？Android 13 平台侧的开启条件是什么？	move	16-app-practice/11-rendering-media-hybrid.md	Q32	WebView 的 SurfaceControl overlay 等于整页独立出图吗？Android 13 平台侧的开启条件是什么？	保留原题证据标注	07-performance/08-渲染管线-跨框架与媒体.md#Q12	executor	migrated
07-performance/08-渲染管线-跨框架与媒体.md	Q13	WebView 网页进入全屏靠什么协议？renderer 进程消失后原 WebView 实例还能复用吗？	todo		09a4843c8a597312	WebView 网页进入全屏靠什么协议？renderer 进程消失后原 WebView 实例还能复用吗？	move	16-app-practice/11-rendering-media-hybrid.md	Q33	WebView 网页进入全屏靠什么协议？renderer 进程消失后原 WebView 实例还能复用吗？	保留原题证据标注	07-performance/08-渲染管线-跨框架与媒体.md#Q13	executor	migrated
07-performance/08-渲染管线-跨框架与媒体.md	Q14	Camera2 一次 capture request 的 preview、record、analysis 多路输出共用同一块 buffer 吗？收到 metadata 能证明图像输出就绪吗？	todo		1f41e1f853e067b3	Camera2 一次 capture request 的 preview、record、analysis 多路输出共用同一块 buffer 吗？收到 metadata 能证明图像输出就绪吗？	move	05-rendering/06-camera-pipeline.md	Q1	Camera2 一次 capture request 的 preview、record、analysis 多路输出共用同一块 buffer 吗？收到 metadata 能证明图像输出就绪吗？	保留原题证据标注	07-performance/08-渲染管线-跨框架与媒体.md#Q14	executor	migrated
07-performance/08-渲染管线-跨框架与媒体.md	Q15	Camera 输出流的 BufferQueue 容量由什么决定？加大 maxBuffers 能解决消费慢吗？	todo		e2c5c565a7702999	Camera 输出流的 BufferQueue 容量由什么决定？加大 maxBuffers 能解决消费慢吗？	move	05-rendering/06-camera-pipeline.md	Q2	Camera 输出流的 BufferQueue 容量由什么决定？加大 maxBuffers 能解决消费慢吗？	保留原题证据标注	07-performance/08-渲染管线-跨框架与媒体.md#Q15	executor	migrated
07-performance/08-渲染管线-跨框架与媒体.md	Q16	Camera 输出 buffer 从 HAL 写入到消费方读取，fence 按什么顺序交接？HAL 没等 acquire fence 就出错返回时怎么办？	todo		28884e5ae01dd98f	Camera 输出 buffer 从 HAL 写入到消费方读取，fence 按什么顺序交接？HAL 没等 acquire fence 就出错返回时怎么办？	move	05-rendering/06-camera-pipeline.md	Q3	Camera 输出 buffer 从 HAL 写入到消费方读取，fence 按什么顺序交接？HAL 没等 acquire fence 就出错返回时怎么办？	保留原题证据标注	07-performance/08-渲染管线-跨框架与媒体.md#Q16	executor	migrated
07-performance/08-渲染管线-跨框架与媒体.md	Q17	`Camera3BufferManager` 与 HAL buffer management 是同一个机制吗？`requestStreamBuffers()` 返回的 buffer 预先绑定某个 request 吗？	todo		7023fca5cd251d06	`Camera3BufferManager` 与 HAL buffer management 是同一个机制吗？`requestStreamBuffers()` 返回的 buffer 预先绑定某个 request 吗？	move	05-rendering/06-camera-pipeline.md	Q4	`Camera3BufferManager` 与 HAL buffer management 是同一个机制吗？`requestStreamBuffers()` 返回的 buffer 预先绑定某个 request 吗？	保留原题证据标注	07-performance/08-渲染管线-跨框架与媒体.md#Q17	executor	migrated
07-performance/08-渲染管线-跨框架与媒体.md	Q18	"`CONTROL_ENABLE_ZSL` 与应用自管 ZSL（ring buffer 加 reprocess）机制差在哪？为什么 ZSL 照片的回调顺序看起来""乱""？"	todo		9131a427e8868f75	"`CONTROL_ENABLE_ZSL` 与应用自管 ZSL（ring buffer 加 reprocess）机制差在哪？为什么 ZSL 照片的回调顺序看起来""乱""？"	move	05-rendering/06-camera-pipeline.md	Q5	"`CONTROL_ENABLE_ZSL` 与应用自管 ZSL（ring buffer 加 reprocess）机制差在哪？为什么 ZSL 照片的回调顺序看起来""乱""？"	保留原题证据标注	07-performance/08-渲染管线-跨框架与媒体.md#Q18	executor	migrated
07-performance/08-渲染管线-跨框架与媒体.md	Q19	Camera 不同输出流的时间戳可以直接相减吗？Android 13 的 timestamp base 机制是怎样的？	todo		2adcb1fed7dceb49	Camera 不同输出流的时间戳可以直接相减吗？Android 13 的 timestamp base 机制是怎样的？	move	05-rendering/06-camera-pipeline.md	Q6	Camera 不同输出流的时间戳可以直接相减吗？Android 13 的 timestamp base 机制是怎样的？	保留原题证据标注	07-performance/08-渲染管线-跨框架与媒体.md#Q19	executor	migrated
07-performance/08-渲染管线-跨框架与媒体.md	Q20	用了 SurfaceView 的视频就一定走硬件 overlay 吗？怎么确认目标帧的实际合成路径？	todo		d0d214a7dfed1972	用了 SurfaceView 的视频就一定走硬件 overlay 吗？怎么确认目标帧的实际合成路径？	move	05-rendering/07-media-playback.md	Q1	用了 SurfaceView 的视频就一定走硬件 overlay 吗？怎么确认目标帧的实际合成路径？	保留原题证据标注	07-performance/08-渲染管线-跨框架与媒体.md#Q20	executor	migrated
07-performance/08-渲染管线-跨框架与媒体.md	Q21	"`MediaCodec.releaseOutputBuffer(index, renderTimestampNs)` 返回后帧就显示了吗？BufferQueue 怎样处理""还没到点""的帧？"	todo		4cc0d4b7f5fd673f	"`MediaCodec.releaseOutputBuffer(index, renderTimestampNs)` 返回后帧就显示了吗？BufferQueue 怎样处理""还没到点""的帧？"	move	05-rendering/07-media-playback.md	Q2	"`MediaCodec.releaseOutputBuffer(index, renderTimestampNs)` 返回后帧就显示了吗？BufferQueue 怎样处理""还没到点""的帧？"	保留原题证据标注	07-performance/08-渲染管线-跨框架与媒体.md#Q21	executor	migrated
07-performance/08-渲染管线-跨框架与媒体.md	Q22	tunneled playback 需要哪些条件？AAOS13 源码里 sideband 是怎样建立的，`SIDEBAND` 与 `DEVICE` 有何不同？	todo		5b598c4421a03bcf	tunneled playback 需要哪些条件？AAOS13 源码里 sideband 是怎样建立的，`SIDEBAND` 与 `DEVICE` 有何不同？	move	05-rendering/07-media-playback.md	Q3	tunneled playback 需要哪些条件？AAOS13 源码里 sideband 是怎样建立的，`SIDEBAND` 与 `DEVICE` 有何不同？	保留原题证据标注	07-performance/08-渲染管线-跨框架与媒体.md#Q22	executor	migrated
07-performance/08-渲染管线-跨框架与媒体.md	Q23	Media3 的 ABR 会因为解码掉帧或视频 layer 不是 `DEVICE` 而降码率吗？1.10.1 的选档逻辑看什么？	todo		a2383be47b1480c4	Media3 的 ABR 会因为解码掉帧或视频 layer 不是 `DEVICE` 而降码率吗？1.10.1 的选档逻辑看什么？	move	05-rendering/07-media-playback.md	Q4	Media3 的 ABR 会因为解码掉帧或视频 layer 不是 `DEVICE` 而降码率吗？1.10.1 的选档逻辑看什么？	保留原题证据标注	07-performance/08-渲染管线-跨框架与媒体.md#Q23	executor	migrated
07-performance/08-渲染管线-跨框架与媒体.md	Q24	"设备运行 Android 17 就能播放 VVC 吗？""平台支持""要拆成哪三层理解？"	todo		fa8def3441c2176b	"设备运行 Android 17 就能播放 VVC 吗？""平台支持""要拆成哪三层理解？"	move	05-rendering/07-media-playback.md	Q5	"设备运行 Android 17 就能播放 VVC 吗？""平台支持""要拆成哪三层理解？"	保留原题证据标注	07-performance/08-渲染管线-跨框架与媒体.md#Q24	executor	migrated
07-performance/08-渲染管线-跨框架与媒体.md	Q25	"APV 是什么定位？""Android 支持 APV""包含哪几层含义？422-10 码流能保证解码输出还是 P210 吗？"	todo		f729580628b90e95	"APV 是什么定位？""Android 支持 APV""包含哪几层含义？422-10 码流能保证解码输出还是 P210 吗？"	move	05-rendering/07-media-playback.md	Q6	"APV 是什么定位？""Android 支持 APV""包含哪几层含义？422-10 码流能保证解码输出还是 P210 吗？"	保留原题证据标注	07-performance/08-渲染管线-跨框架与媒体.md#Q25	executor	migrated
07-performance/08-渲染管线-跨框架与媒体.md	Q26	游戏性能分析为什么不能从 UI 线程 doFrame 开始？60 FPS 能推出输入延迟只有一帧吗？	todo		7b685373f0b0fb54	游戏性能分析为什么不能从 UI 线程 doFrame 开始？60 FPS 能推出输入延迟只有一帧吗？	move	15-performance/01-smoothness.md	Q32	游戏性能分析为什么不能从 UI 线程 doFrame 开始？60 FPS 能推出输入延迟只有一帧吗？	保留原题证据标注	07-performance/08-渲染管线-跨框架与媒体.md#Q26	executor	migrated
07-performance/08-渲染管线-跨框架与媒体.md	Q27	Unity 的 `Gfx.WaitForPresentOnGfxThread` 变长能直接判定 GPU bound 吗？Perfetto 里为什么看不到 `PlayerLoop`？	todo		64099a564a9ed36a	Unity 的 `Gfx.WaitForPresentOnGfxThread` 变长能直接判定 GPU bound 吗？Perfetto 里为什么看不到 `PlayerLoop`？	move	15-performance/01-smoothness.md	Q33	Unity 的 `Gfx.WaitForPresentOnGfxThread` 变长能直接判定 GPU bound 吗？Perfetto 里为什么看不到 `PlayerLoop`？	保留原题证据标注	07-performance/08-渲染管线-跨框架与媒体.md#Q27	executor	migrated
07-performance/08-渲染管线-跨框架与媒体.md	Q28	Swappy、Frame Rate API、ADPF Hint Session、Game Mode、Game State 各管什么？哪些能力在 Android 13 上还没有？	todo		1e8c2d0cdb2dc1ee	Swappy、Frame Rate API、ADPF Hint Session、Game Mode、Game State 各管什么？哪些能力在 Android 13 上还没有？	move	15-performance/01-smoothness.md	Q34	Swappy、Frame Rate API、ADPF Hint Session、Game Mode、Game State 各管什么？哪些能力在 Android 13 上还没有？	保留原题证据标注	07-performance/08-渲染管线-跨框架与媒体.md#Q28	executor	migrated
07-performance/08-渲染管线-跨框架与媒体.md	Q29	"游戏的 CPU bound、GPU bound、pacing bound、display bound 各自的证据形态是什么？""每帧超过 1000 draw call 就有问题""成立吗？"	todo		b4b53ae5ad9e4da5	"游戏的 CPU bound、GPU bound、pacing bound、display bound 各自的证据形态是什么？""每帧超过 1000 draw call 就有问题""成立吗？"	move	15-performance/01-smoothness.md	Q35	"游戏的 CPU bound、GPU bound、pacing bound、display bound 各自的证据形态是什么？""每帧超过 1000 draw call 就有问题""成立吗？"	保留原题证据标注	07-performance/08-渲染管线-跨框架与媒体.md#Q29	executor	migrated
07-performance/08-渲染管线-跨框架与媒体.md	Q30	Android XR 上不同形态的应用分别怎样出图？普通 Android 窗口的分析链路到哪里要停？	todo		d1377f3a00699011	Android XR 上不同形态的应用分别怎样出图？普通 Android 窗口的分析链路到哪里要停？	move	05-rendering/08-android-xr.md	Q1	Android XR 上不同形态的应用分别怎样出图？普通 Android 窗口的分析链路到哪里要停？	保留原题证据标注	07-performance/08-渲染管线-跨框架与媒体.md#Q30	executor	migrated
07-performance/08-渲染管线-跨框架与媒体.md	Q31	XR 环境资产的 80 MB、10,000 vertices、200 m 是硬限制吗？环境资产的成本怎样构成？	todo		3343d1c2499dfa2e	XR 环境资产的 80 MB、10,000 vertices、200 m 是硬限制吗？环境资产的成本怎样构成？	move	05-rendering/08-android-xr.md	Q2	XR 环境资产的 80 MB、10,000 vertices、200 m 是硬限制吗？环境资产的成本怎样构成？	保留原题证据标注	07-performance/08-渲染管线-跨框架与媒体.md#Q31	executor	migrated
07-performance/08-渲染管线-跨框架与媒体.md	Q32	"Android XR 的""每帧 11.1 ms""是主线程预算吗？开了 spacewarp 之后 App 就不用每个显示帧都渲染了吗？"	todo		9c7aacc2ee8700e5	"Android XR 的""每帧 11.1 ms""是主线程预算吗？开了 spacewarp 之后 App 就不用每个显示帧都渲染了吗？"	move	05-rendering/08-android-xr.md	Q3	"Android XR 的""每帧 11.1 ms""是主线程预算吗？开了 spacewarp 之后 App 就不用每个显示帧都渲染了吗？"	保留原题证据标注	07-performance/08-渲染管线-跨框架与媒体.md#Q32	executor	migrated
07-performance/08-渲染管线-跨框架与媒体.md	Q33	Jetpack WebGPU 是 Android 17 的系统组件吗？它与 WebView 里的 navigator.gpu 是同一条路径吗？	todo		e8ada386005f7eb2	Jetpack WebGPU 是 Android 17 的系统组件吗？它与 WebView 里的 navigator.gpu 是同一条路径吗？	move	05-rendering/04-graphics-api.md	Q13	Jetpack WebGPU 是 Android 17 的系统组件吗？它与 WebView 里的 navigator.gpu 是同一条路径吗？	保留原题证据标注	07-performance/08-渲染管线-跨框架与媒体.md#Q33	executor	migrated
07-performance/08-渲染管线-跨框架与媒体.md	Q34	WebGPU 的 Core/Compatibility 与 Vulkan/OpenGLES 是同一组分类吗？使用 subgroup 这类能力前要查什么？	todo		fb8450d0da51f918	WebGPU 的 Core/Compatibility 与 Vulkan/OpenGLES 是同一组分类吗？使用 subgroup 这类能力前要查什么？	move	05-rendering/04-graphics-api.md	Q14	WebGPU 的 Core/Compatibility 与 Vulkan/OpenGLES 是同一组分类吗？使用 subgroup 这类能力前要查什么？	保留原题证据标注	07-performance/08-渲染管线-跨框架与媒体.md#Q34	executor	migrated
07-performance/08-渲染管线-跨框架与媒体.md	Q35	WebGPU 的 `surface.present()` 返回表示上屏了吗？`AndroidExternalSurface` 与 `AndroidEmbeddedExternalSurface` 差在哪？	todo		40e0e6b87ad57e9a	WebGPU 的 `surface.present()` 返回表示上屏了吗？`AndroidExternalSurface` 与 `AndroidEmbeddedExternalSurface` 差在哪？	move	05-rendering/04-graphics-api.md	Q15	WebGPU 的 `surface.present()` 返回表示上屏了吗？`AndroidExternalSurface` 与 `AndroidEmbeddedExternalSurface` 差在哪？	保留原题证据标注	07-performance/08-渲染管线-跨框架与媒体.md#Q35	executor	migrated
08-cpu-power/01-调度与功耗框架.md	Q1	分析 Perfetto 的 CPU 轨道前，为什么要先区分微架构、调度器 capacity、cpufreq policy 与能量模型性能域？	todo		1358d6f8820bca60	分析 Perfetto 的 CPU 轨道前，为什么要先区分微架构、调度器 capacity、cpufreq policy 与能量模型性能域？	keep	14-cpu-power/01-scheduler-power-framework.md	Q1	分析 Perfetto 的 CPU 轨道前，为什么要先区分微架构、调度器 capacity、cpufreq policy 与能量模型性能域？	保留原题证据标注	08-cpu-power/01-调度与功耗框架.md#Q1	executor	migrated
08-cpu-power/01-调度与功耗框架.md	Q2	"从 CFS 到 EEVDF，公平调度""记账""和""选人""分别怎么工作？nice 值改变的是什么？"	todo		4f9d49334a3be94a	"从 CFS 到 EEVDF，公平调度""记账""和""选人""分别怎么工作？nice 值改变的是什么？"	keep	14-cpu-power/01-scheduler-power-framework.md	Q2	"从 CFS 到 EEVDF，公平调度""记账""和""选人""分别怎么工作？nice 值改变的是什么？"	保留原题证据标注	08-cpu-power/01-调度与功耗框架.md#Q2	executor	migrated
08-cpu-power/01-调度与功耗框架.md	Q3	EAS 的选核在什么条件下生效？它管的是不是所有任务迁移？	todo		e09ca71959059da7	EAS 的选核在什么条件下生效？它管的是不是所有任务迁移？	keep	14-cpu-power/01-scheduler-power-framework.md	Q3	EAS 的选核在什么条件下生效？它管的是不是所有任务迁移？	保留原题证据标注	08-cpu-power/01-调度与功耗框架.md#Q3	executor	migrated
08-cpu-power/01-调度与功耗框架.md	Q4	"`fits_capacity` 预留了多少余量？温控为什么会让""冷机能装下的任务""变成 misfit？"	todo		81a27278cd781e99	"`fits_capacity` 预留了多少余量？温控为什么会让""冷机能装下的任务""变成 misfit？"	keep	14-cpu-power/01-scheduler-power-framework.md	Q4	"`fits_capacity` 预留了多少余量？温控为什么会让""冷机能装下的任务""变成 misfit？"	保留原题证据标注	08-cpu-power/01-调度与功耗框架.md#Q4	executor	migrated
08-cpu-power/01-调度与功耗框架.md	Q5	"schedutil 把哪些信号合成为目标频率？""CPU 百分比 × 最高频率""错在哪？"	todo		7ecb1b79187cd675	"schedutil 把哪些信号合成为目标频率？""CPU 百分比 × 最高频率""错在哪？"	keep	14-cpu-power/01-scheduler-power-framework.md	Q5	"schedutil 把哪些信号合成为目标频率？""CPU 百分比 × 最高频率""错在哪？"	保留原题证据标注	08-cpu-power/01-调度与功耗框架.md#Q5	executor	migrated
08-cpu-power/01-调度与功耗框架.md	Q6	"一个线程实际能运行在哪些 CPU 上？为什么""把 RenderThread 绑到大核""不是默认优化？"	todo		9da1c738d7c951d6	"一个线程实际能运行在哪些 CPU 上？为什么""把 RenderThread 绑到大核""不是默认优化？"	keep	14-cpu-power/01-scheduler-power-framework.md	Q6	"一个线程实际能运行在哪些 CPU 上？为什么""把 RenderThread 绑到大核""不是默认优化？"	保留原题证据标注	08-cpu-power/01-调度与功耗框架.md#Q6	executor	migrated
08-cpu-power/01-调度与功耗框架.md	Q7	Android 用户空间怎么把进程状态翻译成调度约束？task profile、nice 与 UClamp 能互相替代吗？	todo		c088b3590e130351	Android 用户空间怎么把进程状态翻译成调度约束？task profile、nice 与 UClamp 能互相替代吗？	keep	14-cpu-power/01-scheduler-power-framework.md	Q7	Android 用户空间怎么把进程状态翻译成调度约束？task profile、nice 与 UClamp 能互相替代吗？	保留原题证据标注	08-cpu-power/01-调度与功耗框架.md#Q7	executor	migrated
08-cpu-power/01-调度与功耗框架.md	Q8	"DVFS 的节能依据是什么？为什么""降频一定省电""不成立？"	todo		90e6e4dfec552bf2	"DVFS 的节能依据是什么？为什么""降频一定省电""不成立？"	keep	14-cpu-power/01-scheduler-power-framework.md	Q8	"DVFS 的节能依据是什么？为什么""降频一定省电""不成立？"	保留原题证据标注	08-cpu-power/01-调度与功耗框架.md#Q8	executor	migrated
08-cpu-power/01-调度与功耗框架.md	Q9	Linux CPUFreq 分几层？`scaling_cur_freq` 是硬件实频吗？	todo		48da6221f1a48499	Linux CPUFreq 分几层？`scaling_cur_freq` 是硬件实频吗？	keep	14-cpu-power/01-scheduler-power-framework.md	Q9	Linux CPUFreq 分几层？`scaling_cur_freq` 是硬件实频吗？	保留原题证据标注	08-cpu-power/01-调度与功耗框架.md#Q9	executor	migrated
08-cpu-power/01-调度与功耗框架.md	Q10	"从应用持有 WakeLock 到系统挂起，中间经过哪些层？""CPU idle 比例接近 100%""能证明系统已挂起吗？"	todo		9b37e372c60356fb	"从应用持有 WakeLock 到系统挂起，中间经过哪些层？""CPU idle 比例接近 100%""能证明系统已挂起吗？"	keep	14-cpu-power/01-scheduler-power-framework.md	Q10	"从应用持有 WakeLock 到系统挂起，中间经过哪些层？""CPU idle 比例接近 100%""能证明系统已挂起吗？"	保留原题证据标注	08-cpu-power/01-调度与功耗框架.md#Q10	executor	migrated
08-cpu-power/01-调度与功耗框架.md	Q11	使用 PARTIAL_WAKE_LOCK 的正确姿势是什么？哪些表现说明锁被滥用了？	todo		b376e361439e4cc2	使用 PARTIAL_WAKE_LOCK 的正确姿势是什么？哪些表现说明锁被滥用了？	keep	14-cpu-power/01-scheduler-power-framework.md	Q11	使用 PARTIAL_WAKE_LOCK 的正确姿势是什么？哪些表现说明锁被滥用了？	保留原题证据标注	08-cpu-power/01-调度与功耗框架.md#Q11	executor	migrated
08-cpu-power/01-调度与功耗框架.md	Q12	"Android 的温控为什么分""控制平面""和""报告平面""？ThermalManagerService 与 Thermal status 是什么关系？"	todo		6a9f842defe28a2a	"Android 的温控为什么分""控制平面""和""报告平面""？ThermalManagerService 与 Thermal status 是什么关系？"	keep	14-cpu-power/01-scheduler-power-framework.md	Q12	"Android 的温控为什么分""控制平面""和""报告平面""？ThermalManagerService 与 Thermal status 是什么关系？"	保留原题证据标注	08-cpu-power/01-调度与功耗框架.md#Q12	executor	migrated
08-cpu-power/01-调度与功耗框架.md	Q13	`getThermalHeadroom()` 返回的数值怎么解读？应用侧降载策略要满足什么条件？	todo		e175b2cdefc99aed	`getThermalHeadroom()` 返回的数值怎么解读？应用侧降载策略要满足什么条件？	keep	14-cpu-power/01-scheduler-power-framework.md	Q13	`getThermalHeadroom()` 返回的数值怎么解读？应用侧降载策略要满足什么条件？	保留原题证据标注	08-cpu-power/01-调度与功耗框架.md#Q13	executor	migrated
08-cpu-power/01-调度与功耗框架.md	Q14	Power HAL 的 setMode/setBoost 和性能提示会话能保证频率吗？GameManager 的 GAME_LOADING 有什么限制？	todo		a7b421f1c41f1470	Power HAL 的 setMode/setBoost 和性能提示会话能保证频率吗？GameManager 的 GAME_LOADING 有什么限制？	keep	14-cpu-power/01-scheduler-power-framework.md	Q14	Power HAL 的 setMode/setBoost 和性能提示会话能保证频率吗？GameManager 的 GAME_LOADING 有什么限制？	保留原题证据标注	08-cpu-power/01-调度与功耗框架.md#Q14	executor	migrated
08-cpu-power/01-调度与功耗框架.md	Q15	"Doze、App Standby Bucket 与用户""后台受限""分别约束什么？待机桶有哪些档位？"	todo		78c3597481cd6b54	"Doze、App Standby Bucket 与用户""后台受限""分别约束什么？待机桶有哪些档位？"	keep	14-cpu-power/01-scheduler-power-framework.md	Q15	"Doze、App Standby Bucket 与用户""后台受限""分别约束什么？待机桶有哪些档位？"	保留原题证据标注	08-cpu-power/01-调度与功耗框架.md#Q15	executor	migrated
08-cpu-power/01-调度与功耗框架.md	Q16	JobScheduler 从 schedule() 到 onStartJob() 经过什么？JobService 回调有哪些必须遵守的生命周期约定？	todo		58d8013d2610b64e	JobScheduler 从 schedule() 到 onStartJob() 经过什么？JobService 回调有哪些必须遵守的生命周期约定？	keep	14-cpu-power/01-scheduler-power-framework.md	Q16	JobScheduler 从 schedule() 到 onStartJob() 经过什么？JobService 回调有哪些必须遵守的生命周期约定？	保留原题证据标注	08-cpu-power/01-调度与功耗框架.md#Q16	executor	migrated
08-cpu-power/01-调度与功耗框架.md	Q17	WorkManager、JobScheduler、UIDT、expedited、FGS 与 exact alarm 怎么选？各有什么 API 版本边界？	todo		38b1e38aba0819d0	WorkManager、JobScheduler、UIDT、expedited、FGS 与 exact alarm 怎么选？各有什么 API 版本边界？	keep	14-cpu-power/01-scheduler-power-framework.md	Q17	WorkManager、JobScheduler、UIDT、expedited、FGS 与 exact alarm 怎么选？各有什么 API 版本边界？	保留原题证据标注	08-cpu-power/01-调度与功耗框架.md#Q17	executor	migrated
08-cpu-power/01-调度与功耗框架.md	Q18	App Hibernation 与待机桶、应用归档有什么区别？应用进入休眠后发生了什么、怎么恢复？	todo		e7916db9837d5ef1	App Hibernation 与待机桶、应用归档有什么区别？应用进入休眠后发生了什么、怎么恢复？	keep	14-cpu-power/01-scheduler-power-framework.md	Q18	App Hibernation 与待机桶、应用归档有什么区别？应用进入休眠后发生了什么、怎么恢复？	保留原题证据标注	08-cpu-power/01-调度与功耗框架.md#Q18	executor	migrated
08-cpu-power/01-调度与功耗框架.md	Q19	ADPF 的 HintSession 是反馈回路还是升频开关？Android 13 上能用到哪些 API？	todo		83181dad4542a2e6	ADPF 的 HintSession 是反馈回路还是升频开关？Android 13 上能用到哪些 API？	keep	14-cpu-power/01-scheduler-power-framework.md	Q19	ADPF 的 HintSession 是反馈回路还是升频开关？Android 13 上能用到哪些 API？	保留原题证据标注	08-cpu-power/01-调度与功耗框架.md#Q19	executor	migrated
08-cpu-power/01-调度与功耗框架.md	Q20	target duration 应该填整帧周期吗？事后上报 actual 能修复已经掉的那一帧吗？	todo		034d4bfea2fc8ef9	target duration 应该填整帧周期吗？事后上报 actual 能修复已经掉的那一帧吗？	keep	14-cpu-power/01-scheduler-power-framework.md	Q20	target duration 应该填整帧周期吗？事后上报 actual 能修复已经掉的那一帧吗？	保留原题证据标注	08-cpu-power/01-调度与功耗框架.md#Q20	executor	migrated
08-cpu-power/01-调度与功耗框架.md	Q21	Performance Hint、CPU/GPU Headroom 与 Thermal 状态三类信号怎么分工？	todo		c1653accf2fc6c30	Performance Hint、CPU/GPU Headroom 与 Thermal 状态三类信号怎么分工？	keep	14-cpu-power/01-scheduler-power-framework.md	Q21	Performance Hint、CPU/GPU Headroom 与 Thermal 状态三类信号怎么分工？	保留原题证据标注	08-cpu-power/01-调度与功耗框架.md#Q21	executor	migrated
08-cpu-power/01-调度与功耗框架.md	Q22	Android 上有哪几条端侧推理路径？为什么混用会误判成本？	todo		b1927a768356db2d	Android 上有哪几条端侧推理路径？为什么混用会误判成本？	keep	14-cpu-power/01-scheduler-power-framework.md	Q22	Android 上有哪几条端侧推理路径？为什么混用会误判成本？	保留原题证据标注	08-cpu-power/01-调度与功耗框架.md#Q22	executor	migrated
08-cpu-power/01-调度与功耗框架.md	Q23	"为什么""实验室里最快的推理后端""放进真实页面未必改善体验？"	todo		feaaf44aa913901b	"为什么""实验室里最快的推理后端""放进真实页面未必改善体验？"	keep	14-cpu-power/01-scheduler-power-framework.md	Q23	"为什么""实验室里最快的推理后端""放进真实页面未必改善体验？"	保留原题证据标注	08-cpu-power/01-调度与功耗框架.md#Q23	executor	migrated
08-cpu-power/01-调度与功耗框架.md	Q24	NPU 加速的收益取决于什么？Android 17 的 NPU 声明与调度控制面是做什么的？	todo		e347f3edf62b5658	NPU 加速的收益取决于什么？Android 17 的 NPU 声明与调度控制面是做什么的？	keep	14-cpu-power/01-scheduler-power-framework.md	Q24	NPU 加速的收益取决于什么？Android 17 的 NPU 声明与调度控制面是做什么的？	保留原题证据标注	08-cpu-power/01-调度与功耗框架.md#Q24	executor	migrated
08-cpu-power/01-调度与功耗框架.md	Q25	"端侧推理的内存由哪些部分组成？""模型文件 100 MB 所以最多占 100 MB""错在哪？"	todo		be039ae61e836547	"端侧推理的内存由哪些部分组成？""模型文件 100 MB 所以最多占 100 MB""错在哪？"	keep	14-cpu-power/01-scheduler-power-framework.md	Q25	"端侧推理的内存由哪些部分组成？""模型文件 100 MB 所以最多占 100 MB""错在哪？"	保留原题证据标注	08-cpu-power/01-调度与功耗框架.md#Q25	executor	migrated
08-cpu-power/02-能效专项.md	Q1	端侧 LLM 推理的 TTFT 和 TPOT 应该怎么定义与测量，为什么平均 TPOT 不足以描述生成体验？	todo		74fe7dd05a420544	端侧 LLM 推理的 TTFT 和 TPOT 应该怎么定义与测量，为什么平均 TPOT 不足以描述生成体验？	keep	14-cpu-power/02-energy-efficiency.md	Q1	端侧 LLM 推理的 TTFT 和 TPOT 应该怎么定义与测量，为什么平均 TPOT 不足以描述生成体验？	保留原题证据标注	08-cpu-power/02-能效专项.md#Q1	executor	migrated
08-cpu-power/02-能效专项.md	Q2	Android 上 EAS 与 CPUFreq（schedutil）分别负责什么，为什么看到频率变化不能归因于调度器改了放置？	todo		60f045d4583b2e2b	Android 上 EAS 与 CPUFreq（schedutil）分别负责什么，为什么看到频率变化不能归因于调度器改了放置？	keep	14-cpu-power/02-energy-efficiency.md	Q2	Android 上 EAS 与 CPUFreq（schedutil）分别负责什么，为什么看到频率变化不能归因于调度器改了放置？	保留原题证据标注	08-cpu-power/02-能效专项.md#Q2	executor	migrated
08-cpu-power/02-能效专项.md	Q3	LLM decode 阶段 CPU 与 GPU 利用率都不高，TPOT 却很差，可能有哪些原因？	todo		c324427ecd0df7cf	LLM decode 阶段 CPU 与 GPU 利用率都不高，TPOT 却很差，可能有哪些原因？	keep	14-cpu-power/02-energy-efficiency.md	Q3	LLM decode 阶段 CPU 与 GPU 利用率都不高，TPOT 却很差，可能有哪些原因？	保留原题证据标注	08-cpu-power/02-能效专项.md#Q3	executor	migrated
08-cpu-power/02-能效专项.md	Q4	普通应用在端侧 LLM 能效上能做什么、不能做什么？	todo		81b59e70f6360b90	普通应用在端侧 LLM 能效上能做什么、不能做什么？	keep	14-cpu-power/02-energy-efficiency.md	Q4	普通应用在端侧 LLM 能效上能做什么、不能做什么？	保留原题证据标注	08-cpu-power/02-能效专项.md#Q4	executor	migrated
08-cpu-power/02-能效专项.md	Q5	应用如何用 PerformanceHintManager 为 LLM decode 建立性能提示，Android 13 与 Android 17 的 API 差异是什么？	todo		08c1d21ce1f189ba	应用如何用 PerformanceHintManager 为 LLM decode 建立性能提示，Android 13 与 Android 17 的 API 差异是什么？	keep	14-cpu-power/02-energy-efficiency.md	Q5	应用如何用 PerformanceHintManager 为 LLM decode 建立性能提示，Android 13 与 Android 17 的 API 差异是什么？	保留原题证据标注	08-cpu-power/02-能效专项.md#Q5	executor	migrated
08-cpu-power/02-能效专项.md	Q6	测 LLM 推理能耗时，整机电池电流与 power rails（部件能量轨道）各能说明什么？	todo		913854a9d7d53724	测 LLM 推理能耗时，整机电池电流与 power rails（部件能量轨道）各能说明什么？	keep	14-cpu-power/02-energy-efficiency.md	Q6	测 LLM 推理能耗时，整机电池电流与 power rails（部件能量轨道）各能说明什么？	保留原题证据标注	08-cpu-power/02-能效专项.md#Q6	executor	migrated
08-cpu-power/02-能效专项.md	Q7	传感器批处理（batching）到底省了哪部分电，为什么它不能减少采样？	todo		1427816c5ebcadf9	传感器批处理（batching）到底省了哪部分电，为什么它不能减少采样？	keep	14-cpu-power/02-energy-efficiency.md	Q7	传感器批处理（batching）到底省了哪部分电，为什么它不能减少采样？	保留原题证据标注	08-cpu-power/02-能效专项.md#Q7	executor	migrated
08-cpu-power/02-能效专项.md	Q8	`registerListener` 的 `samplingPeriodUs` 与 `maxReportLatencyUs` 分别控制什么，请求 50 Hz 加 5 秒延迟会不会变成 0.2 Hz？	todo		584fe217a2bd2795	`registerListener` 的 `samplingPeriodUs` 与 `maxReportLatencyUs` 分别控制什么，请求 50 Hz 加 5 秒延迟会不会变成 0.2 Hz？	keep	14-cpu-power/02-energy-efficiency.md	Q8	`registerListener` 的 `samplingPeriodUs` 与 `maxReportLatencyUs` 分别控制什么，请求 50 Hz 加 5 秒延迟会不会变成 0.2 Hz？	保留原题证据标注	08-cpu-power/02-能效专项.md#Q8	executor	migrated
08-cpu-power/02-能效专项.md	Q9	同一个传感器被多个应用以不同参数请求时，硬件最终采用谁的配置？	todo		6dc50e80bc3f68d8	同一个传感器被多个应用以不同参数请求时，硬件最终采用谁的配置？	keep	14-cpu-power/02-energy-efficiency.md	Q9	同一个传感器被多个应用以不同参数请求时，硬件最终采用谁的配置？	保留原题证据标注	08-cpu-power/02-能效专项.md#Q9	executor	migrated
08-cpu-power/02-能效专项.md	Q10	灭屏后 non-wake-up 传感器事件缺失，是 HAL 丢包吗？wake-up 传感器又是怎么工作的？	todo		938e2988daf12b7b	灭屏后 non-wake-up 传感器事件缺失，是 HAL 丢包吗？wake-up 传感器又是怎么工作的？	keep	14-cpu-power/02-energy-efficiency.md	Q10	灭屏后 non-wake-up 传感器事件缺失，是 HAL 丢包吗？wake-up 传感器又是怎么工作的？	保留原题证据标注	08-cpu-power/02-能效专项.md#Q10	executor	migrated
08-cpu-power/02-能效专项.md	Q11	Android 12 起的高采样率限制是什么，为什么声明了 `HIGH_SAMPLING_RATE_SENSORS` 还可能被限？	todo		0155ca1a0494f992	Android 12 起的高采样率限制是什么，为什么声明了 `HIGH_SAMPLING_RATE_SENSORS` 还可能被限？	keep	14-cpu-power/02-energy-efficiency.md	Q11	Android 12 起的高采样率限制是什么，为什么声明了 `HIGH_SAMPLING_RATE_SENSORS` 还可能被限？	保留原题证据标注	08-cpu-power/02-能效专项.md#Q11	executor	migrated
08-cpu-power/02-能效专项.md	Q12	多线程分别更新相邻计数器导致变慢，怎样判断是不是 false sharing，缓解的优先顺序是什么？	todo		4402166b2323a191	多线程分别更新相邻计数器导致变慢，怎样判断是不是 false sharing，缓解的优先顺序是什么？	keep	14-cpu-power/02-energy-efficiency.md	Q12	多线程分别更新相邻计数器导致变慢，怎样判断是不是 false sharing，缓解的优先顺序是什么？	保留原题证据标注	08-cpu-power/02-能效专项.md#Q12	executor	migrated
08-cpu-power/02-能效专项.md	Q13	C/C++ 数据布局中 AoS（结构体数组）与 SoA（分字段数组）怎么选？	todo		55e10cb2981a006a	C/C++ 数据布局中 AoS（结构体数组）与 SoA（分字段数组）怎么选？	keep	14-cpu-power/02-energy-efficiency.md	Q13	C/C++ 数据布局中 AoS（结构体数组）与 SoA（分字段数组）怎么选？	保留原题证据标注	08-cpu-power/02-能效专项.md#Q13	executor	migrated
08-cpu-power/02-能效专项.md	Q14	把热循环里的 `List<Float>` 换成 `FloatArray`，收益来自哪里，什么时候值得做？	todo		a4b9048ad465b67f	把热循环里的 `List<Float>` 换成 `FloatArray`，收益来自哪里，什么时候值得做？	keep	14-cpu-power/02-energy-efficiency.md	Q14	把热循环里的 `List<Float>` 换成 `FloatArray`，收益来自哪里，什么时候值得做？	保留原题证据标注	08-cpu-power/02-能效专项.md#Q14	executor	migrated
08-cpu-power/02-能效专项.md	Q15	线程迁移到另一个 CPU 后会发生什么，`cpu-migrations` 上升能说明什么？	todo		e406aabd7841c166	线程迁移到另一个 CPU 后会发生什么，`cpu-migrations` 上升能说明什么？	keep	14-cpu-power/02-energy-efficiency.md	Q15	线程迁移到另一个 CPU 后会发生什么，`cpu-migrations` 上升能说明什么？	保留原题证据标注	08-cpu-power/02-能效专项.md#Q15	executor	migrated
08-cpu-power/02-能效专项.md	Q16	怎么用 Simpleperf 判断一段代码是不是 memory-bound（主要受内存访问限制）？	todo		a3b78d9025ffb2c2	怎么用 Simpleperf 判断一段代码是不是 memory-bound（主要受内存访问限制）？	keep	14-cpu-power/02-energy-efficiency.md	Q16	怎么用 Simpleperf 判断一段代码是不是 memory-bound（主要受内存访问限制）？	保留原题证据标注	08-cpu-power/02-能效专项.md#Q16	executor	migrated
08-cpu-power/02-能效专项.md	Q17	Startup Profile 与 Baseline Profile 各做什么，DEX 布局优化从哪个 AGP 版本开始可用？	todo		6e8a7df1f018bfe5	Startup Profile 与 Baseline Profile 各做什么，DEX 布局优化从哪个 AGP 版本开始可用？	keep	14-cpu-power/02-energy-efficiency.md	Q17	Startup Profile 与 Baseline Profile 各做什么，DEX 布局优化从哪个 AGP 版本开始可用？	保留原题证据标注	08-cpu-power/02-能效专项.md#Q17	executor	migrated
09-app-practice/01-稳定性治理-度量与崩溃.md	Q1	"用户报障""闪退、卡死、白屏""时，为什么必须先区分故障事件与进程结局，怎样据此选择第一手证据？"	todo		9402e6ed7806bd9e	"用户报障""闪退、卡死、白屏""时，为什么必须先区分故障事件与进程结局，怎样据此选择第一手证据？"	keep	16-app-practice/03-stability-metrics-crash.md	Q1	"用户报障""闪退、卡死、白屏""时，为什么必须先区分故障事件与进程结局，怎样据此选择第一手证据？"	保留原题证据标注	09-app-practice/01-稳定性治理-度量与崩溃.md#Q1	executor	migrated
09-app-practice/01-稳定性治理-度量与崩溃.md	Q2	API 30 的 `ApplicationExitInfo` 能回答什么、不能回答什么？读取时有哪些边界？	todo		bd747fb487d426a8	API 30 的 `ApplicationExitInfo` 能回答什么、不能回答什么？读取时有哪些边界？	keep	16-app-practice/03-stability-metrics-crash.md	Q2	API 30 的 `ApplicationExitInfo` 能回答什么、不能回答什么？读取时有哪些边界？	保留原题证据标注	09-app-practice/01-稳定性治理-度量与崩溃.md#Q2	executor	migrated
09-app-practice/01-稳定性治理-度量与崩溃.md	Q3	"团队内部崩溃指标为什么必须写清分子、分母、时间窗与去重键？""UV 崩溃率""这类缩写为什么不够？"	todo		82f6bebdc1049bc0	"团队内部崩溃指标为什么必须写清分子、分母、时间窗与去重键？""UV 崩溃率""这类缩写为什么不够？"	keep	16-app-practice/03-stability-metrics-crash.md	Q3	"团队内部崩溃指标为什么必须写清分子、分母、时间窗与去重键？""UV 崩溃率""这类缩写为什么不够？"	保留原题证据标注	09-app-practice/01-稳定性治理-度量与崩溃.md#Q3	executor	migrated
09-app-practice/01-稳定性治理-度量与崩溃.md	Q4	Crashlytics 的 Crash-Free Users 与 Crash-Free Sessions 怎么定义？解读时有哪些陷阱？	todo		064c108f5de8f156	Crashlytics 的 Crash-Free Users 与 Crash-Free Sessions 怎么定义？解读时有哪些陷阱？	keep	16-app-practice/03-stability-metrics-crash.md	Q4	Crashlytics 的 Crash-Free Users 与 Crash-Free Sessions 怎么定义？解读时有哪些陷阱？	保留原题证据标注	09-app-practice/01-稳定性治理-度量与崩溃.md#Q4	executor	migrated
09-app-practice/01-稳定性治理-度量与崩溃.md	Q5	Google Play 的 user-perceived crash rate 与 user-perceived ANR rate 口径是什么？阈值应该怎么理解？	todo		6503c84cd6a6d24e	Google Play 的 user-perceived crash rate 与 user-perceived ANR rate 口径是什么？阈值应该怎么理解？	keep	16-app-practice/03-stability-metrics-crash.md	Q5	Google Play 的 user-perceived crash rate 与 user-perceived ANR rate 口径是什么？阈值应该怎么理解？	保留原题证据标注	09-app-practice/01-稳定性治理-度量与崩溃.md#Q5	executor	migrated
09-app-practice/01-稳定性治理-度量与崩溃.md	Q6	崩溃聚类为什么要同时生成 exact 与 family 两层指纹？哪些字段不应直接进入指纹？	todo		adb099bc800200b3	崩溃聚类为什么要同时生成 exact 与 family 两层指纹？哪些字段不应直接进入指纹？	keep	16-app-practice/03-stability-metrics-crash.md	Q6	崩溃聚类为什么要同时生成 exact 与 family 两层指纹？哪些字段不应直接进入指纹？	保留原题证据标注	09-app-practice/01-稳定性治理-度量与崩溃.md#Q6	executor	migrated
09-app-practice/01-稳定性治理-度量与崩溃.md	Q7	故障归因为什么比较发生率而不是原始计数？first observed 与 introduced 为什么必须区分？	todo		42d5adb53df8f02a	故障归因为什么比较发生率而不是原始计数？first observed 与 introduced 为什么必须区分？	keep	16-app-practice/03-stability-metrics-crash.md	Q7	故障归因为什么比较发生率而不是原始计数？first observed 与 introduced 为什么必须区分？	保留原题证据标注	09-app-practice/01-稳定性治理-度量与崩溃.md#Q7	executor	migrated
09-app-practice/01-稳定性治理-度量与崩溃.md	Q8	Android 应用未捕获异常到达线程顶层后经过怎样的默认处理链？自定义 UncaughtExceptionHandler 为什么必须委托？	todo		39d66dd1dd40504a	Android 应用未捕获异常到达线程顶层后经过怎样的默认处理链？自定义 UncaughtExceptionHandler 为什么必须委托？	keep	16-app-practice/03-stability-metrics-crash.md	Q8	Android 应用未捕获异常到达线程顶层后经过怎样的默认处理链？自定义 UncaughtExceptionHandler 为什么必须委托？	保留原题证据标注	09-app-practice/01-稳定性治理-度量与崩溃.md#Q8	executor	migrated
09-app-practice/01-稳定性治理-度量与崩溃.md	Q9	自定义致命异常处理器的最小正确结构是什么？致命路径上哪些工作不能做？	todo		40e6c5834687fe02	自定义致命异常处理器的最小正确结构是什么？致命路径上哪些工作不能做？	keep	16-app-practice/03-stability-metrics-crash.md	Q9	自定义致命异常处理器的最小正确结构是什么？致命路径上哪些工作不能做？	保留原题证据标注	09-app-practice/01-稳定性治理-度量与崩溃.md#Q9	executor	migrated
09-app-practice/01-稳定性治理-度量与崩溃.md	Q10	`Thread.getAllStackTraces()` 为什么不是原子快照？跨线程取栈的真实成本是什么？	todo		88bf25305f22570e	`Thread.getAllStackTraces()` 为什么不是原子快照？跨线程取栈的真实成本是什么？	keep	16-app-practice/03-stability-metrics-crash.md	Q10	`Thread.getAllStackTraces()` 为什么不是原子快照？跨线程取栈的真实成本是什么？	保留原题证据标注	09-app-practice/01-稳定性治理-度量与崩溃.md#Q10	executor	migrated
09-app-practice/01-稳定性治理-度量与崩溃.md	Q11	Java 未捕获异常、系统 ANR、Native 致命信号、进程已退出四类现场，为什么不能共用一套采集代码？	todo		8ea9d91ec8349eed	Java 未捕获异常、系统 ANR、Native 致命信号、进程已退出四类现场，为什么不能共用一套采集代码？	keep	16-app-practice/03-stability-metrics-crash.md	Q11	Java 未捕获异常、系统 ANR、Native 致命信号、进程已退出四类现场，为什么不能共用一套采集代码？	保留原题证据标注	09-app-practice/01-稳定性治理-度量与崩溃.md#Q11	executor	migrated
09-app-practice/01-稳定性治理-度量与崩溃.md	Q12	ART 收到 SIGQUIT 后怎样生成全线程 dump？为什么普通应用拿不到等价的 monitor 持有关系？	todo		97dc36901cded32d	ART 收到 SIGQUIT 后怎样生成全线程 dump？为什么普通应用拿不到等价的 monitor 持有关系？	keep	16-app-practice/03-stability-metrics-crash.md	Q12	ART 收到 SIGQUIT 后怎样生成全线程 dump？为什么普通应用拿不到等价的 monitor 持有关系？	保留原题证据标注	09-app-practice/01-稳定性治理-度量与崩溃.md#Q12	executor	migrated
09-app-practice/01-稳定性治理-度量与崩溃.md	Q13	Kotlin 协程异常在什么条件下会变成 Java Crash？	todo		b034c8a77b3a21ac	Kotlin 协程异常在什么条件下会变成 Java Crash？	keep	16-app-practice/03-stability-metrics-crash.md	Q13	Kotlin 协程异常在什么条件下会变成 Java Crash？	保留原题证据标注	09-app-practice/01-稳定性治理-度量与崩溃.md#Q13	executor	migrated
09-app-practice/01-稳定性治理-度量与崩溃.md	Q14	应用 SafeMode 怎样识别 crash loop 并决定降级？为什么启动标记缺失不能直接计为启动失败？	todo		911ec6352dd2f8d6	应用 SafeMode 怎样识别 crash loop 并决定降级？为什么启动标记缺失不能直接计为启动失败？	keep	16-app-practice/03-stability-metrics-crash.md	Q14	应用 SafeMode 怎样识别 crash loop 并决定降级？为什么启动标记缺失不能直接计为启动失败？	保留原题证据标注	09-app-practice/01-稳定性治理-度量与崩溃.md#Q14	executor	migrated
09-app-practice/01-稳定性治理-度量与崩溃.md	Q15	AAOS13 中 Native Crash 从致命信号到 tombstone 经过哪些系统组件？为什么不经过 Java UncaughtExceptionHandler？	todo		33ab9f5c80479373	AAOS13 中 Native Crash 从致命信号到 tombstone 经过哪些系统组件？为什么不经过 Java UncaughtExceptionHandler？	keep	16-app-practice/03-stability-metrics-crash.md	Q15	AAOS13 中 Native Crash 从致命信号到 tombstone 经过哪些系统组件？为什么不经过 Java UncaughtExceptionHandler？	保留原题证据标注	09-app-practice/01-稳定性治理-度量与崩溃.md#Q15	executor	migrated
09-app-practice/01-稳定性治理-度量与崩溃.md	Q16	为什么只凭 SIGSEGV、SIGABRT 的信号编号不能完成 Native 崩溃归因？	todo		24039a7268f6b1bd	为什么只凭 SIGSEGV、SIGABRT 的信号编号不能完成 Native 崩溃归因？	keep	16-app-practice/03-stability-metrics-crash.md	Q16	为什么只凭 SIGSEGV、SIGABRT 的信号编号不能完成 Native 崩溃归因？	保留原题证据标注	09-app-practice/01-稳定性治理-度量与崩溃.md#Q16	executor	migrated
09-app-practice/01-稳定性治理-度量与崩溃.md	Q17	tombstone 里的 pc 是绝对地址吗？解读一份 tombstone 应按什么顺序？	todo		d091fed38f2bead2	tombstone 里的 pc 是绝对地址吗？解读一份 tombstone 应按什么顺序？	keep	16-app-practice/03-stability-metrics-crash.md	Q17	tombstone 里的 pc 是绝对地址吗？解读一份 tombstone 应按什么顺序？	保留原题证据标注	09-app-practice/01-稳定性治理-度量与崩溃.md#Q17	executor	migrated
09-app-practice/01-稳定性治理-度量与崩溃.md	Q18	"栈回溯（unwind）与符号化（symbolication）为什么是两个独立环节？错误符号为什么也会""看起来对""？"	todo		908e61085e178ea9	"栈回溯（unwind）与符号化（symbolication）为什么是两个独立环节？错误符号为什么也会""看起来对""？"	keep	16-app-practice/03-stability-metrics-crash.md	Q18	"栈回溯（unwind）与符号化（symbolication）为什么是两个独立环节？错误符号为什么也会""看起来对""？"	保留原题证据标注	09-app-practice/01-稳定性治理-度量与崩溃.md#Q18	executor	migrated
09-app-practice/01-稳定性治理-度量与崩溃.md	Q19	Native 符号产物应该怎样归档与验证？AGP 的 debugSymbolLevel 两档有什么区别？	todo		a6c90cfa9a206afa	Native 符号产物应该怎样归档与验证？AGP 的 debugSymbolLevel 两档有什么区别？	keep	16-app-practice/03-stability-metrics-crash.md	Q19	Native 符号产物应该怎样归档与验证？AGP 的 debugSymbolLevel 两档有什么区别？	保留原题证据标注	09-app-practice/01-稳定性治理-度量与崩溃.md#Q19	executor	migrated
09-app-practice/01-稳定性治理-度量与崩溃.md	Q20	应用自研 Native 信号处理器有哪些安全边界？接入多个崩溃采集器为什么会互相破坏？	todo		d175b9235ace4d39	应用自研 Native 信号处理器有哪些安全边界？接入多个崩溃采集器为什么会互相破坏？	keep	16-app-practice/03-stability-metrics-crash.md	Q20	应用自研 Native 信号处理器有哪些安全边界？接入多个崩溃采集器为什么会互相破坏？	保留原题证据标注	09-app-practice/01-稳定性治理-度量与崩溃.md#Q20	executor	migrated
09-app-practice/01-稳定性治理-度量与崩溃.md	Q21	广播 ANR 的时间窗口怎么算？`goAsync()` 会延长它吗？	todo		236a35af883c4145	广播 ANR 的时间窗口怎么算？`goAsync()` 会延长它吗？	keep	16-app-practice/03-stability-metrics-crash.md	Q21	广播 ANR 的时间窗口怎么算？`goAsync()` 会延长它吗？	保留原题证据标注	09-app-practice/01-稳定性治理-度量与崩溃.md#Q21	executor	migrated
09-app-practice/01-稳定性治理-度量与崩溃.md	Q22	"ANR 治理中主线程预算怎么建立？""已经异步""为什么不能证明预算达标？"	todo		49e090bf36dd5ca2	"ANR 治理中主线程预算怎么建立？""已经异步""为什么不能证明预算达标？"	keep	16-app-practice/03-stability-metrics-crash.md	Q22	"ANR 治理中主线程预算怎么建立？""已经异步""为什么不能证明预算达标？"	保留原题证据标注	09-app-practice/01-稳定性治理-度量与崩溃.md#Q22	executor	migrated
09-app-practice/01-稳定性治理-度量与崩溃.md	Q23	同步 Binder 调用为什么没有通用超时？调用方和服务端各应怎样控制等待？	todo		e359d0bd003cd3ef	同步 Binder 调用为什么没有通用超时？调用方和服务端各应怎样控制等待？	keep	16-app-practice/03-stability-metrics-crash.md	Q23	同步 Binder 调用为什么没有通用超时？调用方和服务端各应怎样控制等待？	保留原题证据标注	09-app-practice/01-稳定性治理-度量与崩溃.md#Q23	executor	migrated
09-app-practice/01-稳定性治理-度量与崩溃.md	Q24	应用侧 ANR Watchdog 怎样设计才能避免探针互相确认或误报？它的能力边界在哪里？	todo		089b2e724df3580a	应用侧 ANR Watchdog 怎样设计才能避免探针互相确认或误报？它的能力边界在哪里？	keep	16-app-practice/03-stability-metrics-crash.md	Q24	应用侧 ANR Watchdog 怎样设计才能避免探针互相确认或误报？它的能力边界在哪里？	保留原题证据标注	09-app-practice/01-稳定性治理-度量与崩溃.md#Q24	executor	migrated
09-app-practice/01-稳定性治理-度量与崩溃.md	Q25	"疑似系统负载导致的 ANR 怎样识别与过滤，才不会变成""甩锅""？"	todo		dc18e933973004f0	"疑似系统负载导致的 ANR 怎样识别与过滤，才不会变成""甩锅""？"	keep	16-app-practice/03-stability-metrics-crash.md	Q25	"疑似系统负载导致的 ANR 怎样识别与过滤，才不会变成""甩锅""？"	保留原题证据标注	09-app-practice/01-稳定性治理-度量与崩溃.md#Q25	executor	migrated
09-app-practice/02-稳定性治理-资源泄漏.md	Q1	"一条""内存不足""告警可能来自哪几类资源失败？哪些会抛出 Java `OutOfMemoryError`？"	todo		a90db1d7959244fa	"一条""内存不足""告警可能来自哪几类资源失败？哪些会抛出 Java `OutOfMemoryError`？"	keep	16-app-practice/04-stability-leaks.md	Q1	"一条""内存不足""告警可能来自哪几类资源失败？哪些会抛出 Java `OutOfMemoryError`？"	保留原题证据标注	09-app-practice/02-稳定性治理-资源泄漏.md#Q1	executor	migrated
09-app-practice/02-稳定性治理-资源泄漏.md	Q2	ART 抛出 Java 堆 `OutOfMemoryError` 时错误文本能读出什么？为什么不能只凭文本断定泄漏？	todo		0b7a09cebcf89561	ART 抛出 Java 堆 `OutOfMemoryError` 时错误文本能读出什么？为什么不能只凭文本断定泄漏？	keep	16-app-practice/04-stability-leaks.md	Q2	ART 抛出 Java 堆 `OutOfMemoryError` 时错误文本能读出什么？为什么不能只凭文本断定泄漏？	保留原题证据标注	09-app-practice/02-稳定性治理-资源泄漏.md#Q2	executor	migrated
09-app-practice/02-稳定性治理-资源泄漏.md	Q3	"`android:largeHeap=""true""` 能解决 OOM 吗？它的真实作用与边界是什么？"	todo		74451cb940dab4d6	"`android:largeHeap=""true""` 能解决 OOM 吗？它的真实作用与边界是什么？"	keep	16-app-practice/04-stability-leaks.md	Q3	"`android:largeHeap=""true""` 能解决 OOM 吗？它的真实作用与边界是什么？"	保留原题证据标注	09-app-practice/02-稳定性治理-资源泄漏.md#Q3	executor	migrated
09-app-practice/02-稳定性治理-资源泄漏.md	Q4	哪些 native 失败会转换成 Java `OutOfMemoryError`？普通 `malloc` 失败为什么不是 OOME？	todo		43d7e59710fd683e	哪些 native 失败会转换成 Java `OutOfMemoryError`？普通 `malloc` 失败为什么不是 OOME？	keep	16-app-practice/04-stability-leaks.md	Q4	哪些 native 失败会转换成 Java `OutOfMemoryError`？普通 `malloc` 失败为什么不是 OOME？	保留原题证据标注	09-app-practice/02-稳定性治理-资源泄漏.md#Q4	executor	migrated
09-app-practice/02-稳定性治理-资源泄漏.md	Q5	`pthread_create` 失败抛出的 `OutOfMemoryError` 应该怎样解读？线程数治理从哪里入手？	todo		707a48f05185041d	`pthread_create` 失败抛出的 `OutOfMemoryError` 应该怎样解读？线程数治理从哪里入手？	keep	16-app-practice/04-stability-leaks.md	Q5	`pthread_create` 失败抛出的 `OutOfMemoryError` 应该怎样解读？线程数治理从哪里入手？	保留原题证据标注	09-app-practice/02-稳定性治理-资源泄漏.md#Q5	executor	migrated
09-app-practice/02-稳定性治理-资源泄漏.md	Q6	"`mmap` 返回 `ENOMEM` 时，为什么""内存用完""只是原因之一？32 位与 64 位进程分别怎么排查？"	todo		0e44abf80e6a32e9	"`mmap` 返回 `ENOMEM` 时，为什么""内存用完""只是原因之一？32 位与 64 位进程分别怎么排查？"	keep	16-app-practice/04-stability-leaks.md	Q6	"`mmap` 返回 `ENOMEM` 时，为什么""内存用完""只是原因之一？32 位与 64 位进程分别怎么排查？"	保留原题证据标注	09-app-practice/02-稳定性治理-资源泄漏.md#Q6	executor	migrated
09-app-practice/02-稳定性治理-资源泄漏.md	Q7	OOM 前的降级应该怎么做？为什么不能指望 `UncaughtExceptionHandler` 里的抢救？	todo		18dd937233cf56bf	OOM 前的降级应该怎么做？为什么不能指望 `UncaughtExceptionHandler` 里的抢救？	keep	16-app-practice/04-stability-leaks.md	Q7	OOM 前的降级应该怎么做？为什么不能指望 `UncaughtExceptionHandler` 里的抢救？	保留原题证据标注	09-app-practice/02-稳定性治理-资源泄漏.md#Q7	executor	migrated
09-app-practice/02-稳定性治理-资源泄漏.md	Q8	`onRenderProcessGone()` 的契约是什么？`didCrash()` 返回 false 能断定页面 OOM 吗？	todo		b04f839c4d02e60c	`onRenderProcessGone()` 的契约是什么？`didCrash()` 返回 false 能断定页面 OOM 吗？	keep	16-app-practice/04-stability-leaks.md	Q8	`onRenderProcessGone()` 的契约是什么？`didCrash()` 返回 false 能断定页面 OOM 吗？	保留原题证据标注	09-app-practice/02-稳定性治理-资源泄漏.md#Q8	executor	migrated
09-app-practice/02-稳定性治理-资源泄漏.md	Q9	"renderer 退出后的恢复流程为什么不能只做""新建一个 WebView""？卡死与低内存策略怎么配？"	todo		ee77c55e51fc00e7	"renderer 退出后的恢复流程为什么不能只做""新建一个 WebView""？卡死与低内存策略怎么配？"	keep	16-app-practice/04-stability-leaks.md	Q9	"renderer 退出后的恢复流程为什么不能只做""新建一个 WebView""？卡死与低内存策略怎么配？"	保留原题证据标注	09-app-practice/02-稳定性治理-资源泄漏.md#Q9	executor	migrated
09-app-practice/02-稳定性治理-资源泄漏.md	Q10	"线上监控""Native Heap""时，为什么单一曲线会自相矛盾？要同时保留哪些维度？"	todo		1abb80f0e68603d1	"线上监控""Native Heap""时，为什么单一曲线会自相矛盾？要同时保留哪些维度？"	keep	16-app-practice/04-stability-leaks.md	Q10	"线上监控""Native Heap""时，为什么单一曲线会自相矛盾？要同时保留哪些维度？"	保留原题证据标注	09-app-practice/02-稳定性治理-资源泄漏.md#Q10	executor	migrated
09-app-practice/02-稳定性治理-资源泄漏.md	Q11	`mallinfo` 为什么只能当趋势计数器？bionic 的 `mallinfo2` 与 glibc 有什么不同？	todo		db0a68cac3bb5a71	`mallinfo` 为什么只能当趋势计数器？bionic 的 `mallinfo2` 与 glibc 有什么不同？	keep	16-app-practice/04-stability-leaks.md	Q11	`mallinfo` 为什么只能当趋势计数器？bionic 的 `mallinfo2` 与 glibc 有什么不同？	保留原题证据标注	09-app-practice/02-稳定性治理-资源泄漏.md#Q11	executor	migrated
09-app-practice/02-稳定性治理-资源泄漏.md	Q12	PLT hook 拦截 `malloc/free` 做内存账本，为什么容易得到错误结论？	todo		d23b078f5bc4a6f3	PLT hook 拦截 `malloc/free` 做内存账本，为什么容易得到错误结论？	keep	16-app-practice/04-stability-leaks.md	Q12	PLT hook 拦截 `malloc/free` 做内存账本，为什么容易得到错误结论？	保留原题证据标注	09-app-practice/02-稳定性治理-资源泄漏.md#Q12	executor	migrated
09-app-practice/02-稳定性治理-资源泄漏.md	Q13	heapprofd 能提供什么、看不到什么？AAOS13 与 Android 15+ 的接入条件有何不同？	todo		b0409ffe4c39181c	heapprofd 能提供什么、看不到什么？AAOS13 与 Android 15+ 的接入条件有何不同？	keep	16-app-practice/04-stability-leaks.md	Q13	heapprofd 能提供什么、看不到什么？AAOS13 与 Android 15+ 的接入条件有何不同？	保留原题证据标注	09-app-practice/02-稳定性治理-资源泄漏.md#Q13	executor	migrated
09-app-practice/02-稳定性治理-资源泄漏.md	Q14	`mallopt` 的 purge 能不能修复泄漏？Scudo、GWP-ASan、HWASan、MTE 各自查什么？	todo		a251e718a2019c16	`mallopt` 的 purge 能不能修复泄漏？Scudo、GWP-ASan、HWASan、MTE 各自查什么？	keep	16-app-practice/04-stability-leaks.md	Q14	`mallopt` 的 purge 能不能修复泄漏？Scudo、GWP-ASan、HWASan、MTE 各自查什么？	保留原题证据标注	09-app-practice/02-稳定性治理-资源泄漏.md#Q14	executor	migrated
09-app-practice/02-稳定性治理-资源泄漏.md	Q15	"自研 arena、图形与媒体内存为什么必须""另建账""？这类增长怎么定位？"	todo		e488edbacf321708	"自研 arena、图形与媒体内存为什么必须""另建账""？这类增长怎么定位？"	keep	16-app-practice/04-stability-leaks.md	Q15	"自研 arena、图形与媒体内存为什么必须""另建账""？这类增长怎么定位？"	保留原题证据标注	09-app-practice/02-稳定性治理-资源泄漏.md#Q15	executor	migrated
09-app-practice/02-稳定性治理-资源泄漏.md	Q16	"线上 Native 内存监控的 L0–L3 分层怎么落地？判定""泄漏""的最终依据是什么？"	todo		aa433c7ddab80192	"线上 Native 内存监控的 L0–L3 分层怎么落地？判定""泄漏""的最终依据是什么？"	keep	16-app-practice/04-stability-leaks.md	Q16	"线上 Native 内存监控的 L0–L3 分层怎么落地？判定""泄漏""的最终依据是什么？"	保留原题证据标注	09-app-practice/02-稳定性治理-资源泄漏.md#Q16	executor	migrated
09-app-practice/02-稳定性治理-资源泄漏.md	Q17	FD 监控要区分哪些维度？为什么 `/proc/self/fd` 只能算近似快照？	todo		631d7c90d4819729	FD 监控要区分哪些维度？为什么 `/proc/self/fd` 只能算近似快照？	keep	16-app-practice/04-stability-leaks.md	Q17	FD 监控要区分哪些维度？为什么 `/proc/self/fd` 只能算近似快照？	保留原题证据标注	09-app-practice/02-稳定性治理-资源泄漏.md#Q17	executor	migrated
09-app-practice/02-稳定性治理-资源泄漏.md	Q18	"`RLIMIT_NOFILE` 与 `FD_SETSIZE` 是两条什么边界？""打开 FD 超过 1024 就会崩溃""错在哪里？"	todo		de0491550bd86901	"`RLIMIT_NOFILE` 与 `FD_SETSIZE` 是两条什么边界？""打开 FD 超过 1024 就会崩溃""错在哪里？"	keep	16-app-practice/04-stability-leaks.md	Q18	"`RLIMIT_NOFILE` 与 `FD_SETSIZE` 是两条什么边界？""打开 FD 超过 1024 就会崩溃""错在哪里？"	保留原题证据标注	09-app-practice/02-稳定性治理-资源泄漏.md#Q18	executor	migrated
09-app-practice/02-稳定性治理-资源泄漏.md	Q19	fdsan 与 fdtrack 分别解决什么问题？为什么都不能当线上采集 SDK？	todo		bb78add1f37eca29	fdsan 与 fdtrack 分别解决什么问题？为什么都不能当线上采集 SDK？	keep	16-app-practice/04-stability-leaks.md	Q19	fdsan 与 fdtrack 分别解决什么问题？为什么都不能当线上采集 SDK？	保留原题证据标注	09-app-practice/02-稳定性治理-资源泄漏.md#Q19	executor	migrated
09-app-practice/02-稳定性治理-资源泄漏.md	Q20	做 FD 事件采集（Hook）时，事件表为什么必须带 generation？实现上要处理哪些坑？	todo		2a8d7857e7750e6b	做 FD 事件采集（Hook）时，事件表为什么必须带 generation？实现上要处理哪些坑？	keep	16-app-practice/04-stability-leaks.md	Q20	做 FD 事件采集（Hook）时，事件表为什么必须带 generation？实现上要处理哪些坑？	保留原题证据标注	09-app-practice/02-稳定性治理-资源泄漏.md#Q20	executor	migrated
09-app-practice/02-稳定性治理-资源泄漏.md	Q21	跨 JNI 边界的 FD 所有权协议要写清哪些内容？为什么不能按 readlink 目标决定 close？	todo		a511c91974422894	跨 JNI 边界的 FD 所有权协议要写清哪些内容？为什么不能按 readlink 目标决定 close？	keep	16-app-practice/04-stability-leaks.md	Q21	跨 JNI 边界的 FD 所有权协议要写清哪些内容？为什么不能按 readlink 目标决定 close？	保留原题证据标注	09-app-practice/02-稳定性治理-资源泄漏.md#Q21	executor	migrated
09-app-practice/02-稳定性治理-资源泄漏.md	Q22	FD 证据与 OOM、ANR、Native Crash 的关系是什么？哪些推论是越界？	todo		0032fd8d16cc7621	FD 证据与 OOM、ANR、Native Crash 的关系是什么？哪些推论是越界？	keep	16-app-practice/04-stability-leaks.md	Q22	FD 证据与 OOM、ANR、Native Crash 的关系是什么？哪些推论是越界？	保留原题证据标注	09-app-practice/02-稳定性治理-资源泄漏.md#Q22	executor	migrated
09-app-practice/02-稳定性治理-资源泄漏.md	Q23	FD 接近上限时应采取什么动作？fatal handler 里为什么只能写预生成摘要？	todo		06559e499dc6519f	FD 接近上限时应采取什么动作？fatal handler 里为什么只能写预生成摘要？	keep	16-app-practice/04-stability-leaks.md	Q23	FD 接近上限时应采取什么动作？fatal handler 里为什么只能写预生成摘要？	保留原题证据标注	09-app-practice/02-稳定性治理-资源泄漏.md#Q23	executor	migrated
09-app-practice/02-稳定性治理-资源泄漏.md	Q24	"Java 堆看起来健康、Native 内存却持续上涨，logcat 偶见 ""BinderProxy leak?""——这是什么泄漏？怎么确认与避免？"	todo		7c914c28c2f9baf0	"Java 堆看起来健康、Native 内存却持续上涨，logcat 偶见 ""BinderProxy leak?""——这是什么泄漏？怎么确认与避免？"	keep	16-app-practice/04-stability-leaks.md	Q24	"Java 堆看起来健康、Native 内存却持续上涨，logcat 偶见 ""BinderProxy leak?""——这是什么泄漏？怎么确认与避免？"	保留原题证据标注	09-app-practice/02-稳定性治理-资源泄漏.md#Q24	executor	migrated
09-app-practice/02-稳定性治理-资源泄漏.md	Q25	"LeakCanary 报 Handler 持有 Activity、应用主线程""只处理异步消息""式卡死——Handler 体系有哪些经典泄漏与卡死模式？"	todo		23179028469c57fa	"LeakCanary 报 Handler 持有 Activity、应用主线程""只处理异步消息""式卡死——Handler 体系有哪些经典泄漏与卡死模式？"	keep	16-app-practice/04-stability-leaks.md	Q25	"LeakCanary 报 Handler 持有 Activity、应用主线程""只处理异步消息""式卡死——Handler 体系有哪些经典泄漏与卡死模式？"	保留原题证据标注	09-app-practice/02-稳定性治理-资源泄漏.md#Q25	executor	migrated
09-app-practice/03-稳定性治理-线程与IPC.md	Q1	线程快照里出现大量 WAITING 状态的 `Thread-N` 线程，能据此判定线程泄漏并强杀这些线程吗？	todo		66113d94c5df4239	线程快照里出现大量 WAITING 状态的 `Thread-N` 线程，能据此判定线程泄漏并强杀这些线程吗？	keep	16-app-practice/05-stability-threads-ipc.md	Q1	线程快照里出现大量 WAITING 状态的 `Thread-N` 线程，能据此判定线程泄漏并强杀这些线程吗？	保留原题证据标注	09-app-practice/03-稳定性治理-线程与IPC.md#Q1	executor	migrated
09-app-practice/03-稳定性治理-线程与IPC.md	Q2	按 Android 13 源码，Java 线程退出时 ART 会清空 `Thread` 的 `target` 与 `ThreadLocal` 字段吗？已终止的 `Thread` 被静态集合持有时为什么会滞留对象？	todo		043094dedfdf2066	按 Android 13 源码，Java 线程退出时 ART 会清空 `Thread` 的 `target` 与 `ThreadLocal` 字段吗？已终止的 `Thread` 被静态集合持有时为什么会滞留对象？	keep	16-app-practice/05-stability-threads-ipc.md	Q2	按 Android 13 源码，Java 线程退出时 ART 会清空 `Thread` 的 `target` 与 `ThreadLocal` 字段吗？已终止的 `Thread` 被静态集合持有时为什么会滞留对象？	保留原题证据标注	09-app-practice/03-稳定性治理-线程与IPC.md#Q2	executor	migrated
09-app-practice/03-稳定性治理-线程与IPC.md	Q3	`/proc/self/status` 的 `Threads`、`/proc/self/task`、Java `Thread` 快照与组件自身指标这四个观测面各能回答什么？`ThreadGroup.activeCount()` 能当硬限流依据吗？	todo		2cdef421f27debde	`/proc/self/status` 的 `Threads`、`/proc/self/task`、Java `Thread` 快照与组件自身指标这四个观测面各能回答什么？`ThreadGroup.activeCount()` 能当硬限流依据吗？	keep	16-app-practice/05-stability-threads-ipc.md	Q3	`/proc/self/status` 的 `Threads`、`/proc/self/task`、Java `Thread` 快照与组件自身指标这四个观测面各能回答什么？`ThreadGroup.activeCount()` 能当硬限流依据吗？	保留原题证据标注	09-app-practice/03-稳定性治理-线程与IPC.md#Q3	executor	migrated
09-app-practice/03-稳定性治理-线程与IPC.md	Q4	raw joinable pthread 退出后，为什么 `/proc` 和所有线程快照都看不到它，但 Native 内存仍可能增长？监控要覆盖哪些事件？	todo		8724f670bdffa93d	raw joinable pthread 退出后，为什么 `/proc` 和所有线程快照都看不到它，但 Native 内存仍可能增长？监控要覆盖哪些事件？	keep	16-app-practice/05-stability-threads-ipc.md	Q4	raw joinable pthread 退出后，为什么 `/proc` 和所有线程快照都看不到它，但 Native 内存仍可能增长？监控要覆盖哪些事件？	保留原题证据标注	09-app-practice/03-稳定性治理-线程与IPC.md#Q4	executor	migrated
09-app-practice/03-稳定性治理-线程与IPC.md	Q5	"每条线程默认占 1 MiB 内存""线程与 FD 同步增长说明每条线程占一个 FD这两个推断错在哪？"	todo		2b047174b3ad4c87	"每条线程默认占 1 MiB 内存""线程与 FD 同步增长说明每条线程占一个 FD这两个推断错在哪？"	keep	16-app-practice/05-stability-threads-ipc.md	Q5	"每条线程默认占 1 MiB 内存""线程与 FD 同步增长说明每条线程占一个 FD这两个推断错在哪？"	保留原题证据标注	09-app-practice/03-稳定性治理-线程与IPC.md#Q5	executor	migrated
09-app-practice/03-稳定性治理-线程与IPC.md	Q6	`activeCount` 小于 `poolSize`、或大量一次性延迟任务被取消后内存仍不降，能得出 worker 泄漏的结论吗？应分别怎么处理？	todo		22c82534ff713d04	`activeCount` 小于 `poolSize`、或大量一次性延迟任务被取消后内存仍不降，能得出 worker 泄漏的结论吗？应分别怎么处理？	keep	16-app-practice/05-stability-threads-ipc.md	Q6	`activeCount` 小于 `poolSize`、或大量一次性延迟任务被取消后内存仍不降，能得出 worker 泄漏的结论吗？应分别怎么处理？	保留原题证据标注	09-app-practice/03-稳定性治理-线程与IPC.md#Q6	executor	migrated
09-app-practice/03-稳定性治理-线程与IPC.md	Q7	"排查""协程数量持续上涨""时，如何区分协程泄漏与线程泄漏？`GlobalScope` 的边界是什么？"	todo		7adf9940f7d1fa3b	"排查""协程数量持续上涨""时，如何区分协程泄漏与线程泄漏？`GlobalScope` 的边界是什么？"	keep	16-app-practice/05-stability-threads-ipc.md	Q7	"排查""协程数量持续上涨""时，如何区分协程泄漏与线程泄漏？`GlobalScope` 的边界是什么？"	保留原题证据标注	09-app-practice/03-稳定性治理-线程与IPC.md#Q7	executor	migrated
09-app-practice/03-稳定性治理-线程与IPC.md	Q8	协程的 `cancel()` 为什么不保证立即停止？`Dispatchers.limitedParallelism(1)` 是跨挂起点的互斥锁吗？	todo		649ceacac3e12505	协程的 `cancel()` 为什么不保证立即停止？`Dispatchers.limitedParallelism(1)` 是跨挂起点的互斥锁吗？	keep	16-app-practice/05-stability-threads-ipc.md	Q8	协程的 `cancel()` 为什么不保证立即停止？`Dispatchers.limitedParallelism(1)` 是跨挂起点的互斥锁吗？	保留原题证据标注	09-app-practice/03-稳定性治理-线程与IPC.md#Q8	executor	migrated
09-app-practice/03-稳定性治理-线程与IPC.md	Q9	"一次同步 Binder 调用失败时，为什么不能凭一个 Java 异常断言""服务端没有执行""？排查时应分别记录哪三个结果？"	todo		7cca1b0f765ad1d2	"一次同步 Binder 调用失败时，为什么不能凭一个 Java 异常断言""服务端没有执行""？排查时应分别记录哪三个结果？"	keep	16-app-practice/05-stability-threads-ipc.md	Q9	"一次同步 Binder 调用失败时，为什么不能凭一个 Java 异常断言""服务端没有执行""？排查时应分别记录哪三个结果？"	保留原题证据标注	09-app-practice/03-稳定性治理-线程与IPC.md#Q9	executor	migrated
09-app-practice/03-稳定性治理-线程与IPC.md	Q10	调用 framework 管理类需要到处 `catch (RemoteException)` 吗？服务端 `onTransact()` 抛出的异常如何回到客户端？	todo		c9429d0d9e185cca	调用 framework 管理类需要到处 `catch (RemoteException)` 吗？服务端 `onTransact()` 抛出的异常如何回到客户端？	keep	16-app-practice/05-stability-threads-ipc.md	Q10	调用 framework 管理类需要到处 `catch (RemoteException)` 吗？服务端 `onTransact()` 抛出的异常如何回到客户端？	保留原题证据标注	09-app-practice/03-稳定性治理-线程与IPC.md#Q10	executor	migrated
09-app-practice/03-稳定性治理-线程与IPC.md	Q11	驱动返回 `FAILED_TRANSACTION` 时 Java 层如何选异常？小 Parcel 调用失败却抛 `DeadObjectException` 合理吗？	todo		d371c87abfb02066	驱动返回 `FAILED_TRANSACTION` 时 Java 层如何选异常？小 Parcel 调用失败却抛 `DeadObjectException` 合理吗？	keep	16-app-practice/05-stability-threads-ipc.md	Q11	驱动返回 `FAILED_TRANSACTION` 时 Java 层如何选异常？小 Parcel 调用失败却抛 `DeadObjectException` 合理吗？	保留原题证据标注	09-app-practice/03-稳定性治理-线程与IPC.md#Q11	executor	migrated
09-app-practice/03-稳定性治理-线程与IPC.md	Q12	`linkToDeath()` 的注册与回调之间存在哪些竞态？死亡回调里应该做什么、不该做什么？	todo		79f51b8a0471e60c	`linkToDeath()` 的注册与回调之间存在哪些竞态？死亡回调里应该做什么、不该做什么？	keep	16-app-practice/05-stability-threads-ipc.md	Q12	`linkToDeath()` 的注册与回调之间存在哪些竞态？死亡回调里应该做什么、不该做什么？	保留原题证据标注	09-app-practice/03-稳定性治理-线程与IPC.md#Q12	executor	migrated
09-app-practice/03-稳定性治理-线程与IPC.md	Q13	"给自有 AIDL 客户端包装层计时，得到的""耗时""包含哪些段？为什么普通应用不能指望全局 Binder 拦截点？"	todo		3c0a8cd117e2cf9d	"给自有 AIDL 客户端包装层计时，得到的""耗时""包含哪些段？为什么普通应用不能指望全局 Binder 拦截点？"	keep	16-app-practice/05-stability-threads-ipc.md	Q13	"给自有 AIDL 客户端包装层计时，得到的""耗时""包含哪些段？为什么普通应用不能指望全局 Binder 拦截点？"	保留原题证据标注	09-app-practice/03-稳定性治理-线程与IPC.md#Q13	executor	migrated
09-app-practice/03-稳定性治理-线程与IPC.md	Q14	ANR trace 显示主线程停在 `BinderProxy.transactNative`，接下来怎样补全证据链？	todo		187c1d052012662d	ANR trace 显示主线程停在 `BinderProxy.transactNative`，接下来怎样补全证据链？	keep	16-app-practice/05-stability-threads-ipc.md	Q14	ANR trace 显示主线程停在 `BinderProxy.transactNative`，接下来怎样补全证据链？	保留原题证据标注	09-app-practice/03-稳定性治理-线程与IPC.md#Q14	executor	migrated
09-app-practice/03-稳定性治理-线程与IPC.md	Q15	Android 17 的 Keystore 密钥配额规则是什么？Android 13 设备上有这条配额吗？达到上限后旧密钥还能用吗？	todo		8be9edc77f60c560	Android 17 的 Keystore 密钥配额规则是什么？Android 13 设备上有这条配额吗？达到上限后旧密钥还能用吗？	keep	16-app-practice/05-stability-threads-ipc.md	Q15	Android 17 的 Keystore 密钥配额规则是什么？Android 13 设备上有这条配额吗？达到上限后旧密钥还能用吗？	保留原题证据标注	09-app-practice/03-稳定性治理-线程与IPC.md#Q15	executor	migrated
09-app-practice/03-稳定性治理-线程与IPC.md	Q16	哪些设计会让 Keystore alias 数量持续增长？passkey 占不占本应用的配额？	todo		56e7135780868869	哪些设计会让 Keystore alias 数量持续增长？passkey 占不占本应用的配额？	keep	16-app-practice/05-stability-threads-ipc.md	Q16	哪些设计会让 Keystore alias 数量持续增长？passkey 占不占本应用的配额？	保留原题证据标注	09-app-practice/03-稳定性治理-线程与IPC.md#Q16	executor	migrated
09-app-practice/03-稳定性治理-线程与IPC.md	Q17	Keystore 故障只看异常消息为什么分类不准？应按什么组合分类？	todo		2468469ede2c317f	Keystore 故障只看异常消息为什么分类不准？应按什么组合分类？	keep	16-app-practice/05-stability-threads-ipc.md	Q17	Keystore 故障只看异常消息为什么分类不准？应按什么组合分类？	保留原题证据标注	09-app-practice/03-稳定性治理-线程与IPC.md#Q17	executor	migrated
09-app-practice/03-稳定性治理-线程与IPC.md	Q18	"配额耗尽导致登录失败时，为什么""清空 Keystore 后重试""最危险？正确的恢复顺序是什么？"	todo		ad061a6162220023	"配额耗尽导致登录失败时，为什么""清空 Keystore 后重试""最危险？正确的恢复顺序是什么？"	keep	16-app-practice/05-stability-threads-ipc.md	Q18	"配额耗尽导致登录失败时，为什么""清空 Keystore 后重试""最危险？正确的恢复顺序是什么？"	保留原题证据标注	09-app-practice/03-稳定性治理-线程与IPC.md#Q18	executor	migrated
09-app-practice/03-稳定性治理-线程与IPC.md	Q19	为什么不能在 `containsAlias()` 返回 false 后直接 `generateKey()`？多进程应用如何保证 alias 状态一致？	todo		6e2cbda6fbe549f4	为什么不能在 `containsAlias()` 返回 false 后直接 `generateKey()`？多进程应用如何保证 alias 状态一致？	keep	16-app-practice/05-stability-threads-ipc.md	Q19	为什么不能在 `containsAlias()` 返回 false 后直接 `generateKey()`？多进程应用如何保证 alias 状态一致？	保留原题证据标注	09-app-practice/03-稳定性治理-线程与IPC.md#Q19	executor	migrated
09-app-practice/03-稳定性治理-线程与IPC.md	Q20	应用侧如何盘点自己的 alias 数量？target SDK 从 36 升到 37 前要做什么准备？	todo		83397fae6b9311e2	应用侧如何盘点自己的 alias 数量？target SDK 从 36 升到 37 前要做什么准备？	keep	16-app-practice/05-stability-threads-ipc.md	Q20	应用侧如何盘点自己的 alias 数量？target SDK 从 36 升到 37 前要做什么准备？	保留原题证据标注	09-app-practice/03-稳定性治理-线程与IPC.md#Q20	executor	migrated
09-app-practice/04-稳定性治理-Native与SDK.md	Q1	`android:memtagMode` 的四个值在记录口径上有什么区别？为什么事件记录里不能把 `default` 写成 `off`？	todo		b9742c367ff622af	`android:memtagMode` 的四个值在记录口径上有什么区别？为什么事件记录里不能把 `default` 写成 `off`？	keep	16-app-practice/06-stability-native-sdk.md	Q1	`android:memtagMode` 的四个值在记录口径上有什么区别？为什么事件记录里不能把 `default` 写成 `off`？	保留原题证据标注	09-app-practice/04-稳定性治理-Native与SDK.md#Q1	executor	migrated
09-app-practice/04-稳定性治理-Native与SDK.md	Q2	manifest 的 memtagMode 在什么时机生效？为什么不能用业务远程配置切换已运行进程的 MTE 模式？分批启用有哪些可行路径？	todo		49df0a6616ce0473	manifest 的 memtagMode 在什么时机生效？为什么不能用业务远程配置切换已运行进程的 MTE 模式？分批启用有哪些可行路径？	keep	16-app-practice/06-stability-native-sdk.md	Q2	manifest 的 memtagMode 在什么时机生效？为什么不能用业务远程配置切换已运行进程的 MTE 模式？分批启用有哪些可行路径？	保留原题证据标注	09-app-practice/04-稳定性治理-Native与SDK.md#Q2	executor	migrated
09-app-practice/04-稳定性治理-Native与SDK.md	Q3	"GWP-ASan 的两层抽样怎么理解？""应用启用了 GWP-ASan""或配置 `always` 意味着所有 `malloc` 都受保护吗？"	todo		ff0e8c03b24fc012	"GWP-ASan 的两层抽样怎么理解？""应用启用了 GWP-ASan""或配置 `always` 意味着所有 `malloc` 都受保护吗？"	keep	16-app-practice/06-stability-native-sdk.md	Q3	"GWP-ASan 的两层抽样怎么理解？""应用启用了 GWP-ASan""或配置 `always` 意味着所有 `malloc` 都受保护吗？"	保留原题证据标注	09-app-practice/04-稳定性治理-Native与SDK.md#Q3	executor	migrated
09-app-practice/04-稳定性治理-Native与SDK.md	Q4	Recoverable GWP-ASan 是什么？Android 13 上命中 GWP-ASan 会发生什么？两者行为差异有多大？	todo		4146e0f71aab2e00	Recoverable GWP-ASan 是什么？Android 13 上命中 GWP-ASan 会发生什么？两者行为差异有多大？	keep	16-app-practice/06-stability-native-sdk.md	Q4	Recoverable GWP-ASan 是什么？Android 13 上命中 GWP-ASan 会发生什么？两者行为差异有多大？	保留原题证据标注	09-app-practice/04-稳定性治理-Native与SDK.md#Q4	executor	migrated
09-app-practice/04-稳定性治理-Native与SDK.md	Q5	MTE 错误报告能不能靠吞掉 `SIGSEGV` 消除？应用崩溃采集器与 debuggerd 协作时要遵守什么边界？	todo		b53d8fb09dffcb85	MTE 错误报告能不能靠吞掉 `SIGSEGV` 消除？应用崩溃采集器与 debuggerd 协作时要遵守什么边界？	keep	16-app-practice/06-stability-native-sdk.md	Q5	MTE 错误报告能不能靠吞掉 `SIGSEGV` 消除？应用崩溃采集器与 debuggerd 协作时要遵守什么边界？	保留原题证据标注	09-app-practice/04-稳定性治理-Native与SDK.md#Q5	executor	migrated
09-app-practice/04-稳定性治理-Native与SDK.md	Q6	启用 MTE 后崩溃率上升一定是坏事吗？性能收益该怎么评估？	todo		ef59768635620adf	启用 MTE 后崩溃率上升一定是坏事吗？性能收益该怎么评估？	keep	16-app-practice/06-stability-native-sdk.md	Q6	启用 MTE 后崩溃率上升一定是坏事吗？性能收益该怎么评估？	保留原题证据标注	09-app-practice/04-稳定性治理-Native与SDK.md#Q6	executor	migrated
09-app-practice/04-稳定性治理-Native与SDK.md	Q7	PLT/GOT、Inline、Trap 三种 Native Hook 分别改写什么？同样是 Hook `malloc`，覆盖面差在哪？选型从哪里开始？	todo		9f64716f3514ab68	PLT/GOT、Inline、Trap 三种 Native Hook 分别改写什么？同样是 Hook `malloc`，覆盖面差在哪？选型从哪里开始？	keep	16-app-practice/06-stability-native-sdk.md	Q7	PLT/GOT、Inline、Trap 三种 Native Hook 分别改写什么？同样是 Hook `malloc`，覆盖面差在哪？选型从哪里开始？	保留原题证据标注	09-app-practice/04-稳定性治理-Native与SDK.md#Q7	executor	migrated
09-app-practice/04-稳定性治理-Native与SDK.md	Q8	bionic linker 对 Native Hook 有哪些硬约束？PLT/GOT Hook 为什么不依赖 `RTLD_LAZY` 的延迟解析？	todo		052db20e6764bab3	bionic linker 对 Native Hook 有哪些硬约束？PLT/GOT Hook 为什么不依赖 `RTLD_LAZY` 的延迟解析？	keep	16-app-practice/06-stability-native-sdk.md	Q8	bionic linker 对 Native Hook 有哪些硬约束？PLT/GOT Hook 为什么不依赖 `RTLD_LAZY` 的延迟解析？	保留原题证据标注	09-app-practice/04-稳定性治理-Native与SDK.md#Q8	executor	migrated
09-app-practice/04-稳定性治理-Native与SDK.md	Q9	"PLT/GOT Hook 安装成功后，哪些调用仍然不会被拦截？为什么""改写成功""不等于""全覆盖""？"	todo		173af7554b4bdda2	"PLT/GOT Hook 安装成功后，哪些调用仍然不会被拦截？为什么""改写成功""不等于""全覆盖""？"	keep	16-app-practice/06-stability-native-sdk.md	Q9	"PLT/GOT Hook 安装成功后，哪些调用仍然不会被拦截？为什么""改写成功""不等于""全覆盖""？"	保留原题证据标注	09-app-practice/04-稳定性治理-Native与SDK.md#Q9	executor	migrated
09-app-practice/04-稳定性治理-Native与SDK.md	Q10	AArch64 Inline Hook 难在哪里？搬迁指令、发布新指令和页大小各要注意什么？	todo		4ed45453d8e1386a	AArch64 Inline Hook 难在哪里？搬迁指令、发布新指令和页大小各要注意什么？	keep	16-app-practice/06-stability-native-sdk.md	Q10	AArch64 Inline Hook 难在哪里？搬迁指令、发布新指令和页大小各要注意什么？	保留原题证据标注	09-app-practice/04-稳定性治理-Native与SDK.md#Q10	executor	migrated
09-app-practice/04-稳定性治理-Native与SDK.md	Q11	代理函数的 ABI 约束和 Hook 的生命周期（停用、卸载、兼容）应如何设计？	todo		8aa3698640211ea7	代理函数的 ABI 约束和 Hook 的生命周期（停用、卸载、兼容）应如何设计？	keep	16-app-practice/06-stability-native-sdk.md	Q11	代理函数的 ABI 约束和 Hook 的生命周期（停用、卸载、兼容）应如何设计？	保留原题证据标注	09-app-practice/04-稳定性治理-Native与SDK.md#Q11	executor	migrated
09-app-practice/04-稳定性治理-Native与SDK.md	Q12	Android 17 对 `System.load()` 加了什么约束？覆盖哪些加载入口？Android 13 上行为有何不同？	todo		d9538a101e48b034	Android 17 对 `System.load()` 加了什么约束？覆盖哪些加载入口？Android 13 上行为有何不同？	keep	16-app-practice/06-stability-native-sdk.md	Q12	Android 17 对 `System.load()` 加了什么约束？覆盖哪些加载入口？Android 13 上行为有何不同？	保留原题证据标注	09-app-practice/04-稳定性治理-Native与SDK.md#Q12	executor	migrated
09-app-practice/04-稳定性治理-Native与SDK.md	Q13	只读检查通过就代表库可信吗？可信发布至少需要哪四类校验？	todo		960dc7984b477fd6	只读检查通过就代表库可信吗？可信发布至少需要哪四类校验？	keep	16-app-practice/06-stability-native-sdk.md	Q13	只读检查通过就代表库可信吗？可信发布至少需要哪四类校验？	保留原题证据标注	09-app-practice/04-稳定性治理-Native与SDK.md#Q13	executor	migrated
09-app-practice/04-稳定性治理-Native与SDK.md	Q14	发布状态机如何隔离半成品？`rename` 的原子性边界是什么？	todo		27117844cd6c623d	发布状态机如何隔离半成品？`rename` 的原子性边界是什么？	keep	16-app-practice/06-stability-native-sdk.md	Q14	发布状态机如何隔离半成品？`rename` 的原子性边界是什么？	保留原题证据标注	09-app-practice/04-稳定性治理-Native与SDK.md#Q14	executor	migrated
09-app-practice/04-稳定性治理-Native与SDK.md	Q15	"为什么""先 `fchmod` 设只读、再用已打开的 fd 写入""是可行的？文件设为 0400 后为什么仍可能被替换或删除？"	todo		c954c87ab82a9514	"为什么""先 `fchmod` 设只读、再用已打开的 fd 写入""是可行的？文件设为 0400 后为什么仍可能被替换或删除？"	keep	16-app-practice/06-stability-native-sdk.md	Q15	"为什么""先 `fchmod` 设只读、再用已打开的 fd 写入""是可行的？文件设为 0400 后为什么仍可能被替换或删除？"	保留原题证据标注	09-app-practice/04-稳定性治理-Native与SDK.md#Q15	executor	migrated
09-app-practice/04-稳定性治理-Native与SDK.md	Q16	只读检查通过后，独立 `.so` 还可能因为什么加载失败？`UnsatisfiedLinkError` 应该按什么分类处理？	todo		8c23745e2c39d2fe	只读检查通过后，独立 `.so` 还可能因为什么加载失败？`UnsatisfiedLinkError` 应该按什么分类处理？	keep	16-app-practice/06-stability-native-sdk.md	Q16	只读检查通过后，独立 `.so` 还可能因为什么加载失败？`UnsatisfiedLinkError` 应该按什么分类处理？	保留原题证据标注	09-app-practice/04-稳定性治理-Native与SDK.md#Q16	executor	migrated
09-app-practice/04-稳定性治理-Native与SDK.md	Q17	新版本原生库加载失败后如何回滚？为什么不能在运行中的进程里热切换原生库？	todo		665e2217d798c9a5	新版本原生库加载失败后如何回滚？为什么不能在运行中的进程里热切换原生库？	keep	16-app-practice/06-stability-native-sdk.md	Q17	新版本原生库加载失败后如何回滚？为什么不能在运行中的进程里热切换原生库？	保留原题证据标注	09-app-practice/04-稳定性治理-Native与SDK.md#Q17	executor	migrated
09-app-practice/04-稳定性治理-Native与SDK.md	Q18	"接入了一个 SDK到底意味着什么？为什么""平均 20~40 个 SDK""这类数字不能当项目结论？"	todo		257b4656e5d7aeae	"接入了一个 SDK到底意味着什么？为什么""平均 20~40 个 SDK""这类数字不能当项目结论？"	keep	16-app-practice/06-stability-native-sdk.md	Q18	"接入了一个 SDK到底意味着什么？为什么""平均 20~40 个 SDK""这类数字不能当项目结论？"	保留原题证据标注	09-app-practice/04-稳定性治理-Native与SDK.md#Q18	executor	migrated
09-app-practice/04-稳定性治理-Native与SDK.md	Q19	SDK 的 `ContentProvider` 初始化发生在 `Application.onCreate()` 之前吗？Jetpack App Startup 能解决什么、不能解决什么？	todo		e1f8ad5e86917ef7	SDK 的 `ContentProvider` 初始化发生在 `Application.onCreate()` 之前吗？Jetpack App Startup 能解决什么、不能解决什么？	keep	16-app-practice/06-stability-native-sdk.md	Q19	SDK 的 `ContentProvider` 初始化发生在 `Application.onCreate()` 之前吗？Jetpack App Startup 能解决什么、不能解决什么？	保留原题证据标注	09-app-practice/04-稳定性治理-Native与SDK.md#Q19	executor	migrated
09-app-practice/04-稳定性治理-Native与SDK.md	Q20	"SDK 性能归因要遵守什么测量纪律？""启动变慢来自 SDK""的强证据是什么？"	todo		e369254cd1c09aa5	"SDK 性能归因要遵守什么测量纪律？""启动变慢来自 SDK""的强证据是什么？"	keep	16-app-practice/06-stability-native-sdk.md	Q20	"SDK 性能归因要遵守什么测量纪律？""启动变慢来自 SDK""的强证据是什么？"	保留原题证据标注	09-app-practice/04-稳定性治理-Native与SDK.md#Q20	executor	migrated
09-app-practice/04-稳定性治理-Native与SDK.md	Q21	"为什么同进程内没有可靠的""每 SDK PSS""？内存归因应该怎么做？"	todo		f1671fc2962bec2c	"为什么同进程内没有可靠的""每 SDK PSS""？内存归因应该怎么做？"	keep	16-app-practice/06-stability-native-sdk.md	Q21	"为什么同进程内没有可靠的""每 SDK PSS""？内存归因应该怎么做？"	保留原题证据标注	09-app-practice/04-稳定性治理-Native与SDK.md#Q21	executor	migrated
09-app-practice/04-稳定性治理-Native与SDK.md	Q22	Java 栈顶出现 SDK 类就能判定 Crash 属于 SDK 吗？为什么符号材料是上线条件而不是可选项？	todo		b9a662ab0d518c2f	Java 栈顶出现 SDK 类就能判定 Crash 属于 SDK 吗？为什么符号材料是上线条件而不是可选项？	keep	16-app-practice/06-stability-native-sdk.md	Q22	Java 栈顶出现 SDK 类就能判定 Crash 属于 SDK 吗？为什么符号材料是上线条件而不是可选项？	保留原题证据标注	09-app-practice/04-稳定性治理-Native与SDK.md#Q22	executor	migrated
09-app-practice/04-稳定性治理-Native与SDK.md	Q23	SDK 的退出能力为什么要在接入时设计？应用自有接口和远程开关各自的边界是什么？	todo		b167571e8df1b598	SDK 的退出能力为什么要在接入时设计？应用自有接口和远程开关各自的边界是什么？	keep	16-app-practice/06-stability-native-sdk.md	Q23	SDK 的退出能力为什么要在接入时设计？应用自有接口和远程开关各自的边界是什么？	保留原题证据标注	09-app-practice/04-稳定性治理-Native与SDK.md#Q23	executor	migrated
09-app-practice/04-稳定性治理-Native与SDK.md	Q24	Android 17 上还能为新应用接入 SDK Runtime（`SdkSandbox`）吗？Android 14~16 的遗留路径要注意什么？	todo		539cb7b456597d4a	Android 17 上还能为新应用接入 SDK Runtime（`SdkSandbox`）吗？Android 14~16 的遗留路径要注意什么？	keep	16-app-practice/06-stability-native-sdk.md	Q24	Android 17 上还能为新应用接入 SDK Runtime（`SdkSandbox`）吗？Android 14~16 的遗留路径要注意什么？	保留原题证据标注	09-app-practice/04-稳定性治理-Native与SDK.md#Q24	executor	migrated
09-app-practice/05-启动优化.md	Q1	启动监控为什么不能只上报 `Application.onCreate()` 的出入口耗时，为更早拿到时间点新增自动初始化 Provider 错在哪？	todo		5d55aa487de0f076	启动监控为什么不能只上报 `Application.onCreate()` 的出入口耗时，为更早拿到时间点新增自动初始化 Provider 错在哪？	keep	16-app-practice/07-startup-optimization.md	Q1	启动监控为什么不能只上报 `Application.onCreate()` 的出入口耗时，为更早拿到时间点新增自动初始化 Provider 错在哪？	保留原题证据标注	09-app-practice/05-启动优化.md#Q1	executor	migrated
09-app-practice/05-启动优化.md	Q2	`ApplicationStartInfo` 提供哪些系统侧启动信息，Android 13 设备上能用吗，读取时间戳有哪些陷阱？	todo		eab404529b426f16	`ApplicationStartInfo` 提供哪些系统侧启动信息，Android 13 设备上能用吗，读取时间戳有哪些陷阱？	keep	16-app-practice/07-startup-optimization.md	Q2	`ApplicationStartInfo` 提供哪些系统侧启动信息，Android 13 设备上能用吗，读取时间戳有哪些陷阱？	保留原题证据标注	09-app-practice/05-启动优化.md#Q2	executor	migrated
09-app-practice/05-启动优化.md	Q3	启动各阶段耗时为什么要用单调时钟相减，`uptimeNanos`、`elapsedRealtimeNanos`、`nanoTime`、`currentTimeMillis` 各适合什么？	todo		8fc89cbcee7b3555	启动各阶段耗时为什么要用单调时钟相减，`uptimeNanos`、`elapsedRealtimeNanos`、`nanoTime`、`currentTimeMillis` 各适合什么？	keep	16-app-practice/07-startup-optimization.md	Q3	启动各阶段耗时为什么要用单调时钟相减，`uptimeNanos`、`elapsedRealtimeNanos`、`nanoTime`、`currentTimeMillis` 各适合什么？	保留原题证据标注	09-app-practice/05-启动优化.md#Q3	executor	migrated
09-app-practice/05-启动优化.md	Q4	"线上启动分位数应该怎么聚合，""TTFD 变好但完成率下降""说明什么？"	todo		600889b3170686c3	"线上启动分位数应该怎么聚合，""TTFD 变好但完成率下降""说明什么？"	keep	16-app-practice/07-startup-optimization.md	Q4	"线上启动分位数应该怎么聚合，""TTFD 变好但完成率下降""说明什么？"	保留原题证据标注	09-app-practice/05-启动优化.md#Q4	executor	migrated
09-app-practice/05-启动优化.md	Q5	启动优化为什么先删任务再谈编排框架，任务按什么阶段分级？	todo		713af503888ab56c	启动优化为什么先删任务再谈编排框架，任务按什么阶段分级？	keep	16-app-practice/07-startup-optimization.md	Q5	启动优化为什么先删任务再谈编排框架，任务按什么阶段分级？	保留原题证据标注	09-app-practice/05-启动优化.md#Q5	executor	migrated
09-app-practice/05-启动优化.md	Q6	"启动任务图的节点为什么必须把""异步完成""建模成一等状态，""SDK init 已提交""与""SDK 已就绪""差在哪？"	todo		b15f5f94b3c744f5	"启动任务图的节点为什么必须把""异步完成""建模成一等状态，""SDK init 已提交""与""SDK 已就绪""差在哪？"	keep	16-app-practice/07-startup-optimization.md	Q6	"启动任务图的节点为什么必须把""异步完成""建模成一等状态，""SDK init 已提交""与""SDK 已就绪""差在哪？"	保留原题证据标注	09-app-practice/05-启动优化.md#Q6	executor	migrated
09-app-practice/05-启动优化.md	Q7	构建启动任务图时必须拒绝哪些无效输入，DFS 与 Kahn 检测环各怎么做？	todo		e0ce7cecd0a7c982	构建启动任务图时必须拒绝哪些无效输入，DFS 与 Kahn 检测环各怎么做？	keep	16-app-practice/07-startup-optimization.md	Q7	构建启动任务图时必须拒绝哪些无效输入，DFS 与 Kahn 检测环各怎么做？	保留原题证据标注	09-app-practice/05-启动优化.md#Q7	executor	migrated
09-app-practice/05-启动优化.md	Q8	"启动任务的超时与失败语义怎么定义，""A 超时就当作完成""会破坏什么？"	todo		82956c5774094313	"启动任务的超时与失败语义怎么定义，""A 超时就当作完成""会破坏什么？"	keep	16-app-practice/07-startup-optimization.md	Q8	"启动任务的超时与失败语义怎么定义，""A 超时就当作完成""会破坏什么？"	保留原题证据标注	09-app-practice/05-启动优化.md#Q8	executor	migrated
09-app-practice/05-启动优化.md	Q9	Jetpack App Startup 1.2.0 的执行模型是什么，动态特性模块与多进程场景各有哪些坑？	todo		5928d6d6d1ce7d88	Jetpack App Startup 1.2.0 的执行模型是什么，动态特性模块与多进程场景各有哪些坑？	keep	16-app-practice/07-startup-optimization.md	Q9	Jetpack App Startup 1.2.0 的执行模型是什么，动态特性模块与多进程场景各有哪些坑？	保留原题证据标注	09-app-practice/05-启动优化.md#Q9	executor	migrated
09-app-practice/05-启动优化.md	Q10	"`MessageQueue.IdleHandler` 的 `queueIdle()` 在什么条件下被调用，为什么不能当""设备空闲""信号？"	todo		f34d419192adfbdd	"`MessageQueue.IdleHandler` 的 `queueIdle()` 在什么条件下被调用，为什么不能当""设备空闲""信号？"	keep	16-app-practice/07-startup-optimization.md	Q10	"`MessageQueue.IdleHandler` 的 `queueIdle()` 在什么条件下被调用，为什么不能当""设备空闲""信号？"	保留原题证据标注	09-app-practice/05-启动优化.md#Q10	executor	migrated
09-app-practice/05-启动优化.md	Q11	首帧已提交为什么不能靠 `view.post()` 或 `onResume` 判断，`registerFrameCommitCallback()` 有哪些边界？	todo		7a17477ba2fbd97e	首帧已提交为什么不能靠 `view.post()` 或 `onResume` 判断，`registerFrameCommitCallback()` 有哪些边界？	keep	16-app-practice/07-startup-optimization.md	Q11	首帧已提交为什么不能靠 `view.post()` 或 `onResume` 判断，`registerFrameCommitCallback()` 有哪些边界？	保留原题证据标注	09-app-practice/05-启动优化.md#Q11	executor	migrated
09-app-practice/05-启动优化.md	Q12	"启动线程池为什么""按核数创建 + 无界队列""常常无效，`CallerRunsPolicy` 会把什么搬回主线程？"	todo		48eee1994b054cb9	"启动线程池为什么""按核数创建 + 无界队列""常常无效，`CallerRunsPolicy` 会把什么搬回主线程？"	keep	16-app-practice/07-startup-optimization.md	Q12	"启动线程池为什么""按核数创建 + 无界队列""常常无效，`CallerRunsPolicy` 会把什么搬回主线程？"	保留原题证据标注	09-app-practice/05-启动优化.md#Q12	executor	migrated
09-app-practice/05-启动优化.md	Q13	多进程应用为什么必须逐进程建初始化清单，在 `Application.onCreate()` 里按进程名分支漏掉了什么？	todo		14626d32c71ab3de	多进程应用为什么必须逐进程建初始化清单，在 `Application.onCreate()` 里按进程名分支漏掉了什么？	keep	16-app-practice/07-startup-optimization.md	Q13	多进程应用为什么必须逐进程建初始化清单，在 `Application.onCreate()` 里按进程名分支漏掉了什么？	保留原题证据标注	09-app-practice/05-启动优化.md#Q13	executor	migrated
09-app-practice/05-启动优化.md	Q14	"ContentProvider 自动初始化的成本从哪里来，""Provider 数量少""能直接换算成启动快吗？"	todo		d8a04d1ff4aa45bd	"ContentProvider 自动初始化的成本从哪里来，""Provider 数量少""能直接换算成启动快吗？"	keep	16-app-practice/07-startup-optimization.md	Q14	"ContentProvider 自动初始化的成本从哪里来，""Provider 数量少""能直接换算成启动快吗？"	保留原题证据标注	09-app-practice/05-启动优化.md#Q14	executor	migrated
09-app-practice/05-启动优化.md	Q15	`android:initOrder` 和 Manifest 书写顺序能表达依赖吗，边界在哪？	todo		82a81dac214fe76d	`android:initOrder` 和 Manifest 书写顺序能表达依赖吗，边界在哪？	keep	16-app-practice/07-startup-optimization.md	Q15	`android:initOrder` 和 Manifest 书写顺序能表达依赖吗，边界在哪？	保留原题证据标注	09-app-practice/05-启动优化.md#Q15	executor	migrated
09-app-practice/05-启动优化.md	Q16	首帧前同步访问远程 Provider 或同步等待 Binder 会发生什么，`MODE_MULTI_PROCESS` 和 `Application.onTerminate()` 为什么不可依赖？	todo		0c98975fa25608f0	首帧前同步访问远程 Provider 或同步等待 Binder 会发生什么，`MODE_MULTI_PROCESS` 和 `Application.onTerminate()` 为什么不可依赖？	keep	16-app-practice/07-startup-optimization.md	Q16	首帧前同步访问远程 Provider 或同步等待 Binder 会发生什么，`MODE_MULTI_PROCESS` 和 `Application.onTerminate()` 为什么不可依赖？	保留原题证据标注	09-app-practice/05-启动优化.md#Q16	executor	migrated
09-app-practice/05-启动优化.md	Q17	Baseline Profile、Startup Profile、Cloud Profile 与本地运行时 profile 各由谁生产、被谁消费？	todo		8c44d5da211e1ac7	Baseline Profile、Startup Profile、Cloud Profile 与本地运行时 profile 各由谁生产、被谁消费？	keep	16-app-practice/07-startup-optimization.md	Q17	Baseline Profile、Startup Profile、Cloud Profile 与本地运行时 profile 各由谁生产、被谁消费？	保留原题证据标注	09-app-practice/05-启动优化.md#Q17	executor	migrated
09-app-practice/05-启动优化.md	Q18	请求了 `speed-profile` 就一定得到 speed-profile 产物吗，怎么确认设备实际编译状态？	todo		7b9e689062e8bf23	请求了 `speed-profile` 就一定得到 speed-profile 产物吗，怎么确认设备实际编译状态？	keep	16-app-practice/07-startup-optimization.md	Q18	请求了 `speed-profile` 就一定得到 speed-profile 产物吗，怎么确认设备实际编译状态？	保留原题证据标注	09-app-practice/05-启动优化.md#Q18	executor	migrated
09-app-practice/05-启动优化.md	Q19	`.dm` 文件是什么、不等同于什么，ART 接受一个外部 profile 要满足什么条件？	todo		4007615450630b1b	`.dm` 文件是什么、不等同于什么，ART 接受一个外部 profile 要满足什么条件？	keep	16-app-practice/07-startup-optimization.md	Q19	`.dm` 文件是什么、不等同于什么，ART 接受一个外部 profile 要满足什么条件？	保留原题证据标注	09-app-practice/05-启动优化.md#Q19	executor	migrated
09-app-practice/05-启动优化.md	Q20	"Startup Profile 的 DEX layout 收益怎么验证，""多了一个 classes.dex""是回归吗？"	todo		4d9eba8677002e31	"Startup Profile 的 DEX layout 收益怎么验证，""多了一个 classes.dex""是回归吗？"	keep	16-app-practice/07-startup-optimization.md	Q20	"Startup Profile 的 DEX layout 收益怎么验证，""多了一个 classes.dex""是回归吗？"	保留原题证据标注	09-app-practice/05-启动优化.md#Q20	executor	migrated
09-app-practice/05-启动优化.md	Q21	"用户点击图标后看到的""启动画面""有哪些可能的实现，热启动会显示 Splash 吗？"	todo		0244fa214c3ba14e	"用户点击图标后看到的""启动画面""有哪些可能的实现，热启动会显示 Splash 吗？"	keep	16-app-practice/07-startup-optimization.md	Q21	"用户点击图标后看到的""启动画面""有哪些可能的实现，热启动会显示 Splash 吗？"	保留原题证据标注	09-app-practice/05-启动优化.md#Q21	executor	migrated
09-app-practice/05-启动优化.md	Q22	AndroidX core-splashscreen 在不同系统版本上的能力边界是什么，starting theme 各属性控制什么？	todo		eb37ba095deec6bc	AndroidX core-splashscreen 在不同系统版本上的能力边界是什么，starting theme 各属性控制什么？	keep	16-app-practice/07-startup-optimization.md	Q22	AndroidX core-splashscreen 在不同系统版本上的能力边界是什么，starting theme 各属性控制什么？	保留原题证据标注	09-app-practice/05-启动优化.md#Q22	executor	migrated
09-app-practice/05-启动优化.md	Q23	自定义 Splash 退出动画必须做什么收尾，旧 `windowBackground` 与专用 SplashActivity 在 Android 12+ 的问题是什么？	todo		2dc8d2ad3b8d3268	自定义 Splash 退出动画必须做什么收尾，旧 `windowBackground` 与专用 SplashActivity 在 Android 12+ 的问题是什么？	keep	16-app-practice/07-startup-optimization.md	Q23	自定义 Splash 退出动画必须做什么收尾，旧 `windowBackground` 与专用 SplashActivity 在 Android 12+ 的问题是什么？	保留原题证据标注	09-app-practice/05-启动优化.md#Q23	executor	migrated
09-app-practice/05-启动优化.md	Q24	Privacy Sandbox 的 SDK Runtime 现在还能用于新项目吗，Android 13 设备上是什么状态？	todo		06eb7d1cab9d3a6a	Privacy Sandbox 的 SDK Runtime 现在还能用于新项目吗，Android 13 设备上是什么状态？	keep	16-app-practice/07-startup-optimization.md	Q24	Privacy Sandbox 的 SDK Runtime 现在还能用于新项目吗，Android 13 设备上是什么状态？	保留原题证据标注	09-app-practice/05-启动优化.md#Q24	executor	migrated
09-app-practice/05-启动优化.md	Q25	"SDK Runtime 退场后广告 SDK 的启动治理应该怎么做，""异步 init""返回后能假设什么？"	todo		a069c28c81391dc8	"SDK Runtime 退场后广告 SDK 的启动治理应该怎么做，""异步 init""返回后能假设什么？"	keep	16-app-practice/07-startup-optimization.md	Q25	"SDK Runtime 退场后广告 SDK 的启动治理应该怎么做，""异步 init""返回后能假设什么？"	保留原题证据标注	09-app-practice/05-启动优化.md#Q25	executor	migrated
09-app-practice/05-启动优化.md	Q26	并发 GC 时代 GC 还会拖慢启动吗，`HeapTaskDaemon` 在 Perfetto 里 Running 就等于在 GC 吗？	todo		a54f51d711c35e2b	并发 GC 时代 GC 还会拖慢启动吗，`HeapTaskDaemon` 在 Perfetto 里 Running 就等于在 GC 吗？	keep	16-app-practice/07-startup-optimization.md	Q26	并发 GC 时代 GC 还会拖慢启动吗，`HeapTaskDaemon` 在 Perfetto 里 Running 就等于在 GC 吗？	保留原题证据标注	09-app-practice/05-启动优化.md#Q26	executor	migrated
09-app-practice/05-启动优化.md	Q27	"应用进程 fork 后 ART 对启动期堆做了什么，这等于""关闭了两秒 GC""吗？"	todo		c0f135de660c2c4e	"应用进程 fork 后 ART 对启动期堆做了什么，这等于""关闭了两秒 GC""吗？"	keep	16-app-practice/07-startup-optimization.md	Q27	"应用进程 fork 后 ART 对启动期堆做了什么，这等于""关闭了两秒 GC""吗？"	保留原题证据标注	09-app-practice/05-启动优化.md#Q27	executor	migrated
09-app-practice/05-启动优化.md	Q28	"哪些""GC 抑制""手段不可用于生产应用，启动期分配治理的正确顺序是什么？"	todo		b208436e10d15ed8	"哪些""GC 抑制""手段不可用于生产应用，启动期分配治理的正确顺序是什么？"	keep	16-app-practice/07-startup-optimization.md	Q28	"哪些""GC 抑制""手段不可用于生产应用，启动期分配治理的正确顺序是什么？"	保留原题证据标注	09-app-practice/05-启动优化.md#Q28	executor	migrated
09-app-practice/05-启动优化.md	Q29	`@HiltAndroidApp` 的 component 什么时候创建，ContentProvider 与 ViewModel 场景的注入时机差在哪？	todo		fa87b8d54a389474	`@HiltAndroidApp` 的 component 什么时候创建，ContentProvider 与 ViewModel 场景的注入时机差在哪？	keep	16-app-practice/07-startup-optimization.md	Q29	`@HiltAndroidApp` 的 component 什么时候创建，ContentProvider 与 ViewModel 场景的注入时机差在哪？	保留原题证据标注	09-app-practice/05-启动优化.md#Q29	executor	migrated
09-app-practice/05-启动优化.md	Q30	"`@Singleton`、直接注入、`Lazy<T>`、`Provider<T>` 的构造时机差在哪，""图里有 2000 个 binding""等于启动创建了 2000 个对象吗？"	todo		62e17ddf93eff393	"`@Singleton`、直接注入、`Lazy<T>`、`Provider<T>` 的构造时机差在哪，""图里有 2000 个 binding""等于启动创建了 2000 个对象吗？"	keep	16-app-practice/07-startup-optimization.md	Q30	"`@Singleton`、直接注入、`Lazy<T>`、`Provider<T>` 的构造时机差在哪，""图里有 2000 个 binding""等于启动创建了 2000 个对象吗？"	保留原题证据标注	09-app-practice/05-启动优化.md#Q30	executor	migrated
09-app-practice/05-启动优化.md	Q31	Koin 的启动成本分哪两段，`createdAtStart`、`lazyModules` 与 KSP 迁移各要注意什么？	todo		af1d19169f198bde	Koin 的启动成本分哪两段，`createdAtStart`、`lazyModules` 与 KSP 迁移各要注意什么？	keep	16-app-practice/07-startup-optimization.md	Q31	Koin 的启动成本分哪两段，`createdAtStart`、`lazyModules` 与 KSP 迁移各要注意什么？	保留原题证据标注	09-app-practice/05-启动优化.md#Q31	executor	migrated
09-app-practice/05-启动优化.md	Q32	Compose 的 `setContent` 到首帧经过哪些阶段，初始组合会执行哪些 composable？	todo		3a2e672f723e56e5	Compose 的 `setContent` 到首帧经过哪些阶段，初始组合会执行哪些 composable？	keep	16-app-practice/07-startup-optimization.md	Q32	Compose 的 `setContent` 到首帧经过哪些阶段，初始组合会执行哪些 composable？	保留原题证据标注	09-app-practice/05-启动优化.md#Q32	executor	migrated
09-app-practice/05-启动优化.md	Q33	Compose 自带的 Baseline Profile 覆盖什么，为什么 `Class.forName()` 预热不是替代品？	todo		2e20e5e0f5646b36	Compose 自带的 Baseline Profile 覆盖什么，为什么 `Class.forName()` 预热不是替代品？	keep	16-app-practice/07-startup-optimization.md	Q33	Compose 自带的 Baseline Profile 覆盖什么，为什么 `Class.forName()` 预热不是替代品？	保留原题证据标注	09-app-practice/05-启动优化.md#Q33	executor	migrated
09-app-practice/05-启动优化.md	Q34	"`Column`、Lazy layout 与 `SubcomposeLayout` 怎么选，什么模式会让""首帧后立刻再来一帧""？"	todo		bee654e359d57d53	"`Column`、Lazy layout 与 `SubcomposeLayout` 怎么选，什么模式会让""首帧后立刻再来一帧""？"	keep	16-app-practice/07-startup-optimization.md	Q34	"`Column`、Lazy layout 与 `SubcomposeLayout` 怎么选，什么模式会让""首帧后立刻再来一帧""？"	保留原题证据标注	09-app-practice/05-启动优化.md#Q34	executor	migrated
09-app-practice/06-渲染实战-View与Compose基础.md	Q1	列表 item 里的一个 TextView 改文字并调用 requestLayout()，为什么一次调用不等于一帧只做一轮完整测量布局，ViewRootImpl 是怎么合并和二次调度的？	todo		5a6e4cc106b5f5a0	列表 item 里的一个 TextView 改文字并调用 requestLayout()，为什么一次调用不等于一帧只做一轮完整测量布局，ViewRootImpl 是怎么合并和二次调度的？	keep	16-app-practice/08-rendering-view-compose.md	Q1	列表 item 里的一个 TextView 改文字并调用 requestLayout()，为什么一次调用不等于一帧只做一轮完整测量布局，ViewRootImpl 是怎么合并和二次调度的？	保留原题证据标注	09-app-practice/06-渲染实战-View与Compose基础.md#Q1	executor	migrated
09-app-practice/06-渲染实战-View与Compose基础.md	Q2	压平一个首屏布局前应优先识别哪三类结构性成本，为什么 View.GONE 子节点被 measureChildren 跳过却仍建议延迟创建？	todo		86a289e7e679c28d	压平一个首屏布局前应优先识别哪三类结构性成本，为什么 View.GONE 子节点被 measureChildren 跳过却仍建议延迟创建？	keep	16-app-practice/08-rendering-view-compose.md	Q2	压平一个首屏布局前应优先识别哪三类结构性成本，为什么 View.GONE 子节点被 measureChildren 跳过却仍建议延迟创建？	保留原题证据标注	09-app-practice/06-渲染实战-View与Compose基础.md#Q2	executor	migrated
09-app-practice/06-渲染实战-View与Compose基础.md	Q3	ViewStub、merge、include 分别解决什么问题，哪些误用会直接抛异常或让优化失效？	todo		879a080cb8db2cc7	ViewStub、merge、include 分别解决什么问题，哪些误用会直接抛异常或让优化失效？	keep	16-app-practice/08-rendering-view-compose.md	Q3	ViewStub、merge、include 分别解决什么问题，哪些误用会直接抛异常或让优化失效？	保留原题证据标注	09-app-practice/06-渲染实战-View与Compose基础.md#Q3	executor	migrated
09-app-practice/06-渲染实战-View与Compose基础.md	Q4	把布局解析挪到 AsyncLayoutInflater 后台线程后，为什么主线程仍可能出现 inflate 时间，哪些布局会回退到 UI 线程？	todo		12b5edd6d6e8b7b7	把布局解析挪到 AsyncLayoutInflater 后台线程后，为什么主线程仍可能出现 inflate 时间，哪些布局会回退到 UI 线程？	keep	16-app-practice/08-rendering-view-compose.md	Q4	把布局解析挪到 AsyncLayoutInflater 后台线程后，为什么主线程仍可能出现 inflate 时间，哪些布局会回退到 UI 线程？	保留原题证据标注	09-app-practice/06-渲染实战-View与Compose基础.md#Q4	executor	migrated
09-app-practice/06-渲染实战-View与Compose基础.md	Q5	自定义 View 用缓存的期望尺寸跳过 onMeasure 计算，为什么只比较宽度 MeasureSpec 不够，onLayout 里只看 changed 参数会漏掉什么？	todo		8d6d4d506376b399	自定义 View 用缓存的期望尺寸跳过 onMeasure 计算，为什么只比较宽度 MeasureSpec 不够，onLayout 里只看 changed 参数会漏掉什么？	keep	16-app-practice/08-rendering-view-compose.md	Q5	自定义 View 用缓存的期望尺寸跳过 onMeasure 计算，为什么只比较宽度 MeasureSpec 不够，onLayout 里只看 changed 参数会漏掉什么？	保留原题证据标注	09-app-practice/06-渲染实战-View与Compose基础.md#Q5	executor	migrated
09-app-practice/06-渲染实战-View与Compose基础.md	Q6	波形图这类持续刷新的自绘 View 应怎样组织绘制对象与失效调用，invalidate()、requestLayout()、postInvalidateOnAnimation() 各承担什么？	todo		55531c19f911b91e	波形图这类持续刷新的自绘 View 应怎样组织绘制对象与失效调用，invalidate()、requestLayout()、postInvalidateOnAnimation() 各承担什么？	keep	16-app-practice/08-rendering-view-compose.md	Q6	波形图这类持续刷新的自绘 View 应怎样组织绘制对象与失效调用，invalidate()、requestLayout()、postInvalidateOnAnimation() 各承担什么？	保留原题证据标注	09-app-practice/06-渲染实战-View与Compose基础.md#Q6	executor	migrated
09-app-practice/06-渲染实战-View与Compose基础.md	Q7	RecyclerView 稳定滑动中偶尔出现 onBindViewHolder 是否说明复用失效，ViewHolder 到底按什么顺序获取、哪些来源仍会 bind？	todo		5bba2d79a5889e00	RecyclerView 稳定滑动中偶尔出现 onBindViewHolder 是否说明复用失效，ViewHolder 到底按什么顺序获取、哪些来源仍会 bind？	keep	16-app-practice/08-rendering-view-compose.md	Q7	RecyclerView 稳定滑动中偶尔出现 onBindViewHolder 是否说明复用失效，ViewHolder 到底按什么顺序获取、哪些来源仍会 bind？	保留原题证据标注	09-app-practice/06-渲染实战-View与Compose基础.md#Q7	executor	migrated
09-app-practice/06-渲染实战-View与Compose基础.md	Q8	多个嵌套横向列表共享同一个 RecycledViewPool 时，viewType 应按什么原则划分，共享池会引入什么新风险？	todo		9403eecf03056d55	多个嵌套横向列表共享同一个 RecycledViewPool 时，viewType 应按什么原则划分，共享池会引入什么新风险？	keep	16-app-practice/08-rendering-view-compose.md	Q8	多个嵌套横向列表共享同一个 RecycledViewPool 时，viewType 应按什么原则划分，共享池会引入什么新风险？	保留原题证据标注	09-app-practice/06-渲染实战-View与Compose基础.md#Q8	executor	migrated
09-app-practice/06-渲染实战-View与Compose基础.md	Q9	高频局部刷新的列表为什么 notifyDataSetChanged 会卡，DiffUtil 的三个回调与 payload 各承担什么，ListAdapter 有哪些硬边界？	todo		f4766125878d0cbb	高频局部刷新的列表为什么 notifyDataSetChanged 会卡，DiffUtil 的三个回调与 payload 各承担什么，ListAdapter 有哪些硬边界？	keep	16-app-practice/08-rendering-view-compose.md	Q9	高频局部刷新的列表为什么 notifyDataSetChanged 会卡，DiffUtil 的三个回调与 payload 各承担什么，ListAdapter 有哪些硬边界？	保留原题证据标注	09-app-practice/06-渲染实战-View与Compose基础.md#Q9	executor	migrated
09-app-practice/06-渲染实战-View与Compose基础.md	Q10	RecyclerView 的 GapWorker 预取运行在哪个线程，willCreateInTime/willBindInTime 怎么决定做不做，为什么预取正常下一帧仍可能长？	todo		817a117e50b8b6ab	RecyclerView 的 GapWorker 预取运行在哪个线程，willCreateInTime/willBindInTime 怎么决定做不做，为什么预取正常下一帧仍可能长？	keep	16-app-practice/08-rendering-view-compose.md	Q10	RecyclerView 的 GapWorker 预取运行在哪个线程，willCreateInTime/willBindInTime 怎么决定做不做，为什么预取正常下一帧仍可能长？	保留原题证据标注	09-app-practice/06-渲染实战-View与Compose基础.md#Q10	executor	migrated
09-app-practice/06-渲染实战-View与Compose基础.md	Q11	纵向 Feed 里嵌横向卡片列表时应怎样配置容器，setHasFixedSize(true) 的确切语义是什么？	todo		b1562421ac36a5ec	纵向 Feed 里嵌横向卡片列表时应怎样配置容器，setHasFixedSize(true) 的确切语义是什么？	keep	16-app-practice/08-rendering-view-compose.md	Q11	纵向 Feed 里嵌横向卡片列表时应怎样配置容器，setHasFixedSize(true) 的确切语义是什么？	保留原题证据标注	09-app-practice/06-渲染实战-View与Compose基础.md#Q11	executor	migrated
09-app-practice/06-渲染实战-View与Compose基础.md	Q12	LazyColumn 的 key 与 contentType 分别对应 RecyclerView 的什么概念，从 RecyclerView 迁移到 LazyColumn 应比较哪些指标？	todo		239ebcdf355f93c1	LazyColumn 的 key 与 contentType 分别对应 RecyclerView 的什么概念，从 RecyclerView 迁移到 LazyColumn 应比较哪些指标？	keep	16-app-practice/08-rendering-view-compose.md	Q12	LazyColumn 的 key 与 contentType 分别对应 RecyclerView 的什么概念，从 RecyclerView 迁移到 LazyColumn 应比较哪些指标？	保留原题证据标注	09-app-practice/06-渲染实战-View与Compose基础.md#Q12	executor	migrated
09-app-practice/06-渲染实战-View与Compose基础.md	Q13	Compose 状态在 Composable 函数体、placement lambda、draw lambda 与 graphicsLayer lambda 中被读取，变化后分别触发哪个阶段的工作？	todo		2ee7b84454cec67f	Compose 状态在 Composable 函数体、placement lambda、draw lambda 与 graphicsLayer lambda 中被读取，变化后分别触发哪个阶段的工作？	keep	16-app-practice/08-rendering-view-compose.md	Q13	Compose 状态在 Composable 函数体、placement lambda、draw lambda 与 graphicsLayer lambda 中被读取，变化后分别触发哪个阶段的工作？	保留原题证据标注	09-app-practice/06-渲染实战-View与Compose基础.md#Q13	executor	migrated
09-app-practice/06-渲染实战-View与Compose基础.md	Q14	Strong Skipping 默认开启后，List 这类 unstable 参数的 Composable 还能跳过吗，@Stable/@Immutable 注解还承担什么？	todo		55763b54689f45de	Strong Skipping 默认开启后，List 这类 unstable 参数的 Composable 还能跳过吗，@Stable/@Immutable 注解还承担什么？	keep	16-app-practice/08-rendering-view-compose.md	Q14	Strong Skipping 默认开启后，List 这类 unstable 参数的 Composable 还能跳过吗，@Stable/@Immutable 注解还承担什么？	保留原题证据标注	09-app-practice/06-渲染实战-View与Compose基础.md#Q14	executor	migrated
09-app-practice/06-渲染实战-View与Compose基础.md	Q15	Compose 编译器报告里 skippable=1 且 unstable 数量下降，能据此宣布重组性能改善吗？各报告文件分别能回答什么？	todo		f012b9f4a171bf5b	Compose 编译器报告里 skippable=1 且 unstable 数量下降，能据此宣布重组性能改善吗？各报告文件分别能回答什么？	keep	16-app-practice/08-rendering-view-compose.md	Q15	Compose 编译器报告里 skippable=1 且 unstable 数量下降，能据此宣布重组性能改善吗？各报告文件分别能回答什么？	保留原题证据标注	09-app-practice/06-渲染实战-View与Compose基础.md#Q15	executor	migrated
09-app-practice/06-渲染实战-View与Compose基础.md	Q16	remember(keys)、derivedStateOf、produceState 与 snapshotFlow 各适合什么场景，混用会出什么问题？	todo		4d5c4f54f9e43829	remember(keys)、derivedStateOf、produceState 与 snapshotFlow 各适合什么场景，混用会出什么问题？	keep	16-app-practice/08-rendering-view-compose.md	Q16	remember(keys)、derivedStateOf、produceState 与 snapshotFlow 各适合什么场景，混用会出什么问题？	保留原题证据标注	09-app-practice/06-渲染实战-View与Compose基础.md#Q16	executor	migrated
09-app-practice/06-渲染实战-View与Compose基础.md	Q17	自定义 Modifier.Node 时 NodeChain 按什么规则复用、更新或替换节点，Element 的 equals 契约写错会怎样？	todo		4c62643c21420210	自定义 Modifier.Node 时 NodeChain 按什么规则复用、更新或替换节点，Element 的 equals 契约写错会怎样？	keep	16-app-practice/08-rendering-view-compose.md	Q17	自定义 Modifier.Node 时 NodeChain 按什么规则复用、更新或替换节点，Element 的 equals 契约写错会怎样？	保留原题证据标注	09-app-practice/06-渲染实战-View与Compose基础.md#Q17	executor	migrated
09-app-practice/06-渲染实战-View与Compose基础.md	Q18	Modifier.composed 与 @Composable Modifier 工厂相比 Modifier.Node 慢在哪，Node 的 onAttach/onDetach/onReset 与 coroutineScope 怎么用？	todo		4ffbc4d370dd2789	Modifier.composed 与 @Composable Modifier 工厂相比 Modifier.Node 慢在哪，Node 的 onAttach/onDetach/onReset 与 coroutineScope 怎么用？	keep	16-app-practice/08-rendering-view-compose.md	Q18	Modifier.composed 与 @Composable Modifier 工厂相比 Modifier.Node 慢在哪，Node 的 onAttach/onDetach/onReset 与 coroutineScope 怎么用？	保留原题证据标注	09-app-practice/06-渲染实战-View与Compose基础.md#Q18	executor	migrated
09-app-practice/06-渲染实战-View与Compose基础.md	Q19	自定义 Compose Layout 里对同一个子节点用两组约束连续调用 measure() 会发生什么，单遍测量协议包含哪些约束？	todo		e4e3503dbd546051	自定义 Compose Layout 里对同一个子节点用两组约束连续调用 measure() 会发生什么，单遍测量协议包含哪些约束？	keep	16-app-practice/08-rendering-view-compose.md	Q19	自定义 Compose Layout 里对同一个子节点用两组约束连续调用 measure() 会发生什么，单遍测量协议包含哪些约束？	保留原题证据标注	09-app-practice/06-渲染实战-View与Compose基础.md#Q19	executor	migrated
09-app-practice/06-渲染实战-View与Compose基础.md	Q20	Compose 节点上一帧测过的尺寸什么时候会被复用，@Stable 注解会影响布局缓存吗？	todo		b90105f3c478641d	Compose 节点上一帧测过的尺寸什么时候会被复用，@Stable 注解会影响布局缓存吗？	keep	16-app-practice/08-rendering-view-compose.md	Q20	Compose 节点上一帧测过的尺寸什么时候会被复用，@Stable 注解会影响布局缓存吗？	保留原题证据标注	09-app-practice/06-渲染实战-View与Compose基础.md#Q20	executor	migrated
09-app-practice/06-渲染实战-View与Compose基础.md	Q21	对 LazyColumn 或 BoxWithConstraints 查询 IntrinsicSize.Min 为什么会直接失败，固有尺寸查询的真实成本怎么评估？	todo		d80ecf4c37c1268d	对 LazyColumn 或 BoxWithConstraints 查询 IntrinsicSize.Min 为什么会直接失败，固有尺寸查询的真实成本怎么评估？	keep	16-app-practice/08-rendering-view-compose.md	Q21	对 LazyColumn 或 BoxWithConstraints 查询 IntrinsicSize.Min 为什么会直接失败，固有尺寸查询的真实成本怎么评估？	保留原题证据标注	09-app-practice/06-渲染实战-View与Compose基础.md#Q21	executor	migrated
09-app-practice/06-渲染实战-View与Compose基础.md	Q22	padding + background + clickable 组合会创建几个 LayoutNode，调整 Modifier 顺序为什么属于行为变更而不是纯性能优化？	todo		59d8a4423061c745	padding + background + clickable 组合会创建几个 LayoutNode，调整 Modifier 顺序为什么属于行为变更而不是纯性能优化？	keep	16-app-practice/08-rendering-view-compose.md	Q22	padding + background + clickable 组合会创建几个 LayoutNode，调整 Modifier 顺序为什么属于行为变更而不是纯性能优化？	保留原题证据标注	09-app-practice/06-渲染实战-View与Compose基础.md#Q22	executor	migrated
09-app-practice/06-渲染实战-View与Compose基础.md	Q23	同样的 Compose Text(String) 在什么条件下走简化实现 ParagraphLayoutCache，哪些能力会让它改走 AnnotatedString 路径，段落缓存什么时候复用？	todo		c191a681fc56419c	同样的 Compose Text(String) 在什么条件下走简化实现 ParagraphLayoutCache，哪些能力会让它改走 AnnotatedString 路径，段落缓存什么时候复用？	keep	16-app-practice/08-rendering-view-compose.md	Q23	同样的 Compose Text(String) 在什么条件下走简化实现 ParagraphLayoutCache，哪些能力会让它改走 AnnotatedString 路径，段落缓存什么时候复用？	保留原题证据标注	09-app-practice/06-渲染实战-View与Compose基础.md#Q23	executor	migrated
09-app-practice/06-渲染实战-View与Compose基础.md	Q24	用 rememberTextMeasurer 在 drawWithCache 里绘制文本时，TextMeasurer 的缓存键包含哪些内容，容量怎么设置才合理？	todo		3321bf7730711d16	用 rememberTextMeasurer 在 drawWithCache 里绘制文本时，TextMeasurer 的缓存键包含哪些内容，容量怎么设置才合理？	keep	16-app-practice/08-rendering-view-compose.md	Q24	用 rememberTextMeasurer 在 drawWithCache 里绘制文本时，TextMeasurer 的缓存键包含哪些内容，容量怎么设置才合理？	保留原题证据标注	09-app-practice/06-渲染实战-View与Compose基础.md#Q24	executor	migrated
09-app-practice/07-渲染实战-Compose进阶.md	Q1	在后台线程读取 mutableStateOf 时读到的可能是哪个版本，Snapshot 按什么条件从状态记录链里选值？	todo		68256f02589eccf3	在后台线程读取 mutableStateOf 时读到的可能是哪个版本，Snapshot 按什么条件从状态记录链里选值？	keep	16-app-practice/09-rendering-compose-advanced.md	Q1	在后台线程读取 mutableStateOf 时读到的可能是哪个版本，Snapshot 按什么条件从状态记录链里选值？	保留原题证据标注	09-app-practice/07-渲染实战-Compose进阶.md#Q1	executor	migrated
09-app-practice/07-渲染实战-Compose进阶.md	Q2	takeSnapshot() 创建的只读视图为什么必须显式 dispose，不 dispose 会怎样？	todo		0d4d94d526ede065	takeSnapshot() 创建的只读视图为什么必须显式 dispose，不 dispose 会怎样？	keep	16-app-practice/09-rendering-compose-advanced.md	Q2	takeSnapshot() 创建的只读视图为什么必须显式 dispose，不 dispose 会怎样？	保留原题证据标注	09-app-practice/07-渲染实战-Compose进阶.md#Q2	executor	migrated
09-app-practice/07-渲染实战-Compose进阶.md	Q3	两个并发 MutableSnapshot 修改同一个 StateObject，apply 冲突按什么规则合并，内置变更策略有什么区别？	todo		7902e7065fb63a24	两个并发 MutableSnapshot 修改同一个 StateObject，apply 冲突按什么规则合并，内置变更策略有什么区别？	keep	16-app-practice/09-rendering-compose-advanced.md	Q3	两个并发 MutableSnapshot 修改同一个 StateObject，apply 冲突按什么规则合并，内置变更策略有什么区别？	保留原题证据标注	09-app-practice/07-渲染实战-Compose进阶.md#Q3	executor	migrated
09-app-practice/07-渲染实战-Compose进阶.md	Q4	两个 Snapshot 各改不同 State 都 apply 成功，跨对象业务约束仍可能被破坏——这是为什么，怎么防？	todo		532e4812c80c9bf5	两个 Snapshot 各改不同 State 都 apply 成功，跨对象业务约束仍可能被破坏——这是为什么，怎么防？	keep	16-app-practice/09-rendering-compose-advanced.md	Q4	两个 Snapshot 各改不同 State 都 apply 成功，跨对象业务约束仍可能被破坏——这是为什么，怎么防？	保留原题证据标注	09-app-practice/07-渲染实战-Compose进阶.md#Q4	executor	migrated
09-app-practice/07-渲染实战-Compose进阶.md	Q5	mutableStateOf 可以从工作线程读写吗，state.value++ 为什么仍可能丢更新，enter 为什么不能跨协程挂起点保留？	todo		462ddd78ef39fa4d	mutableStateOf 可以从工作线程读写吗，state.value++ 为什么仍可能丢更新，enter 为什么不能跨协程挂起点保留？	keep	16-app-practice/09-rendering-compose-advanced.md	Q5	mutableStateOf 可以从工作线程读写吗，state.value++ 为什么仍可能丢更新，enter 为什么不能跨协程挂起点保留？	保留原题证据标注	09-app-practice/07-渲染实战-Compose进阶.md#Q5	executor	migrated
09-app-practice/07-渲染实战-Compose进阶.md	Q6	一次 state.value = x 写入后重组是怎么被安排的，为什么多次写入可能合并成一次重组？	todo		de4591ca74a36f7b	一次 state.value = x 写入后重组是怎么被安排的，为什么多次写入可能合并成一次重组？	keep	16-app-practice/09-rendering-compose-advanced.md	Q6	一次 state.value = x 写入后重组是怎么被安排的，为什么多次写入可能合并成一次重组？	保留原题证据标注	09-app-practice/07-渲染实战-Compose进阶.md#Q6	executor	migrated
09-app-practice/07-渲染实战-Compose进阶.md	Q7	AndroidView 把一个 View 接进 Compose 后由谁测量谁，Compose 状态变化什么时候会让这个 View 重新布局或重绘？	todo		f9db0073a90bca74	AndroidView 把一个 View 接进 Compose 后由谁测量谁，Compose 状态变化什么时候会让这个 View 重新布局或重绘？	keep	16-app-practice/09-rendering-compose-advanced.md	Q7	AndroidView 把一个 View 接进 Compose 后由谁测量谁，Compose 状态变化什么时候会让这个 View 重新布局或重绘？	保留原题证据标注	09-app-practice/07-渲染实战-Compose进阶.md#Q7	executor	migrated
09-app-practice/07-渲染实战-Compose进阶.md	Q8	AndroidView 的 factory/update/onReset/onRelease 各自的调用时机与职责是什么，怎样避免 View 与 Compose 状态互相回写的反馈循环？	todo		1e5f1cadaf7e9696	AndroidView 的 factory/update/onReset/onRelease 各自的调用时机与职责是什么，怎样避免 View 与 Compose 状态互相回写的反馈循环？	keep	16-app-practice/09-rendering-compose-advanced.md	Q8	AndroidView 的 factory/update/onReset/onRelease 各自的调用时机与职责是什么，怎样避免 View 与 Compose 状态互相回写的反馈循环？	保留原题证据标注	09-app-practice/07-渲染实战-Compose进阶.md#Q8	executor	migrated
09-app-practice/07-渲染实战-Compose进阶.md	Q9	Lazy 列表里的 AndroidView 为什么必须提供非空 onReset 才能复用实例，onReset 之后 View 处于什么状态？	todo		c0514ff1d1ada29b	Lazy 列表里的 AndroidView 为什么必须提供非空 onReset 才能复用实例，onReset 之后 View 处于什么状态？	keep	16-app-practice/09-rendering-compose-advanced.md	Q9	Lazy 列表里的 AndroidView 为什么必须提供非空 onReset 才能复用实例，onReset 之后 View 处于什么状态？	保留原题证据标注	09-app-practice/07-渲染实战-Compose进阶.md#Q9	executor	migrated
09-app-practice/07-渲染实战-Compose进阶.md	Q10	ComposeView 放进 RecyclerView 与放进 Fragment 各该用什么 ViewCompositionStrategy，为什么不要在 onViewRecycled 里 disposeComposition()？	todo		931c1a16bec4b8e0	ComposeView 放进 RecyclerView 与放进 Fragment 各该用什么 ViewCompositionStrategy，为什么不要在 onViewRecycled 里 disposeComposition()？	keep	16-app-practice/09-rendering-compose-advanced.md	Q10	ComposeView 放进 RecyclerView 与放进 Fragment 各该用什么 ViewCompositionStrategy，为什么不要在 onViewRecycled 里 disposeComposition()？	保留原题证据标注	09-app-practice/07-渲染实战-Compose进阶.md#Q10	executor	migrated
09-app-practice/07-渲染实战-Compose进阶.md	Q11	"同一窗口里多个 ComposeView 是共享一个 Recomposer 还是各有一个，""每个 ComposeView 都很轻""为什么不成立？"	todo		5dff2f6840e561b4	"同一窗口里多个 ComposeView 是共享一个 Recomposer 还是各有一个，""每个 ComposeView 都很轻""为什么不成立？"	keep	16-app-practice/09-rendering-compose-advanced.md	Q11	"同一窗口里多个 ComposeView 是共享一个 Recomposer 还是各有一个，""每个 ComposeView 都很轻""为什么不成立？"	保留原题证据标注	09-app-practice/07-渲染实战-Compose进阶.md#Q11	executor	migrated
09-app-practice/07-渲染实战-Compose进阶.md	Q12	Compose 外层动画请求高帧率后，内嵌 AndroidView 里的视频为什么不会跟着提帧，混合树里帧率请求按什么边界传播？	todo		78c842fbdbf48bca	Compose 外层动画请求高帧率后，内嵌 AndroidView 里的视频为什么不会跟着提帧，混合树里帧率请求按什么边界传播？	keep	16-app-practice/09-rendering-compose-advanced.md	Q12	Compose 外层动画请求高帧率后，内嵌 AndroidView 里的视频为什么不会跟着提帧，混合树里帧率请求按什么边界传播？	保留原题证据标注	09-app-practice/07-渲染实战-Compose进阶.md#Q12	executor	migrated
09-app-practice/07-渲染实战-Compose进阶.md	Q13	View 属性动画里每个 tick 用 updateLayoutParams 改宽度为什么会持续掉帧，scaleX 这类变换属性能替代到什么程度？	todo		cbb94511ff6ca1a7	View 属性动画里每个 tick 用 updateLayoutParams 改宽度为什么会持续掉帧，scaleX 这类变换属性能替代到什么程度？	keep	16-app-practice/09-rendering-compose-advanced.md	Q13	View 属性动画里每个 tick 用 updateLayoutParams 改宽度为什么会持续掉帧，scaleX 这类变换属性能替代到什么程度？	保留原题证据标注	09-app-practice/07-渲染实战-Compose进阶.md#Q13	executor	migrated
09-app-practice/07-渲染实战-Compose进阶.md	Q14	Compose 里 Animatable、Transition 与 animate*AsState 的动画值逐帧更新时，重组范围由什么决定，主线程卡一下动画会怎样？	todo		325ebed0986cc5c9	Compose 里 Animatable、Transition 与 animate*AsState 的动画值逐帧更新时，重组范围由什么决定，主线程卡一下动画会怎样？	keep	16-app-practice/09-rendering-compose-advanced.md	Q14	Compose 里 Animatable、Transition 与 animate*AsState 的动画值逐帧更新时，重组范围由什么决定，主线程卡一下动画会怎样？	保留原题证据标注	09-app-practice/07-渲染实战-Compose进阶.md#Q14	executor	migrated
09-app-practice/07-渲染实战-Compose进阶.md	Q15	同一个 Animatable 被手势高频调用 snapTo 与 animateTo 有什么行为差异，Transition 在 1.12.0 的组合语义是什么？	todo		8add995cf5cbce67	同一个 Animatable 被手势高频调用 snapTo 与 animateTo 有什么行为差异，Transition 在 1.12.0 的组合语义是什么？	keep	16-app-practice/09-rendering-compose-advanced.md	Q15	同一个 Animatable 被手势高频调用 snapTo 与 animateTo 有什么行为差异，Transition 在 1.12.0 的组合语义是什么？	保留原题证据标注	09-app-practice/07-渲染实战-Compose进阶.md#Q15	executor	migrated
09-app-practice/07-渲染实战-Compose进阶.md	Q16	AnimatedVisibility 退出动画期间旧内容还在组合里吗，AnimatedContent 快速切换为什么会同时保留多份内容？	todo		3177c72a059b3563	AnimatedVisibility 退出动画期间旧内容还在组合里吗，AnimatedContent 快速切换为什么会同时保留多份内容？	keep	16-app-practice/09-rendering-compose-advanced.md	Q16	AnimatedVisibility 退出动画期间旧内容还在组合里吗，AnimatedContent 快速切换为什么会同时保留多份内容？	保留原题证据标注	09-app-practice/07-渲染实战-Compose进阶.md#Q16	executor	migrated
09-app-practice/07-渲染实战-Compose进阶.md	Q17	共享元素过渡里 sharedElement 与 sharedBounds 怎么选，scaleToBounds 与 RemeasureToBounds 的成本差在哪？	todo		2edf5bc8fde683ee	共享元素过渡里 sharedElement 与 sharedBounds 怎么选，scaleToBounds 与 RemeasureToBounds 的成本差在哪？	keep	16-app-practice/09-rendering-compose-advanced.md	Q17	共享元素过渡里 sharedElement 与 sharedBounds 怎么选，scaleToBounds 与 RemeasureToBounds 的成本差在哪？	保留原题证据标注	09-app-practice/07-渲染实战-Compose进阶.md#Q17	executor	migrated
09-app-practice/07-渲染实战-Compose进阶.md	Q18	"共享元素过渡的 Lookahead 布局是不是""第二次 GPU 渲染""，GraphicsLayer 是不是 Bitmap 缓存，元素数量有平台阈值吗？"	todo		e72e362fefd1c1ee	"共享元素过渡的 Lookahead 布局是不是""第二次 GPU 渲染""，GraphicsLayer 是不是 Bitmap 缓存，元素数量有平台阈值吗？"	keep	16-app-practice/09-rendering-compose-advanced.md	Q18	"共享元素过渡的 Lookahead 布局是不是""第二次 GPU 渲染""，GraphicsLayer 是不是 Bitmap 缓存，元素数量有平台阈值吗？"	保留原题证据标注	09-app-practice/07-渲染实战-Compose进阶.md#Q18	executor	migrated
09-app-practice/07-渲染实战-Compose进阶.md	Q19	View.setRenderEffect 做模糊时 GPU 成本从哪来，它与窗口背景模糊是同一套机制吗？	todo		fabe164ed1538477	View.setRenderEffect 做模糊时 GPU 成本从哪来，它与窗口背景模糊是同一套机制吗？	keep	16-app-practice/09-rendering-compose-advanced.md	Q19	View.setRenderEffect 做模糊时 GPU 成本从哪来，它与窗口背景模糊是同一套机制吗？	保留原题证据标注	09-app-practice/07-渲染实战-Compose进阶.md#Q19	executor	migrated
09-app-practice/07-渲染实战-Compose进阶.md	Q20	RuntimeShader 更新 uniform 后画面不动是什么原因，AGSL 着色器的构造与使用有哪些硬约束？	todo		67e2120feb3e3e71	RuntimeShader 更新 uniform 后画面不动是什么原因，AGSL 着色器的构造与使用有哪些硬约束？	keep	16-app-practice/09-rendering-compose-advanced.md	Q20	RuntimeShader 更新 uniform 后画面不动是什么原因，AGSL 着色器的构造与使用有哪些硬约束？	保留原题证据标注	09-app-practice/07-渲染实战-Compose进阶.md#Q20	executor	migrated
09-app-practice/07-渲染实战-Compose进阶.md	Q21	按 Android 13 设备开发时，RuntimeColorFilter、RuntimeXfermode、getGpuHeadroom、HardwareBufferRenderer 这些效果相关 API 的可用状态是什么？	todo		74ebfbc221b02c4f	按 Android 13 设备开发时，RuntimeColorFilter、RuntimeXfermode、getGpuHeadroom、HardwareBufferRenderer 这些效果相关 API 的可用状态是什么？	keep	16-app-practice/09-rendering-compose-advanced.md	Q21	按 Android 13 设备开发时，RuntimeColorFilter、RuntimeXfermode、getGpuHeadroom、HardwareBufferRenderer 这些效果相关 API 的可用状态是什么？	保留原题证据标注	09-app-practice/07-渲染实战-Compose进阶.md#Q21	executor	migrated
09-app-practice/07-渲染实战-Compose进阶.md	Q22	Compose 的 Canvas 没有独立 Surface，一次 drawRect 从 Kotlin 调用到 GPU 经过了哪几段，哪些绘制对象需要应用自己管理？	todo		6209358b648e363c	Compose 的 Canvas 没有独立 Surface，一次 drawRect 从 Kotlin 调用到 GPU 经过了哪几段，哪些绘制对象需要应用自己管理？	keep	16-app-practice/09-rendering-compose-advanced.md	Q22	Compose 的 Canvas 没有独立 Surface，一次 drawRect 从 Kotlin 调用到 GPU 经过了哪几段，哪些绘制对象需要应用自己管理？	保留原题证据标注	09-app-practice/07-渲染实战-Compose进阶.md#Q22	executor	migrated
09-app-practice/07-渲染实战-Compose进阶.md	Q23	drawWithCache 缓存什么、什么时候失效，drawWithContent 里不调用 drawContent 会发生什么？	todo		055a1dbc7057f2a9	drawWithCache 缓存什么、什么时候失效，drawWithContent 里不调用 drawContent 会发生什么？	keep	16-app-practice/09-rendering-compose-advanced.md	Q23	drawWithCache 缓存什么、什么时候失效，drawWithContent 里不调用 drawContent 会发生什么？	保留原题证据标注	09-app-practice/07-渲染实战-Compose进阶.md#Q23	executor	migrated
09-app-practice/07-渲染实战-Compose进阶.md	Q24	图表、粒子、手写这类持续绘制的场景什么时候该离开 Compose Canvas 转 SurfaceView，绘制回调的线程边界是什么？	todo		80e1c71a953671ba	图表、粒子、手写这类持续绘制的场景什么时候该离开 Compose Canvas 转 SurfaceView，绘制回调的线程边界是什么？	keep	16-app-practice/09-rendering-compose-advanced.md	Q24	图表、粒子、手写这类持续绘制的场景什么时候该离开 Compose Canvas 转 SurfaceView，绘制回调的线程边界是什么？	保留原题证据标注	09-app-practice/07-渲染实战-Compose进阶.md#Q24	executor	migrated
09-app-practice/08-渲染实战-图像显示与页面.md	Q1	"一张网络图片从发起到上屏要经过哪些阶段，为什么""图片库加载成功""的回调不能当作图片已可见的验收结论？"	todo		049ead358ca4dcbf	"一张网络图片从发起到上屏要经过哪些阶段，为什么""图片库加载成功""的回调不能当作图片已可见的验收结论？"	keep	16-app-practice/10-rendering-image-pages.md	Q1	"一张网络图片从发起到上屏要经过哪些阶段，为什么""图片库加载成功""的回调不能当作图片已可见的验收结论？"	保留原题证据标注	09-app-practice/08-渲染实战-图像显示与页面.md#Q1	executor	migrated
09-app-practice/08-渲染实战-图像显示与页面.md	Q2	4000 × 3000 的 ARGB_8888 图片解码后占多少像素内存？为什么压缩文件体积不能代表解码后内存，Bitmap 像素数据在各版本存在哪里？	todo		6b057174da09cf33	4000 × 3000 的 ARGB_8888 图片解码后占多少像素内存？为什么压缩文件体积不能代表解码后内存，Bitmap 像素数据在各版本存在哪里？	keep	16-app-practice/10-rendering-image-pages.md	Q2	4000 × 3000 的 ARGB_8888 图片解码后占多少像素内存？为什么压缩文件体积不能代表解码后内存，Bitmap 像素数据在各版本存在哪里？	保留原题证据标注	09-app-practice/08-渲染实战-图像显示与页面.md#Q2	executor	migrated
09-app-practice/08-渲染实战-图像显示与页面.md	Q3	用 BitmapFactory 把大文件解码到目标显示尺寸时，为什么要先 `inJustDecodeBounds` 读边界再按 2 的幂设置 `inSampleSize`？`inSampleSize` 传 3 会发生什么？	todo		0f36c10f8952be56	用 BitmapFactory 把大文件解码到目标显示尺寸时，为什么要先 `inJustDecodeBounds` 读边界再按 2 的幂设置 `inSampleSize`？`inSampleSize` 传 3 会发生什么？	keep	16-app-practice/10-rendering-image-pages.md	Q3	用 BitmapFactory 把大文件解码到目标显示尺寸时，为什么要先 `inJustDecodeBounds` 读边界再按 2 的幂设置 `inSampleSize`？`inSampleSize` 传 3 会发生什么？	保留原题证据标注	09-app-practice/08-渲染实战-图像显示与页面.md#Q3	executor	migrated
09-app-practice/08-渲染实战-图像显示与页面.md	Q4	"ImageDecoder 的 ALLOCATOR_DEFAULT、SOFTWARE、SHARED_MEMORY、HARDWARE 四种分配器怎么选？为什么""默认一定返回 HARDWARE""是错的？"	todo		e05b8ffa1b6e413d	"ImageDecoder 的 ALLOCATOR_DEFAULT、SOFTWARE、SHARED_MEMORY、HARDWARE 四种分配器怎么选？为什么""默认一定返回 HARDWARE""是错的？"	keep	16-app-practice/10-rendering-image-pages.md	Q4	"ImageDecoder 的 ALLOCATOR_DEFAULT、SOFTWARE、SHARED_MEMORY、HARDWARE 四种分配器怎么选？为什么""默认一定返回 HARDWARE""是错的？"	保留原题证据标注	09-app-practice/08-渲染实战-图像显示与页面.md#Q4	executor	migrated
09-app-practice/08-渲染实战-图像显示与页面.md	Q5	"Hardware Bitmap 是""由 GPU 直接解码""吗？它的成本结构是什么，对它调用 `getPixel()` 会发生什么？"	todo		161fad323b453701	"Hardware Bitmap 是""由 GPU 直接解码""吗？它的成本结构是什么，对它调用 `getPixel()` 会发生什么？"	keep	16-app-practice/10-rendering-image-pages.md	Q5	"Hardware Bitmap 是""由 GPU 直接解码""吗？它的成本结构是什么，对它调用 `getPixel()` 会发生什么？"	保留原题证据标注	09-app-practice/08-渲染实战-图像显示与页面.md#Q5	executor	migrated
09-app-practice/08-渲染实战-图像显示与页面.md	Q6	长图、地图类需求为什么必须走 BitmapRegionDecoder 分块，而不是解码整图后裁切？AAOS13 上它的格式与并发边界是什么？	todo		1ab13a27ee809ff2	长图、地图类需求为什么必须走 BitmapRegionDecoder 分块，而不是解码整图后裁切？AAOS13 上它的格式与并发边界是什么？	keep	16-app-practice/10-rendering-image-pages.md	Q6	长图、地图类需求为什么必须走 BitmapRegionDecoder 分块，而不是解码整图后裁切？AAOS13 上它的格式与并发边界是什么？	保留原题证据标注	09-app-practice/08-渲染实战-图像显示与页面.md#Q6	executor	migrated
09-app-practice/08-渲染实战-图像显示与页面.md	Q7	Choreographer.FrameCallback、JankStats、FrameMetrics、SurfaceControl.JankData 四类监控入口各自覆盖渲染路径的哪一段？为什么 `queueBuffer()` 返回不能证明该帧已显示？	todo		59e49986c480d4dd	Choreographer.FrameCallback、JankStats、FrameMetrics、SurfaceControl.JankData 四类监控入口各自覆盖渲染路径的哪一段？为什么 `queueBuffer()` 返回不能证明该帧已显示？	keep	16-app-practice/10-rendering-image-pages.md	Q7	Choreographer.FrameCallback、JankStats、FrameMetrics、SurfaceControl.JankData 四类监控入口各自覆盖渲染路径的哪一段？为什么 `queueBuffer()` 返回不能证明该帧已显示？	保留原题证据标注	09-app-practice/08-渲染实战-图像显示与页面.md#Q7	executor	migrated
09-app-practice/08-渲染实战-图像显示与页面.md	Q8	"JankStats 的 `isJank`、API 31+ 的 `frameOverrunNanos` 与""冻结帧""为什么是三套不能合并的口径？服务端要分开保存哪些指标？"	todo		8e7406d638d18890	"JankStats 的 `isJank`、API 31+ 的 `frameOverrunNanos` 与""冻结帧""为什么是三套不能合并的口径？服务端要分开保存哪些指标？"	keep	16-app-practice/10-rendering-image-pages.md	Q8	"JankStats 的 `isJank`、API 31+ 的 `frameOverrunNanos` 与""冻结帧""为什么是三套不能合并的口径？服务端要分开保存哪些指标？"	保留原题证据标注	09-app-practice/08-渲染实战-图像显示与页面.md#Q8	executor	migrated
09-app-practice/08-渲染实战-图像显示与页面.md	Q9	在 Android 13 上 FrameMetrics 有哪些字段可用、哪些没有？`getMetric()` 读到不支持的指标返回什么，为什么各阶段时长不能相加去解释 `TOTAL_DURATION`？	todo		01e0bdbe97fb0077	在 Android 13 上 FrameMetrics 有哪些字段可用、哪些没有？`getMetric()` 读到不支持的指标返回什么，为什么各阶段时长不能相加去解释 `TOTAL_DURATION`？	keep	16-app-practice/10-rendering-image-pages.md	Q9	在 Android 13 上 FrameMetrics 有哪些字段可用、哪些没有？`getMetric()` 读到不支持的指标返回什么，为什么各阶段时长不能相加去解释 `TOTAL_DURATION`？	保留原题证据标注	09-app-practice/08-渲染实战-图像显示与页面.md#Q9	executor	migrated
09-app-practice/08-渲染实战-图像显示与页面.md	Q10	Android 13 能用 `Choreographer.VsyncCallback` 拿到帧时间线吗？Android 17 材料描述的 buffer-stuffing recovery 在 Android 13 上存在吗？	todo		5332d03b208f0414	Android 13 能用 `Choreographer.VsyncCallback` 拿到帧时间线吗？Android 17 材料描述的 buffer-stuffing recovery 在 Android 13 上存在吗？	keep	16-app-practice/10-rendering-image-pages.md	Q10	Android 13 能用 `Choreographer.VsyncCallback` 拿到帧时间线吗？Android 17 材料描述的 buffer-stuffing recovery 在 Android 13 上存在吗？	保留原题证据标注	09-app-practice/08-渲染实战-图像显示与页面.md#Q10	executor	migrated
09-app-practice/08-渲染实战-图像显示与页面.md	Q11	"`FragmentTransaction.commit()` 返回后页面为什么常常还没开始创建 View？为什么 Fragment 切换卡顿经常""不在 doFrame 里""？"	todo		d780d38af07b929c	"`FragmentTransaction.commit()` 返回后页面为什么常常还没开始创建 View？为什么 Fragment 切换卡顿经常""不在 doFrame 里""？"	keep	16-app-practice/10-rendering-image-pages.md	Q11	"`FragmentTransaction.commit()` 返回后页面为什么常常还没开始创建 View？为什么 Fragment 切换卡顿经常""不在 doFrame 里""？"	保留原题证据标注	09-app-practice/08-渲染实战-图像显示与页面.md#Q11	executor	migrated
09-app-practice/08-渲染实战-图像显示与页面.md	Q12	`setReorderingAllowed(true)` 为什么被官方建议用于每个事务？它开启后哪些可观察行为会变？	todo		4537c6ef024f7da8	`setReorderingAllowed(true)` 为什么被官方建议用于每个事务？它开启后哪些可观察行为会变？	keep	16-app-practice/10-rendering-image-pages.md	Q12	`setReorderingAllowed(true)` 为什么被官方建议用于每个事务？它开启后哪些可观察行为会变？	保留原题证据标注	09-app-practice/08-渲染实战-图像显示与页面.md#Q12	executor	migrated
09-app-practice/08-渲染实战-图像显示与页面.md	Q13	Predictive Back 的开始、进度、取消、完成四类回调各该做什么？Android 13 设备上进度回调能拿到连续手势进度吗？	todo		7502076ee5af8dd7	Predictive Back 的开始、进度、取消、完成四类回调各该做什么？Android 13 设备上进度回调能拿到连续手势进度吗？	keep	16-app-practice/10-rendering-image-pages.md	Q13	Predictive Back 的开始、进度、取消、完成四类回调各该做什么？Android 13 设备上进度回调能拿到连续手势进度吗？	保留原题证据标注	09-app-practice/08-渲染实战-图像显示与页面.md#Q13	executor	migrated
09-app-practice/08-渲染实战-图像显示与页面.md	Q14	Fragment 的返回动画要按手势进度控制需要什么版本组合？为什么旧的 `Animation` 走不了这条路？	todo		7440b2fc23694878	Fragment 的返回动画要按手势进度控制需要什么版本组合？为什么旧的 `Animation` 走不了这条路？	keep	16-app-practice/10-rendering-image-pages.md	Q14	Fragment 的返回动画要按手势进度控制需要什么版本组合？为什么旧的 `Animation` 走不了这条路？	保留原题证据标注	09-app-practice/08-渲染实战-图像显示与页面.md#Q14	executor	migrated
09-app-practice/08-渲染实战-图像显示与页面.md	Q15	Navigation Compose 转场期间为什么离开页与进入页会同时参与组合与绘制？转场中 entry 的生命周期上限由什么决定？	todo		490ad4d64f0d590f	Navigation Compose 转场期间为什么离开页与进入页会同时参与组合与绘制？转场中 entry 的生命周期上限由什么决定？	keep	16-app-practice/10-rendering-image-pages.md	Q15	Navigation Compose 转场期间为什么离开页与进入页会同时参与组合与绘制？转场中 entry 的生命周期上限由什么决定？	保留原题证据标注	09-app-practice/08-渲染实战-图像显示与页面.md#Q15	executor	migrated
09-app-practice/08-渲染实战-图像显示与页面.md	Q16	"窗口尺寸类别的断点是多少？为什么不能按""平板/手机""或启动时记录的宽度决定布局？跨断点之内拖动窗口为什么仍持续产生布局成本？"	todo		35d4b9a86cd64890	"窗口尺寸类别的断点是多少？为什么不能按""平板/手机""或启动时记录的宽度决定布局？跨断点之内拖动窗口为什么仍持续产生布局成本？"	keep	16-app-practice/10-rendering-image-pages.md	Q16	"窗口尺寸类别的断点是多少？为什么不能按""平板/手机""或启动时记录的宽度决定布局？跨断点之内拖动窗口为什么仍持续产生布局成本？"	保留原题证据标注	09-app-practice/08-渲染实战-图像显示与页面.md#Q16	executor	migrated
09-app-practice/08-渲染实战-图像显示与页面.md	Q17	自适应布局为什么要把尺寸决策集中在页面入口、`BoxWithConstraints` 只用于组件级？窗格切换时怎么保住用户状态？	todo		e1e5eca47e32f9d3	自适应布局为什么要把尺寸决策集中在页面入口、`BoxWithConstraints` 只用于组件级？窗格切换时怎么保住用户状态？	keep	16-app-practice/10-rendering-image-pages.md	Q17	自适应布局为什么要把尺寸决策集中在页面入口、`BoxWithConstraints` 只用于组件级？窗格切换时怎么保住用户状态？	保留原题证据标注	09-app-practice/08-渲染实战-图像显示与页面.md#Q17	executor	migrated
09-app-practice/08-渲染实战-图像显示与页面.md	Q18	"调整窗口大小时""窗口几何、应用 buffer、显示呈现""为什么是三个时间点？`queueBuffer()` 按时返回能证明新尺寸画面已显示吗？"	todo		f9009ccf48a155ac	"调整窗口大小时""窗口几何、应用 buffer、显示呈现""为什么是三个时间点？`queueBuffer()` 按时返回能证明新尺寸画面已显示吗？"	keep	16-app-practice/10-rendering-image-pages.md	Q18	"调整窗口大小时""窗口几何、应用 buffer、显示呈现""为什么是三个时间点？`queueBuffer()` 按时返回能证明新尺寸画面已显示吗？"	保留原题证据标注	09-app-practice/08-渲染实战-图像显示与页面.md#Q18	executor	migrated
09-app-practice/08-渲染实战-图像显示与页面.md	Q19	Android 16/17 忽略固定方向限制的行为变化是什么？这条结论在 Android 13 设备上适用吗？	todo		8019cad650a8c5a2	Android 16/17 忽略固定方向限制的行为变化是什么？这条结论在 Android 13 设备上适用吗？	keep	16-app-practice/10-rendering-image-pages.md	Q19	Android 16/17 忽略固定方向限制的行为变化是什么？这条结论在 Android 13 设备上适用吗？	保留原题证据标注	09-app-practice/08-渲染实战-图像显示与页面.md#Q19	executor	migrated
09-app-practice/08-渲染实战-图像显示与页面.md	Q20	内容帧率、应用渲染速率与显示刷新率三个量有什么区别？ARR 能修复应用掉帧吗？	todo		acff04d6adb3084e	内容帧率、应用渲染速率与显示刷新率三个量有什么区别？ARR 能修复应用掉帧吗？	keep	16-app-practice/10-rendering-image-pages.md	Q20	内容帧率、应用渲染速率与显示刷新率三个量有什么区别？ARR 能修复应用掉帧吗？	保留原题证据标注	09-app-practice/08-渲染实战-图像显示与页面.md#Q20	executor	migrated
09-app-practice/08-渲染实战-图像显示与页面.md	Q21	"应用表达帧率偏好的各 API 分别在哪个版本可用？""能力查询不可用""意味着设备不支持吗？"	todo		c531f7884d45f944	"应用表达帧率偏好的各 API 分别在哪个版本可用？""能力查询不可用""意味着设备不支持吗？"	keep	16-app-practice/10-rendering-image-pages.md	Q21	"应用表达帧率偏好的各 API 分别在哪个版本可用？""能力查询不可用""意味着设备不支持吗？"	保留原题证据标注	09-app-practice/08-渲染实战-图像显示与页面.md#Q21	executor	migrated
09-app-practice/08-渲染实战-图像显示与页面.md	Q22	"View 的帧率""投票""是怎样汇总的？为什么不该给根 View 长期请求 HIGH，触摸升帧又为什么默认保留？"	todo		f4d484f3e2d3824b	"View 的帧率""投票""是怎样汇总的？为什么不该给根 View 长期请求 HIGH，触摸升帧又为什么默认保留？"	keep	16-app-practice/10-rendering-image-pages.md	Q22	"View 的帧率""投票""是怎样汇总的？为什么不该给根 View 长期请求 HIGH，触摸升帧又为什么默认保留？"	保留原题证据标注	09-app-practice/08-渲染实战-图像显示与页面.md#Q22	executor	migrated
09-app-practice/08-渲染实战-图像显示与页面.md	Q23	Android 17 材料描述的 SurfaceFlinger 帧率选择链在 Android 13 上是什么形态？`setFrameRate()` 调用成功能证明屏幕切到了目标刷新率吗？	todo		2bd8fb87ae4978cf	Android 17 材料描述的 SurfaceFlinger 帧率选择链在 Android 13 上是什么形态？`setFrameRate()` 调用成功能证明屏幕切到了目标刷新率吗？	keep	16-app-practice/10-rendering-image-pages.md	Q23	Android 17 材料描述的 SurfaceFlinger 帧率选择链在 Android 13 上是什么形态？`setFrameRate()` 调用成功能证明屏幕切到了目标刷新率吗？	保留原题证据标注	09-app-practice/08-渲染实战-图像显示与页面.md#Q23	executor	migrated
09-app-practice/08-渲染实战-图像显示与页面.md	Q24	CameraX `PreviewView` 与 Media3 `PlayerView` 默认选哪种 Surface 承载？什么条件会切到 TextureView，切换后要重新验证什么？	todo		6f97c9cbcd8d9a33	CameraX `PreviewView` 与 Media3 `PlayerView` 默认选哪种 Surface 承载？什么条件会切到 TextureView，切换后要重新验证什么？	keep	16-app-practice/10-rendering-image-pages.md	Q24	CameraX `PreviewView` 与 Media3 `PlayerView` 默认选哪种 Surface 承载？什么条件会切到 TextureView，切换后要重新验证什么？	保留原题证据标注	09-app-practice/08-渲染实战-图像显示与页面.md#Q24	executor	migrated
09-app-practice/08-渲染实战-图像显示与页面.md	Q25	SurfaceView 黑屏时按什么顺序逐项排查？`setSecure(true)` 能当黑屏修复手段吗？	todo		26ba74dba35a7580	SurfaceView 黑屏时按什么顺序逐项排查？`setSecure(true)` 能当黑屏修复手段吗？	keep	16-app-practice/10-rendering-image-pages.md	Q25	SurfaceView 黑屏时按什么顺序逐项排查？`setSecure(true)` 能当黑屏修复手段吗？	保留原题证据标注	09-app-practice/08-渲染实战-图像显示与页面.md#Q25	executor	migrated
09-app-practice/08-渲染实战-图像显示与页面.md	Q26	在 Compose 的 `AndroidView` 里包装 SurfaceView 或播放器时，哪些写法会导致重复切换 Surface 或资源泄漏？为什么重组不会自动重建 Surface？	todo		e23a0872869c452d	在 Compose 的 `AndroidView` 里包装 SurfaceView 或播放器时，哪些写法会导致重复切换 Surface 或资源泄漏？为什么重组不会自动重建 Surface？	keep	16-app-practice/10-rendering-image-pages.md	Q26	在 Compose 的 `AndroidView` 里包装 SurfaceView 或播放器时，哪些写法会导致重复切换 Surface 或资源泄漏？为什么重组不会自动重建 Surface？	保留原题证据标注	09-app-practice/08-渲染实战-图像显示与页面.md#Q26	executor	migrated
09-app-practice/09-渲染实战-媒体与混合栈.md	Q1	Vulkan 应用首次绘制某个状态组合时卡顿，为什么增加图形队列和观察 `FrameMetrics.GPU_DURATION` 都无法解释或缓解它？	todo		8fe9410111e47d59	Vulkan 应用首次绘制某个状态组合时卡顿，为什么增加图形队列和观察 `FrameMetrics.GPU_DURATION` 都无法解释或缓解它？	keep	16-app-practice/11-rendering-media-hybrid.md	Q1	Vulkan 应用首次绘制某个状态组合时卡顿，为什么增加图形队列和观察 `FrameMetrics.GPU_DURATION` 都无法解释或缓解它？	保留原题证据标注	09-app-practice/09-渲染实战-媒体与混合栈.md#Q1	executor	migrated
09-app-practice/09-渲染实战-媒体与混合栈.md	Q2	"标准 View/Compose 应用想降低""某效果第一次出现""的管线成本，哪些手段有效？为什么""冷启动绘制一个不可见的 1×1 View""和""加入 Baseline Profile""都不算 GPU 管线预热？"	todo		36e4f1742a88629f	"标准 View/Compose 应用想降低""某效果第一次出现""的管线成本，哪些手段有效？为什么""冷启动绘制一个不可见的 1×1 View""和""加入 Baseline Profile""都不算 GPU 管线预热？"	keep	16-app-practice/11-rendering-media-hybrid.md	Q2	"标准 View/Compose 应用想降低""某效果第一次出现""的管线成本，哪些手段有效？为什么""冷启动绘制一个不可见的 1×1 View""和""加入 Baseline Profile""都不算 GPU 管线预热？"	保留原题证据标注	09-app-practice/09-渲染实战-媒体与混合栈.md#Q2	executor	migrated
09-app-practice/09-渲染实战-媒体与混合栈.md	Q3	"原生 Vulkan 引擎要求渲染线程永不现场编译管线，应怎样用管线创建缓存控制做""仅缓存查询""？返回 `VK_PIPELINE_COMPILE_REQUIRED` 之后到管线可用之前，任务调度与降级要满足什么条件？"	todo		67553062ac4ca9c9	"原生 Vulkan 引擎要求渲染线程永不现场编译管线，应怎样用管线创建缓存控制做""仅缓存查询""？返回 `VK_PIPELINE_COMPILE_REQUIRED` 之后到管线可用之前，任务调度与降级要满足什么条件？"	keep	16-app-practice/11-rendering-media-hybrid.md	Q3	"原生 Vulkan 引擎要求渲染线程永不现场编译管线，应怎样用管线创建缓存控制做""仅缓存查询""？返回 `VK_PIPELINE_COMPILE_REQUIRED` 之后到管线可用之前，任务调度与降级要满足什么条件？"	保留原题证据标注	09-app-practice/09-渲染实战-媒体与混合栈.md#Q3	executor	migrated
09-app-practice/09-渲染实战-媒体与混合栈.md	Q4	把 `vkGetPipelineCacheData()` 的结果存成文件、下次启动灌回 `pInitialData`：缓存文件该用什么身份校验和命名？哪些保存与失效做法会让缓存白白失效或把损坏数据反复交给驱动？	todo		2b785f4f52ea9a4f	把 `vkGetPipelineCacheData()` 的结果存成文件、下次启动灌回 `pInitialData`：缓存文件该用什么身份校验和命名？哪些保存与失效做法会让缓存白白失效或把损坏数据反复交给驱动？	keep	16-app-practice/11-rendering-media-hybrid.md	Q4	把 `vkGetPipelineCacheData()` 的结果存成文件、下次启动灌回 `pInitialData`：缓存文件该用什么身份校验和命名？哪些保存与失效做法会让缓存白白失效或把损坏数据反复交给驱动？	保留原题证据标注	09-app-practice/09-渲染实战-媒体与混合栈.md#Q4	executor	migrated
09-app-practice/09-渲染实战-媒体与混合栈.md	Q5	Flutter 的着色器已在构建期由 impellerc 编译打包，为什么设备上首次使用某个合成状态仍可能出现 Raster 尖峰？`FragmentProgram.fromAsset()` 的 await 和框架的 `ShaderWarmUp` 能当管线预热用吗？	todo		34833913478fe83a	Flutter 的着色器已在构建期由 impellerc 编译打包，为什么设备上首次使用某个合成状态仍可能出现 Raster 尖峰？`FragmentProgram.fromAsset()` 的 await 和框架的 `ShaderWarmUp` 能当管线预热用吗？	keep	16-app-practice/11-rendering-media-hybrid.md	Q5	Flutter 的着色器已在构建期由 impellerc 编译打包，为什么设备上首次使用某个合成状态仍可能出现 Raster 尖峰？`FragmentProgram.fromAsset()` 的 await 和框架的 `ShaderWarmUp` 能当管线预热用吗？	保留原题证据标注	09-app-practice/09-渲染实战-媒体与混合栈.md#Q5	executor	migrated
09-app-practice/09-渲染实战-媒体与混合栈.md	Q6	"H5 页面里 `onPageFinished()` 已经回调，为什么仍不能把这一刻当成""首屏可用""？`onPageCommitVisible()`、`postVisualStateCallback()` 与页面自报的可用信号各适合回答什么问题？"	todo		0496b8fed78bf004	"H5 页面里 `onPageFinished()` 已经回调，为什么仍不能把这一刻当成""首屏可用""？`onPageCommitVisible()`、`postVisualStateCallback()` 与页面自报的可用信号各适合回答什么问题？"	keep	16-app-practice/11-rendering-media-hybrid.md	Q6	"H5 页面里 `onPageFinished()` 已经回调，为什么仍不能把这一刻当成""首屏可用""？`onPageCommitVisible()`、`postVisualStateCallback()` 与页面自报的可用信号各适合回答什么问题？"	保留原题证据标注	09-app-practice/09-渲染实战-媒体与混合栈.md#Q6	executor	migrated
09-app-practice/09-渲染实战-媒体与混合栈.md	Q7	用 `WebViewCompat.startUpWebView()` 做异步启动初始化后，为什么回调到达前访问 WebView API 仍可能阻塞 UI 线程？两段式配置与多进程的数据目录后缀要注意什么顺序？	todo		51bcf70cb1d9d5a9	用 `WebViewCompat.startUpWebView()` 做异步启动初始化后，为什么回调到达前访问 WebView API 仍可能阻塞 UI 线程？两段式配置与多进程的数据目录后缀要注意什么顺序？	keep	16-app-practice/11-rendering-media-hybrid.md	Q7	用 `WebViewCompat.startUpWebView()` 做异步启动初始化后，为什么回调到达前访问 WebView API 仍可能阻塞 UI 线程？两段式配置与多进程的数据目录后缀要注意什么顺序？	保留原题证据标注	09-app-practice/09-渲染实战-媒体与混合栈.md#Q7	executor	migrated
09-app-practice/09-渲染实战-媒体与混合栈.md	Q8	"预创建一个空白 WebView 与维护""用完归还""的 WebView 池，各自需要什么所有权与状态边界？`clearCache(true)` 与 `clearHistory()` 为什么不能当作""把页面清干净""？"	todo		434a6aa2d7336eda	"预创建一个空白 WebView 与维护""用完归还""的 WebView 池，各自需要什么所有权与状态边界？`clearCache(true)` 与 `clearHistory()` 为什么不能当作""把页面清干净""？"	keep	16-app-practice/11-rendering-media-hybrid.md	Q8	"预创建一个空白 WebView 与维护""用完归还""的 WebView 池，各自需要什么所有权与状态边界？`clearCache(true)` 与 `clearHistory()` 为什么不能当作""把页面清干净""？"	保留原题证据标注	09-app-practice/09-渲染实战-媒体与混合栈.md#Q8	executor	migrated
09-app-practice/09-渲染实战-媒体与混合栈.md	Q9	`addJavascriptInterface()` 注入对象的方法在哪个线程执行？页面包含第三方 iframe 时为什么校验当前 URL 不足以保护 Bridge？`evaluateJavascript()` 为什么不能用 `CountDownLatch` 改成同步等待？	todo		ab732551104a27d7	`addJavascriptInterface()` 注入对象的方法在哪个线程执行？页面包含第三方 iframe 时为什么校验当前 URL 不足以保护 Bridge？`evaluateJavascript()` 为什么不能用 `CountDownLatch` 改成同步等待？	keep	16-app-practice/11-rendering-media-hybrid.md	Q9	`addJavascriptInterface()` 注入对象的方法在哪个线程执行？页面包含第三方 iframe 时为什么校验当前 URL 不足以保护 Bridge？`evaluateJavascript()` 为什么不能用 `CountDownLatch` 改成同步等待？	保留原题证据标注	09-app-practice/09-渲染实战-媒体与混合栈.md#Q9	executor	migrated
09-app-practice/09-渲染实战-媒体与混合栈.md	Q10	"在 `shouldInterceptRequest()` 里接离线包：哪些边界会让实现""看起来没生效""或把加速变成安全问题？provider 的预取（prefetch）与离线拦截同时开启时，主 HTML 应该归谁管？"	todo		5f50c022b2ebf37b	"在 `shouldInterceptRequest()` 里接离线包：哪些边界会让实现""看起来没生效""或把加速变成安全问题？provider 的预取（prefetch）与离线拦截同时开启时，主 HTML 应该归谁管？"	keep	16-app-practice/11-rendering-media-hybrid.md	Q10	"在 `shouldInterceptRequest()` 里接离线包：哪些边界会让实现""看起来没生效""或把加速变成安全问题？provider 的预取（prefetch）与离线拦截同时开启时，主 HTML 应该归谁管？"	保留原题证据标注	09-app-practice/09-渲染实战-媒体与混合栈.md#Q10	executor	migrated
09-app-practice/09-渲染实战-媒体与混合栈.md	Q11	"Media3 播放诊断里同时出现 `AsynchronousMediaCodecAdapter`、MediaCodec 异步模式、BufferQueue asyncMode 和 EGL swap interval——这四个""异步""分别在哪一层控制什么？把强制同步/异步 adapter 当常规优化合适吗？"	todo		98ec4bfea4fa8abe	"Media3 播放诊断里同时出现 `AsynchronousMediaCodecAdapter`、MediaCodec 异步模式、BufferQueue asyncMode 和 EGL swap interval——这四个""异步""分别在哪一层控制什么？把强制同步/异步 adapter 当常规优化合适吗？"	keep	16-app-practice/11-rendering-media-hybrid.md	Q11	"Media3 播放诊断里同时出现 `AsynchronousMediaCodecAdapter`、MediaCodec 异步模式、BufferQueue asyncMode 和 EGL swap interval——这四个""异步""分别在哪一层控制什么？把强制同步/异步 adapter 当常规优化合适吗？"	保留原题证据标注	09-app-practice/09-渲染实战-媒体与混合栈.md#Q11	executor	migrated
09-app-practice/09-渲染实战-媒体与混合栈.md	Q12	"把 Media3 的 dropped 计数与 skipped 计数加总成一个""丢帧率""、再把 `onRenderedFirstFrame()` 当作""用户看到首帧""的时刻，这两种读法错在哪？joining 的 5 秒窗口为什么不是首帧超时？"	todo		21f72fbff8fd6d5b	"把 Media3 的 dropped 计数与 skipped 计数加总成一个""丢帧率""、再把 `onRenderedFirstFrame()` 当作""用户看到首帧""的时刻，这两种读法错在哪？joining 的 5 秒窗口为什么不是首帧超时？"	keep	16-app-practice/11-rendering-media-hybrid.md	Q12	"把 Media3 的 dropped 计数与 skipped 计数加总成一个""丢帧率""、再把 `onRenderedFirstFrame()` 当作""用户看到首帧""的时刻，这两种读法错在哪？joining 的 5 秒窗口为什么不是首帧超时？"	保留原题证据标注	09-app-practice/09-渲染实战-媒体与混合栈.md#Q12	executor	migrated
09-app-practice/09-渲染实战-媒体与混合栈.md	Q13	"`MediaFormat.KEY_ALLOW_FRAME_DROP` 控制的是哪一层的丢帧？为什么 Media3 只在启用视频效果且条件命中时才写 0，而""怕掉帧就设 0""不是通用建议？"	todo		acc745b185d1604e	"`MediaFormat.KEY_ALLOW_FRAME_DROP` 控制的是哪一层的丢帧？为什么 Media3 只在启用视频效果且条件命中时才写 0，而""怕掉帧就设 0""不是通用建议？"	keep	16-app-practice/11-rendering-media-hybrid.md	Q13	"`MediaFormat.KEY_ALLOW_FRAME_DROP` 控制的是哪一层的丢帧？为什么 Media3 只在启用视频效果且条件命中时才写 0，而""怕掉帧就设 0""不是通用建议？"	保留原题证据标注	09-app-practice/09-渲染实战-媒体与混合栈.md#Q13	executor	migrated
09-app-practice/09-渲染实战-媒体与混合栈.md	Q14	"PlayerView 默认 `surface_type` 是 `surface_view`：普通视频优先 SurfaceView 的理由是什么？什么需求才值得换 TextureView？""用 TextureView 才能加视频特效""为什么不成立？"	todo		51756b5e9e58aa12	"PlayerView 默认 `surface_type` 是 `surface_view`：普通视频优先 SurfaceView 的理由是什么？什么需求才值得换 TextureView？""用 TextureView 才能加视频特效""为什么不成立？"	keep	16-app-practice/11-rendering-media-hybrid.md	Q14	"PlayerView 默认 `surface_type` 是 `surface_view`：普通视频优先 SurfaceView 的理由是什么？什么需求才值得换 TextureView？""用 TextureView 才能加视频特效""为什么不成立？"	保留原题证据标注	09-app-practice/09-渲染实战-媒体与混合栈.md#Q14	executor	migrated
09-app-practice/09-渲染实战-媒体与混合栈.md	Q15	CameraX 里 Preview 单独能开的分辨率，加上 ImageCapture、ImageAnalysis 后绑定失败——为什么逐个用例调参解决不了？`SessionConfig` 与 `isSessionConfigSupported()` 各解决什么？	todo		c089207685e78a64	CameraX 里 Preview 单独能开的分辨率，加上 ImageCapture、ImageAnalysis 后绑定失败——为什么逐个用例调参解决不了？`SessionConfig` 与 `isSessionConfigSupported()` 各解决什么？	keep	16-app-practice/11-rendering-media-hybrid.md	Q15	CameraX 里 Preview 单独能开的分辨率，加上 ImageCapture、ImageAnalysis 后绑定失败——为什么逐个用例调参解决不了？`SessionConfig` 与 `isSessionConfigSupported()` 各解决什么？	保留原题证据标注	09-app-practice/09-渲染实战-媒体与混合栈.md#Q15	executor	migrated
09-app-practice/09-渲染实战-媒体与混合栈.md	Q16	ImageAnalysis 用默认的 `STRATEGY_KEEP_ONLY_LATEST` 时，Builder 里配置的队列深度为什么被忽略？什么时候才值得换 `STRATEGY_BLOCK_PRODUCER`？Analyzer 里漏调 `imageProxy.close()` 的后果会扩散到哪里？	todo		1d756649f98dc35d	ImageAnalysis 用默认的 `STRATEGY_KEEP_ONLY_LATEST` 时，Builder 里配置的队列深度为什么被忽略？什么时候才值得换 `STRATEGY_BLOCK_PRODUCER`？Analyzer 里漏调 `imageProxy.close()` 的后果会扩散到哪里？	keep	16-app-practice/11-rendering-media-hybrid.md	Q16	ImageAnalysis 用默认的 `STRATEGY_KEEP_ONLY_LATEST` 时，Builder 里配置的队列深度为什么被忽略？什么时候才值得换 `STRATEGY_BLOCK_PRODUCER`？Analyzer 里漏调 `imageProxy.close()` 的后果会扩散到哪里？	保留原题证据标注	09-app-practice/09-渲染实战-媒体与混合栈.md#Q16	executor	migrated
09-app-practice/09-渲染实战-媒体与混合栈.md	Q17	"CameraX 1.6.1 里 `isZslSupported()` 返回 true 后，哪些条件仍会让一次拍照静默降级成普通拍照？""ZSL 缓存 3 帧""中的 3、9、1 三个数字分别约束什么？"	todo		5def4f9fa7b98213	"CameraX 1.6.1 里 `isZslSupported()` 返回 true 后，哪些条件仍会让一次拍照静默降级成普通拍照？""ZSL 缓存 3 帧""中的 3、9、1 三个数字分别约束什么？"	keep	16-app-practice/11-rendering-media-hybrid.md	Q17	"CameraX 1.6.1 里 `isZslSupported()` 返回 true 后，哪些条件仍会让一次拍照静默降级成普通拍照？""ZSL 缓存 3 帧""中的 3、9、1 三个数字分别约束什么？"	保留原题证据标注	09-app-practice/09-渲染实战-媒体与混合栈.md#Q17	executor	migrated
09-app-practice/09-渲染实战-媒体与混合栈.md	Q18	把 `PreviewView.ImplementationMode` 设为默认的 PERFORMANCE，能保证预览走 SurfaceView 吗？`getPreviewStreamState()` 报告 STREAMING 时画面已经可见了吗？	todo		0268fe4f0b8f0697	把 `PreviewView.ImplementationMode` 设为默认的 PERFORMANCE，能保证预览走 SurfaceView 吗？`getPreviewStreamState()` 报告 STREAMING 时画面已经可见了吗？	keep	16-app-practice/11-rendering-media-hybrid.md	Q18	把 `PreviewView.ImplementationMode` 设为默认的 PERFORMANCE，能保证预览走 SurfaceView 吗？`getPreviewStreamState()` 报告 STREAMING 时画面已经可见了吗？	保留原题证据标注	09-app-practice/09-渲染实战-媒体与混合栈.md#Q18	executor	migrated
09-app-practice/09-渲染实战-媒体与混合栈.md	Q19	AppWidget 的 `updateAppWidget()` 已经返回，桌面为什么可能还没变？RemoteViews 传给宿主的是一棵 View 树吗？宿主执行 `apply()` 还是 `reapply()` 由谁决定？	todo		6f923e0527d00273	AppWidget 的 `updateAppWidget()` 已经返回，桌面为什么可能还没变？RemoteViews 传给宿主的是一棵 View 树吗？宿主执行 `apply()` 还是 `reapply()` 由谁决定？	keep	16-app-practice/11-rendering-media-hybrid.md	Q19	AppWidget 的 `updateAppWidget()` 已经返回，桌面为什么可能还没变？RemoteViews 传给宿主的是一棵 View 树吗？宿主执行 `apply()` 还是 `reapply()` 由谁决定？	保留原题证据标注	09-app-practice/09-渲染实战-媒体与混合栈.md#Q19	executor	migrated
09-app-practice/09-渲染实战-媒体与混合栈.md	Q20	"`partiallyUpdateAppWidget()` 第一次调用没有生效、`notifyAppWidgetViewDataChanged()` 被标弃用——这两种""更新不动/不能用""的正确解法分别是什么？集合项的更新成本应该花在哪个方法里？"	todo		48390b68a12931d0	"`partiallyUpdateAppWidget()` 第一次调用没有生效、`notifyAppWidgetViewDataChanged()` 被标弃用——这两种""更新不动/不能用""的正确解法分别是什么？集合项的更新成本应该花在哪个方法里？"	keep	16-app-practice/11-rendering-media-hybrid.md	Q20	"`partiallyUpdateAppWidget()` 第一次调用没有生效、`notifyAppWidgetViewDataChanged()` 被标弃用——这两种""更新不动/不能用""的正确解法分别是什么？集合项的更新成本应该花在哪个方法里？"	保留原题证据标注	09-app-practice/09-渲染实战-媒体与混合栈.md#Q20	executor	migrated
09-app-practice/09-渲染实战-媒体与混合栈.md	Q21	把 `updatePeriodMillis` 配成 1 分钟、往 RemoteViews 里塞一张相机原图，分别会撞上什么系统约束？`content://` 和 `file://` 的图片 URI 为什么待遇不同？	todo		601b21f39991a093	把 `updatePeriodMillis` 配成 1 分钟、往 RemoteViews 里塞一张相机原图，分别会撞上什么系统约束？`content://` 和 `file://` 的图片 URI 为什么待遇不同？	keep	16-app-practice/11-rendering-media-hybrid.md	Q21	把 `updatePeriodMillis` 配成 1 分钟、往 RemoteViews 里塞一张相机原图，分别会撞上什么系统约束？`content://` 和 `file://` 的图片 URI 为什么待遇不同？	保留原题证据标注	09-app-practice/09-渲染实战-媒体与混合栈.md#Q21	executor	migrated
09-app-practice/09-渲染实战-媒体与混合栈.md	Q22	应用想接入系统取色：`ACTION_OPEN_EYE_DROPPER` 返回的 `EXTRA_COLOR` 是什么格式？secure 窗口区域的像素返回什么？接入要覆盖哪几条失败分支？Android 13 上有这个 API 吗？	todo		9ea3c43f1b67cb33	应用想接入系统取色：`ACTION_OPEN_EYE_DROPPER` 返回的 `EXTRA_COLOR` 是什么格式？secure 窗口区域的像素返回什么？接入要覆盖哪几条失败分支？Android 13 上有这个 API 吗？	keep	16-app-practice/11-rendering-media-hybrid.md	Q22	应用想接入系统取色：`ACTION_OPEN_EYE_DROPPER` 返回的 `EXTRA_COLOR` 是什么格式？secure 窗口区域的像素返回什么？接入要覆盖哪几条失败分支？Android 13 上有这个 API 吗？	保留原题证据标注	09-app-practice/09-渲染实战-媒体与混合栈.md#Q22	executor	migrated
09-app-practice/09-渲染实战-媒体与混合栈.md	Q23	调用方没有申请任何屏幕捕获权限，AOSP EyeDropper 内部却拿到了整屏截图——权限与隐私边界是怎样闭合的？它支持多显示器，等于支持把取色结果同步到另一台设备吗？	todo		6cbc6f7d126158fc	调用方没有申请任何屏幕捕获权限，AOSP EyeDropper 内部却拿到了整屏截图——权限与隐私边界是怎样闭合的？它支持多显示器，等于支持把取色结果同步到另一台设备吗？	keep	16-app-practice/11-rendering-media-hybrid.md	Q23	调用方没有申请任何屏幕捕获权限，AOSP EyeDropper 内部却拿到了整屏截图——权限与隐私边界是怎样闭合的？它支持多显示器，等于支持把取色结果同步到另一台设备吗？	保留原题证据标注	09-app-practice/09-渲染实战-媒体与混合栈.md#Q23	executor	migrated
09-app-practice/09-渲染实战-媒体与混合栈.md	Q24	"EyeDropper 返回的 `0xFFRRGGBB` 能当成""这块屏幕该位置的物理颜色""来用吗？为什么把同一个整数同步到另一台设备后颜色看起来仍可能不同？它与 PixelCopy、MediaProjection 的适用边界差在哪？"	todo		60183553a6bae97f	"EyeDropper 返回的 `0xFFRRGGBB` 能当成""这块屏幕该位置的物理颜色""来用吗？为什么把同一个整数同步到另一台设备后颜色看起来仍可能不同？它与 PixelCopy、MediaProjection 的适用边界差在哪？"	keep	16-app-practice/11-rendering-media-hybrid.md	Q24	"EyeDropper 返回的 `0xFFRRGGBB` 能当成""这块屏幕该位置的物理颜色""来用吗？为什么把同一个整数同步到另一台设备后颜色看起来仍可能不同？它与 PixelCopy、MediaProjection 的适用边界差在哪？"	保留原题证据标注	09-app-practice/09-渲染实战-媒体与混合栈.md#Q24	executor	migrated
09-app-practice/10-内存实践.md	Q1	只看 `Runtime.maxMemory()` 和一次堆曲线就判断 Java 堆健康，为什么不可靠？应该比较哪些信号？	todo		5ab84ee56d08eb61	只看 `Runtime.maxMemory()` 和一次堆曲线就判断 Java 堆健康，为什么不可靠？应该比较哪些信号？	keep	16-app-practice/12-memory-practice.md	Q1	只看 `Runtime.maxMemory()` 和一次堆曲线就判断 Java 堆健康，为什么不可靠？应该比较哪些信号？	保留原题证据标注	09-app-practice/10-内存实践.md#Q1	executor	migrated
09-app-practice/10-内存实践.md	Q2	`LruCache` 的 `sizeOf` 计量和 `trimToSize` 行为有哪些边界？Android 14 之后应响应哪些 `onTrimMemory` 等级？	todo		760b21a2873f4732	`LruCache` 的 `sizeOf` 计量和 `trimToSize` 行为有哪些边界？Android 14 之后应响应哪些 `onTrimMemory` 等级？	keep	16-app-practice/12-memory-practice.md	Q2	`LruCache` 的 `sizeOf` 计量和 `trimToSize` 行为有哪些边界？Android 14 之后应响应哪些 `onTrimMemory` 等级？	保留原题证据标注	09-app-practice/10-内存实践.md#Q2	executor	migrated
09-app-practice/10-内存实践.md	Q3	大 JSON 响应、一次性读大文件把堆峰值顶上去时，按什么顺序处理？`Sequence` 一定更省内存吗？	todo		8b2c56b4577e30c0	大 JSON 响应、一次性读大文件把堆峰值顶上去时，按什么顺序处理？`Sequence` 一定更省内存吗？	keep	16-app-practice/12-memory-practice.md	Q3	大 JSON 响应、一次性读大文件把堆峰值顶上去时，按什么顺序处理？`Sequence` 一定更省内存吗？	保留原题证据标注	09-app-practice/10-内存实践.md#Q3	executor	migrated
09-app-practice/10-内存实践.md	Q4	什么对象适合池化？为什么把短命小对象池化反而可能增加老年代压力？	todo		ab4f1c9529e8cd77	什么对象适合池化？为什么把短命小对象池化反而可能增加老年代压力？	keep	16-app-practice/12-memory-practice.md	Q4	什么对象适合池化？为什么把短命小对象池化反而可能增加老年代压力？	保留原题证据标注	09-app-practice/10-内存实践.md#Q4	executor	migrated
09-app-practice/10-内存实践.md	Q5	内存抖动在 Perfetto 和分配记录里长什么样？为什么一次堆转储定位不了抖动？	todo		839d85a502bf6603	内存抖动在 Perfetto 和分配记录里长什么样？为什么一次堆转储定位不了抖动？	keep	16-app-practice/12-memory-practice.md	Q5	内存抖动在 Perfetto 和分配记录里长什么样？为什么一次堆转储定位不了抖动？	保留原题证据标注	09-app-practice/10-内存实践.md#Q5	executor	migrated
09-app-practice/10-内存实践.md	Q6	Compose 页面退出后 Composition 仍存活、或重组阶段反复分配，分别怎么定位与处理？	todo		5edb2d031d760dd9	Compose 页面退出后 Composition 仍存活、或重组阶段反复分配，分别怎么定位与处理？	keep	16-app-practice/12-memory-practice.md	Q6	Compose 页面退出后 Composition 仍存活、或重组阶段反复分配，分别怎么定位与处理？	保留原题证据标注	09-app-practice/10-内存实践.md#Q6	executor	migrated
09-app-practice/10-内存实践.md	Q7	"页面销毁后 heap dump 里对象仍可达，能直接下""内存泄漏""结论吗？"	todo		e1d16e521fa5768c	"页面销毁后 heap dump 里对象仍可达，能直接下""内存泄漏""结论吗？"	keep	16-app-practice/12-memory-practice.md	Q7	"页面销毁后 heap dump 里对象仍可达，能直接下""内存泄漏""结论吗？"	保留原题证据标注	09-app-practice/10-内存实践.md#Q7	executor	migrated
09-app-practice/10-内存实践.md	Q8	监听器、回调和协程为什么必须在同一生命周期内注册与注销？	todo		44e96db26a2d34f6	监听器、回调和协程为什么必须在同一生命周期内注册与注销？	keep	16-app-practice/12-memory-practice.md	Q8	监听器、回调和协程为什么必须在同一生命周期内注册与注销？	保留原题证据标注	09-app-practice/10-内存实践.md#Q8	executor	migrated
09-app-practice/10-内存实践.md	Q9	Context 引用、JNI global reference 和带 `close()` 协议的资源分别怎么避免泄漏？	todo		cf7713515e11689d	Context 引用、JNI global reference 和带 `close()` 协议的资源分别怎么避免泄漏？	keep	16-app-practice/12-memory-practice.md	Q9	Context 引用、JNI global reference 和带 `close()` 协议的资源分别怎么避免泄漏？	保留原题证据标注	09-app-practice/10-内存实践.md#Q9	executor	migrated
09-app-practice/10-内存实践.md	Q10	用 heap dump 分析泄漏时 retained size、dominator 和 shortest path 怎么配合？修复点通常在哪里？	todo		a1abecbcf43b418f	用 heap dump 分析泄漏时 retained size、dominator 和 shortest path 怎么配合？修复点通常在哪里？	keep	16-app-practice/12-memory-practice.md	Q10	用 heap dump 分析泄漏时 retained size、dominator 和 shortest path 怎么配合？修复点通常在哪里？	保留原题证据标注	09-app-practice/10-内存实践.md#Q10	executor	migrated
09-app-practice/10-内存实践.md	Q11	"LeakCanary 的工作流程是什么？""Library Leak"" 和 leak signature 应该怎么对待？"	todo		4b8e2742ea1fd415	"LeakCanary 的工作流程是什么？""Library Leak"" 和 leak signature 应该怎么对待？"	keep	16-app-practice/12-memory-practice.md	Q11	"LeakCanary 的工作流程是什么？""Library Leak"" 和 leak signature 应该怎么对待？"	保留原题证据标注	09-app-practice/10-内存实践.md#Q11	executor	migrated
09-app-practice/10-内存实践.md	Q12	`dumpsys meminfo` 的 Native Heap 增长可能来自哪几类映射？AAOS13 按什么规则归类？	todo		9cb36f641bd3c935	`dumpsys meminfo` 的 Native Heap 增长可能来自哪几类映射？AAOS13 按什么规则归类？	keep	16-app-practice/12-memory-practice.md	Q12	`dumpsys meminfo` 的 Native Heap 增长可能来自哪几类映射？AAOS13 按什么规则归类？	保留原题证据标注	09-app-practice/10-内存实践.md#Q12	executor	migrated
09-app-practice/10-内存实践.md	Q13	"heapprofd 的启动机制和采样结果怎么解读？""采样间隔 4096""意味着每个分配都被记录吗？"	todo		bac159fead73f281	"heapprofd 的启动机制和采样结果怎么解读？""采样间隔 4096""意味着每个分配都被记录吗？"	keep	16-app-practice/12-memory-practice.md	Q13	"heapprofd 的启动机制和采样结果怎么解读？""采样间隔 4096""意味着每个分配都被记录吗？"	保留原题证据标注	09-app-practice/10-内存实践.md#Q13	executor	migrated
09-app-practice/10-内存实践.md	Q14	`.so` 库的内存要从哪三个维度拆开？各看什么指标、做什么动作？	todo		1d07b39206ecc292	`.so` 库的内存要从哪三个维度拆开？各看什么指标、做什么动作？	keep	16-app-practice/12-memory-practice.md	Q14	`.so` 库的内存要从哪三个维度拆开？各看什么指标、做什么动作？	保留原题证据标注	09-app-practice/10-内存实践.md#Q14	executor	migrated
09-app-practice/10-内存实践.md	Q15	`maps` 里的 `[anon:libwebview reservation]` 是什么？64 位进程为什么常见约 1 GiB 的 VSS 增量？	todo		21e9d80d607da9d1	`maps` 里的 `[anon:libwebview reservation]` 是什么？64 位进程为什么常见约 1 GiB 的 VSS 增量？	keep	16-app-practice/12-memory-practice.md	Q15	`maps` 里的 `[anon:libwebview reservation]` 是什么？64 位进程为什么常见约 1 GiB 的 VSS 增量？	保留原题证据标注	09-app-practice/10-内存实践.md#Q15	executor	migrated
09-app-practice/10-内存实践.md	Q16	"对 ART 的 `dalvik-*` 空间做 `munmap`、长期持有 JNI 临界区指针，这些""压内存""手段为什么不成立？"	todo		b8447064f27d637a	"对 ART 的 `dalvik-*` 空间做 `munmap`、长期持有 JNI 临界区指针，这些""压内存""手段为什么不成立？"	keep	16-app-practice/12-memory-practice.md	Q16	"对 ART 的 `dalvik-*` 空间做 `munmap`、长期持有 JNI 临界区指针，这些""压内存""手段为什么不成立？"	保留原题证据标注	09-app-practice/10-内存实践.md#Q16	executor	migrated
09-app-practice/10-内存实践.md	Q17	Bitmap 记账该用 `getByteCount` 还是 `getAllocationByteCount`？解码前怎么避免按原始尺寸分配像素？	todo		98a07ece35c65129	Bitmap 记账该用 `getByteCount` 还是 `getAllocationByteCount`？解码前怎么避免按原始尺寸分配像素？	keep	16-app-practice/12-memory-practice.md	Q17	Bitmap 记账该用 `getByteCount` 还是 `getAllocationByteCount`？解码前怎么避免按原始尺寸分配像素？	保留原题证据标注	09-app-practice/10-内存实践.md#Q17	executor	migrated
09-app-practice/10-内存实践.md	Q18	Android 8.0 之后 Bitmap 像素存在哪？原生堆上升时怎么区分 Bitmap 分配与 JNI 泄漏？	todo		abc253c0d9f114de	Android 8.0 之后 Bitmap 像素存在哪？原生堆上升时怎么区分 Bitmap 分配与 JNI 泄漏？	keep	16-app-practice/12-memory-practice.md	Q18	Android 8.0 之后 Bitmap 像素存在哪？原生堆上升时怎么区分 Bitmap 分配与 JNI 泄漏？	保留原题证据标注	09-app-practice/10-内存实践.md#Q18	executor	migrated
09-app-practice/10-内存实践.md	Q19	Hardware Bitmap 什么时候必须避开？判断依据是什么？	todo		6a290c9b8027859b	Hardware Bitmap 什么时候必须避开？判断依据是什么？	keep	16-app-practice/12-memory-practice.md	Q19	Hardware Bitmap 什么时候必须避开？判断依据是什么？	保留原题证据标注	09-app-practice/10-内存实践.md#Q19	executor	migrated
09-app-practice/10-内存实践.md	Q20	统一解码入口的大图监控应该记录什么？为什么验收要比较峰值而不是平均值？	todo		67232b420d002df7	统一解码入口的大图监控应该记录什么？为什么验收要比较峰值而不是平均值？	keep	16-app-practice/12-memory-practice.md	Q20	统一解码入口的大图监控应该记录什么？为什么验收要比较峰值而不是平均值？	保留原题证据标注	09-app-practice/10-内存实践.md#Q20	executor	migrated
09-app-practice/10-内存实践.md	Q21	把模块拆到独立进程能减少应用内存吗？为什么 RSS 不能相加？	todo		d75c0abbc8a910ea	把模块拆到独立进程能减少应用内存吗？为什么 RSS 不能相加？	keep	16-app-practice/12-memory-practice.md	Q21	把模块拆到独立进程能减少应用内存吗？为什么 RSS 不能相加？	保留原题证据标注	09-app-practice/10-内存实践.md#Q21	executor	migrated
09-app-practice/10-内存实践.md	Q22	`android:largeHeap` 的作用范围和设备档位是什么关系？开启前要确认什么？	todo		4e866e1e169cbda0	`android:largeHeap` 的作用范围和设备档位是什么关系？开启前要确认什么？	keep	16-app-practice/12-memory-practice.md	Q22	`android:largeHeap` 的作用范围和设备档位是什么关系？开启前要确认什么？	保留原题证据标注	09-app-practice/10-内存实践.md#Q22	executor	migrated
09-app-practice/10-内存实践.md	Q23	32 位应用迁移 64 位要检查什么？迁移能解决所有内存问题吗？	todo		3178af35993e4a5a	32 位应用迁移 64 位要检查什么？迁移能解决所有内存问题吗？	keep	16-app-practice/12-memory-practice.md	Q23	32 位应用迁移 64 位要检查什么？迁移能解决所有内存问题吗？	保留原题证据标注	09-app-practice/10-内存实践.md#Q23	executor	migrated
09-app-practice/10-内存实践.md	Q24	"端侧推理的内存为什么必须分阶段采样？一次""加载完成""的快照会漏掉什么？"	todo		f7d6f4ca50e5ead1	"端侧推理的内存为什么必须分阶段采样？一次""加载完成""的快照会漏掉什么？"	keep	16-app-practice/12-memory-practice.md	Q24	"端侧推理的内存为什么必须分阶段采样？一次""加载完成""的快照会漏掉什么？"	保留原题证据标注	09-app-practice/10-内存实践.md#Q24	executor	migrated
09-app-practice/10-内存实践.md	Q25	权重用只读 `mmap` 加载后 RSS 远小于文件大小，这说明什么？可以一直依赖吗？	todo		4abde9338e9e9a9e	权重用只读 `mmap` 加载后 RSS 远小于文件大小，这说明什么？可以一直依赖吗？	keep	16-app-practice/12-memory-practice.md	Q25	权重用只读 `mmap` 加载后 RSS 远小于文件大小，这说明什么？可以一直依赖吗？	保留原题证据标注	09-app-practice/10-内存实践.md#Q25	executor	migrated
09-app-practice/10-内存实践.md	Q26	"用 `availMem` 或""模型文件 × 1.5""判断设备能不能跑模型为什么不成立？应该用什么代替？"	todo		4fc16a5b2b5b65b2	"用 `availMem` 或""模型文件 × 1.5""判断设备能不能跑模型为什么不成立？应该用什么代替？"	keep	16-app-practice/12-memory-practice.md	Q26	"用 `availMem` 或""模型文件 × 1.5""判断设备能不能跑模型为什么不成立？应该用什么代替？"	保留原题证据标注	09-app-practice/10-内存实践.md#Q26	executor	migrated
09-app-practice/10-内存实践.md	Q27	"切换模型时""先加载新的再释放旧的""有什么代价？推理资源的正确释放顺序是什么？"	todo		4070256008fc7eae	"切换模型时""先加载新的再释放旧的""有什么代价？推理资源的正确释放顺序是什么？"	keep	16-app-practice/12-memory-practice.md	Q27	"切换模型时""先加载新的再释放旧的""有什么代价？推理资源的正确释放顺序是什么？"	保留原题证据标注	09-app-practice/10-内存实践.md#Q27	executor	migrated
09-app-practice/10-内存实践.md	Q28	推理各阶段采样应读哪些字段？`VmRSS` 与 `VmHWM` 能互相替代吗？	todo		26233459231a256f	推理各阶段采样应读哪些字段？`VmRSS` 与 `VmHWM` 能互相替代吗？	keep	16-app-practice/12-memory-practice.md	Q28	推理各阶段采样应读哪些字段？`VmRSS` 与 `VmHWM` 能互相替代吗？	保留原题证据标注	09-app-practice/10-内存实践.md#Q28	executor	migrated
09-app-practice/10-内存实践.md	Q29	线上内存监控的 PSS、RSS、Java Heap 与 native allocator 指标各能回答什么？`getProcessMemoryInfo()` 有什么限制？	todo		4cbddaa9630de903	线上内存监控的 PSS、RSS、Java Heap 与 native allocator 指标各能回答什么？`getProcessMemoryInfo()` 有什么限制？	keep	16-app-practice/12-memory-practice.md	Q29	线上内存监控的 PSS、RSS、Java Heap 与 native allocator 指标各能回答什么？`getProcessMemoryInfo()` 有什么限制？	保留原题证据标注	09-app-practice/10-内存实践.md#Q29	executor	migrated
09-app-practice/10-内存实践.md	Q30	线上内存告警为什么不能用跨设备固定百分比？告警要组合哪些信号才有排查价值？	todo		927cd40b0e86715c	线上内存告警为什么不能用跨设备固定百分比？告警要组合哪些信号才有排查价值？	keep	16-app-practice/12-memory-practice.md	Q30	线上内存告警为什么不能用跨设备固定百分比？告警要组合哪些信号才有排查价值？	保留原题证据标注	09-app-practice/10-内存实践.md#Q30	executor	migrated
09-app-practice/10-内存实践.md	Q31	Android 15/17 的 `ProfilingManager` 与 OOM/anomaly 触发器是什么？Android 13 应用能用吗？产物怎么治理？	todo		a8ab47565e2d0e54	Android 15/17 的 `ProfilingManager` 与 OOM/anomaly 触发器是什么？Android 13 应用能用吗？产物怎么治理？	keep	16-app-practice/12-memory-practice.md	Q31	Android 15/17 的 `ProfilingManager` 与 OOM/anomaly 触发器是什么？Android 13 应用能用吗？产物怎么治理？	保留原题证据标注	09-app-practice/10-内存实践.md#Q31	executor	migrated
09-app-practice/10-内存实践.md	Q32	"同样是""内存上涨""，弹窗泄漏、相机帧分配与图片解码三条曲线为什么结论完全不同？"	todo		3cfc016d950b4c4c	"同样是""内存上涨""，弹窗泄漏、相机帧分配与图片解码三条曲线为什么结论完全不同？"	keep	16-app-practice/12-memory-practice.md	Q32	"同样是""内存上涨""，弹窗泄漏、相机帧分配与图片解码三条曲线为什么结论完全不同？"	保留原题证据标注	09-app-practice/10-内存实践.md#Q32	executor	migrated
09-app-practice/11-IO与存储实践.md	Q1	StrictMode 在开发期检测主线程 I/O 的能力边界是什么？I/O 切到工作线程后就安全了吗？	todo		cd953ddc4a09b495	StrictMode 在开发期检测主线程 I/O 的能力边界是什么？I/O 切到工作线程后就安全了吗？	keep	16-app-practice/13-io-storage-practice.md	Q1	StrictMode 在开发期检测主线程 I/O 的能力边界是什么？I/O 切到工作线程后就安全了吗？	保留原题证据标注	09-app-practice/11-IO与存储实践.md#Q1	executor	migrated
09-app-practice/11-IO与存储实践.md	Q2	"MMKV 用 mmap 追加写，为什么""写入返回即已持久化、延迟稳定""不成立？"	todo		b32eb7db2196d012	"MMKV 用 mmap 追加写，为什么""写入返回即已持久化、延迟稳定""不成立？"	keep	16-app-practice/13-io-storage-practice.md	Q2	"MMKV 用 mmap 追加写，为什么""写入返回即已持久化、延迟稳定""不成立？"	保留原题证据标注	09-app-practice/11-IO与存储实践.md#Q2	executor	migrated
09-app-practice/11-IO与存储实践.md	Q3	`AtomicFile` 保护什么、不保护什么？多个写者并发写同一文件怎么办？	todo		72fc15725f21846d	`AtomicFile` 保护什么、不保护什么？多个写者并发写同一文件怎么办？	keep	16-app-practice/13-io-storage-practice.md	Q3	`AtomicFile` 保护什么、不保护什么？多个写者并发写同一文件怎么办？	保留原题证据标注	09-app-practice/11-IO与存储实践.md#Q3	executor	migrated
09-app-practice/11-IO与存储实践.md	Q4	`content://` URI 和文件路径的本质区别是什么？跨重启继续访问选中的文档要做什么？	todo		2696f92649d03075	`content://` URI 和文件路径的本质区别是什么？跨重启继续访问选中的文档要做什么？	keep	16-app-practice/13-io-storage-practice.md	Q4	`content://` URI 和文件路径的本质区别是什么？跨重启继续访问选中的文档要做什么？	保留原题证据标注	09-app-practice/11-IO与存储实践.md#Q4	executor	migrated
09-app-practice/11-IO与存储实践.md	Q5	`DocumentFile.listFiles()` 之后的属性读取为什么是 N+1？大目录应该怎么查？	todo		f40b0b6074084d2e	`DocumentFile.listFiles()` 之后的属性读取为什么是 N+1？大目录应该怎么查？	keep	16-app-practice/13-io-storage-practice.md	Q5	`DocumentFile.listFiles()` 之后的属性读取为什么是 N+1？大目录应该怎么查？	保留原题证据标注	09-app-practice/11-IO与存储实践.md#Q5	executor	migrated
09-app-practice/11-IO与存储实践.md	Q6	`ContentResolver` 打开大文件时 Binder 传了什么？管道描述符和普通文件描述符有什么行为差异？	todo		e1b09f1ddca9ddb3	`ContentResolver` 打开大文件时 Binder 传了什么？管道描述符和普通文件描述符有什么行为差异？	keep	16-app-practice/13-io-storage-practice.md	Q6	`ContentResolver` 打开大文件时 Binder 传了什么？管道描述符和普通文件描述符有什么行为差异？	保留原题证据标注	09-app-practice/11-IO与存储实践.md#Q6	executor	migrated
09-app-practice/11-IO与存储实践.md	Q7	WAL 给 SQLite 带来什么并发能力？`synchronous=NORMAL` 改变了什么持久性边界？	todo		809695a255f1296f	WAL 给 SQLite 带来什么并发能力？`synchronous=NORMAL` 改变了什么持久性边界？	keep	16-app-practice/13-io-storage-practice.md	Q7	WAL 给 SQLite 带来什么并发能力？`synchronous=NORMAL` 改变了什么持久性边界？	保留原题证据标注	09-app-practice/11-IO与存储实践.md#Q7	executor	migrated
09-app-practice/11-IO与存储实践.md	Q8	`-wal` 文件持续增长是什么原因？调小自动 checkpoint 阈值为什么没用？	todo		94f2845f98a1dfea	`-wal` 文件持续增长是什么原因？调小自动 checkpoint 阈值为什么没用？	keep	16-app-practice/13-io-storage-practice.md	Q8	`-wal` 文件持续增长是什么原因？调小自动 checkpoint 阈值为什么没用？	保留原题证据标注	09-app-practice/11-IO与存储实践.md#Q8	executor	migrated
09-app-practice/11-IO与存储实践.md	Q9	列表查询慢时 CursorWindow 扮演什么角色？单行过宽和 `TransactionTooLargeException` 是一回事吗？	todo		c9bf4915909f4a27	列表查询慢时 CursorWindow 扮演什么角色？单行过宽和 `TransactionTooLargeException` 是一回事吗？	keep	16-app-practice/13-io-storage-practice.md	Q9	列表查询慢时 CursorWindow 扮演什么角色？单行过宽和 `TransactionTooLargeException` 是一回事吗？	保留原题证据标注	09-app-practice/11-IO与存储实践.md#Q9	executor	migrated
09-app-practice/11-IO与存储实践.md	Q10	按会话过滤 + 按时间倒序的消息查询该建什么索引？`EXPLAIN QUERY PLAN` 出现 SCAN 一定错吗？	todo		91478d1771bc273e	按会话过滤 + 按时间倒序的消息查询该建什么索引？`EXPLAIN QUERY PLAN` 出现 SCAN 一定错吗？	keep	16-app-practice/13-io-storage-practice.md	Q10	按会话过滤 + 按时间倒序的消息查询该建什么索引？`EXPLAIN QUERY PLAN` 出现 SCAN 一定错吗？	保留原题证据标注	09-app-practice/11-IO与存储实践.md#Q10	executor	migrated
09-app-practice/11-IO与存储实践.md	Q11	Room 遇到大表迁移该怎么设计？`fallbackToDestructiveMigration` 什么时候能用？	todo		f2d731882f5de12a	Room 遇到大表迁移该怎么设计？`fallbackToDestructiveMigration` 什么时候能用？	keep	16-app-practice/13-io-storage-practice.md	Q11	Room 遇到大表迁移该怎么设计？`fallbackToDestructiveMigration` 什么时候能用？	保留原题证据标注	09-app-practice/11-IO与存储实践.md#Q11	executor	migrated
09-app-practice/11-IO与存储实践.md	Q12	新 Kotlin 模块选 JSON 库为什么先对齐语义再比速度？Gson 的问题出在哪？	todo		993595beffb6028e	新 Kotlin 模块选 JSON 库为什么先对齐语义再比速度？Gson 的问题出在哪？	keep	16-app-practice/13-io-storage-practice.md	Q12	新 Kotlin 模块选 JSON 库为什么先对齐语义再比速度？Gson 的问题出在哪？	保留原题证据标注	09-app-practice/11-IO与存储实践.md#Q12	executor	migrated
09-app-practice/11-IO与存储实践.md	Q13	OkHttp 什么时候自动解压 gzip？手动设置 `Accept-Encoding` 之后行为怎么变？	todo		b3c7b378eb5c0ddb	OkHttp 什么时候自动解压 gzip？手动设置 `Accept-Encoding` 之后行为怎么变？	keep	16-app-practice/13-io-storage-practice.md	Q13	OkHttp 什么时候自动解压 gzip？手动设置 `Accept-Encoding` 之后行为怎么变？	保留原题证据标注	09-app-practice/11-IO与存储实践.md#Q13	executor	migrated
09-app-practice/11-IO与存储实践.md	Q14	`no-cache`、`no-store`、`private`、`s-maxage` 分别控制什么？304 验证怎么工作？	todo		88b3a2a6adc0896c	`no-cache`、`no-store`、`private`、`s-maxage` 分别控制什么？304 验证怎么工作？	keep	16-app-practice/13-io-storage-practice.md	Q14	`no-cache`、`no-store`、`private`、`s-maxage` 分别控制什么？304 验证怎么工作？	保留原题证据标注	09-app-practice/11-IO与存储实践.md#Q14	executor	migrated
09-app-practice/11-IO与存储实践.md	Q15	内存缓存、磁盘缓存、HTTP 缓存与权威数据源各负责什么？`cacheDir` 为什么不能当权威数据源？	todo		ec16c99dca88fd2d	内存缓存、磁盘缓存、HTTP 缓存与权威数据源各负责什么？`cacheDir` 为什么不能当权威数据源？	keep	16-app-practice/13-io-storage-practice.md	Q15	内存缓存、磁盘缓存、HTTP 缓存与权威数据源各负责什么？`cacheDir` 为什么不能当权威数据源？	保留原题证据标注	09-app-practice/11-IO与存储实践.md#Q15	executor	migrated
09-app-practice/11-IO与存储实践.md	Q16	`cacheDir` 里的文件会被系统怎么清理？墓碑和分组行为是什么？	todo		d085898a24fb62f3	`cacheDir` 里的文件会被系统怎么清理？墓碑和分组行为是什么？	keep	16-app-practice/13-io-storage-practice.md	Q16	`cacheDir` 里的文件会被系统怎么清理？墓碑和分组行为是什么？	保留原题证据标注	09-app-practice/11-IO与存储实践.md#Q16	executor	migrated
09-app-practice/11-IO与存储实践.md	Q17	离线优先的写操作为什么同时需要幂等键和服务端版本？本地变更和 Outbox 为什么必须同事务？	todo		eca7a6e17c7ee59a	离线优先的写操作为什么同时需要幂等键和服务端版本？本地变更和 Outbox 为什么必须同事务？	keep	16-app-practice/13-io-storage-practice.md	Q17	离线优先的写操作为什么同时需要幂等键和服务端版本？本地变更和 Outbox 为什么必须同事务？	保留原题证据标注	09-app-practice/11-IO与存储实践.md#Q17	executor	migrated
09-app-practice/11-IO与存储实践.md	Q18	大图库列表为什么不能用不断增长的 OFFSET 翻页？应该用什么锚点？	todo		04b5e90bedba717f	大图库列表为什么不能用不断增长的 OFFSET 翻页？应该用什么锚点？	keep	16-app-practice/13-io-storage-practice.md	Q18	大图库列表为什么不能用不断增长的 OFFSET 翻页？应该用什么锚点？	保留原题证据标注	09-app-practice/11-IO与存储实践.md#Q18	executor	migrated
09-app-practice/11-IO与存储实践.md	Q19	MediaStore 的 version 与 generation 怎么配合做增量同步？删除记录怎么补偿？	todo		517be9bf0506cb28	MediaStore 的 version 与 generation 怎么配合做增量同步？删除记录怎么补偿？	keep	16-app-practice/13-io-storage-practice.md	Q19	MediaStore 的 version 与 generation 怎么配合做增量同步？删除记录怎么补偿？	保留原题证据标注	09-app-practice/11-IO与存储实践.md#Q19	executor	migrated
09-app-practice/11-IO与存储实践.md	Q20	向共享存储写媒体时 `IS_PENDING` 是干什么的？`DATA` 列为什么不能用于创建或移动？	todo		34c29939fa1b6de5	向共享存储写媒体时 `IS_PENDING` 是干什么的？`DATA` 列为什么不能用于创建或移动？	keep	16-app-practice/13-io-storage-practice.md	Q20	向共享存储写媒体时 `IS_PENDING` 是干什么的？`DATA` 列为什么不能用于创建或移动？	保留原题证据标注	09-app-practice/11-IO与存储实践.md#Q20	executor	migrated
09-app-practice/11-IO与存储实践.md	Q21	媒体网格的缩略图该怎么加载？缓存键要包含什么？	todo		52e97bd64ebef6db	媒体网格的缩略图该怎么加载？缓存键要包含什么？	keep	16-app-practice/13-io-storage-practice.md	Q21	媒体网格的缩略图该怎么加载？缓存键要包含什么？	保留原题证据标注	09-app-practice/11-IO与存储实践.md#Q21	executor	migrated
09-app-practice/11-IO与存储实践.md	Q22	Photo Picker 返回的 HDR 视频什么时候会被转成 SDR？应用怎么声明能力、怎么处理授权？	todo		dfba5d5abc78eec6	Photo Picker 返回的 HDR 视频什么时候会被转成 SDR？应用怎么声明能力、怎么处理授权？	keep	16-app-practice/13-io-storage-practice.md	Q22	Photo Picker 返回的 HDR 视频什么时候会被转成 SDR？应用怎么声明能力、怎么处理授权？	保留原题证据标注	09-app-practice/11-IO与存储实践.md#Q22	executor	migrated
09-app-practice/11-IO与存储实践.md	Q23	`NET_CAPABILITY_INTERNET`、`VALIDATED`、`NOT_METERED` 各证明什么？在 `onCapabilitiesChanged` 回调里重新查询有什么风险？	todo		b9a0804c24fa246c	`NET_CAPABILITY_INTERNET`、`VALIDATED`、`NOT_METERED` 各证明什么？在 `onCapabilitiesChanged` 回调里重新查询有什么风险？	keep	16-app-practice/13-io-storage-practice.md	Q23	`NET_CAPABILITY_INTERNET`、`VALIDATED`、`NOT_METERED` 各证明什么？在 `onCapabilitiesChanged` 回调里重新查询有什么风险？	保留原题证据标注	09-app-practice/11-IO与存储实践.md#Q23	executor	migrated
09-app-practice/11-IO与存储实践.md	Q24	OkHttp 怎么判断连接可复用？响应体不关闭会怎样？	todo		7271947cb9f84092	OkHttp 怎么判断连接可复用？响应体不关闭会怎样？	keep	16-app-practice/13-io-storage-practice.md	Q24	OkHttp 怎么判断连接可复用？响应体不关闭会怎样？	保留原题证据标注	09-app-practice/11-IO与存储实践.md#Q24	executor	migrated
09-app-practice/11-IO与存储实践.md	Q25	接入 HTTPDNS 后哪些安全检查不变？缓存键和回退策略怎么定？	todo		75740cf24ab8e6a6	接入 HTTPDNS 后哪些安全检查不变？缓存键和回退策略怎么定？	keep	16-app-practice/13-io-storage-practice.md	Q25	接入 HTTPDNS 后哪些安全检查不变？缓存键和回退策略怎么定？	保留原题证据标注	09-app-practice/11-IO与存储实践.md#Q25	executor	migrated
09-app-practice/11-IO与存储实践.md	Q26	弱网下统一延长超时、增加重试为什么不行？OkHttp 各超时参数覆盖哪一段？	todo		72d83285ac6980d7	弱网下统一延长超时、增加重试为什么不行？OkHttp 各超时参数覆盖哪一段？	keep	16-app-practice/13-io-storage-practice.md	Q26	弱网下统一延长超时、增加重试为什么不行？OkHttp 各超时参数覆盖哪一段？	保留原题证据标注	09-app-practice/11-IO与存储实践.md#Q26	executor	migrated
09-app-practice/11-IO与存储实践.md	Q27	OkHttp 的 `retryOnConnectionFailure` 和业务重试有什么区别？POST 失败后能直接重发吗？	todo		e0cc8277b2324e2b	OkHttp 的 `retryOnConnectionFailure` 和业务重试有什么区别？POST 失败后能直接重发吗？	keep	16-app-practice/13-io-storage-practice.md	Q27	OkHttp 的 `retryOnConnectionFailure` 和业务重试有什么区别？POST 失败后能直接重发吗？	保留原题证据标注	09-app-practice/11-IO与存储实践.md#Q27	executor	migrated
09-app-practice/11-IO与存储实践.md	Q28	HTTP/2 多路复用解决了什么、没解决什么？	todo		f53222d37c6c93a6	HTTP/2 多路复用解决了什么、没解决什么？	keep	16-app-practice/13-io-storage-practice.md	Q28	HTTP/2 多路复用解决了什么、没解决什么？	保留原题证据标注	09-app-practice/11-IO与存储实践.md#Q28	executor	migrated
09-app-practice/11-IO与存储实践.md	Q29	HTTP/3/QUIC 相对 HTTP/2 改变了什么？0-RTT 为什么不能随便用？	todo		7bb1a5523076c6ef	HTTP/3/QUIC 相对 HTTP/2 改变了什么？0-RTT 为什么不能随便用？	keep	16-app-practice/13-io-storage-practice.md	Q29	HTTP/3/QUIC 相对 HTTP/2 改变了什么？0-RTT 为什么不能随便用？	保留原题证据标注	09-app-practice/11-IO与存储实践.md#Q29	executor	migrated
09-app-practice/11-IO与存储实践.md	Q30	gRPC 的 `Channel` 是什么？deadline 和 wait-for-ready 应该怎么设置？	todo		c491a4e538ff8b32	gRPC 的 `Channel` 是什么？deadline 和 wait-for-ready 应该怎么设置？	keep	16-app-practice/13-io-storage-practice.md	Q30	gRPC 的 `Channel` 是什么？deadline 和 wait-for-ready 应该怎么设置？	保留原题证据标注	09-app-practice/11-IO与存储实践.md#Q30	executor	migrated
09-app-practice/11-IO与存储实践.md	Q31	gRPC 返回 `UNAVAILABLE` 就可以直接重试吗？收到响应首部之后呢？	todo		78f69c6ba20e4bf9	gRPC 返回 `UNAVAILABLE` 就可以直接重试吗？收到响应首部之后呢？	keep	16-app-practice/13-io-storage-practice.md	Q31	gRPC 返回 `UNAVAILABLE` 就可以直接重试吗？收到响应首部之后呢？	保留原题证据标注	09-app-practice/11-IO与存储实践.md#Q31	executor	migrated
09-app-practice/11-IO与存储实践.md	Q32	"Android 17 的 ECH 生效链路是什么？""发送了 GREASE""能算 ECH 成功吗？"	todo		92edafb9ed0cf89c	"Android 17 的 ECH 生效链路是什么？""发送了 GREASE""能算 ECH 成功吗？"	keep	16-app-practice/13-io-storage-practice.md	Q32	"Android 17 的 ECH 生效链路是什么？""发送了 GREASE""能算 ECH 成功吗？"	保留原题证据标注	09-app-practice/11-IO与存储实践.md#Q32	executor	migrated
09-app-practice/11-IO与存储实践.md	Q33	SQLiteOpenHelper 负责什么，数据库版本升级应在哪里处理？	todo		b2b867a244ddab06	SQLiteOpenHelper 负责什么，数据库版本升级应在哪里处理？	keep	16-app-practice/13-io-storage-practice.md	Q33	SQLiteOpenHelper 负责什么，数据库版本升级应在哪里处理？	保留原题证据标注	09-app-practice/11-IO与存储实践.md#Q33	executor	migrated
09-app-practice/11-IO与存储实践.md	Q34	SQLite CRUD 查询如何避免把输入拼进 SQL 语句？	todo		efb6dba38eff04a7	SQLite CRUD 查询如何避免把输入拼进 SQL 语句？	keep	16-app-practice/13-io-storage-practice.md	Q34	SQLite CRUD 查询如何避免把输入拼进 SQL 语句？	保留原题证据标注	09-app-practice/11-IO与存储实践.md#Q34	executor	migrated
09-app-practice/11-IO与存储实践.md	Q35	Android 应用中 GreenDAO 的 Entity、DAO、DaoMaster 与 DaoSession 如何分工？	todo		7a52018d9db79885	Android 应用中 GreenDAO 的 Entity、DAO、DaoMaster 与 DaoSession 如何分工？	keep	16-app-practice/13-io-storage-practice.md	Q35	Android 应用中 GreenDAO 的 Entity、DAO、DaoMaster 与 DaoSession 如何分工？	保留原题证据标注	09-app-practice/11-IO与存储实践.md#Q35	executor	migrated
09-app-practice/11-IO与存储实践.md	Q36	greenDAO 实体常用注解与构建配置分别控制什么？	todo		df5a93c916a1a3ef	greenDAO 实体常用注解与构建配置分别控制什么？	keep	16-app-practice/13-io-storage-practice.md	Q36	greenDAO 实体常用注解与构建配置分别控制什么？	保留原题证据标注	09-app-practice/11-IO与存储实践.md#Q36	executor	migrated
09-app-practice/11-IO与存储实践.md	Q37	DaoSession 初始化后如何取得 DAO 并执行唯一条件查询？	todo		9d25e78e6a3f24d1	DaoSession 初始化后如何取得 DAO 并执行唯一条件查询？	keep	16-app-practice/13-io-storage-practice.md	Q37	DaoSession 初始化后如何取得 DAO 并执行唯一条件查询？	保留原题证据标注	09-app-practice/11-IO与存储实践.md#Q37	executor	migrated
09-app-practice/11-IO与存储实践.md	Q38	Android SQLite 数据库文件通常保存在哪里，如何取得实际路径？	todo		a41327d5edec8f02	Android SQLite 数据库文件通常保存在哪里，如何取得实际路径？	keep	16-app-practice/13-io-storage-practice.md	Q38	Android SQLite 数据库文件通常保存在哪里，如何取得实际路径？	保留原题证据标注	09-app-practice/11-IO与存储实践.md#Q38	executor	migrated
09-app-practice/11-IO与存储实践.md	Q39	SQLite 事务提供什么保证，应用为何要把相关写操作放在同一事务？	todo		1a2876252bab31ad	SQLite 事务提供什么保证，应用为何要把相关写操作放在同一事务？	keep	16-app-practice/13-io-storage-practice.md	Q39	SQLite 事务提供什么保证，应用为何要把相关写操作放在同一事务？	保留原题证据标注	09-app-practice/11-IO与存储实践.md#Q39	executor	migrated
09-app-practice/12-网络与连接实践.md	Q1	OkHttp 的自定义 `Dns.lookup()` 在什么时机执行，为什么不能在这个同步回调里现场发起 HTTPDNS 网络请求？	todo		fae2ec8d50c81486	OkHttp 的自定义 `Dns.lookup()` 在什么时机执行，为什么不能在这个同步回调里现场发起 HTTPDNS 网络请求？	keep	16-app-practice/14-network-practice.md	Q1	OkHttp 的自定义 `Dns.lookup()` 在什么时机执行，为什么不能在这个同步回调里现场发起 HTTPDNS 网络请求？	保留原题证据标注	09-app-practice/12-网络与连接实践.md#Q1	executor	migrated
09-app-practice/12-网络与连接实践.md	Q2	生产日志里没有出现 OkHttp 的 `dnsStart` 事件，能断定自定义解析模块没有生效吗？	todo		65712b404f3ed789	生产日志里没有出现 OkHttp 的 `dnsStart` 事件，能断定自定义解析模块没有生效吗？	keep	16-app-practice/14-network-practice.md	Q2	生产日志里没有出现 OkHttp 的 `dnsStart` 事件，能断定自定义解析模块没有生效吗？	保留原题证据标注	09-app-practice/12-网络与连接实践.md#Q2	executor	migrated
09-app-practice/12-网络与连接实践.md	Q3	HTTPDNS 的缓存键里为什么必须带网络标识？网络切换后旧网络的解析结果还能用吗？	todo		eb1fab28af0025cb	HTTPDNS 的缓存键里为什么必须带网络标识？网络切换后旧网络的解析结果还能用吗？	keep	16-app-practice/14-network-practice.md	Q3	HTTPDNS 的缓存键里为什么必须带网络标识？网络切换后旧网络的解析结果还能用吗？	保留原题证据标注	09-app-practice/12-网络与连接实践.md#Q3	executor	migrated
09-app-practice/12-网络与连接实践.md	Q4	HTTPDNS 缓存记录的 TTL、时钟基准与磁盘快照应该怎么处理？	todo		f1f8ff48a922ec15	HTTPDNS 缓存记录的 TTL、时钟基准与磁盘快照应该怎么处理？	keep	16-app-practice/14-network-practice.md	Q4	HTTPDNS 缓存记录的 TTL、时钟基准与磁盘快照应该怎么处理？	保留原题证据标注	09-app-practice/12-网络与连接实践.md#Q4	executor	migrated
09-app-practice/12-网络与连接实践.md	Q5	用 HTTPDNS 替换系统解析后，Private DNS、VPN 与企业分域解析的边界是什么？	todo		a36a436d25b74954	用 HTTPDNS 替换系统解析后，Private DNS、VPN 与企业分域解析的边界是什么？	keep	16-app-practice/14-network-practice.md	Q5	用 HTTPDNS 替换系统解析后，Private DNS、VPN 与企业分域解析的边界是什么？	保留原题证据标注	09-app-practice/12-网络与连接实践.md#Q5	executor	migrated
09-app-practice/12-网络与连接实践.md	Q6	"把 HTTPS URL 改写成 IP 直连、或让 HTTPDNS 只返回一个""最优 IP""，分别破坏了 OkHttp 与 TLS 的什么机制？"	todo		9e687f664f7177f7	"把 HTTPS URL 改写成 IP 直连、或让 HTTPDNS 只返回一个""最优 IP""，分别破坏了 OkHttp 与 TLS 的什么机制？"	keep	16-app-practice/14-network-practice.md	Q6	"把 HTTPS URL 改写成 IP 直连、或让 HTTPDNS 只返回一个""最优 IP""，分别破坏了 OkHttp 与 TLS 的什么机制？"	保留原题证据标注	09-app-practice/12-网络与连接实践.md#Q6	executor	migrated
09-app-practice/12-网络与连接实践.md	Q7	"应用看到的默认网络是哪两层决策的结果？为什么不能用一个自定义""网络分数""复刻系统选网？"	todo		db6571b4115026c5	"应用看到的默认网络是哪两层决策的结果？为什么不能用一个自定义""网络分数""复刻系统选网？"	keep	16-app-practice/14-network-practice.md	Q7	"应用看到的默认网络是哪两层决策的结果？为什么不能用一个自定义""网络分数""复刻系统选网？"	保留原题证据标注	09-app-practice/12-网络与连接实践.md#Q7	executor	migrated
09-app-practice/12-网络与连接实践.md	Q8	"Wi-Fi 信号变差后系统为什么不立刻切换？应用能只用 RSSI 判断""该切网了""吗？"	todo		05cc37823aa7fc7a	"Wi-Fi 信号变差后系统为什么不立刻切换？应用能只用 RSSI 判断""该切网了""吗？"	keep	16-app-practice/14-network-practice.md	Q8	"Wi-Fi 信号变差后系统为什么不立刻切换？应用能只用 RSSI 判断""该切网了""吗？"	保留原题证据标注	09-app-practice/12-网络与连接实践.md#Q8	executor	migrated
09-app-practice/12-网络与连接实践.md	Q9	网络切换发生时，应用应该做什么、不该做什么？怎么度量一次切换对业务的影响？	todo		607165bb0f2618c5	网络切换发生时，应用应该做什么、不该做什么？怎么度量一次切换对业务的影响？	keep	16-app-practice/14-network-practice.md	Q9	网络切换发生时，应用应该做什么、不该做什么？怎么度量一次切换对业务的影响？	保留原题证据标注	09-app-practice/12-网络与连接实践.md#Q9	executor	migrated
09-app-practice/12-网络与连接实践.md	Q10	OEM 设备上的 Wi-Fi 选网行为与 AOSP 不同，怎么分层取证而不是按机型印象下结论？	todo		e3104d7e510155e4	OEM 设备上的 Wi-Fi 选网行为与 AOSP 不同，怎么分层取证而不是按机型印象下结论？	keep	16-app-practice/14-network-practice.md	Q10	OEM 设备上的 Wi-Fi 选网行为与 AOSP 不同，怎么分层取证而不是按机型印象下结论？	保留原题证据标注	09-app-practice/12-网络与连接实践.md#Q10	executor	migrated
09-app-practice/12-网络与连接实践.md	Q11	想用 HTTP/3 提升切网后的连接恢复，OkHttp 直接升级够吗？QUIC 连接迁移的边界在哪？	todo		da317dd40a302968	想用 HTTP/3 提升切网后的连接恢复，OkHttp 直接升级够吗？QUIC 连接迁移的边界在哪？	keep	16-app-practice/14-network-practice.md	Q11	想用 HTTP/3 提升切网后的连接恢复，OkHttp 直接升级够吗？QUIC 连接迁移的边界在哪？	保留原题证据标注	09-app-practice/12-网络与连接实践.md#Q11	executor	migrated
09-app-practice/12-网络与连接实践.md	Q12	`TRANSPORT_SATELLITE` 与缺少 `NET_CAPABILITY_NOT_BANDWIDTH_CONSTRAINED` 是什么关系？低数据模式按哪个判断？	todo		c326a98456386caa	`TRANSPORT_SATELLITE` 与缺少 `NET_CAPABILITY_NOT_BANDWIDTH_CONSTRAINED` 是什么关系？低数据模式按哪个判断？	keep	16-app-practice/14-network-practice.md	Q12	`TRANSPORT_SATELLITE` 与缺少 `NET_CAPABILITY_NOT_BANDWIDTH_CONSTRAINED` 是什么关系？低数据模式按哪个判断？	保留原题证据标注	09-app-practice/12-网络与连接实践.md#Q12	executor	migrated
09-app-practice/12-网络与连接实践.md	Q13	约束网络（如卫星）下，请求应该怎么分级？重试在什么条件下才有意义？	todo		08decf89bad9c568	约束网络（如卫星）下，请求应该怎么分级？重试在什么条件下才有意义？	keep	16-app-practice/14-network-practice.md	Q13	约束网络（如卫星）下，请求应该怎么分级？重试在什么条件下才有意义？	保留原题证据标注	09-app-practice/12-网络与连接实践.md#Q13	executor	migrated
09-app-practice/12-网络与连接实践.md	Q14	FCM 的 `bandwidth_constrained_ok` 与 `restricted_satellite_ok` 各承诺什么？为什么不能给所有推送开启？	todo		8bd5b0240cb0ade9	FCM 的 `bandwidth_constrained_ok` 与 `restricted_satellite_ok` 各承诺什么？为什么不能给所有推送开启？	keep	16-app-practice/14-network-practice.md	Q14	FCM 的 `bandwidth_constrained_ok` 与 `restricted_satellite_ok` 各承诺什么？为什么不能给所有推送开启？	保留原题证据标注	09-app-practice/12-网络与连接实践.md#Q14	executor	migrated
09-app-practice/12-网络与连接实践.md	Q15	Android 17 的运营商流媒体速率上限怎么读、怎么接入 ABR？双卡设备要注意什么？	todo		104cb0eab4746957	Android 17 的运营商流媒体速率上限怎么读、怎么接入 ABR？双卡设备要注意什么？	keep	16-app-practice/14-network-practice.md	Q15	Android 17 的运营商流媒体速率上限怎么读、怎么接入 ABR？双卡设备要注意什么？	保留原题证据标注	09-app-practice/12-网络与连接实践.md#Q15	executor	migrated
09-app-practice/12-网络与连接实践.md	Q16	Android 17 的本地网络访问限制覆盖哪些流量？权限被拒后怎么归因？	todo		f0b414b207eb6702	Android 17 的本地网络访问限制覆盖哪些流量？权限被拒后怎么归因？	keep	16-app-practice/14-network-practice.md	Q16	Android 17 的本地网络访问限制覆盖哪些流量？权限被拒后怎么归因？	保留原题证据标注	09-app-practice/12-网络与连接实践.md#Q16	executor	migrated
09-app-practice/12-网络与连接实践.md	Q17	Android 移动数据语境下的 quota 是限速还是限总量？几类容易混淆的配额概念怎么分？	todo		9519570a66da26dd	Android 移动数据语境下的 quota 是限速还是限总量？几类容易混淆的配额概念怎么分？	keep	16-app-practice/14-network-practice.md	Q17	Android 移动数据语境下的 quota 是限速还是限总量？几类容易混淆的配额概念怎么分？	保留原题证据标注	09-app-practice/12-网络与连接实践.md#Q17	executor	migrated
09-app-practice/12-网络与连接实践.md	Q18	一条接口上限规则从 `NetworkPolicyManagerService` 到内核经历了什么？warning 为什么不会拒绝流量？	todo		c55bc2cfbf237352	一条接口上限规则从 `NetworkPolicyManagerService` 到内核经历了什么？warning 为什么不会拒绝流量？	keep	16-app-practice/14-network-practice.md	Q18	一条接口上限规则从 `NetworkPolicyManagerService` 到内核经历了什么？warning 为什么不会拒绝流量？	保留原题证据标注	09-app-practice/12-网络与连接实践.md#Q18	executor	migrated
09-app-practice/12-网络与连接实践.md	Q19	"套餐流量超过强制上限后，手机上会依次发生什么？""延后提醒""影响什么？"	todo		122360d40de6dee2	"套餐流量超过强制上限后，手机上会依次发生什么？""延后提醒""影响什么？"	keep	16-app-practice/14-network-practice.md	Q19	"套餐流量超过强制上限后，手机上会依次发生什么？""延后提醒""影响什么？"	保留原题证据标注	09-app-practice/12-网络与连接实践.md#Q19	executor	migrated
09-app-practice/12-网络与连接实践.md	Q20	应用侧怎么观察并适配 Data Saver 与计量网络？	todo		1b184cfef2a28c8b	应用侧怎么观察并适配 Data Saver 与计量网络？	keep	16-app-practice/14-network-practice.md	Q20	应用侧怎么观察并适配 Data Saver 与计量网络？	保留原题证据标注	09-app-practice/12-网络与连接实践.md#Q20	executor	migrated
09-app-practice/12-网络与连接实践.md	Q21	移动数据变慢/用不了的排查顺序是什么？	todo		7aec9dc3c0846b6b	移动数据变慢/用不了的排查顺序是什么？	keep	16-app-practice/14-network-practice.md	Q21	移动数据变慢/用不了的排查顺序是什么？	保留原题证据标注	09-app-practice/12-网络与连接实践.md#Q21	executor	migrated
09-app-practice/12-网络与连接实践.md	Q22	Android 17 让 RFCOMM `BluetoothSocket.read()` 返回 -1 的生效条件是什么？-1 能证明远端正常断开吗？	todo		e3f959f35e7c9f31	Android 17 让 RFCOMM `BluetoothSocket.read()` 返回 -1 的生效条件是什么？-1 能证明远端正常断开吗？	keep	16-app-practice/14-network-practice.md	Q22	Android 17 让 RFCOMM `BluetoothSocket.read()` 返回 -1 的生效条件是什么？-1 能证明远端正常断开吗？	保留原题证据标注	09-app-practice/12-网络与连接实践.md#Q22	executor	migrated
09-app-practice/12-网络与连接实践.md	Q23	蓝牙长连接的读循环、关闭取消与消息分帧应该怎么治理？	todo		175571038ccc9784	蓝牙长连接的读循环、关闭取消与消息分帧应该怎么治理？	keep	16-app-practice/14-network-practice.md	Q23	蓝牙长连接的读循环、关闭取消与消息分帧应该怎么治理？	保留原题证据标注	09-app-practice/12-网络与连接实践.md#Q23	executor	migrated
09-app-practice/12-网络与连接实践.md	Q24	断线归因事件与重连预算应该怎么设计，才不会出现旧事件覆盖新连接、重连风暴？	todo		ed8013de583cd716	断线归因事件与重连预算应该怎么设计，才不会出现旧事件覆盖新连接、重连风暴？	keep	16-app-practice/14-network-practice.md	Q24	断线归因事件与重连预算应该怎么设计，才不会出现旧事件覆盖新连接、重连风暴？	保留原题证据标注	09-app-practice/12-网络与连接实践.md#Q24	executor	migrated
09-app-practice/12-网络与连接实践.md	Q25	NFC 标签读取、HCE 与 off-host 卡模拟的区别是什么？一条 SELECT AID 怎么决定去哪？	todo		22268f6d55784faa	NFC 标签读取、HCE 与 off-host 卡模拟的区别是什么？一条 SELECT AID 怎么决定去哪？	keep	16-app-practice/14-network-practice.md	Q25	NFC 标签读取、HCE 与 off-host 卡模拟的区别是什么？一条 SELECT AID 怎么决定去哪？	保留原题证据标注	09-app-practice/12-网络与连接实践.md#Q25	executor	migrated
09-app-practice/12-网络与连接实践.md	Q26	"HCE 交易""只有首个 APDU 慢""和""每个 APDU 都慢""分别查什么？`processCommandApdu()` 的线程约束是什么？"	todo		d30bdef3d943b2ba	"HCE 交易""只有首个 APDU 慢""和""每个 APDU 都慢""分别查什么？`processCommandApdu()` 的线程约束是什么？"	keep	16-app-practice/14-network-practice.md	Q26	"HCE 交易""只有首个 APDU 慢""和""每个 APDU 都慢""分别查什么？`processCommandApdu()` 的线程约束是什么？"	保留原题证据标注	09-app-practice/12-网络与连接实践.md#Q26	executor	migrated
09-app-practice/12-网络与连接实践.md	Q27	targetSdk 升到 37 后 NFC 标签不再拉起 Activity，可能踩了哪些 Android 17 适配点？	todo		9ae69d65683b2931	targetSdk 升到 37 后 NFC 标签不再拉起 Activity，可能踩了哪些 Android 17 适配点？	keep	16-app-practice/14-network-practice.md	Q27	targetSdk 升到 37 后 NFC 标签不再拉起 Activity，可能踩了哪些 Android 17 适配点？	保留原题证据标注	09-app-practice/12-网络与连接实践.md#Q27	executor	migrated
09-app-practice/12-网络与连接实践.md	Q28	HCE 的性能优化能优化到哪一层？怎么证明优化有效而不是碰运气？	todo		0a0d6333e4fabca0	HCE 的性能优化能优化到哪一层？怎么证明优化有效而不是碰运气？	keep	16-app-practice/14-network-practice.md	Q28	HCE 的性能优化能优化到哪一层？怎么证明优化有效而不是碰运气？	保留原题证据标注	09-app-practice/12-网络与连接实践.md#Q28	executor	migrated
09-app-practice/13-功耗优化实践.md	Q1	"用户反馈""应用掉电快""，第一步要把感受转换成什么？三类功耗证据各能回答什么？"	todo		d177cafcadd386fd	"用户反馈""应用掉电快""，第一步要把感受转换成什么？三类功耗证据各能回答什么？"	keep	16-app-practice/15-power-practice.md	Q1	"用户反馈""应用掉电快""，第一步要把感受转换成什么？三类功耗证据各能回答什么？"	保留原题证据标注	09-app-practice/13-功耗优化实践.md#Q1	executor	migrated
09-app-practice/13-功耗优化实践.md	Q2	一轮可复现的 BatteryStats 采集怎么搭？Battery Historian、Power Profiler 与 Macrobenchmark `PowerMetric` 各适合什么问题？	todo		95ca2cfa70cbab79	一轮可复现的 BatteryStats 采集怎么搭？Battery Historian、Power Profiler 与 Macrobenchmark `PowerMetric` 各适合什么问题？	keep	16-app-practice/15-power-practice.md	Q2	一轮可复现的 BatteryStats 采集怎么搭？Battery Historian、Power Profiler 与 Macrobenchmark `PowerMetric` 各适合什么问题？	保留原题证据标注	09-app-practice/13-功耗优化实践.md#Q2	executor	migrated
09-app-practice/13-功耗优化实践.md	Q3	OEM 后台限制的排查为什么要从 AOSP 状态开始？具体按什么顺序取证？	todo		66259d5b5e1544dd	OEM 后台限制的排查为什么要从 AOSP 状态开始？具体按什么顺序取证？	keep	16-app-practice/15-power-practice.md	Q3	OEM 后台限制的排查为什么要从 AOSP 状态开始？具体按什么顺序取证？	保留原题证据标注	09-app-practice/13-功耗优化实践.md#Q3	executor	migrated
09-app-practice/13-功耗优化实践.md	Q4	"`BACKGROUND_RESTRICTED` 能由系统自动打上吗？""耗电豁免""是什么性质的东西？"	todo		c9ad1bd5d5e07357	"`BACKGROUND_RESTRICTED` 能由系统自动打上吗？""耗电豁免""是什么性质的东西？"	keep	16-app-practice/15-power-practice.md	Q4	"`BACKGROUND_RESTRICTED` 能由系统自动打上吗？""耗电豁免""是什么性质的东西？"	保留原题证据标注	09-app-practice/13-功耗优化实践.md#Q4	executor	migrated
09-app-practice/13-功耗优化实践.md	Q5	应用侧怎么降低厂商后台差异带来的不可预期性？	todo		b2ffdd51340a0cdd	应用侧怎么降低厂商后台差异带来的不可预期性？	keep	16-app-practice/15-power-practice.md	Q5	应用侧怎么降低厂商后台差异带来的不可预期性？	保留原题证据标注	09-app-practice/13-功耗优化实践.md#Q5	executor	migrated
09-app-practice/13-功耗优化实践.md	Q6	评审一个后台任务应该连续回答哪些问题？Doze、待机分组与任务接口为什么不能互相替代？	todo		32f709a85e218f73	评审一个后台任务应该连续回答哪些问题？Doze、待机分组与任务接口为什么不能互相替代？	keep	16-app-practice/15-power-practice.md	Q6	评审一个后台任务应该连续回答哪些问题？Doze、待机分组与任务接口为什么不能互相替代？	保留原题证据标注	09-app-practice/13-功耗优化实践.md#Q6	executor	migrated
09-app-practice/13-功耗优化实践.md	Q7	从 `startForegroundService()` 到真正以前台服务运行，要过哪三道互相独立的检查？	todo		018dfa01df0a9dfa	从 `startForegroundService()` 到真正以前台服务运行，要过哪三道互相独立的检查？	keep	16-app-practice/15-power-practice.md	Q7	从 `startForegroundService()` 到真正以前台服务运行，要过哪三道互相独立的检查？	保留原题证据标注	09-app-practice/13-功耗优化实践.md#Q7	executor	migrated
09-app-practice/13-功耗优化实践.md	Q8	`startForegroundService()` 之后迟迟不调 `startForeground()` 会发生什么？怎么避免晋升超时？	todo		18fb8ababe4c9523	`startForegroundService()` 之后迟迟不调 `startForeground()` 会发生什么？怎么避免晋升超时？	keep	16-app-practice/15-power-practice.md	Q8	`startForegroundService()` 之后迟迟不调 `startForeground()` 会发生什么？怎么避免晋升超时？	保留原题证据标注	09-app-practice/13-功耗优化实践.md#Q8	executor	migrated
09-app-practice/13-功耗优化实践.md	Q9	"前台服务到底""买到""了什么？FGS 与后台启动 Activity（BAL）是什么关系？"	todo		f22cf9f40c5346e9	"前台服务到底""买到""了什么？FGS 与后台启动 Activity（BAL）是什么关系？"	keep	16-app-practice/15-power-practice.md	Q9	"前台服务到底""买到""了什么？FGS 与后台启动 Activity（BAL）是什么关系？"	保留原题证据标注	09-app-practice/13-功耗优化实践.md#Q9	executor	migrated
09-app-practice/13-功耗优化实践.md	Q10	WakeLock 和 Alarm 分别解决什么问题？为什么说它们都不是保活接口？	todo		b47cc29c20e9c9ce	WakeLock 和 Alarm 分别解决什么问题？为什么说它们都不是保活接口？	keep	16-app-practice/15-power-practice.md	Q10	WakeLock 和 Alarm 分别解决什么问题？为什么说它们都不是保活接口？	保留原题证据标注	09-app-practice/13-功耗优化实践.md#Q10	executor	migrated
09-app-practice/13-功耗优化实践.md	Q11	AlarmManager 的各 API 怎么选？时间基准与 PendingIntent 身份有哪些坑？	todo		c4ea6c976cb7203d	AlarmManager 的各 API 怎么选？时间基准与 PendingIntent 身份有哪些坑？	keep	16-app-practice/15-power-practice.md	Q11	AlarmManager 的各 API 怎么选？时间基准与 PendingIntent 身份有哪些坑？	保留原题证据标注	09-app-practice/13-功耗优化实践.md#Q11	executor	migrated
09-app-practice/13-功耗优化实践.md	Q12	Android 17 的 Listener 版 `setExactAndAllowWhileIdle()` 适合什么场景、边界在哪？	todo		fdf184dd7810d7f0	Android 17 的 Listener 版 `setExactAndAllowWhileIdle()` 适合什么场景、边界在哪？	keep	16-app-practice/15-power-practice.md	Q12	Android 17 的 Listener 版 `setExactAndAllowWhileIdle()` 适合什么场景、边界在哪？	保留原题证据标注	09-app-practice/13-功耗优化实践.md#Q12	executor	migrated
09-app-practice/13-功耗优化实践.md	Q13	WorkManager 的唯一工作、任务链与 `Data` 传参各有哪些边界？	todo		ca3360b3a7c80c83	WorkManager 的唯一工作、任务链与 `Data` 传参各有哪些边界？	keep	16-app-practice/15-power-practice.md	Q13	WorkManager 的唯一工作、任务链与 `Data` 传参各有哪些边界？	保留原题证据标注	09-app-practice/13-功耗优化实践.md#Q13	executor	migrated
09-app-practice/13-功耗优化实践.md	Q14	"Job 一直不执行，怎么按""WorkManager 层 → 系统层 → Worker 层""取证？Pending reasons 怎么读？"	todo		2131a5198048db79	"Job 一直不执行，怎么按""WorkManager 层 → 系统层 → Worker 层""取证？Pending reasons 怎么读？"	keep	16-app-practice/15-power-practice.md	Q14	"Job 一直不执行，怎么按""WorkManager 层 → 系统层 → Worker 层""取证？Pending reasons 怎么读？"	保留原题证据标注	09-app-practice/13-功耗优化实践.md#Q14	executor	migrated
09-app-practice/13-功耗优化实践.md	Q15	`setExpedited()` 与长时 Worker（`setForeground()`）的使用边界是什么？	todo		2701881f6818fb35	`setExpedited()` 与长时 Worker（`setForeground()`）的使用边界是什么？	keep	16-app-practice/15-power-practice.md	Q15	`setExpedited()` 与长时 Worker（`setForeground()`）的使用边界是什么？	保留原题证据标注	09-app-practice/13-功耗优化实践.md#Q15	executor	migrated
09-app-practice/13-功耗优化实践.md	Q16	FusedLocationProvider 的请求参数哪些是承诺、哪些只是请求条件？批量交付要注意什么？	todo		bf00cc18884d59ed	FusedLocationProvider 的请求参数哪些是承诺、哪些只是请求条件？批量交付要注意什么？	keep	16-app-practice/15-power-practice.md	Q16	FusedLocationProvider 的请求参数哪些是承诺、哪些只是请求条件？批量交付要注意什么？	保留原题证据标注	09-app-practice/13-功耗优化实践.md#Q16	executor	migrated
09-app-practice/13-功耗优化实践.md	Q17	一次性定位、地理围栏还是被动定位，怎么按业务选并守住退出条件？	todo		9867115fadc5b912	一次性定位、地理围栏还是被动定位，怎么按业务选并守住退出条件？	keep	16-app-practice/15-power-practice.md	Q17	一次性定位、地理围栏还是被动定位，怎么按业务选并守住退出条件？	保留原题证据标注	09-app-practice/13-功耗优化实践.md#Q17	executor	migrated
09-app-practice/13-功耗优化实践.md	Q18	传感器采集会话的注册、交付与注销有哪些必须守住的纪律？（批处理机制之外）	todo		47c9770fa95a9539	传感器采集会话的注册、交付与注销有哪些必须守住的纪律？（批处理机制之外）	keep	16-app-practice/15-power-practice.md	Q18	传感器采集会话的注册、交付与注销有哪些必须守住的纪律？（批处理机制之外）	保留原题证据标注	09-app-practice/13-功耗优化实践.md#Q18	executor	migrated
09-app-practice/13-功耗优化实践.md	Q19	Wi-Fi RTT 与 BLE 测距会话怎么治理功耗与失败？	todo		0db2669cb5d2f7c4	Wi-Fi RTT 与 BLE 测距会话怎么治理功耗与失败？	keep	16-app-practice/15-power-practice.md	Q19	Wi-Fi RTT 与 BLE 测距会话怎么治理功耗与失败？	保留原题证据标注	09-app-practice/13-功耗优化实践.md#Q19	executor	migrated
09-app-practice/13-功耗优化实践.md	Q20	Android 17 的后台音频硬化分哪两级？失败为什么是静默的？怎么取证？	todo		82910541505b6dc4	Android 17 的后台音频硬化分哪两级？失败为什么是静默的？怎么取证？	keep	16-app-practice/15-power-practice.md	Q20	Android 17 的后台音频硬化分哪两级？失败为什么是静默的？怎么取证？	保留原题证据标注	09-app-practice/13-功耗优化实践.md#Q20	executor	migrated
09-app-practice/13-功耗优化实践.md	Q21	"声音已经停了，但网络、解码、WakeLock 还在跑——""僵尸播放""怎么治理？"	todo		ba0c398c8a776e54	"声音已经停了，但网络、解码、WakeLock 还在跑——""僵尸播放""怎么治理？"	keep	16-app-practice/15-power-practice.md	Q21	"声音已经停了，但网络、解码、WakeLock 还在跑——""僵尸播放""怎么治理？"	保留原题证据标注	09-app-practice/13-功耗优化实践.md#Q21	executor	migrated
09-app-practice/13-功耗优化实践.md	Q22	"Hybrid 页面的功耗都花在哪？为什么不能按""一个页面一个进程""估内存？"	todo		88e86a675a6d4b75	"Hybrid 页面的功耗都花在哪？为什么不能按""一个页面一个进程""估内存？"	keep	16-app-practice/15-power-practice.md	Q22	"Hybrid 页面的功耗都花在哪？为什么不能按""一个页面一个进程""估内存？"	保留原题证据标注	09-app-practice/13-功耗优化实践.md#Q22	executor	migrated
09-app-practice/13-功耗优化实践.md	Q23	原生比 Web 省电的论文结论能直接推出某个 Hybrid 页面必须原生化吗？	todo		4688744305f3d9d9	原生比 Web 省电的论文结论能直接推出某个 Hybrid 页面必须原生化吗？	keep	16-app-practice/15-power-practice.md	Q23	原生比 Web 省电的论文结论能直接推出某个 Hybrid 页面必须原生化吗？	保留原题证据标注	09-app-practice/13-功耗优化实践.md#Q23	executor	migrated
09-app-practice/13-功耗优化实践.md	Q24	WebView 的生命周期与 renderer 异常应该怎么接？	todo		63c7fbf2b31d71f5	WebView 的生命周期与 renderer 异常应该怎么接？	keep	16-app-practice/15-power-practice.md	Q24	WebView 的生命周期与 renderer 异常应该怎么接？	保留原题证据标注	09-app-practice/13-功耗优化实践.md#Q24	executor	migrated
09-app-practice/13-功耗优化实践.md	Q25	原生化与保留 WebView 的取舍怎么落地成可执行规则？	todo		2c79c150b9ff7d45	原生化与保留 WebView 的取舍怎么落地成可执行规则？	keep	16-app-practice/15-power-practice.md	Q25	原生化与保留 WebView 的取舍怎么落地成可执行规则？	保留原题证据标注	09-app-practice/13-功耗优化实践.md#Q25	executor	migrated
09-app-practice/13-功耗优化实践.md	Q26	"应用退后台一段时间后 WebSocket 心跳超时被服务端断开、解冻后定时任务瞬间连发，甚至后台""无故""死亡——缓存进程冻结（Freezer）下发生了什么？怎么治理长连接？"	todo		b81c7a1117d61b81	"应用退后台一段时间后 WebSocket 心跳超时被服务端断开、解冻后定时任务瞬间连发，甚至后台""无故""死亡——缓存进程冻结（Freezer）下发生了什么？怎么治理长连接？"	keep	16-app-practice/15-power-practice.md	Q26	"应用退后台一段时间后 WebSocket 心跳超时被服务端断开、解冻后定时任务瞬间连发，甚至后台""无故""死亡——缓存进程冻结（Freezer）下发生了什么？怎么治理长连接？"	保留原题证据标注	09-app-practice/13-功耗优化实践.md#Q26	executor	migrated
09-app-practice/13-功耗优化实践.md	Q27	Android 14 强制的 foregroundServiceType 有哪些？从 BOOT_COMPLETED 能拉起哪几种前台服务？	todo		ee075135bb1acab9	Android 14 强制的 foregroundServiceType 有哪些？从 BOOT_COMPLETED 能拉起哪几种前台服务？	keep	16-app-practice/15-power-practice.md	Q27	Android 14 强制的 foregroundServiceType 有哪些？从 BOOT_COMPLETED 能拉起哪几种前台服务？	保留原题证据标注	09-app-practice/13-功耗优化实践.md#Q27	executor	migrated
09-app-practice/14-CPU与体积优化.md	Q1	"应用层做 CPU 优化时，为什么""CPU 高""不能直接指向改法？墙钟时间与线程 CPU 时间、Runnable 与 Blocked 各回答什么问题？"	todo		c54ed2b603f880a0	"应用层做 CPU 优化时，为什么""CPU 高""不能直接指向改法？墙钟时间与线程 CPU 时间、Runnable 与 Blocked 各回答什么问题？"	keep	16-app-practice/16-cpu-size-optimization.md	Q1	"应用层做 CPU 优化时，为什么""CPU 高""不能直接指向改法？墙钟时间与线程 CPU 时间、Runnable 与 Blocked 各回答什么问题？"	保留原题证据标注	09-app-practice/14-CPU与体积优化.md#Q1	executor	migrated
09-app-practice/14-CPU与体积优化.md	Q2	"ThreadPoolExecutor.execute() 的三段决策顺序是什么？为什么""workers = availableProcessors()""这类公式不能当工程规则？"	todo		247a745f54b873df	"ThreadPoolExecutor.execute() 的三段决策顺序是什么？为什么""workers = availableProcessors()""这类公式不能当工程规则？"	keep	16-app-practice/16-cpu-size-optimization.md	Q2	"ThreadPoolExecutor.execute() 的三段决策顺序是什么？为什么""workers = availableProcessors()""这类公式不能当工程规则？"	保留原题证据标注	09-app-practice/14-CPU与体积优化.md#Q2	executor	migrated
09-app-practice/14-CPU与体积优化.md	Q3	有界计算线程池为什么常配 AbortPolicy？CallerRunsPolicy 在什么条件下危险？线程工厂里 `Process.setThreadPriority()` 为什么必须写在新线程体内？	todo		c8afcf8eb282be1f	有界计算线程池为什么常配 AbortPolicy？CallerRunsPolicy 在什么条件下危险？线程工厂里 `Process.setThreadPriority()` 为什么必须写在新线程体内？	keep	16-app-practice/16-cpu-size-optimization.md	Q3	有界计算线程池为什么常配 AbortPolicy？CallerRunsPolicy 在什么条件下危险？线程工厂里 `Process.setThreadPriority()` 为什么必须写在新线程体内？	保留原题证据标注	09-app-practice/14-CPU与体积优化.md#Q3	executor	migrated
09-app-practice/14-CPU与体积优化.md	Q4	"应用进程怎么用公开 API 采样自己的 CPU？""等效占用核数""怎么算？/proc 解析有哪些陷阱？"	todo		f4b7914a79207c7e	"应用进程怎么用公开 API 采样自己的 CPU？""等效占用核数""怎么算？/proc 解析有哪些陷阱？"	keep	16-app-practice/16-cpu-size-optimization.md	Q4	"应用进程怎么用公开 API 采样自己的 CPU？""等效占用核数""怎么算？/proc 解析有哪些陷阱？"	保留原题证据标注	09-app-practice/14-CPU与体积优化.md#Q4	executor	migrated
09-app-practice/14-CPU与体积优化.md	Q5	scheduleAtFixedRate 与 scheduleWithFixedDelay 语义差在哪？任务抛出未处理异常后周期任务会怎样？Android 16 起补跑行为有什么变化？	todo		70dd4a00cdae8db7	scheduleAtFixedRate 与 scheduleWithFixedDelay 语义差在哪？任务抛出未处理异常后周期任务会怎样？Android 16 起补跑行为有什么变化？	keep	16-app-practice/16-cpu-size-optimization.md	Q5	scheduleAtFixedRate 与 scheduleWithFixedDelay 语义差在哪？任务抛出未处理异常后周期任务会怎样？Android 16 起补跑行为有什么变化？	保留原题证据标注	09-app-practice/14-CPU与体积优化.md#Q5	executor	migrated
09-app-practice/14-CPU与体积优化.md	Q6	缓存进程因 CPU 使用过量被系统终止的机制是怎么工作的？为什么不能把它当成 Android 17 新增或与 JobScheduler 配额绑定？	todo		cdb6d40bb79d71bd	缓存进程因 CPU 使用过量被系统终止的机制是怎么工作的？为什么不能把它当成 Android 17 新增或与 JobScheduler 配额绑定？	keep	16-app-practice/16-cpu-size-optimization.md	Q6	缓存进程因 CPU 使用过量被系统终止的机制是怎么工作的？为什么不能把它当成 Android 17 新增或与 JobScheduler 配额绑定？	保留原题证据标注	09-app-practice/14-CPU与体积优化.md#Q6	executor	migrated
09-app-practice/14-CPU与体积优化.md	Q7	"CPU 占用不高但用户等很久指向锁竞争时，应该按什么顺序优化？为什么不能假设 synchronized 固定""自旋后休眠""？"	todo		d1d84f4bd10021a4	"CPU 占用不高但用户等很久指向锁竞争时，应该按什么顺序优化？为什么不能假设 synchronized 固定""自旋后休眠""？"	keep	16-app-practice/16-cpu-size-optimization.md	Q7	"CPU 占用不高但用户等很久指向锁竞争时，应该按什么顺序优化？为什么不能假设 synchronized 固定""自旋后休眠""？"	保留原题证据标注	09-app-practice/14-CPU与体积优化.md#Q7	executor	migrated
09-app-practice/14-CPU与体积优化.md	Q8	Dispatchers.Default 与 Dispatchers.IO 是什么关系？limitedParallelism() 视图承诺什么、不承诺什么？	todo		01ece58f6b707a01	Dispatchers.Default 与 Dispatchers.IO 是什么关系？limitedParallelism() 视图承诺什么、不承诺什么？	keep	16-app-practice/16-cpu-size-optimization.md	Q8	Dispatchers.Default 与 Dispatchers.IO 是什么关系？limitedParallelism() 视图承诺什么、不承诺什么？	保留原题证据标注	09-app-practice/14-CPU与体积优化.md#Q8	executor	migrated
09-app-practice/14-CPU与体积优化.md	Q9	"把一组周期性工作线程标记为""能效优先""（setPreferPowerEfficiency）适合什么场景？它承诺省电吗？"	todo		b748812ee9452b38	"把一组周期性工作线程标记为""能效优先""（setPreferPowerEfficiency）适合什么场景？它承诺省电吗？"	keep	16-app-practice/16-cpu-size-optimization.md	Q9	"把一组周期性工作线程标记为""能效优先""（setPreferPowerEfficiency）适合什么场景？它承诺省电吗？"	保留原题证据标注	09-app-practice/14-CPU与体积优化.md#Q9	executor	migrated
09-app-practice/14-CPU与体积优化.md	Q10	PerformanceHintManager.Session 的生命周期与线程归属要注意什么？createHintSession 为什么可能返回 null？	todo		1cad1cd88ce2109b	PerformanceHintManager.Session 的生命周期与线程归属要注意什么？createHintSession 为什么可能返回 null？	keep	16-app-practice/16-cpu-size-optimization.md	Q10	PerformanceHintManager.Session 的生命周期与线程归属要注意什么？createHintSession 为什么可能返回 null？	保留原题证据标注	09-app-practice/14-CPU与体积优化.md#Q10	executor	migrated
09-app-practice/14-CPU与体积优化.md	Q11	Android 13（API 33）上能用 PerformanceHintManager 的哪些能力？API 34/35/36 各加了什么？	todo		f8e37d7576f984ca	Android 13（API 33）上能用 PerformanceHintManager 的哪些能力？API 34/35/36 各加了什么？	keep	16-app-practice/16-cpu-size-optimization.md	Q11	Android 13（API 33）上能用 PerformanceHintManager 的哪些能力？API 34/35/36 各加了什么？	保留原题证据标注	09-app-practice/14-CPU与体积优化.md#Q11	executor	migrated
09-app-practice/14-CPU与体积优化.md	Q12	PowerMonitor / SystemHealthManager 的能耗读数怎么用？为什么相邻两次读数可能出现零差值？	todo		30f87f9554edba66	PowerMonitor / SystemHealthManager 的能耗读数怎么用？为什么相邻两次读数可能出现零差值？	keep	16-app-practice/16-cpu-size-optimization.md	Q12	PowerMonitor / SystemHealthManager 的能耗读数怎么用？为什么相邻两次读数可能出现零差值？	保留原题证据标注	09-app-practice/14-CPU与体积优化.md#Q12	executor	migrated
09-app-practice/14-CPU与体积优化.md	Q13	怎么验证能效提示真的有效？没有 PowerMonitor 的设备怎么降级？	todo		71da89051fa09285	怎么验证能效提示真的有效？没有 PowerMonitor 的设备怎么降级？	keep	16-app-practice/16-cpu-size-optimization.md	Q13	怎么验证能效提示真的有效？没有 PowerMonitor 的设备怎么降级？	保留原题证据标注	09-app-practice/14-CPU与体积优化.md#Q13	executor	migrated
09-app-practice/14-CPU与体积优化.md	Q14	"应用侧热治理的公开入口在哪？为什么查不到""系统当前启用了哪些热缓解动作""？"	todo		c5fed4541f224474	"应用侧热治理的公开入口在哪？为什么查不到""系统当前启用了哪些热缓解动作""？"	keep	16-app-practice/16-cpu-size-optimization.md	Q14	"应用侧热治理的公开入口在哪？为什么查不到""系统当前启用了哪些热缓解动作""？"	保留原题证据标注	09-app-practice/14-CPU与体积优化.md#Q14	executor	migrated
09-app-practice/14-CPU与体积优化.md	Q15	全局热状态是怎么聚合出来的？为什么不能从它反推某个 CPU 集群的频率？	todo		ceaa22ba46e115a6	全局热状态是怎么聚合出来的？为什么不能从它反推某个 CPU 集群的频率？	keep	16-app-practice/16-cpu-size-optimization.md	Q15	全局热状态是怎么聚合出来的？为什么不能从它反推某个 CPU 集群的频率？	保留原题证据标注	09-app-practice/14-CPU与体积优化.md#Q15	executor	migrated
09-app-practice/14-CPU与体积优化.md	Q16	怎么证明一次性能退化是热节流造成的，而不是普通 DVFS 或负载变化？	todo		bab23fbd4808ec92	怎么证明一次性能退化是热节流造成的，而不是普通 DVFS 或负载变化？	keep	16-app-practice/16-cpu-size-optimization.md	Q16	怎么证明一次性能退化是热节流造成的，而不是普通 DVFS 或负载变化？	保留原题证据标注	09-app-practice/14-CPU与体积优化.md#Q16	executor	migrated
09-app-practice/14-CPU与体积优化.md	Q17	热状态升高时的降载状态机要满足什么条件才不会反复振荡？	todo		d69ce9cc546288ed	热状态升高时的降载状态机要满足什么条件才不会反复振荡？	keep	16-app-practice/16-cpu-size-optimization.md	Q17	热状态升高时的降载状态机要满足什么条件才不会反复振荡？	保留原题证据标注	09-app-practice/14-CPU与体积优化.md#Q17	executor	migrated
09-app-practice/14-CPU与体积优化.md	Q18	"体积治理要先固定哪四种口径？为什么""下载少 1 MB，安装空间未必同步少 1 MB""？"	todo		9f0debbc15c6acaa	"体积治理要先固定哪四种口径？为什么""下载少 1 MB，安装空间未必同步少 1 MB""？"	keep	16-app-practice/16-cpu-size-optimization.md	Q18	"体积治理要先固定哪四种口径？为什么""下载少 1 MB，安装空间未必同步少 1 MB""？"	保留原题证据标注	09-app-practice/14-CPU与体积优化.md#Q18	executor	migrated
09-app-practice/14-CPU与体积优化.md	Q19	64K 限制到底限制什么？Defined Methods 与 Referenced Methods 差在哪？	todo		78a3add26dbf8c64	64K 限制到底限制什么？Defined Methods 与 Referenced Methods 差在哪？	keep	16-app-practice/16-cpu-size-optimization.md	Q19	64K 限制到底限制什么？Defined Methods 与 Referenced Methods 差在哪？	保留原题证据标注	09-app-practice/14-CPU与体积优化.md#Q19	executor	migrated
09-app-practice/14-CPU与体积优化.md	Q20	"R8 的 keep 规则为什么容易膨胀？怎么找到""是谁保留了这段代码""并安全放宽？"	todo		05eb8f2eaff049e5	"R8 的 keep 规则为什么容易膨胀？怎么找到""是谁保留了这段代码""并安全放宽？"	keep	16-app-practice/16-cpu-size-optimization.md	Q20	"R8 的 keep 规则为什么容易膨胀？怎么找到""是谁保留了这段代码""并安全放宽？"	保留原题证据标注	09-app-practice/14-CPU与体积优化.md#Q20	executor	migrated
09-app-practice/14-CPU与体积优化.md	Q21	minSdk ≥ 21 的应用还需要 multidex 兼容处理吗？DEX 个数多会拖慢启动吗？	todo		0db0dc63db2a25ac	minSdk ≥ 21 的应用还需要 multidex 兼容处理吗？DEX 个数多会拖慢启动吗？	keep	16-app-practice/16-cpu-size-optimization.md	Q21	minSdk ≥ 21 的应用还需要 multidex 兼容处理吗？DEX 个数多会拖慢启动吗？	保留原题证据标注	09-app-practice/14-CPU与体积优化.md#Q21	executor	migrated
09-app-practice/14-CPU与体积优化.md	Q22	Native SO 的 strip 与节区分析怎么做？哪些字节删了会出问题？	todo		8e067b7bd69c63d2	Native SO 的 strip 与节区分析怎么做？哪些字节删了会出问题？	keep	16-app-practice/16-cpu-size-optimization.md	Q22	Native SO 的 strip 与节区分析怎么做？哪些字节删了会出问题？	保留原题证据标注	09-app-practice/14-CPU与体积优化.md#Q22	executor	migrated
09-app-practice/14-CPU与体积优化.md	Q23	安装期系统怎么为一个包选择 ABI？16 KB 页对齐要满足哪两层？动态加载 .so 有什么新要求？	todo		afe5924032dc4167	安装期系统怎么为一个包选择 ABI？16 KB 页对齐要满足哪两层？动态加载 .so 有什么新要求？	keep	16-app-practice/16-cpu-size-optimization.md	Q23	安装期系统怎么为一个包选择 ABI？16 KB 页对齐要满足哪两层？动态加载 .so 有什么新要求？	保留原题证据标注	09-app-practice/14-CPU与体积优化.md#Q23	executor	migrated
09-app-practice/14-CPU与体积优化.md	Q24	"资源体积优化中，""删""与""换""分别要守住哪些边界？"	todo		a2196e5c330571f6	"资源体积优化中，""删""与""换""分别要守住哪些边界？"	keep	16-app-practice/16-cpu-size-optimization.md	Q24	"资源体积优化中，""删""与""换""分别要守住哪些边界？"	保留原题证据标注	09-app-practice/14-CPU与体积优化.md#Q24	executor	migrated
09-app-practice/14-CPU与体积优化.md	Q25	AAB 上传后设备实际收到什么？bundletool get-size total 两条命令为什么不能相减？	todo		00bfeabd0b5a8ed5	AAB 上传后设备实际收到什么？bundletool get-size total 两条命令为什么不能相减？	keep	16-app-practice/16-cpu-size-optimization.md	Q25	AAB 上传后设备实际收到什么？bundletool get-size total 两条命令为什么不能相减？	保留原题证据标注	09-app-practice/14-CPU与体积优化.md#Q25	executor	migrated
09-app-practice/14-CPU与体积优化.md	Q26	on-demand 动态特性模块的工程边界有哪些？为什么 base 不能引用 feature 的实现类？	todo		d46e990d3034d34f	on-demand 动态特性模块的工程边界有哪些？为什么 base 不能引用 feature 的实现类？	keep	16-app-practice/16-cpu-size-optimization.md	Q26	on-demand 动态特性模块的工程边界有哪些？为什么 base 不能引用 feature 的实现类？	保留原题证据标注	09-app-practice/14-CPU与体积优化.md#Q26	executor	migrated
09-app-practice/14-CPU与体积优化.md	Q27	"非 Play 渠道怎么替代 AAB 能力？为什么""运行时下载 DEX/SO""不能当体积方案？"	todo		cbce4277d91e76b4	"非 Play 渠道怎么替代 AAB 能力？为什么""运行时下载 DEX/SO""不能当体积方案？"	keep	16-app-practice/16-cpu-size-optimization.md	Q27	"非 Play 渠道怎么替代 AAB 能力？为什么""运行时下载 DEX/SO""不能当体积方案？"	保留原题证据标注	09-app-practice/14-CPU与体积优化.md#Q27	executor	migrated
09-app-practice/15-可观测性-体系与治理.md	Q1	指标、日志、追踪三类可观测性信号分别回答什么问题？为什么不能共用同一套存储、标签和采样规则？	todo		dbd09b3db5e238a5	指标、日志、追踪三类可观测性信号分别回答什么问题？为什么不能共用同一套存储、标签和采样规则？	keep	16-app-practice/17-observability-governance.md	Q1	指标、日志、追踪三类可观测性信号分别回答什么问题？为什么不能共用同一套存储、标签和采样规则？	保留原题证据标注	09-app-practice/15-可观测性-体系与治理.md#Q1	executor	migrated
09-app-practice/15-可观测性-体系与治理.md	Q2	可观测性事件为什么同时保存墙钟与单调时钟？最小事件信封应包含哪些字段？	todo		0f797807c7ef30ed	可观测性事件为什么同时保存墙钟与单调时钟？最小事件信封应包含哪些字段？	keep	16-app-practice/17-observability-governance.md	Q2	可观测性事件为什么同时保存墙钟与单调时钟？最小事件信封应包含哪些字段？	保留原题证据标注	09-app-practice/15-可观测性-体系与治理.md#Q2	executor	migrated
09-app-practice/15-可观测性-体系与治理.md	Q3	高频性能事件的采样为什么用确定性分桶而不是逐事件随机？纳入概率为什么必须随事件上报？	todo		e8a396ef3267a374	高频性能事件的采样为什么用确定性分桶而不是逐事件随机？纳入概率为什么必须随事件上报？	keep	16-app-practice/17-observability-governance.md	Q3	高频性能事件的采样为什么用确定性分桶而不是逐事件随机？纳入概率为什么必须随事件上报？	保留原题证据标注	09-app-practice/15-可观测性-体系与治理.md#Q3	executor	migrated
09-app-practice/15-可观测性-体系与治理.md	Q4	"监控 SDK 为什么必须""主线程只入队""？普通 App 能采到哪些系统层信号，哪些采不到？"	todo		dd057e8e891e5e88	"监控 SDK 为什么必须""主线程只入队""？普通 App 能采到哪些系统层信号，哪些采不到？"	keep	16-app-practice/17-observability-governance.md	Q4	"监控 SDK 为什么必须""主线程只入队""？普通 App 能采到哪些系统层信号，哪些采不到？"	保留原题证据标注	09-app-practice/15-可观测性-体系与治理.md#Q4	executor	migrated
09-app-practice/15-可观测性-体系与治理.md	Q5	"Crash SDK 的""捕获、序列化、持久化、上报""四段各做什么？为什么上报要交给下次启动？"	todo		1c24fceb29b6fe7d	"Crash SDK 的""捕获、序列化、持久化、上报""四段各做什么？为什么上报要交给下次启动？"	keep	16-app-practice/17-observability-governance.md	Q5	"Crash SDK 的""捕获、序列化、持久化、上报""四段各做什么？为什么上报要交给下次启动？"	保留原题证据标注	09-app-practice/15-可观测性-体系与治理.md#Q5	executor	migrated
09-app-practice/15-可观测性-体系与治理.md	Q6	多进程应用的崩溃采集怎么归集？isolated 进程有什么限制？	todo		da1a157d4f87110a	多进程应用的崩溃采集怎么归集？isolated 进程有什么限制？	keep	16-app-practice/17-observability-governance.md	Q6	多进程应用的崩溃采集怎么归集？isolated 进程有什么限制？	保留原题证据标注	09-app-practice/15-可观测性-体系与治理.md#Q6	executor	migrated
09-app-practice/15-可观测性-体系与治理.md	Q7	用 ApplicationExitInfo 补偿崩溃采集时，为什么同一事件可能被 SDK 和系统历史各记一次？怎么去重？	todo		306a4e4bcca8ffcf	用 ApplicationExitInfo 补偿崩溃采集时，为什么同一事件可能被 SDK 和系统历史各记一次？怎么去重？	keep	16-app-practice/17-observability-governance.md	Q7	用 ApplicationExitInfo 补偿崩溃采集时，为什么同一事件可能被 SDK 和系统历史各记一次？怎么去重？	保留原题证据标注	09-app-practice/15-可观测性-体系与治理.md#Q7	executor	migrated
09-app-practice/15-可观测性-体系与治理.md	Q8	发布构建的符号化产物为什么要与二进制绑定归档？缺 mapping 时门禁应该怎么做？	todo		a9cb862114386706	发布构建的符号化产物为什么要与二进制绑定归档？缺 mapping 时门禁应该怎么做？	keep	16-app-practice/17-observability-governance.md	Q8	发布构建的符号化产物为什么要与二进制绑定归档？缺 mapping 时门禁应该怎么做？	保留原题证据标注	09-app-practice/15-可观测性-体系与治理.md#Q8	executor	migrated
09-app-practice/15-可观测性-体系与治理.md	Q9	"ANR 监控为什么要分""端侧疑似、系统预警、系统确认""三层？"	todo		1c83f00642e42c18	"ANR 监控为什么要分""端侧疑似、系统预警、系统确认""三层？"	keep	16-app-practice/17-observability-governance.md	Q9	"ANR 监控为什么要分""端侧疑似、系统预警、系统确认""三层？"	保留原题证据标注	09-app-practice/15-可观测性-体系与治理.md#Q9	executor	migrated
09-app-practice/15-可观测性-体系与治理.md	Q10	"线上排障的推进顺序是什么？""证据等级""为什么要区分 A–D？"	todo		f643a6bafcaa29f5	"线上排障的推进顺序是什么？""证据等级""为什么要区分 A–D？"	keep	16-app-practice/17-observability-governance.md	Q10	"线上排障的推进顺序是什么？""证据等级""为什么要区分 A–D？"	保留原题证据标注	09-app-practice/15-可观测性-体系与治理.md#Q10	executor	migrated
09-app-practice/15-可观测性-体系与治理.md	Q11	远程日志与动态日志级别要控制哪三类成本？哪些字段永远不该进日志？	todo		c5633b037853c4e9	远程日志与动态日志级别要控制哪三类成本？哪些字段永远不该进日志？	keep	16-app-practice/17-observability-governance.md	Q11	远程日志与动态日志级别要控制哪三类成本？哪些字段永远不该进日志？	保留原题证据标注	09-app-practice/15-可观测性-体系与治理.md#Q11	executor	migrated
09-app-practice/15-可观测性-体系与治理.md	Q12	诊断命令通道的安全设计要点是什么？为什么不能通过它下发可执行代码？	todo		8eefdb9c1fef107c	诊断命令通道的安全设计要点是什么？为什么不能通过它下发可执行代码？	keep	16-app-practice/17-observability-governance.md	Q12	诊断命令通道的安全设计要点是什么？为什么不能通过它下发可执行代码？	保留原题证据标注	09-app-practice/15-可观测性-体系与治理.md#Q12	executor	migrated
09-app-practice/15-可观测性-体系与治理.md	Q13	非 Play 渠道与国内 ROM 场景，可观测性会缺什么？怎么补齐而不误判？	todo		ac93e6a9eed23799	非 Play 渠道与国内 ROM 场景，可观测性会缺什么？怎么补齐而不误判？	keep	16-app-practice/17-observability-governance.md	Q13	非 Play 渠道与国内 ROM 场景，可观测性会缺什么？怎么补齐而不误判？	保留原题证据标注	09-app-practice/15-可观测性-体系与治理.md#Q13	executor	migrated
09-app-practice/15-可观测性-体系与治理.md	Q14	"性能 A/B 实验的随机化单元和暴露口径怎么定？为什么""只分析成功激活的用户""会引入偏差？"	todo		b3679322a4df4fbc	"性能 A/B 实验的随机化单元和暴露口径怎么定？为什么""只分析成功激活的用户""会引入偏差？"	keep	16-app-practice/17-observability-governance.md	Q14	"性能 A/B 实验的随机化单元和暴露口径怎么定？为什么""只分析成功激活的用户""会引入偏差？"	保留原题证据标注	09-app-practice/15-可观测性-体系与治理.md#Q14	executor	migrated
09-app-practice/15-可观测性-体系与治理.md	Q15	用 P90/P99 做实验主指标时，判定协议与均值有什么不同？分群分位值能加权相加吗？	todo		ba5e17e5812f3d00	用 P90/P99 做实验主指标时，判定协议与均值有什么不同？分群分位值能加权相加吗？	keep	16-app-practice/17-observability-governance.md	Q15	用 P90/P99 做实验主指标时，判定协议与均值有什么不同？分群分位值能加权相加吗？	保留原题证据标注	09-app-practice/15-可观测性-体系与治理.md#Q15	executor	migrated
09-app-practice/15-可观测性-体系与治理.md	Q16	SRM（样本比例失衡）检查为什么必须先于性能指标判断？常见原因有哪些？	todo		3a4c868f9e40a81e	SRM（样本比例失衡）检查为什么必须先于性能指标判断？常见原因有哪些？	keep	16-app-practice/17-observability-governance.md	Q16	SRM（样本比例失衡）检查为什么必须先于性能指标判断？常见原因有哪些？	保留原题证据标注	09-app-practice/15-可观测性-体系与治理.md#Q16	executor	migrated
09-app-practice/15-可观测性-体系与治理.md	Q17	把 Macrobenchmark 接进 CI 门禁，指标可用性与基线选择有哪些硬边界？	todo		fe2bdd505853961a	把 Macrobenchmark 接进 CI 门禁，指标可用性与基线选择有哪些硬边界？	keep	16-app-practice/17-observability-governance.md	Q17	把 Macrobenchmark 接进 CI 门禁，指标可用性与基线选择有哪些硬边界？	保留原题证据标注	09-app-practice/15-可观测性-体系与治理.md#Q17	executor	migrated
09-app-practice/15-可观测性-体系与治理.md	Q18	发版门禁应检查哪些域？产物身份为什么要先冻结？	todo		9702443b5f815d93	发版门禁应检查哪些域？产物身份为什么要先冻结？	keep	16-app-practice/17-observability-governance.md	Q18	发版门禁应检查哪些域？产物身份为什么要先冻结？	保留原题证据标注	09-app-practice/15-可观测性-体系与治理.md#Q18	executor	migrated
09-app-practice/15-可观测性-体系与治理.md	Q19	"staged rollout 的 userFraction、暂停（halt）与""回滚""各是什么语义？灰度期间为什么不能只看崩溃率？"	todo		4f2cfb316ac908b9	"staged rollout 的 userFraction、暂停（halt）与""回滚""各是什么语义？灰度期间为什么不能只看崩溃率？"	keep	16-app-practice/17-observability-governance.md	Q19	"staged rollout 的 userFraction、暂停（halt）与""回滚""各是什么语义？灰度期间为什么不能只看崩溃率？"	保留原题证据标注	09-app-practice/15-可观测性-体系与治理.md#Q19	executor	migrated
09-app-practice/15-可观测性-体系与治理.md	Q20	App Performance Score 的静态分与动态分分别评估什么？分数怎么转换成工程任务？	todo		ad69abbc01ad6902	App Performance Score 的静态分与动态分分别评估什么？分数怎么转换成工程任务？	keep	16-app-practice/17-observability-governance.md	Q20	App Performance Score 的静态分与动态分分别评估什么？分数怎么转换成工程任务？	保留原题证据标注	09-app-practice/15-可观测性-体系与治理.md#Q20	executor	migrated
09-app-practice/15-可观测性-体系与治理.md	Q21	getHistoricalProcessExitReasons() 的三个参数怎么用？历史容量有多大？	todo		e3a9e53cdcd8f964	getHistoricalProcessExitReasons() 的三个参数怎么用？历史容量有多大？	keep	16-app-practice/17-observability-governance.md	Q21	getHistoricalProcessExitReasons() 的三个参数怎么用？历史容量有多大？	保留原题证据标注	09-app-practice/15-可观测性-体系与治理.md#Q21	executor	migrated
09-app-practice/15-可观测性-体系与治理.md	Q22	ApplicationExitInfo 的 reason 与 status 怎么解释？哪些 reason 容易误判？	todo		0ba1a096b67903fa	ApplicationExitInfo 的 reason 与 status 怎么解释？哪些 reason 容易误判？	keep	16-app-practice/17-observability-governance.md	Q22	ApplicationExitInfo 的 reason 与 status 怎么解释？哪些 reason 容易误判？	保留原题证据标注	09-app-practice/15-可观测性-体系与治理.md#Q22	executor	migrated
09-app-practice/15-可观测性-体系与治理.md	Q23	ApplicationExitInfo 的 trace 附件有哪些读取边界？	todo		449bbc8defda1cb7	ApplicationExitInfo 的 trace 附件有哪些读取边界？	keep	16-app-practice/17-observability-governance.md	Q23	ApplicationExitInfo 的 trace 附件有哪些读取边界？	保留原题证据标注	09-app-practice/15-可观测性-体系与治理.md#Q23	executor	migrated
09-app-practice/15-可观测性-体系与治理.md	Q24	ProfilingManager 与 ProfilingTrigger 的能力从哪个版本开始？AAOS13 上能用吗？结果为什么可能没有？	todo		6730fe1062dde235	ProfilingManager 与 ProfilingTrigger 的能力从哪个版本开始？AAOS13 上能用吗？结果为什么可能没有？	keep	16-app-practice/17-observability-governance.md	Q24	ProfilingManager 与 ProfilingTrigger 的能力从哪个版本开始？AAOS13 上能用吗？结果为什么可能没有？	保留原题证据标注	09-app-practice/15-可观测性-体系与治理.md#Q24	executor	migrated
09-app-practice/15-可观测性-体系与治理.md	Q25	ApplicationStartInfo 给启动样本补了什么？它和 TTID/TTFD、业务埋点是什么关系？	todo		3603220b08e70cc3	ApplicationStartInfo 给启动样本补了什么？它和 TTID/TTFD、业务埋点是什么关系？	keep	16-app-practice/17-observability-governance.md	Q25	ApplicationStartInfo 给启动样本补了什么？它和 TTID/TTFD、业务埋点是什么关系？	保留原题证据标注	09-app-practice/15-可观测性-体系与治理.md#Q25	executor	migrated
09-app-practice/15-可观测性-体系与治理.md	Q26	读 ApplicationStartInfo 时为什么先看 startupState 再看 startType？时间戳相减要满足什么条件？	todo		e299e3f0bf2e0323	读 ApplicationStartInfo 时为什么先看 startupState 再看 startType？时间戳相减要满足什么条件？	keep	16-app-practice/17-observability-governance.md	Q26	读 ApplicationStartInfo 时为什么先看 startupState 再看 startType？时间戳相减要满足什么条件？	保留原题证据标注	09-app-practice/15-可观测性-体系与治理.md#Q26	executor	migrated
09-app-practice/15-可观测性-体系与治理.md	Q27	线上冷启动 SLA 应该统计哪些启动？ApplicationStartInfo 与 ApplicationExitInfo 怎么关联？	todo		468bf038398624f0	线上冷启动 SLA 应该统计哪些启动？ApplicationStartInfo 与 ApplicationExitInfo 怎么关联？	keep	16-app-practice/17-observability-governance.md	Q27	线上冷启动 SLA 应该统计哪些启动？ApplicationStartInfo 与 ApplicationExitInfo 怎么关联？	保留原题证据标注	09-app-practice/15-可观测性-体系与治理.md#Q27	executor	migrated
09-app-practice/16-可观测性-线上诊断.md	Q1	Android Vitals 与内部 APM 是两套什么口径的数据？为什么内部 crash-free 率和 Play 的 user-perceived crash rate 不能放在同一张图上直接比较？	todo		a7e292f762c5481d	Android Vitals 与内部 APM 是两套什么口径的数据？为什么内部 crash-free 率和 Play 的 user-perceived crash rate 不能放在同一张图上直接比较？	keep	16-app-practice/18-observability-diagnostics.md	Q1	Android Vitals 与内部 APM 是两套什么口径的数据？为什么内部 crash-free 率和 Play 的 user-perceived crash rate 不能放在同一张图上直接比较？	保留原题证据标注	09-app-practice/16-可观测性-线上诊断.md#Q1	executor	migrated
09-app-practice/16-可观测性-线上诊断.md	Q2	2026 年 Play 的 core vitals 有哪些指标、阈值是多少？整体阈值与机型阈值分别约束什么范围？	todo		2c7a93fbf639e0c8	2026 年 Play 的 core vitals 有哪些指标、阈值是多少？整体阈值与机型阈值分别约束什么范围？	keep	16-app-practice/18-observability-diagnostics.md	Q2	2026 年 Play 的 core vitals 有哪些指标、阈值是多少？整体阈值与机型阈值分别约束什么范围？	保留原题证据标注	09-app-practice/16-可观测性-线上诊断.md#Q2	executor	migrated
09-app-practice/16-可观测性-线上诊断.md	Q3	Vitals 的 user-perceived crash/ANR 与自建 Crash SDK 的口径差在哪？用 Play 聚合数据定位一个崩溃时，三层证据怎么配合？	todo		358e3de071681b54	Vitals 的 user-perceived crash/ANR 与自建 Crash SDK 的口径差在哪？用 Play 聚合数据定位一个崩溃时，三层证据怎么配合？	keep	16-app-practice/18-observability-diagnostics.md	Q3	Vitals 的 user-perceived crash/ANR 与自建 Crash SDK 的口径差在哪？用 Play 聚合数据定位一个崩溃时，三层证据怎么配合？	保留原题证据标注	09-app-practice/16-可观测性-线上诊断.md#Q3	executor	migrated
09-app-practice/16-可观测性-线上诊断.md	Q4	"Play 的 slow startup、frozen frame、user-perceived LMK 各自的统计边界是什么？为什么""这一帧超过 700 ms""推不出 ANR，""LMK 高于 1%""不能写进发版门禁？"	todo		9be76a458226ff70	"Play 的 slow startup、frozen frame、user-perceived LMK 各自的统计边界是什么？为什么""这一帧超过 700 ms""推不出 ANR，""LMK 高于 1%""不能写进发版门禁？"	keep	16-app-practice/18-observability-diagnostics.md	Q4	"Play 的 slow startup、frozen frame、user-perceived LMK 各自的统计边界是什么？为什么""这一帧超过 700 ms""推不出 ANR，""LMK 高于 1%""不能写进发版门禁？"	保留原题证据标注	09-app-practice/16-可观测性-线上诊断.md#Q4	executor	migrated
09-app-practice/16-可观测性-线上诊断.md	Q5	"用 Play Developer Reporting API 把 Vitals 数据入仓时，哪些口径错误会让曲线""看似完整""却不可信？"	todo		959830b29c6d4acd	"用 Play Developer Reporting API 把 Vitals 数据入仓时，哪些口径错误会让曲线""看似完整""却不可信？"	keep	16-app-practice/18-observability-diagnostics.md	Q5	"用 Play Developer Reporting API 把 Vitals 数据入仓时，哪些口径错误会让曲线""看似完整""却不可信？"	保留原题证据标注	09-app-practice/16-可观测性-线上诊断.md#Q5	executor	migrated
09-app-practice/16-可观测性-线上诊断.md	Q6	"一次""打开页面卡住""要建哪些存储观测事件？为什么 wall time 与 CPU time 必须分开记录、事件必须带 scope？"	todo		34d5029b5697992a	"一次""打开页面卡住""要建哪些存储观测事件？为什么 wall time 与 CPU time 必须分开记录、事件必须带 scope？"	keep	16-app-practice/18-observability-diagnostics.md	Q6	"一次""打开页面卡住""要建哪些存储观测事件？为什么 wall time 与 CPU time 必须分开记录、事件必须带 scope？"	保留原题证据标注	09-app-practice/16-可观测性-线上诊断.md#Q6	executor	migrated
09-app-practice/16-可观测性-线上诊断.md	Q7	线上 I/O 采集为什么优先公开 API 回调而不是 Native Hook？直接 Hook libc 的 read/write 要逐项验证什么？	todo		34619f4a9a4861ac	线上 I/O 采集为什么优先公开 API 回调而不是 Native Hook？直接 Hook libc 的 read/write 要逐项验证什么？	keep	16-app-practice/18-observability-diagnostics.md	Q7	线上 I/O 采集为什么优先公开 API 回调而不是 Native Hook？直接 Hook libc 的 read/write 要逐项验证什么？	保留原题证据标注	09-app-practice/16-可观测性-线上诊断.md#Q7	executor	migrated
09-app-practice/16-可观测性-线上诊断.md	Q8	"StrictMode 能证明""主线程发生了磁盘操作""吗？能测出这次 I/O 花了多久吗？为什么不能反射替换 CloseGuard 的 reporter 做长期监控？"	todo		a8f22a7f4a0bfa65	"StrictMode 能证明""主线程发生了磁盘操作""吗？能测出这次 I/O 花了多久吗？为什么不能反射替换 CloseGuard 的 reporter 做长期监控？"	keep	16-app-practice/18-observability-diagnostics.md	Q8	"StrictMode 能证明""主线程发生了磁盘操作""吗？能测出这次 I/O 花了多久吗？为什么不能反射替换 CloseGuard 的 reporter 做长期监控？"	保留原题证据标注	09-app-practice/16-可观测性-线上诊断.md#Q8	executor	migrated
09-app-practice/16-可观测性-线上诊断.md	Q9	一个 DAO 方法耗时 300 ms，怎么分层定位慢在 SQL 本身、连接等待还是结果映射？验证查询计划时要注意什么？	todo		82330e23b7d5934d	一个 DAO 方法耗时 300 ms，怎么分层定位慢在 SQL 本身、连接等待还是结果映射？验证查询计划时要注意什么？	keep	16-app-practice/18-observability-diagnostics.md	Q9	一个 DAO 方法耗时 300 ms，怎么分层定位慢在 SQL 本身、连接等待还是结果映射？验证查询计划时要注意什么？	保留原题证据标注	09-app-practice/16-可观测性-线上诊断.md#Q9	executor	migrated
09-app-practice/16-可观测性-线上诊断.md	Q10	Android 框架内部的 SQLite 诊断信息（OperationLog、语句缓存统计、慢查询开关）能搬进普通 App 吗？AAOS13 与 Android 17 有什么差异？	todo		027a72d8b05a7e97	Android 框架内部的 SQLite 诊断信息（OperationLog、语句缓存统计、慢查询开关）能搬进普通 App 吗？AAOS13 与 Android 17 有什么差异？	keep	16-app-practice/18-observability-diagnostics.md	Q10	Android 框架内部的 SQLite 诊断信息（OperationLog、语句缓存统计、慢查询开关）能搬进普通 App 吗？AAOS13 与 Android 17 有什么差异？	保留原题证据标注	09-app-practice/16-可观测性-线上诊断.md#Q10	executor	migrated
09-app-practice/16-可观测性-线上诊断.md	Q11	"SQLite 报错按 message 搜 ""corrupt"" 为什么不可靠？发现损坏后的恢复策略要区分什么？远程清理要满足什么条件？"	todo		2d3ca136b272264e	"SQLite 报错按 message 搜 ""corrupt"" 为什么不可靠？发现损坏后的恢复策略要区分什么？远程清理要满足什么条件？"	keep	16-app-practice/18-observability-diagnostics.md	Q11	"SQLite 报错按 message 搜 ""corrupt"" 为什么不可靠？发现损坏后的恢复策略要区分什么？远程清理要满足什么条件？"	保留原题证据标注	09-app-practice/16-可观测性-线上诊断.md#Q11	executor	migrated
09-app-practice/16-可观测性-线上诊断.md	Q12	网络质量监控为什么要同时保留客户端、接入层、系统网络状态三层观察？接入层没有这条请求记录时能丢弃客户端样本吗？	todo		b2e1d43aae7aa359	网络质量监控为什么要同时保留客户端、接入层、系统网络状态三层观察？接入层没有这条请求记录时能丢弃客户端样本吗？	keep	16-app-practice/18-observability-diagnostics.md	Q12	网络质量监控为什么要同时保留客户端、接入层、系统网络状态三层观察？接入层没有这条请求记录时能丢弃客户端样本吗？	保留原题证据标注	09-app-practice/16-可观测性-线上诊断.md#Q12	executor	migrated
09-app-practice/16-可观测性-线上诊断.md	Q13	"OkHttp EventListener 和 Cronet Metrics 的阶段事件为什么不能假设序列固定？连接复用时""阶段为空""为什么不能记成 0 ms？"	todo		bfd77d24d000b340	"OkHttp EventListener 和 Cronet Metrics 的阶段事件为什么不能假设序列固定？连接复用时""阶段为空""为什么不能记成 0 ms？"	keep	16-app-practice/18-observability-diagnostics.md	Q13	"OkHttp EventListener 和 Cronet Metrics 的阶段事件为什么不能假设序列固定？连接复用时""阶段为空""为什么不能记成 0 ms？"	保留原题证据标注	09-app-practice/16-可观测性-线上诊断.md#Q13	executor	migrated
09-app-practice/16-可观测性-线上诊断.md	Q14	TrafficStats 的字节数为什么必须按相邻差值使用？`registerDefaultNetworkCallback()` 之后应该在哪一步读网络属性？	todo		05373e9cc0b41718	TrafficStats 的字节数为什么必须按相邻差值使用？`registerDefaultNetworkCallback()` 之后应该在哪一步读网络属性？	keep	16-app-practice/18-observability-diagnostics.md	Q14	TrafficStats 的字节数为什么必须按相邻差值使用？`registerDefaultNetworkCallback()` 之后应该在哪一步读网络属性？	保留原题证据标注	09-app-practice/16-可观测性-线上诊断.md#Q14	executor	migrated
09-app-practice/16-可观测性-线上诊断.md	Q15	功耗分析常把哪四类不同性质的数据混为一谈？Battery Historian 能回答其中哪个、不能回答哪个？	todo		e9761b8bee2b77ce	功耗分析常把哪四类不同性质的数据混为一谈？Battery Historian 能回答其中哪个、不能回答哪个？	keep	16-app-practice/18-observability-diagnostics.md	Q15	功耗分析常把哪四类不同性质的数据混为一谈？Battery Historian 能回答其中哪个、不能回答哪个？	保留原题证据标注	09-app-practice/16-可观测性-线上诊断.md#Q15	executor	migrated
09-app-practice/16-可观测性-线上诊断.md	Q16	"API 35 的 `PowerMonitor` 读数为什么""单次累计值没有场景意义""？AAOS13 上能用吗？"	todo		7f1942448b03cde4	"API 35 的 `PowerMonitor` 读数为什么""单次累计值没有场景意义""？AAOS13 上能用吗？"	keep	16-app-practice/18-observability-diagnostics.md	Q16	"API 35 的 `PowerMonitor` 读数为什么""单次累计值没有场景意义""？AAOS13 上能用吗？"	保留原题证据标注	09-app-practice/16-可观测性-线上诊断.md#Q16	executor	migrated
09-app-practice/16-可观测性-线上诊断.md	Q17	普通 App 在 Android 13/17 上还能从系统读到哪些功耗相关数据？哪些路径走不通？	todo		5f3931ad9edee970	普通 App 在 Android 13/17 上还能从系统读到哪些功耗相关数据？哪些路径走不通？	keep	16-app-practice/18-observability-diagnostics.md	Q17	普通 App 在 Android 13/17 上还能从系统读到哪些功耗相关数据？哪些路径走不通？	保留原题证据标注	09-app-practice/16-可观测性-线上诊断.md#Q17	executor	migrated
09-app-practice/16-可观测性-线上诊断.md	Q18	"验证一个""后台同步更省电""的改动，为什么""功率降低了""或""时间线更安静了""都不算结论？网络功耗的固定排名（Wi-Fi 低、5G 高）为什么不可用？"	todo		a5b7f1f576fba300	"验证一个""后台同步更省电""的改动，为什么""功率降低了""或""时间线更安静了""都不算结论？网络功耗的固定排名（Wi-Fi 低、5G 高）为什么不可用？"	keep	16-app-practice/18-observability-diagnostics.md	Q18	"验证一个""后台同步更省电""的改动，为什么""功率降低了""或""时间线更安静了""都不算结论？网络功耗的固定排名（Wi-Fi 低、5G 高）为什么不可用？"	保留原题证据标注	09-app-practice/16-可观测性-线上诊断.md#Q18	executor	migrated
09-app-practice/16-可观测性-线上诊断.md	Q19	"字节码插桩能改什么、不能改什么？""无业务手写埋点""为什么仍不等于零侵入？"	todo		1f222d50a095bc5b	"字节码插桩能改什么、不能改什么？""无业务手写埋点""为什么仍不等于零侵入？"	keep	16-app-practice/18-observability-diagnostics.md	Q19	"字节码插桩能改什么、不能改什么？""无业务手写埋点""为什么仍不等于零侵入？"	保留原题证据标注	09-app-practice/16-可观测性-线上诊断.md#Q19	executor	migrated
09-app-practice/16-可观测性-线上诊断.md	Q20	Transform API 已经怎样了？用 AGP Instrumentation API 注册 `AsmClassVisitorFactory` 要遵守哪些约束？	todo		645a88224350de9f	Transform API 已经怎样了？用 AGP Instrumentation API 注册 `AsmClassVisitorFactory` 要遵守哪些约束？	keep	16-app-practice/18-observability-diagnostics.md	Q20	Transform API 已经怎样了？用 AGP Instrumentation API 注册 `AsmClassVisitorFactory` 要遵守哪些约束？	保留原题证据标注	09-app-practice/16-可观测性-线上诊断.md#Q20	executor	migrated
09-app-practice/16-可观测性-线上诊断.md	Q21	给方法插 `Trace.beginSection()/endSection()` 时，为什么只检查 RETURN 和 ATHROW 两条退出路径不够？section 名称与协程有什么限制？	todo		2b91428d82f0b5ad	给方法插 `Trace.beginSection()/endSection()` 时，为什么只检查 RETURN 和 ATHROW 两条退出路径不够？section 名称与协程有什么限制？	keep	16-app-practice/18-observability-diagnostics.md	Q21	给方法插 `Trace.beginSection()/endSection()` 时，为什么只检查 RETURN 和 ATHROW 两条退出路径不够？section 名称与协程有什么限制？	保留原题证据标注	09-app-practice/16-可观测性-线上诊断.md#Q21	executor	migrated
09-app-practice/16-可观测性-线上诊断.md	Q22	"插桩产物进入 R8 之后，为什么必须在 minified release 上验证 trace？""注入直接调用""和""反射桥接""对 keep 规则的要求差在哪？"	todo		b727f672361f5879	"插桩产物进入 R8 之后，为什么必须在 minified release 上验证 trace？""注入直接调用""和""反射桥接""对 keep 规则的要求差在哪？"	keep	16-app-practice/18-observability-diagnostics.md	Q22	"插桩产物进入 R8 之后，为什么必须在 minified release 上验证 trace？""注入直接调用""和""反射桥接""对 keep 规则的要求差在哪？"	保留原题证据标注	09-app-practice/16-可观测性-线上诊断.md#Q22	executor	migrated
09-app-practice/16-可观测性-线上诊断.md	Q23	在量产 user build 上，谁有权对一个应用做 native heap 采样？普通 App 想在线上采自己的堆 profile 应走哪条路？	todo		903776441161ef5f	在量产 user build 上，谁有权对一个应用做 native heap 采样？普通 App 想在线上采自己的堆 profile 应走哪条路？	keep	16-app-practice/18-observability-diagnostics.md	Q23	在量产 user build 上，谁有权对一个应用做 native heap 采样？普通 App 想在线上采自己的堆 profile 应走哪条路？	保留原题证据标注	09-app-practice/16-可观测性-线上诊断.md#Q23	executor	migrated
09-app-practice/16-可观测性-线上诊断.md	Q24	"用 heapprofd 判断 native 泄漏，为什么第一个 dump 不能当基线？哪些""看起来在涨""其实不是 malloc 泄漏？"	todo		4dbae918a215dd52	"用 heapprofd 判断 native 泄漏，为什么第一个 dump 不能当基线？哪些""看起来在涨""其实不是 malloc 泄漏？"	keep	16-app-practice/18-observability-diagnostics.md	Q24	"用 heapprofd 判断 native 泄漏，为什么第一个 dump 不能当基线？哪些""看起来在涨""其实不是 malloc 泄漏？"	保留原题证据标注	09-app-practice/16-可观测性-线上诊断.md#Q24	executor	migrated
09-app-practice/16-可观测性-线上诊断.md	Q25	"普通应用为什么读不了 `/proc/stat` 和 `/proc/loadavg`？""CPU 使用率""的核等价口径与整机占比口径差在哪？"	todo		353c702c93f73ea5	"普通应用为什么读不了 `/proc/stat` 和 `/proc/loadavg`？""CPU 使用率""的核等价口径与整机占比口径差在哪？"	keep	16-app-practice/18-observability-diagnostics.md	Q25	"普通应用为什么读不了 `/proc/stat` 和 `/proc/loadavg`？""CPU 使用率""的核等价口径与整机占比口径差在哪？"	保留原题证据标注	09-app-practice/16-可观测性-线上诊断.md#Q25	executor	migrated
09-app-practice/16-可观测性-线上诊断.md	Q26	`ProcessCpuTracker` 是什么、谁能用？自建采样器从它身上要避开哪些坑？	todo		4b0e34378fc3ab92	`ProcessCpuTracker` 是什么、谁能用？自建采样器从它身上要避开哪些坑？	keep	16-app-practice/18-observability-diagnostics.md	Q26	`ProcessCpuTracker` 是什么、谁能用？自建采样器从它身上要避开哪些坑？	保留原题证据标注	09-app-practice/16-可观测性-线上诊断.md#Q26	executor	migrated
09-app-practice/16-可观测性-线上诊断.md	Q27	minor fault 和 major fault 的计数边界在哪？为什么不能用 Δfaults × 4 KB 估算分配字节？	todo		76cefb33531ee0b9	minor fault 和 major fault 的计数边界在哪？为什么不能用 Δfaults × 4 KB 估算分配字节？	keep	16-app-practice/18-observability-diagnostics.md	Q27	minor fault 和 major fault 的计数边界在哪？为什么不能用 Δfaults × 4 KB 估算分配字节？	保留原题证据标注	09-app-practice/16-可观测性-线上诊断.md#Q27	executor	migrated
09-app-practice/16-可观测性-线上诊断.md	Q28	从系统调用层重建 Binder 调用语义为什么这么难？`BINDER_WRITE_READ` 的 ioctl 耗时能当 Binder RPC 耗时吗？	todo		b02aa14a91541f63	从系统调用层重建 Binder 调用语义为什么这么难？`BINDER_WRITE_READ` 的 ioctl 耗时能当 Binder RPC 耗时吗？	keep	16-app-practice/18-observability-diagnostics.md	Q28	从系统调用层重建 Binder 调用语义为什么这么难？`BINDER_WRITE_READ` 的 ioctl 耗时能当 Binder RPC 耗时吗？	保留原题证据标注	09-app-practice/16-可观测性-线上诊断.md#Q28	executor	migrated
09-app-practice/16-可观测性-线上诊断.md	Q29	"Profilo 的 ATrace provider 到底捕到了什么？""它采集的 trace 与 Perfetto system trace 一样""错在哪？"	todo		c7b7080a4672cfb9	"Profilo 的 ATrace provider 到底捕到了什么？""它采集的 trace 与 Perfetto system trace 一样""错在哪？"	keep	16-app-practice/18-observability-diagnostics.md	Q29	"Profilo 的 ATrace provider 到底捕到了什么？""它采集的 trace 与 Perfetto system trace 一样""错在哪？"	保留原题证据标注	09-app-practice/16-可观测性-线上诊断.md#Q29	executor	migrated
09-app-practice/16-可观测性-线上诊断.md	Q30	新项目要做线上应用内 trace 或系统级追踪，公共选项有哪些？Profilo 的架构还有什么参考价值？	todo		d7400ec8dbaa6984	新项目要做线上应用内 trace 或系统级追踪，公共选项有哪些？Profilo 的架构还有什么参考价值？	keep	16-app-practice/18-observability-diagnostics.md	Q30	新项目要做线上应用内 trace 或系统级追踪，公共选项有哪些？Profilo 的架构还有什么参考价值？	保留原题证据标注	09-app-practice/16-可观测性-线上诊断.md#Q30	executor	migrated
09-app-practice/16-可观测性-线上诊断.md	Q31	JVMTI/ART TI 在 Android 上从哪个版本可用、谁能 attach agent？agent 的生命周期入口有哪些？	todo		dd08d9c30e966ab6	JVMTI/ART TI 在 Android 上从哪个版本可用、谁能 attach agent？agent 的生命周期入口有哪些？	keep	16-app-practice/18-observability-diagnostics.md	Q31	JVMTI/ART TI 在 Android 上从哪个版本可用、谁能 attach agent？agent 的生命周期入口有哪些？	保留原题证据标注	09-app-practice/16-可观测性-线上诊断.md#Q31	executor	migrated
09-app-practice/16-可观测性-线上诊断.md	Q32	"在 ART 上启用 JVMTI 事件和类重定义会改变什么？""任意 agent 都会让全进程永久解释执行""对吗？"	todo		50cab6545cbe9bb3	"在 ART 上启用 JVMTI 事件和类重定义会改变什么？""任意 agent 都会让全进程永久解释执行""对吗？"	keep	16-app-practice/18-observability-diagnostics.md	Q32	"在 ART 上启用 JVMTI 事件和类重定义会改变什么？""任意 agent 都会让全进程永久解释执行""对吗？"	保留原题证据标注	09-app-practice/16-可观测性-线上诊断.md#Q32	executor	migrated
09-app-practice/16-可观测性-线上诊断.md	Q33	"XTrace 这类""线上动态方法追踪""方案的核心机制是什么？""Non-Invasive""应该怎么理解？"	todo		4b547ead92326d92	"XTrace 这类""线上动态方法追踪""方案的核心机制是什么？""Non-Invasive""应该怎么理解？"	keep	16-app-practice/18-observability-diagnostics.md	Q33	"XTrace 这类""线上动态方法追踪""方案的核心机制是什么？""Non-Invasive""应该怎么理解？"	保留原题证据标注	09-app-practice/16-可观测性-线上诊断.md#Q33	executor	migrated
09-app-practice/17-资源与值域注解.md	Q1	Android 的 @DrawableRes 等资源注解会在运行时验证资源类型吗？	todo		0e9170c1f58002b5	Android 的 @DrawableRes 等资源注解会在运行时验证资源类型吗？	keep	16-app-practice/01-resource-annotations.md	Q1	Android 的 @DrawableRes 等资源注解会在运行时验证资源类型吗？	保留原题证据标注	09-app-practice/17-资源与值域注解.md#Q1	executor	migrated
09-app-practice/17-资源与值域注解.md	Q2	Android 的 @IntDef 怎样表达一组允许的整数值？	todo		5e6c5ecf116ee59f	Android 的 @IntDef 怎样表达一组允许的整数值？	keep	16-app-practice/01-resource-annotations.md	Q2	Android 的 @IntDef 怎样表达一组允许的整数值？	保留原题证据标注	09-app-practice/17-资源与值域注解.md#Q2	executor	migrated
09-app-practice/18-应用开发机制与常用API.md	Q1	小规模整数键映射为什么可以考虑 `SparseArray`，它的主要取舍是什么？	todo		a4ed0ace84d51416	小规模整数键映射为什么可以考虑 `SparseArray`，它的主要取舍是什么？	move	02-app-framework/05-collections-annotations.md	Q1	小规模整数键映射为什么可以考虑 `SparseArray`，它的主要取舍是什么？	保留原题证据标注	09-app-practice/18-应用开发机制与常用API.md#Q1	executor	migrated
09-app-practice/18-应用开发机制与常用API.md	Q2	`View.setTag()` 和 keyed tag 适合存什么，如何避免资源键错误与引用泄漏？	todo		f86e9c4dad68672a	`View.setTag()` 和 keyed tag 适合存什么，如何避免资源键错误与引用泄漏？	move	03-ui/02-view.md	Q20	`View.setTag()` 和 keyed tag 适合存什么，如何避免资源键错误与引用泄漏？	保留原题证据标注	09-app-practice/18-应用开发机制与常用API.md#Q2	executor	migrated
09-app-practice/18-应用开发机制与常用API.md	Q3	Java 对象在 Android 进程间传递时，`Parcelable` 与 `Serializable` 应怎样选择？	todo		efc79643926a6407	Java 对象在 Android 进程间传递时，`Parcelable` 与 `Serializable` 应怎样选择？	move	02-app-framework/04-parcel.md	Q1	Java 对象在 Android 进程间传递时，`Parcelable` 与 `Serializable` 应怎样选择？	保留原题证据标注	09-app-practice/18-应用开发机制与常用API.md#Q3	executor	migrated
09-app-practice/18-应用开发机制与常用API.md	Q4	Retrofit 怎样把带注解的 Java 接口变成 HTTP 请求？	todo		3e34fe52c9351b10	Retrofit 怎样把带注解的 Java 接口变成 HTTP 请求？	move	16-app-practice/14-network-practice.md	Q29	Retrofit 怎样把带注解的 Java 接口变成 HTTP 请求？	保留原题证据标注	09-app-practice/18-应用开发机制与常用API.md#Q4	executor	migrated
09-app-practice/18-应用开发机制与常用API.md	Q5	Retrofit 的接口方法如何表达查询参数与表单请求，为什么不应在 UI 回调里直接拼完整 URL？	todo		8e7d61ccadc6f8fa	Retrofit 的接口方法如何表达查询参数与表单请求，为什么不应在 UI 回调里直接拼完整 URL？	move	16-app-practice/14-network-practice.md	Q30	Retrofit 的接口方法如何表达查询参数与表单请求，为什么不应在 UI 回调里直接拼完整 URL？	保留原题证据标注	09-app-practice/18-应用开发机制与常用API.md#Q5	executor	migrated
09-app-practice/18-应用开发机制与常用API.md	Q6	Android 通知渠道解决什么问题，应用能否绕过用户设置强制提高通知重要性？	todo		beb46ac52ddd67ad	Android 通知渠道解决什么问题，应用能否绕过用户设置强制提高通知重要性？	move	11-platform-services/02-notifications.md	Q7	Android 通知渠道解决什么问题，应用能否绕过用户设置强制提高通知重要性？	保留原题证据标注	09-app-practice/18-应用开发机制与常用API.md#Q6	executor	migrated
09-app-practice/18-应用开发机制与常用API.md	Q7	Android SharedPreferences 适合保存什么数据，如何读取一个键值？	todo		f7c542c0f6b14bfc	Android SharedPreferences 适合保存什么数据，如何读取一个键值？	move	06-storage/02-storage-io.md	Q22	Android SharedPreferences 适合保存什么数据，如何读取一个键值？	保留原题证据标注	09-app-practice/18-应用开发机制与常用API.md#Q7	executor	migrated
09-app-practice/18-应用开发机制与常用API.md	Q8	SharedPreferences 如何写入数据并监听键值变化？	todo		26f0c007bc003b27	SharedPreferences 如何写入数据并监听键值变化？	move	06-storage/02-storage-io.md	Q23	SharedPreferences 如何写入数据并监听键值变化？	保留原题证据标注	09-app-practice/18-应用开发机制与常用API.md#Q8	executor	migrated
09-app-practice/18-应用开发机制与常用API.md	Q9	Parcelable 对象如何通过 Parcel 写入并恢复？	todo		48671abcb311c09e	Parcelable 对象如何通过 Parcel 写入并恢复？	move	02-app-framework/04-parcel.md	Q2	Parcelable 对象如何通过 Parcel 写入并恢复？	保留原题证据标注	09-app-practice/18-应用开发机制与常用API.md#Q9	executor	migrated
09-app-practice/19-MVP架构.md	Q1	Android MVP 中 Model、View 和 Presenter 各自负责什么？	todo		7b55641f901e24da	Android MVP 中 Model、View 和 Presenter 各自负责什么？	keep	16-app-practice/02-mvp-architecture.md	Q1	Android MVP 中 Model、View 和 Presenter 各自负责什么？	保留原题证据标注	09-app-practice/19-MVP架构.md#Q1	executor	migrated
09-app-practice/19-MVP架构.md	Q2	MVP 中 Presenter 如何通过接口解耦 View 与 Model？	todo		e7cdf1c35a88ba82	MVP 中 Presenter 如何通过接口解耦 View 与 Model？	keep	16-app-practice/02-mvp-architecture.md	Q2	MVP 中 Presenter 如何通过接口解耦 View 与 Model？	保留原题证据标注	09-app-practice/19-MVP架构.md#Q2	executor	migrated
09-app-practice/19-MVP架构.md	Q3	多个 UI 模块应共用一个 Presenter 还是拆成多个 MVP 组合？	todo		15839f7694aa388b	多个 UI 模块应共用一个 Presenter 还是拆成多个 MVP 组合？	keep	16-app-practice/02-mvp-architecture.md	Q3	多个 UI 模块应共用一个 Presenter 还是拆成多个 MVP 组合？	保留原题证据标注	09-app-practice/19-MVP架构.md#Q3	executor	migrated
09-app-practice/19-MVP架构.md	Q4	登录模块的 MVP 契约怎样表达输入和结果？	todo		60e8653514586b1b	登录模块的 MVP 契约怎样表达输入和结果？	keep	16-app-practice/02-mvp-architecture.md	Q4	登录模块的 MVP 契约怎样表达输入和结果？	保留原题证据标注	09-app-practice/19-MVP架构.md#Q4	executor	migrated
09-app-practice/19-MVP架构.md	Q5	MVP 中异步请求、页面销毁和内存泄漏应如何协调？	todo		f302174b0db0a94a	MVP 中异步请求、页面销毁和内存泄漏应如何协调？	keep	16-app-practice/02-mvp-architecture.md	Q5	MVP 中异步请求、页面销毁和内存泄漏应如何协调？	保留原题证据标注	09-app-practice/19-MVP架构.md#Q5	executor	migrated
09-app-practice/19-MVP架构.md	Q6	MVP 是否更容易单元测试，BaseActivity 和 BasePresenter 有什么取舍？	todo		59cfd93fce6b8d95	MVP 是否更容易单元测试，BaseActivity 和 BasePresenter 有什么取舍？	keep	16-app-practice/02-mvp-architecture.md	Q6	MVP 是否更容易单元测试，BaseActivity 和 BasePresenter 有什么取舍？	保留原题证据标注	09-app-practice/19-MVP架构.md#Q6	executor	migrated
10-tools/01-Perfetto-采集与SQL分析.md	Q1	Perfetto 由哪些部分组成，为什么跨线程、跨进程的时间关系问题要优先用它而不是日志和单次堆栈？	todo		1d339ad3566f1f8f	Perfetto 由哪些部分组成，为什么跨线程、跨进程的时间关系问题要优先用它而不是日志和单次堆栈？	keep	17-tools/04-perfetto-sql.md	Q1	Perfetto 由哪些部分组成，为什么跨线程、跨进程的时间关系问题要优先用它而不是日志和单次堆栈？	保留原题证据标注	10-tools/01-Perfetto-采集与SQL分析.md#Q1	executor	migrated
10-tools/01-Perfetto-采集与SQL分析.md	Q2	`traced` 与 `traced_probes` 在采集链路中各负责什么？为什么不能说 `traced_probes` 以 root 运行？	todo		937d199a6bfa5886	`traced` 与 `traced_probes` 在采集链路中各负责什么？为什么不能说 `traced_probes` 以 root 运行？	keep	17-tools/04-perfetto-sql.md	Q2	`traced` 与 `traced_probes` 在采集链路中各负责什么？为什么不能说 `traced_probes` 以 root 运行？	保留原题证据标注	10-tools/01-Perfetto-采集与SQL分析.md#Q2	executor	migrated
10-tools/01-Perfetto-采集与SQL分析.md	Q3	从 Android 9 到 Android 12+，向 `perfetto` CLI 传入采集配置的方式有什么版本差异？	todo		30ac857510d082d3	从 Android 9 到 Android 12+，向 `perfetto` CLI 传入采集配置的方式有什么版本差异？	keep	17-tools/04-perfetto-sql.md	Q3	从 Android 9 到 Android 12+，向 `perfetto` CLI 传入采集配置的方式有什么版本差异？	保留原题证据标注	10-tools/01-Perfetto-采集与SQL分析.md#Q3	executor	migrated
10-tools/01-Perfetto-采集与SQL分析.md	Q4	`TraceConfig` 的 `fill_policy` 与 long trace 写盘字段分别决定什么？	todo		09102589272d4861	`TraceConfig` 的 `fill_policy` 与 long trace 写盘字段分别决定什么？	keep	17-tools/04-perfetto-sql.md	Q4	`TraceConfig` 的 `fill_policy` 与 long trace 写盘字段分别决定什么？	保留原题证据标注	10-tools/01-Perfetto-采集与SQL分析.md#Q4	executor	migrated
10-tools/01-Perfetto-采集与SQL分析.md	Q5	常见 data source 各有哪些版本与权限门槛？user build 上为什么有些能力抓不到？	todo		3a57451ebf01c484	常见 data source 各有哪些版本与权限门槛？user build 上为什么有些能力抓不到？	keep	17-tools/04-perfetto-sql.md	Q5	常见 data source 各有哪些版本与权限门槛？user build 上为什么有些能力抓不到？	保留原题证据标注	10-tools/01-Perfetto-采集与SQL分析.md#Q5	executor	migrated
10-tools/01-Perfetto-采集与SQL分析.md	Q6	`android.os.Trace` 的公开 API 有哪几个？同步区间、异步区间和 Counter 分别怎么正确使用？	todo		71c532745f8feed4	`android.os.Trace` 的公开 API 有哪几个？同步区间、异步区间和 Counter 分别怎么正确使用？	keep	17-tools/04-perfetto-sql.md	Q6	`android.os.Trace` 的公开 API 有哪几个？同步区间、异步区间和 Counter 分别怎么正确使用？	保留原题证据标注	10-tools/01-Perfetto-采集与SQL分析.md#Q6	executor	migrated
10-tools/01-Perfetto-采集与SQL分析.md	Q7	"在 Android 13 上，`Trace.beginSection()` 的事件实际走哪条路径？""每个埋点都双写 ATrace 和 Perfetto""的说法对吗？"	todo		a4f674672f6f78c2	"在 Android 13 上，`Trace.beginSection()` 的事件实际走哪条路径？""每个埋点都双写 ATrace 和 Perfetto""的说法对吗？"	keep	17-tools/04-perfetto-sql.md	Q7	"在 Android 13 上，`Trace.beginSection()` 的事件实际走哪条路径？""每个埋点都双写 ATrace 和 Perfetto""的说法对吗？"	保留原题证据标注	10-tools/01-Perfetto-采集与SQL分析.md#Q7	executor	migrated
10-tools/01-Perfetto-采集与SQL分析.md	Q8	Perfetto trace 里怎么找 lmkd 杀进程的证据？有哪些版本差异？	todo		94fa1589309f0a4f	Perfetto trace 里怎么找 lmkd 杀进程的证据？有哪些版本差异？	keep	17-tools/04-perfetto-sql.md	Q8	Perfetto trace 里怎么找 lmkd 杀进程的证据？有哪些版本差异？	保留原题证据标注	10-tools/01-Perfetto-采集与SQL分析.md#Q8	executor	migrated
10-tools/01-Perfetto-采集与SQL分析.md	Q9	trace 太大打不开时怎么处理？为什么流水线必须固定主机工具版本？	todo		3a566892ba72f136	trace 太大打不开时怎么处理？为什么流水线必须固定主机工具版本？	keep	17-tools/04-perfetto-sql.md	Q9	trace 太大打不开时怎么处理？为什么流水线必须固定主机工具版本？	保留原题证据标注	10-tools/01-Perfetto-采集与SQL分析.md#Q9	executor	migrated
10-tools/01-Perfetto-采集与SQL分析.md	Q10	`slice.dur`、`thread_dur` 与 Self Duration 三种时间分别是什么？为什么 NULL 不能按 0 处理？	todo		aff4aa7c8ed8d151	`slice.dur`、`thread_dur` 与 Self Duration 三种时间分别是什么？为什么 NULL 不能按 0 处理？	keep	17-tools/04-perfetto-sql.md	Q10	`slice.dur`、`thread_dur` 与 Self Duration 三种时间分别是什么？为什么 NULL 不能按 0 处理？	保留原题证据标注	10-tools/01-Perfetto-采集与SQL分析.md#Q10	executor	migrated
10-tools/01-Perfetto-采集与SQL分析.md	Q11	Perfetto 的线程状态（Running/R/R+/S/D 等）从哪里来？各状态能确认什么？	todo		be14499703b8f6a2	Perfetto 的线程状态（Running/R/R+/S/D 等）从哪里来？各状态能确认什么？	keep	17-tools/04-perfetto-sql.md	Q11	Perfetto 的线程状态（Running/R/R+/S/D 等）从哪里来？各状态能确认什么？	保留原题证据标注	10-tools/01-Perfetto-采集与SQL分析.md#Q11	executor	migrated
10-tools/01-Perfetto-采集与SQL分析.md	Q12	线程处于 D 状态能直接判为磁盘 I/O 慢吗？`io_wait` 和 `blocked_function` 什么时候才有值？	todo		e9a2c82e978a49f6	线程处于 D 状态能直接判为磁盘 I/O 慢吗？`io_wait` 和 `blocked_function` 什么时候才有值？	keep	17-tools/04-perfetto-sql.md	Q12	线程处于 D 状态能直接判为磁盘 I/O 慢吗？`io_wait` 和 `blocked_function` 什么时候才有值？	保留原题证据标注	10-tools/01-Perfetto-采集与SQL分析.md#Q12	executor	migrated
10-tools/01-Perfetto-采集与SQL分析.md	Q13	Perfetto 的 Flow 能证明什么？读一个同步 Binder 调用要检查哪些环节？	todo		6989678b13059413	Perfetto 的 Flow 能证明什么？读一个同步 Binder 调用要检查哪些环节？	keep	17-tools/04-perfetto-sql.md	Q13	Perfetto 的 Flow 能证明什么？读一个同步 Binder 调用要检查哪些环节？	保留原题证据标注	10-tools/01-Perfetto-采集与SQL分析.md#Q13	executor	migrated
10-tools/01-Perfetto-采集与SQL分析.md	Q14	FrameTimeline 的 Expected/Actual 与颜色编码怎么读？有哪些容易踩的边界？	todo		cb1339e03b11542a	FrameTimeline 的 Expected/Actual 与颜色编码怎么读？有哪些容易踩的边界？	keep	17-tools/04-perfetto-sql.md	Q14	FrameTimeline 的 Expected/Actual 与颜色编码怎么读？有哪些容易踩的边界？	保留原题证据标注	10-tools/01-Perfetto-采集与SQL分析.md#Q14	executor	migrated
10-tools/01-Perfetto-采集与SQL分析.md	Q15	state track 是什么？在 Android 13 平台上能用吗，等价替代怎么做？	todo		bcf641768c3418b2	state track 是什么？在 Android 13 平台上能用吗，等价替代怎么做？	keep	17-tools/04-perfetto-sql.md	Q15	state track 是什么？在 Android 13 平台上能用吗，等价替代怎么做？	保留原题证据标注	10-tools/01-Perfetto-采集与SQL分析.md#Q15	executor	migrated
10-tools/01-Perfetto-采集与SQL分析.md	Q16	线程 Running 区间很长说明什么？中断处理的时间会算到谁的头上？	todo		851eedae85466826	线程 Running 区间很长说明什么？中断处理的时间会算到谁的头上？	keep	17-tools/04-perfetto-sql.md	Q16	线程 Running 区间很长说明什么？中断处理的时间会算到谁的头上？	保留原题证据标注	10-tools/01-Perfetto-采集与SQL分析.md#Q16	executor	migrated
10-tools/01-Perfetto-采集与SQL分析.md	Q17	"Runnable 区间变长就是调度器选错了吗？怎么量化""被唤醒到开始运行""的延迟？"	todo		ecf1c138e13049ba	"Runnable 区间变长就是调度器选错了吗？怎么量化""被唤醒到开始运行""的延迟？"	keep	17-tools/04-perfetto-sql.md	Q17	"Runnable 区间变长就是调度器选错了吗？怎么量化""被唤醒到开始运行""的延迟？"	保留原题证据标注	10-tools/01-Perfetto-采集与SQL分析.md#Q17	executor	migrated
10-tools/01-Perfetto-采集与SQL分析.md	Q18	"主线程关键区间内长时间 Sleeping 怎么追？""Woken by"" 是业务源头吗？"	todo		93fb51e1dd440323	"主线程关键区间内长时间 Sleeping 怎么追？""Woken by"" 是业务源头吗？"	keep	17-tools/04-perfetto-sql.md	Q18	"主线程关键区间内长时间 Sleeping 怎么追？""Woken by"" 是业务源头吗？"	保留原题证据标注	10-tools/01-Perfetto-采集与SQL分析.md#Q18	executor	migrated
10-tools/01-Perfetto-采集与SQL分析.md	Q19	为什么要把线程状态裁进业务区间统计？ANR 判定和 D 状态是什么关系？	todo		d4c2d3fb0a7c0f13	为什么要把线程状态裁进业务区间统计？ANR 判定和 D 状态是什么关系？	keep	17-tools/04-perfetto-sql.md	Q19	为什么要把线程状态裁进业务区间统计？ANR 判定和 D 状态是什么关系？	保留原题证据标注	10-tools/01-Perfetto-采集与SQL分析.md#Q19	executor	migrated
10-tools/01-Perfetto-采集与SQL分析.md	Q20	调大 `TraceConfig.buffers.size_kb` 为什么不一定解决丢包？`stats` 表应该怎么查、哪些项容易漏？	todo		7f36b2ed1656bf3b	调大 `TraceConfig.buffers.size_kb` 为什么不一定解决丢包？`stats` 表应该怎么查、哪些项容易漏？	keep	17-tools/04-perfetto-sql.md	Q20	调大 `TraceConfig.buffers.size_kb` 为什么不一定解决丢包？`stats` 表应该怎么查、哪些项容易漏？	保留原题证据标注	10-tools/01-Perfetto-采集与SQL分析.md#Q20	executor	migrated
10-tools/01-Perfetto-采集与SQL分析.md	Q21	自定义指标应该选标准库、Trace Summarization 还是 v1 指标？	todo		115e10e7dddbde6b	自定义指标应该选标准库、Trace Summarization 还是 v1 指标？	keep	17-tools/04-perfetto-sql.md	Q21	自定义指标应该选标准库、Trace Summarization 还是 v1 指标？	保留原题证据标注	10-tools/01-Perfetto-采集与SQL分析.md#Q21	executor	migrated
10-tools/01-Perfetto-采集与SQL分析.md	Q22	指标查询返回空表或需要进 CI 时，哪些结果不能直接当数值用？	todo		fcf4e99b30cd6c9e	指标查询返回空表或需要进 CI 时，哪些结果不能直接当数值用？	keep	17-tools/04-perfetto-sql.md	Q22	指标查询返回空表或需要进 CI 时，哪些结果不能直接当数值用？	保留原题证据标注	10-tools/01-Perfetto-采集与SQL分析.md#Q22	executor	migrated
10-tools/01-Perfetto-采集与SQL分析.md	Q23	把 Perfetto 查询放进 CI 门禁时，怎么避免诊断配置污染测量？埋点开销怎么治理？	todo		841969e084e3f5eb	把 Perfetto 查询放进 CI 门禁时，怎么避免诊断配置污染测量？埋点开销怎么治理？	keep	17-tools/04-perfetto-sql.md	Q23	把 Perfetto 查询放进 CI 门禁时，怎么避免诊断配置污染测量？埋点开销怎么治理？	保留原题证据标注	10-tools/01-Perfetto-采集与SQL分析.md#Q23	executor	migrated
10-tools/01-Perfetto-采集与SQL分析.md	Q24	`android_input_events` 与 `android.input.inputevent` 的三张原始视图是什么关系？为什么不能桥接？	todo		c82576656bb278f3	`android_input_events` 与 `android.input.inputevent` 的三张原始视图是什么关系？为什么不能桥接？	keep	17-tools/04-perfetto-sql.md	Q24	`android_input_events` 与 `android.input.inputevent` 的三张原始视图是什么关系？为什么不能桥接？	保留原题证据标注	10-tools/01-Perfetto-采集与SQL分析.md#Q24	executor	migrated
10-tools/01-Perfetto-采集与SQL分析.md	Q25	`android_input_events` 的四段延迟和 `end_to_end_latency_dur` 分别怎么定义？怎么解读分段异常？	todo		ae840a13f39e1a47	`android_input_events` 的四段延迟和 `end_to_end_latency_dur` 分别怎么定义？怎么解读分段异常？	keep	17-tools/04-perfetto-sql.md	Q25	`android_input_events` 的四段延迟和 `end_to_end_latency_dur` 分别怎么定义？怎么解读分段异常？	保留原题证据标注	10-tools/01-Perfetto-采集与SQL分析.md#Q25	executor	migrated
10-tools/01-Perfetto-采集与SQL分析.md	Q26	"标准库把输入事件关联到帧的规则是什么？哪些情况会给出""不可信""的帧关联？"	todo		92b2e60c8695394c	"标准库把输入事件关联到帧的规则是什么？哪些情况会给出""不可信""的帧关联？"	keep	17-tools/04-perfetto-sql.md	Q26	"标准库把输入事件关联到帧的规则是什么？哪些情况会给出""不可信""的帧关联？"	保留原题证据标注	10-tools/01-Perfetto-采集与SQL分析.md#Q26	executor	migrated
10-tools/01-Perfetto-采集与SQL分析.md	Q27	InputDispatcher 的 `iq`、`oq`、`wq` 队列计数器在 trace 里长什么样？怎么把采样点变成区间？	todo		4fb211fcaeb722f2	InputDispatcher 的 `iq`、`oq`、`wq` 队列计数器在 trace 里长什么样？怎么把采样点变成区间？	keep	17-tools/04-perfetto-sql.md	Q27	InputDispatcher 的 `iq`、`oq`、`wq` 队列计数器在 trace 里长什么样？怎么把采样点变成区间？	保留原题证据标注	10-tools/01-Perfetto-采集与SQL分析.md#Q27	executor	migrated
10-tools/01-Perfetto-采集与SQL分析.md	Q28	分析输入 ANR 时，为什么 `android_input_events` 里可能没有卡住的那个事件？正确的证据组合是什么？	todo		f2b0048f8194f930	分析输入 ANR 时，为什么 `android_input_events` 里可能没有卡住的那个事件？正确的证据组合是什么？	keep	17-tools/04-perfetto-sql.md	Q28	分析输入 ANR 时，为什么 `android_input_events` 里可能没有卡住的那个事件？正确的证据组合是什么？	保留原题证据标注	10-tools/01-Perfetto-采集与SQL分析.md#Q28	executor	migrated
10-tools/01-Perfetto-采集与SQL分析.md	Q29	"tracepoint 和 tracer 有什么区别？""function / function_graph / tracepoint 三种模式""的说法准确吗？"	todo		da59b601e8f56039	"tracepoint 和 tracer 有什么区别？""function / function_graph / tracepoint 三种模式""的说法准确吗？"	keep	17-tools/04-perfetto-sql.md	Q29	"tracepoint 和 tracer 有什么区别？""function / function_graph / tracepoint 三种模式""的说法准确吗？"	保留原题证据标注	10-tools/01-Perfetto-采集与SQL分析.md#Q29	executor	migrated
10-tools/01-Perfetto-采集与SQL分析.md	Q30	某条轨道没有数据时，按什么顺序排查最快？	todo		9b0ab1b2371b4064	某条轨道没有数据时，按什么顺序排查最快？	keep	17-tools/04-perfetto-sql.md	Q30	某条轨道没有数据时，按什么顺序排查最快？	保留原题证据标注	10-tools/01-Perfetto-采集与SQL分析.md#Q30	executor	migrated
10-tools/01-Perfetto-采集与SQL分析.md	Q31	`SPAN_JOIN` 的输入要满足什么条件？违反约束会怎样？各变体怎么选？	todo		65e2ad9a3fe2ca81	`SPAN_JOIN` 的输入要满足什么条件？违反约束会怎样？各变体怎么选？	keep	17-tools/04-perfetto-sql.md	Q31	`SPAN_JOIN` 的输入要满足什么条件？违反约束会怎样？各变体怎么选？	保留原题证据标注	10-tools/01-Perfetto-采集与SQL分析.md#Q31	executor	migrated
10-tools/01-Perfetto-采集与SQL分析.md	Q32	Binder 客户端调用耗时长，怎么区分是服务端执行慢还是客户端在等调度？	todo		a15bc083f4440d94	Binder 客户端调用耗时长，怎么区分是服务端执行慢还是客户端在等调度？	keep	17-tools/04-perfetto-sql.md	Q32	Binder 客户端调用耗时长，怎么区分是服务端执行慢还是客户端在等调度？	保留原题证据标注	10-tools/01-Perfetto-采集与SQL分析.md#Q32	executor	migrated
10-tools/01-Perfetto-采集与SQL分析.md	Q33	"为什么启动时间不要用 ""bindApplication 到第一个 doFrame"" 手工拼 slice？标准库提供了什么？"	todo		9f56a4477a440850	"为什么启动时间不要用 ""bindApplication 到第一个 doFrame"" 手工拼 slice？标准库提供了什么？"	keep	17-tools/04-perfetto-sql.md	Q33	"为什么启动时间不要用 ""bindApplication 到第一个 doFrame"" 手工拼 slice？标准库提供了什么？"	保留原题证据标注	10-tools/01-Perfetto-采集与SQL分析.md#Q33	executor	migrated
10-tools/01-Perfetto-采集与SQL分析.md	Q34	`android_jank_cuj` 为什么看不到第三方 App 的 CUJ？系统 CUJ 指标的输入和第三方路径分别是什么？	todo		d34668067476b913	`android_jank_cuj` 为什么看不到第三方 App 的 CUJ？系统 CUJ 指标的输入和第三方路径分别是什么？	keep	17-tools/04-perfetto-sql.md	Q34	`android_jank_cuj` 为什么看不到第三方 App 的 CUJ？系统 CUJ 指标的输入和第三方路径分别是什么？	保留原题证据标注	10-tools/01-Perfetto-采集与SQL分析.md#Q34	executor	migrated
10-tools/01-Perfetto-采集与SQL分析.md	Q35	"分析一帧""慢""，怎么把 doFrame、FrameTimeline、锁与调度证据拼起来？哪些时间不能相加？"	todo		7d2590de6db6f0a8	"分析一帧""慢""，怎么把 doFrame、FrameTimeline、锁与调度证据拼起来？哪些时间不能相加？"	keep	17-tools/04-perfetto-sql.md	Q35	"分析一帧""慢""，怎么把 doFrame、FrameTimeline、锁与调度证据拼起来？哪些时间不能相加？"	保留原题证据标注	10-tools/01-Perfetto-采集与SQL分析.md#Q35	executor	migrated
10-tools/02-Perfetto-进阶与SDK.md	Q1	用 Perfetto 分析卡顿时，原生 system trace、pprof、Simpleperf protobuf 与 linux.perf 四种输入在 Trace Processor 中各落在哪些表，能各自证明什么？	todo		ed121643b34f9efe	用 Perfetto 分析卡顿时，原生 system trace、pprof、Simpleperf protobuf 与 linux.perf 四种输入在 Trace Processor 中各落在哪些表，能各自证明什么？	keep	17-tools/05-perfetto-advanced.md	Q1	用 Perfetto 分析卡顿时，原生 system trace、pprof、Simpleperf protobuf 与 linux.perf 四种输入在 Trace Processor 中各落在哪些表，能各自证明什么？	保留原题证据标注	10-tools/02-Perfetto-进阶与SDK.md#Q1	executor	migrated
10-tools/02-Perfetto-进阶与SDK.md	Q2	用 Simpleperf 生成 Perfetto 可导入的 protobuf 时，为什么漏掉 --show-callchain 之后火焰图只剩叶节点？	todo		b7ac8aa14eff7b61	用 Simpleperf 生成 Perfetto 可导入的 protobuf 时，为什么漏掉 --show-callchain 之后火焰图只剩叶节点？	keep	17-tools/05-perfetto-advanced.md	Q2	用 Simpleperf 生成 Perfetto 可导入的 protobuf 时，为什么漏掉 --show-callchain 之后火焰图只剩叶节点？	保留原题证据标注	10-tools/02-Perfetto-进阶与SDK.md#Q2	executor	migrated
10-tools/02-Perfetto-进阶与SDK.md	Q3	"为什么""trace 文件能否被新版 Perfetto 打开""和""设备能否录到 linux.perf""是两条独立版本线？Android 13 设备怎么录 CPU 采样？"	todo		5db204c89ad1e486	"为什么""trace 文件能否被新版 Perfetto 打开""和""设备能否录到 linux.perf""是两条独立版本线？Android 13 设备怎么录 CPU 采样？"	keep	17-tools/05-perfetto-advanced.md	Q3	"为什么""trace 文件能否被新版 Perfetto 打开""和""设备能否录到 linux.perf""是两条独立版本线？Android 13 设备怎么录 CPU 采样？"	保留原题证据标注	10-tools/02-Perfetto-进阶与SDK.md#Q3	executor	migrated
10-tools/02-Perfetto-进阶与SDK.md	Q4	火焰图里一个调度函数 cumulative 很宽而 self 很窄，说明什么？火焰图宽度能当执行时长读吗？	todo		87f7d1a92c52f3a2	火焰图里一个调度函数 cumulative 很宽而 self 很窄，说明什么？火焰图宽度能当执行时长读吗？	keep	17-tools/05-perfetto-advanced.md	Q4	火焰图里一个调度函数 cumulative 很宽而 self 很窄，说明什么？火焰图宽度能当执行时长读吗？	保留原题证据标注	10-tools/02-Perfetto-进阶与SDK.md#Q4	executor	migrated
10-tools/02-Perfetto-进阶与SDK.md	Q5	录好的 trace 里函数名是地址或混淆名，怎么补 native 符号与 R8 映射？	todo		f622e6a3f8255a95	录好的 trace 里函数名是地址或混淆名，怎么补 native 符号与 R8 映射？	keep	17-tools/05-perfetto-advanced.md	Q5	录好的 trace 里函数名是地址或混淆名，怎么补 native 符号与 R8 映射？	保留原题证据标注	10-tools/02-Perfetto-进阶与SDK.md#Q5	executor	migrated
10-tools/02-Perfetto-进阶与SDK.md	Q6	Perfetto 里 CPU 频率数据从哪三条采集路径来？频率轨道开头留白说明什么？	todo		afcac3f9bd43ff72	Perfetto 里 CPU 频率数据从哪三条采集路径来？频率轨道开头留白说明什么？	keep	17-tools/05-perfetto-advanced.md	Q6	Perfetto 里 CPU 频率数据从哪三条采集路径来？频率轨道开头留白说明什么？	保留原题证据标注	10-tools/02-Perfetto-进阶与SDK.md#Q6	executor	migrated
10-tools/02-Perfetto-进阶与SDK.md	Q7	Perfetto 的 CPU 频率轨能当硬件实测时钟读吗？文档和实现有什么出入？	todo		00fb3eb74a296db1	Perfetto 的 CPU 频率轨能当硬件实测时钟读吗？文档和实现有什么出入？	keep	17-tools/05-perfetto-advanced.md	Q7	Perfetto 的 CPU 频率轨能当硬件实测时钟读吗？文档和实现有什么出入？	保留原题证据标注	10-tools/02-Perfetto-进阶与SDK.md#Q7	executor	migrated
10-tools/02-Perfetto-进阶与SDK.md	Q8	怎样用 SQL 把 CPU 频率还原成时间区间并与目标线程的 Running 区间求交？为什么分区键必须用 ucpu？	todo		d8634dbfa77cc2c8	怎样用 SQL 把 CPU 频率还原成时间区间并与目标线程的 Running 区间求交？为什么分区键必须用 ucpu？	keep	17-tools/05-perfetto-advanced.md	Q8	怎样用 SQL 把 CPU 频率还原成时间区间并与目标线程的 Running 区间求交？为什么分区键必须用 ucpu？	保留原题证据标注	10-tools/02-Perfetto-进阶与SDK.md#Q8	executor	migrated
10-tools/02-Perfetto-进阶与SDK.md	Q9	"冷启动时关键线程长时间低频 Running，能直接得出""governor 调频响应慢""吗？"	todo		def8974939da55d1	"冷启动时关键线程长时间低频 Running，能直接得出""governor 调频响应慢""吗？"	keep	17-tools/05-perfetto-advanced.md	Q9	"冷启动时关键线程长时间低频 Running，能直接得出""governor 调频响应慢""吗？"	保留原题证据标注	10-tools/02-Perfetto-进阶与SDK.md#Q9	executor	migrated
10-tools/02-Perfetto-进阶与SDK.md	Q10	连续渲染负载与后台批处理，频率分析的关注点有什么不同？	todo		0f26d174422feb2c	连续渲染负载与后台批处理，频率分析的关注点有什么不同？	keep	17-tools/05-perfetto-advanced.md	Q10	连续渲染负载与后台批处理，频率分析的关注点有什么不同？	保留原题证据标注	10-tools/02-Perfetto-进阶与SDK.md#Q10	executor	migrated
10-tools/02-Perfetto-进阶与SDK.md	Q11	Android 13 上 App 窗口的 dequeueBuffer 什么时候会等？一条长 dequeue slice 应该怎么读？	todo		4132e7e0ca443bf8	Android 13 上 App 窗口的 dequeueBuffer 什么时候会等？一条长 dequeue slice 应该怎么读？	keep	17-tools/05-perfetto-advanced.md	Q11	Android 13 上 App 窗口的 dequeueBuffer 什么时候会等？一条长 dequeue slice 应该怎么读？	保留原题证据标注	10-tools/02-Perfetto-进阶与SDK.md#Q11	executor	migrated
10-tools/02-Perfetto-进阶与SDK.md	Q12	怎样从 FrameTimeline 选出 Buffer Stuffing 候选帧？为什么 on_time_finish=1 也可能出现 Buffer Stuffing？	todo		56d1ecd258196afa	怎样从 FrameTimeline 选出 Buffer Stuffing 候选帧？为什么 on_time_finish=1 也可能出现 Buffer Stuffing？	keep	17-tools/05-perfetto-advanced.md	Q12	怎样从 FrameTimeline 选出 Buffer Stuffing 候选帧？为什么 on_time_finish=1 也可能出现 Buffer Stuffing？	保留原题证据标注	10-tools/02-Perfetto-进阶与SDK.md#Q12	executor	migrated
10-tools/02-Perfetto-进阶与SDK.md	Q13	"QueuedBuffer、BufferTX 与 BufferQueueCore::mQueue.size() 三种""积压""信号有什么区别？"	todo		e1612fdc9f28813a	"QueuedBuffer、BufferTX 与 BufferQueueCore::mQueue.size() 三种""积压""信号有什么区别？"	keep	17-tools/05-perfetto-advanced.md	Q13	"QueuedBuffer、BufferTX 与 BufferQueueCore::mQueue.size() 三种""积压""信号有什么区别？"	保留原题证据标注	10-tools/02-Perfetto-进阶与SDK.md#Q13	executor	migrated
10-tools/02-Perfetto-进阶与SDK.md	Q14	判断 BufferQueue 背压为什么必须成组取证？哪四类等待容易被混为一谈？	todo		b240adc30b6458b5	判断 BufferQueue 背压为什么必须成组取证？哪四类等待容易被混为一谈？	keep	17-tools/05-perfetto-advanced.md	Q14	判断 BufferQueue 背压为什么必须成组取证？哪四类等待容易被混为一谈？	保留原题证据标注	10-tools/02-Perfetto-进阶与SDK.md#Q14	executor	migrated
10-tools/02-Perfetto-进阶与SDK.md	Q15	多 Surface 页面分析 BufferQueue 阻塞时，为什么必须先理清队列拓扑？thread_state 怎样裁切才可信？	todo		88724b51100b8fd8	多 Surface 页面分析 BufferQueue 阻塞时，为什么必须先理清队列拓扑？thread_state 怎样裁切才可信？	keep	17-tools/05-perfetto-advanced.md	Q15	多 Surface 页面分析 BufferQueue 阻塞时，为什么必须先理清队列拓扑？thread_state 怎样裁切才可信？	保留原题证据标注	10-tools/02-Perfetto-进阶与SDK.md#Q15	executor	migrated
10-tools/02-Perfetto-进阶与SDK.md	Q16	"Agent 辅助分析 trace 时，为什么 scratchpad 必须把""已验证事实""和""假设""分开存放？"	todo		333b2e21b36286c3	"Agent 辅助分析 trace 时，为什么 scratchpad 必须把""已验证事实""和""假设""分开存放？"	keep	17-tools/05-perfetto-advanced.md	Q16	"Agent 辅助分析 trace 时，为什么 scratchpad 必须把""已验证事实""和""假设""分开存放？"	保留原题证据标注	10-tools/02-Perfetto-进阶与SDK.md#Q16	executor	migrated
10-tools/02-Perfetto-进阶与SDK.md	Q17	Agent 写 Perfetto SQL 之前必须固定什么？哪些口径错误会让语法正确的查询给出误导结果？	todo		4999e27d9d895cd1	Agent 写 Perfetto SQL 之前必须固定什么？哪些口径错误会让语法正确的查询给出误导结果？	keep	17-tools/05-perfetto-advanced.md	Q17	Agent 写 Perfetto SQL 之前必须固定什么？哪些口径错误会让语法正确的查询给出误导结果？	保留原题证据标注	10-tools/02-Perfetto-进阶与SDK.md#Q17	executor	migrated
10-tools/02-Perfetto-进阶与SDK.md	Q18	长 slice 的 dur 等于 CPU 执行时间吗？怎样用 thread_state 把可疑长 slice 的调查方向定下来？	todo		46305b881c4413a7	长 slice 的 dur 等于 CPU 执行时间吗？怎样用 thread_state 把可疑长 slice 的调查方向定下来？	keep	17-tools/05-perfetto-advanced.md	Q18	长 slice 的 dur 等于 CPU 执行时间吗？怎样用 thread_state 把可疑长 slice 的调查方向定下来？	保留原题证据标注	10-tools/02-Perfetto-进阶与SDK.md#Q18	executor	migrated
10-tools/02-Perfetto-进阶与SDK.md	Q19	Agent 的开放性 trace 调查按哪六类方向组织？什么时候应该停止归因？	todo		7d6da9333eba116a	Agent 的开放性 trace 调查按哪六类方向组织？什么时候应该停止归因？	keep	17-tools/05-perfetto-advanced.md	Q19	Agent 的开放性 trace 调查按哪六类方向组织？什么时候应该停止归因？	保留原题证据标注	10-tools/02-Perfetto-进阶与SDK.md#Q19	executor	migrated
10-tools/02-Perfetto-进阶与SDK.md	Q20	android.os.Trace/ATrace_\*、Perfetto SDK 的 track_event 与 custom data source 三层埋点怎么选？	todo		5ea533cee25cba16	android.os.Trace/ATrace_\*、Perfetto SDK 的 track_event 与 custom data source 三层埋点怎么选？	keep	17-tools/05-perfetto-advanced.md	Q20	android.os.Trace/ATrace_\*、Perfetto SDK 的 track_event 与 custom data source 三层埋点怎么选？	保留原题证据标注	10-tools/02-Perfetto-进阶与SDK.md#Q20	executor	migrated
10-tools/02-Perfetto-进阶与SDK.md	Q21	应用用 Perfetto SDK 起一个 in-process session，有哪些容易踩错的关键点？	todo		733b7336afde0689	应用用 Perfetto SDK 起一个 in-process session，有哪些容易踩错的关键点？	keep	17-tools/05-perfetto-advanced.md	Q21	应用用 Perfetto SDK 起一个 in-process session，有哪些容易踩错的关键点？	保留原题证据标注	10-tools/02-Perfetto-进阶与SDK.md#Q21	executor	migrated
10-tools/02-Perfetto-进阶与SDK.md	Q22	应用以 system backend 充当 Perfetto producer 时，权限边界在哪里？Android 13 与 Android 17 有什么差别？	todo		41404e3074748363	应用以 system backend 充当 Perfetto producer 时，权限边界在哪里？Android 13 与 Android 17 有什么差别？	keep	17-tools/05-perfetto-advanced.md	Q22	应用以 system backend 充当 Perfetto producer 时，权限边界在哪里？Android 13 与 Android 17 有什么差别？	保留原题证据标注	10-tools/02-Perfetto-进阶与SDK.md#Q22	executor	migrated
10-tools/02-Perfetto-进阶与SDK.md	Q23	custom data source 的生命周期回调各有什么约束？停止协议为什么要异步确认？	todo		2fc7ffc06b6e5062	custom data source 的生命周期回调各有什么约束？停止协议为什么要异步确认？	keep	17-tools/05-perfetto-advanced.md	Q23	custom data source 的生命周期回调各有什么约束？停止协议为什么要异步确认？	保留原题证据标注	10-tools/02-Perfetto-进阶与SDK.md#Q23	executor	migrated
10-tools/02-Perfetto-进阶与SDK.md	Q24	Perfetto SDK 的 startup tracing 与 trigger 分别解决什么问题？为什么故障后才启动 trace 看不到故障前？	todo		293a0b95c1671b4e	Perfetto SDK 的 startup tracing 与 trigger 分别解决什么问题？为什么故障后才启动 trace 看不到故障前？	keep	17-tools/05-perfetto-advanced.md	Q24	Perfetto SDK 的 startup tracing 与 trigger 分别解决什么问题？为什么故障后才启动 trace 看不到故障前？	保留原题证据标注	10-tools/02-Perfetto-进阶与SDK.md#Q24	executor	migrated
10-tools/02-Perfetto-进阶与SDK.md	Q25	应用集成了 Perfetto SDK 后，它的 TrackEvent 会自动出现在 ProfilingManager 的 system trace 结果里吗？	todo		468156ba8c354231	应用集成了 Perfetto SDK 后，它的 TrackEvent 会自动出现在 ProfilingManager 的 system trace 结果里吗？	keep	17-tools/05-perfetto-advanced.md	Q25	应用集成了 Perfetto SDK 后，它的 TrackEvent 会自动出现在 ProfilingManager 的 system trace 结果里吗？	保留原题证据标注	10-tools/02-Perfetto-进阶与SDK.md#Q25	executor	migrated
10-tools/02-Perfetto-进阶与SDK.md	Q26	FrameTimeline 的 Expected slice 宽度等于刷新周期吗？Android 13 是怎么计算唤醒时间的？	todo		599317d562c905fe	FrameTimeline 的 Expected slice 宽度等于刷新周期吗？Android 13 是怎么计算唤醒时间的？	keep	17-tools/05-perfetto-advanced.md	Q26	FrameTimeline 的 Expected slice 宽度等于刷新周期吗？Android 13 是怎么计算唤醒时间的？	保留原题证据标注	10-tools/02-Perfetto-进阶与SDK.md#Q26	executor	migrated
10-tools/02-Perfetto-进阶与SDK.md	Q27	FrameTracer 的 trace 里缺少某个帧事件（如 AcquireFenceSignaled 或 RELEASE_FENCE），能说明什么、不能说明什么？	todo		23e0361af0671fa8	FrameTracer 的 trace 里缺少某个帧事件（如 AcquireFenceSignaled 或 RELEASE_FENCE），能说明什么、不能说明什么？	keep	17-tools/05-perfetto-advanced.md	Q27	FrameTracer 的 trace 里缺少某个帧事件（如 AcquireFenceSignaled 或 RELEASE_FENCE），能说明什么、不能说明什么？	保留原题证据标注	10-tools/02-Perfetto-进阶与SDK.md#Q27	executor	migrated
10-tools/02-Perfetto-进阶与SDK.md	Q28	FrameTracer 数据经 importer 生成的 APP\_、GPU\_、SF\_、Display\_ 四类 phase 各量什么？哪些误读最常见？	todo		b15e574be021427e	FrameTracer 数据经 importer 生成的 APP\_、GPU\_、SF\_、Display\_ 四类 phase 各量什么？哪些误读最常见？	keep	17-tools/05-perfetto-advanced.md	Q28	FrameTracer 数据经 importer 生成的 APP\_、GPU\_、SF\_、Display\_ 四类 phase 各量什么？哪些误读最常见？	保留原题证据标注	10-tools/02-Perfetto-进阶与SDK.md#Q28	executor	migrated
10-tools/02-Perfetto-进阶与SDK.md	Q29	API 33 的 Choreographer.postVsyncCallback 与 FrameData 怎么用？Android 13 上要注意什么？	todo		72e100a03570f4cf	API 33 的 Choreographer.postVsyncCallback 与 FrameData 怎么用？Android 13 上要注意什么？	keep	17-tools/05-perfetto-advanced.md	Q29	API 33 的 Choreographer.postVsyncCallback 与 FrameData 怎么用？Android 13 上要注意什么？	保留原题证据标注	10-tools/02-Perfetto-进阶与SDK.md#Q29	executor	migrated
10-tools/02-Perfetto-进阶与SDK.md	Q30	统计 FrameTimeline 的 jank 时，为什么应该用 jank_tag 而不是自己解析 jank_type 字符串？Android 13 与 17 的分类有什么差别？	todo		f2d4685b925aef91	统计 FrameTimeline 的 jank 时，为什么应该用 jank_tag 而不是自己解析 jank_type 字符串？Android 13 与 17 的分类有什么差别？	keep	17-tools/05-perfetto-advanced.md	Q30	统计 FrameTimeline 的 jank 时，为什么应该用 jank_tag 而不是自己解析 jank_type 字符串？Android 13 与 17 的分类有什么差别？	保留原题证据标注	10-tools/02-Perfetto-进阶与SDK.md#Q30	executor	migrated
10-tools/03-性能分析工具.md	Q1	Android Studio Profiler 的 System Trace、Callstack Sample 与 Record Java/Kotlin Methods 三种 CPU 任务分别回答什么问题，为什么它们的时间读数不能互换使用？	todo		fa6dbe30e2a480bc	Android Studio Profiler 的 System Trace、Callstack Sample 与 Record Java/Kotlin Methods 三种 CPU 任务分别回答什么问题，为什么它们的时间读数不能互换使用？	keep	17-tools/03-performance-tools.md	Q1	Android Studio Profiler 的 System Trace、Callstack Sample 与 Record Java/Kotlin Methods 三种 CPU 任务分别回答什么问题，为什么它们的时间读数不能互换使用？	保留原题证据标注	10-tools/03-性能分析工具.md#Q1	executor	migrated
10-tools/03-性能分析工具.md	Q2	Callstack Sample 报告里某函数占比 30% 能说明什么、不能说明什么？主线程大部分时间在等 Binder 时为什么 CPU 样本反而很少？	todo		01fc4d72a6efbd01	Callstack Sample 报告里某函数占比 30% 能说明什么、不能说明什么？主线程大部分时间在等 Binder 时为什么 CPU 样本反而很少？	keep	17-tools/03-performance-tools.md	Q2	Callstack Sample 报告里某函数占比 30% 能说明什么、不能说明什么？主线程大部分时间在等 Binder 时为什么 CPU 样本反而很少？	保留原题证据标注	10-tools/03-性能分析工具.md#Q2	executor	migrated
10-tools/03-性能分析工具.md	Q3	Android Studio Memory Profiler 顶部的内存分类是什么口径？看到曲线上升就宣布泄漏为什么不可靠？	todo		6cec16090f6a5936	Android Studio Memory Profiler 顶部的内存分类是什么口径？看到曲线上升就宣布泄漏为什么不可靠？	keep	17-tools/03-performance-tools.md	Q3	Android Studio Memory Profiler 顶部的内存分类是什么口径？看到曲线上升就宣布泄漏为什么不可靠？	保留原题证据标注	10-tools/03-性能分析工具.md#Q3	executor	migrated
10-tools/03-性能分析工具.md	Q4	`<profileable>` 与 `debuggable` 两种构建在 Profiler 能力上差在哪？接近发布的性能问题为什么要先用 profileable 构建采集？	todo		2ddc4fe634659dde	`<profileable>` 与 `debuggable` 两种构建在 Profiler 能力上差在哪？接近发布的性能问题为什么要先用 profileable 构建采集？	keep	17-tools/03-performance-tools.md	Q4	`<profileable>` 与 `debuggable` 两种构建在 Profiler 能力上差在哪？接近发布的性能问题为什么要先用 profileable 构建采集？	保留原题证据标注	10-tools/03-性能分析工具.md#Q4	executor	migrated
10-tools/03-性能分析工具.md	Q5	simpleperf 的 `stat`、`record`、`report` 各产出什么证据？报告里的 Overhead 为什么不能一律当墙钟时间读？	todo		aa6e9e50e8b893e8	simpleperf 的 `stat`、`record`、`report` 各产出什么证据？报告里的 Overhead 为什么不能一律当墙钟时间读？	keep	17-tools/03-performance-tools.md	Q5	simpleperf 的 `stat`、`record`、`report` 各产出什么证据？报告里的 Overhead 为什么不能一律当墙钟时间读？	保留原题证据标注	10-tools/03-性能分析工具.md#Q5	executor	migrated
10-tools/03-性能分析工具.md	Q6	非 root 设备上用 simpleperf 分析应用有哪些授权路径？Android 16 前后设备内置与侧载二进制的权限差别是怎么回事？	todo		cf86cc84c37eaa44	非 root 设备上用 simpleperf 分析应用有哪些授权路径？Android 16 前后设备内置与侧载二进制的权限差别是怎么回事？	keep	17-tools/03-performance-tools.md	Q6	非 root 设备上用 simpleperf 分析应用有哪些授权路径？Android 16 前后设备内置与侧载二进制的权限差别是怎么回事？	保留原题证据标注	10-tools/03-性能分析工具.md#Q6	executor	migrated
10-tools/03-性能分析工具.md	Q7	simpleperf 的 `-g` 默认怎么还原调用栈？帧指针模式什么时候更快、什么时候反而断栈？丢样了按什么顺序排查？	todo		0ee38c74e4e543f4	simpleperf 的 `-g` 默认怎么还原调用栈？帧指针模式什么时候更快、什么时候反而断栈？丢样了按什么顺序排查？	keep	17-tools/03-performance-tools.md	Q7	simpleperf 的 `-g` 默认怎么还原调用栈？帧指针模式什么时候更快、什么时候反而断栈？丢样了按什么顺序排查？	保留原题证据标注	10-tools/03-性能分析工具.md#Q7	executor	migrated
10-tools/03-性能分析工具.md	Q8	线程因锁或 I/O 离开 CPU 的时间，普通 CPU 采样为什么采不到？`--trace-offcpu` 怎么补齐，边界是什么？	todo		b2711b115b2a2745	线程因锁或 I/O 离开 CPU 的时间，普通 CPU 采样为什么采不到？`--trace-offcpu` 怎么补齐，边界是什么？	keep	17-tools/03-performance-tools.md	Q8	线程因锁或 I/O 离开 CPU 的时间，普通 CPU 采样为什么采不到？`--trace-offcpu` 怎么补齐，边界是什么？	保留原题证据标注	10-tools/03-性能分析工具.md#Q8	executor	migrated
10-tools/03-性能分析工具.md	Q9	"ARM Topdown 把流水线 slot 分成哪四类？为什么""分类名称相同""不能把 Intel 的公式直接搬到 Arm CPU 上？SPE 能补什么、不能补什么？"	todo		193aefee303f756c	"ARM Topdown 把流水线 slot 分成哪四类？为什么""分类名称相同""不能把 Intel 的公式直接搬到 Arm CPU 上？SPE 能补什么、不能补什么？"	keep	17-tools/03-performance-tools.md	Q9	"ARM Topdown 把流水线 slot 分成哪四类？为什么""分类名称相同""不能把 Intel 的公式直接搬到 Arm CPU 上？SPE 能补什么、不能补什么？"	保留原题证据标注	10-tools/03-性能分析工具.md#Q9	executor	migrated
10-tools/03-性能分析工具.md	Q10	"LeakCanary 判定一个对象""泄漏""的流程是什么？为什么""等待期和 GC 后仍被保留""不等于""永远无法释放""？"	todo		75e2021600fdb5bf	"LeakCanary 判定一个对象""泄漏""的流程是什么？为什么""等待期和 GC 后仍被保留""不等于""永远无法释放""？"	keep	17-tools/03-performance-tools.md	Q10	"LeakCanary 判定一个对象""泄漏""的流程是什么？为什么""等待期和 GC 后仍被保留""不等于""永远无法释放""？"	保留原题证据标注	10-tools/03-性能分析工具.md#Q10	executor	migrated
10-tools/03-性能分析工具.md	Q11	`adb shell am dumpheap` 从 shell 到 ART 经过哪些层？为什么 user 构建上对普通发布应用执行会失败？	todo		1f2c0594546f3910	`adb shell am dumpheap` 从 shell 到 ART 经过哪些层？为什么 user 构建上对普通发布应用执行会失败？	keep	17-tools/03-performance-tools.md	Q11	`adb shell am dumpheap` 从 shell 到 ART 经过哪些层？为什么 user 构建上对普通发布应用执行会失败？	保留原题证据标注	10-tools/03-性能分析工具.md#Q11	executor	migrated
10-tools/03-性能分析工具.md	Q12	"ART 生成 HPROF 时为什么整个采集期间都处于停顿？""app/zygote/image""堆空间归类对裁剪文件有什么约束？"	todo		3ce53e474248d19f	"ART 生成 HPROF 时为什么整个采集期间都处于停顿？""app/zygote/image""堆空间归类对裁剪文件有什么约束？"	keep	17-tools/03-performance-tools.md	Q12	"ART 生成 HPROF 时为什么整个采集期间都处于停顿？""app/zygote/image""堆空间归类对裁剪文件有什么约束？"	保留原题证据标注	10-tools/03-性能分析工具.md#Q12	executor	migrated
10-tools/03-性能分析工具.md	Q13	Perfetto 的 `android.java_hprof` 与完整 ART HPROF 差在哪？它的 fork 管线为什么停顿更短但仍不是零成本？	todo		e13d4960cbb1efab	Perfetto 的 `android.java_hprof` 与完整 ART HPROF 差在哪？它的 fork 管线为什么停顿更短但仍不是零成本？	keep	17-tools/03-performance-tools.md	Q13	Perfetto 的 `android.java_hprof` 与完整 ART HPROF 差在哪？它的 fork 管线为什么停顿更短但仍不是零成本？	保留原题证据标注	10-tools/03-性能分析工具.md#Q13	executor	migrated
10-tools/03-性能分析工具.md	Q14	排查 native 内存安全错误时，malloc debug、HWASan 与 MTE 应该怎么选？各自的前提是什么？	todo		d2024c7886c32a38	排查 native 内存安全错误时，malloc debug、HWASan 与 MTE 应该怎么选？各自的前提是什么？	keep	17-tools/03-performance-tools.md	Q14	排查 native 内存安全错误时，malloc debug、HWASan 与 MTE 应该怎么选？各自的前提是什么？	保留原题证据标注	10-tools/03-性能分析工具.md#Q14	executor	migrated
10-tools/03-性能分析工具.md	Q15	"`dumpsys` 输出的是哪种证据？为什么 `dumpsys cpuinfo` 的结果不能叫""瞬时 CPU""？"	todo		043d9de80f0a90a3	"`dumpsys` 输出的是哪种证据？为什么 `dumpsys cpuinfo` 的结果不能叫""瞬时 CPU""？"	keep	17-tools/03-performance-tools.md	Q15	"`dumpsys` 输出的是哪种证据？为什么 `dumpsys cpuinfo` 的结果不能叫""瞬时 CPU""？"	保留原题证据标注	10-tools/03-性能分析工具.md#Q15	executor	migrated
10-tools/03-性能分析工具.md	Q16	`dumpsys activity oom` 里的 cur、set、curRaw、setRaw 和 adjType 各代表什么？OOM adjustment 数值高就代表进程会被杀吗？	todo		e0a0d15978a55151	`dumpsys activity oom` 里的 cur、set、curRaw、setRaw 和 adjType 各代表什么？OOM adjustment 数值高就代表进程会被杀吗？	keep	17-tools/03-performance-tools.md	Q16	`dumpsys activity oom` 里的 cur、set、curRaw、setRaw 和 adjType 各代表什么？OOM adjustment 数值高就代表进程会被杀吗？	保留原题证据标注	10-tools/03-性能分析工具.md#Q16	executor	migrated
10-tools/03-性能分析工具.md	Q17	"`dumpsys gfxinfo` 的 `reset`、`framestats` 与聚合统计各承担什么？""Number Slow bitmap uploads"" 高就是图片解码慢吗？"	todo		b83afb663b2cccad	"`dumpsys gfxinfo` 的 `reset`、`framestats` 与聚合统计各承担什么？""Number Slow bitmap uploads"" 高就是图片解码慢吗？"	keep	17-tools/03-performance-tools.md	Q17	"`dumpsys gfxinfo` 的 `reset`、`framestats` 与聚合统计各承担什么？""Number Slow bitmap uploads"" 高就是图片解码慢吗？"	保留原题证据标注	10-tools/03-性能分析工具.md#Q17	executor	migrated
10-tools/03-性能分析工具.md	Q18	排查图层缺失或晚呈现时，Android 13 上 `dumpsys SurfaceFlinger` 的 `--list` 与 `--latency` 怎么用？`--frontend` 为什么是无效参数？	todo		eb6d197f7af4c3d7	排查图层缺失或晚呈现时，Android 13 上 `dumpsys SurfaceFlinger` 的 `--list` 与 `--latency` 怎么用？`--frontend` 为什么是无效参数？	keep	17-tools/03-performance-tools.md	Q18	排查图层缺失或晚呈现时，Android 13 上 `dumpsys SurfaceFlinger` 的 `--list` 与 `--latency` 怎么用？`--frontend` 为什么是无效参数？	保留原题证据标注	10-tools/03-性能分析工具.md#Q18	executor	migrated
10-tools/03-性能分析工具.md	Q19	"WLAN rail 在 20 秒窗口增加 4.2 J与""目标 UID 被 BatteryStats 归因 0.3 mAh""为什么不能放进同一列比较？"	todo		6f5c6e43bb71899f	"WLAN rail 在 20 秒窗口增加 4.2 J与""目标 UID 被 BatteryStats 归因 0.3 mAh""为什么不能放进同一列比较？"	keep	17-tools/03-performance-tools.md	Q19	"WLAN rail 在 20 秒窗口增加 4.2 J与""目标 UID 被 BatteryStats 归因 0.3 mAh""为什么不能放进同一列比较？"	保留原题证据标注	10-tools/03-性能分析工具.md#Q19	executor	migrated
10-tools/03-性能分析工具.md	Q20	Battery Historian 时间线里的色块、top_app 和电池百分比分别代表什么？哪些解读是错的？	todo		460688ef35f39ea9	Battery Historian 时间线里的色块、top_app 和电池百分比分别代表什么？哪些解读是错的？	keep	17-tools/03-performance-tools.md	Q20	Battery Historian 时间线里的色块、top_app 和电池百分比分别代表什么？哪些解读是错的？	保留原题证据标注	10-tools/03-性能分析工具.md#Q20	executor	migrated
10-tools/03-性能分析工具.md	Q21	采集一份可比较的 bugreport 给 Battery Historian，命令顺序和状态开关怎么安排？Historian 现在还能用吗？	todo		b43e2e5b20057377	采集一份可比较的 bugreport 给 Battery Historian，命令顺序和状态开关怎么安排？Historian 现在还能用吗？	keep	17-tools/03-performance-tools.md	Q21	采集一份可比较的 bugreport 给 Battery Historian，命令顺序和状态开关怎么安排？Historian 现在还能用吗？	保留原题证据标注	10-tools/03-性能分析工具.md#Q21	executor	migrated
10-tools/03-性能分析工具.md	Q22	"Macrobenchmark 与 Microbenchmark 的进程边界和编译控制有什么不同？""Microbenchmark 数字更稳定""能替代 Macrobenchmark 吗？"	todo		81ab3faaeaa90c38	"Macrobenchmark 与 Microbenchmark 的进程边界和编译控制有什么不同？""Microbenchmark 数字更稳定""能替代 Macrobenchmark 吗？"	keep	17-tools/03-performance-tools.md	Q22	"Macrobenchmark 与 Microbenchmark 的进程边界和编译控制有什么不同？""Microbenchmark 数字更稳定""能替代 Macrobenchmark 吗？"	保留原题证据标注	10-tools/03-性能分析工具.md#Q22	executor	migrated
10-tools/03-性能分析工具.md	Q23	StartupTimingMetric 的 TTID 与 TTFD 分别计到哪里？CompilationMode 的 DEFAULT、None、Partial、Full、Ignore 各用于什么？	todo		2bb0ca5b85c48dcc	StartupTimingMetric 的 TTID 与 TTFD 分别计到哪里？CompilationMode 的 DEFAULT、None、Partial、Full、Ignore 各用于什么？	keep	17-tools/03-performance-tools.md	Q23	StartupTimingMetric 的 TTID 与 TTFD 分别计到哪里？CompilationMode 的 DEFAULT、None、Partial、Full、Ignore 各用于什么？	保留原题证据标注	10-tools/03-性能分析工具.md#Q23	executor	migrated
10-tools/03-性能分析工具.md	Q24	为什么 Espresso 不能用来驱动 Macrobenchmark 的测量区间？UI Automator、Monkey 与 Android CLI 在性能链路里各承担什么？	todo		924f37c99fda676c	为什么 Espresso 不能用来驱动 Macrobenchmark 的测量区间？UI Automator、Monkey 与 Android CLI 在性能链路里各承担什么？	keep	17-tools/03-performance-tools.md	Q24	为什么 Espresso 不能用来驱动 Macrobenchmark 的测量区间？UI Automator、Monkey 与 Android CLI 在性能链路里各承担什么？	保留原题证据标注	10-tools/03-性能分析工具.md#Q24	executor	migrated
10-tools/03-性能分析工具.md	Q25	性能 CI 的五个阶段各固定什么？为什么模拟器跑出的基准数字不能进物理设备基线？	todo		ad1b7c9b0ae4d18c	性能 CI 的五个阶段各固定什么？为什么模拟器跑出的基准数字不能进物理设备基线？	keep	17-tools/03-performance-tools.md	Q25	性能 CI 的五个阶段各固定什么？为什么模拟器跑出的基准数字不能进物理设备基线？	保留原题证据标注	10-tools/03-性能分析工具.md#Q25	executor	migrated
10-tools/03-性能分析工具.md	Q26	ProfilingManager 解决什么问题？它是什么时候引入的，Android 13 上能用吗？	todo		99bdd9e52a166b2a	ProfilingManager 解决什么问题？它是什么时候引入的，Android 13 上能用吗？	keep	17-tools/03-performance-tools.md	Q26	ProfilingManager 解决什么问题？它是什么时候引入的，Android 13 上能用吗？	保留原题证据标注	10-tools/03-性能分析工具.md#Q26	executor	migrated
10-tools/03-性能分析工具.md	Q27	"发起一次 ProfilingManager 显式请求要注意什么？""提交成功""等于""采集成功""吗？"	todo		847db4281e9d0f29	"发起一次 ProfilingManager 显式请求要注意什么？""提交成功""等于""采集成功""吗？"	keep	17-tools/03-performance-tools.md	Q27	"发起一次 ProfilingManager 显式请求要注意什么？""提交成功""等于""采集成功""吗？"	保留原题证据标注	10-tools/03-性能分析工具.md#Q27	executor	migrated
10-tools/03-性能分析工具.md	Q28	"system-triggered profiling 为什么""注册了 ANR trigger 却常常拿不到文件""？APP_FULLY_DRAWN 与 COLD_START 两个 trigger 的窗口差在哪？"	todo		680cc37a2980c389	"system-triggered profiling 为什么""注册了 ANR trigger 却常常拿不到文件""？APP_FULLY_DRAWN 与 COLD_START 两个 trigger 的窗口差在哪？"	keep	17-tools/03-performance-tools.md	Q28	"system-triggered profiling 为什么""注册了 ANR trigger 却常常拿不到文件""？APP_FULLY_DRAWN 与 COLD_START 两个 trigger 的窗口差在哪？"	保留原题证据标注	10-tools/03-性能分析工具.md#Q28	executor	migrated
10-tools/03-性能分析工具.md	Q29	statsd 在系统观测里处在什么位置？pushed atom 与 pulled atom 有什么区别？	todo		7ace78f4804ad690	statsd 在系统观测里处在什么位置？pushed atom 与 pulled atom 有什么区别？	keep	17-tools/03-performance-tools.md	Q29	statsd 在系统观测里处在什么位置？pushed atom 与 pulled atom 有什么区别？	保留原题证据标注	10-tools/03-性能分析工具.md#Q29	executor	migrated
10-tools/03-性能分析工具.md	Q30	statsd 配置里的 AtomMatcher、Predicate 与各类 metric 各管什么？报告里缺条目按什么顺序排查？	todo		3f061df4f3cbb4b0	statsd 配置里的 AtomMatcher、Predicate 与各类 metric 各管什么？报告里缺条目按什么顺序排查？	keep	17-tools/03-performance-tools.md	Q30	statsd 配置里的 AtomMatcher、Predicate 与各类 metric 各管什么？报告里缺条目按什么顺序排查？	保留原题证据标注	10-tools/03-性能分析工具.md#Q30	executor	migrated
10-tools/03-性能分析工具.md	Q31	本地用 `cmd stats` 验证一份 statsd 配置的流程是什么？为什么这套命令不能进量产自动化？	todo		83d0a61cc8a68ca6	本地用 `cmd stats` 验证一份 statsd 配置的流程是什么？为什么这套命令不能进量产自动化？	keep	17-tools/03-performance-tools.md	Q31	本地用 `cmd stats` 验证一份 statsd 配置的流程是什么？为什么这套命令不能进量产自动化？	保留原题证据标注	10-tools/03-性能分析工具.md#Q31	executor	migrated
10-tools/03-性能分析工具.md	Q32	一次 ANR 排查里，statsd、Perfetto、logcat、dumpsys 各能提供什么？为什么缺一类证据结论就会偏窄？	todo		a69fff3309d3cb7a	一次 ANR 排查里，statsd、Perfetto、logcat、dumpsys 各能提供什么？为什么缺一类证据结论就会偏窄？	keep	17-tools/03-performance-tools.md	Q32	一次 ANR 排查里，statsd、Perfetto、logcat、dumpsys 各能提供什么？为什么缺一类证据结论就会偏窄？	保留原题证据标注	10-tools/03-性能分析工具.md#Q32	executor	migrated
10-tools/03-性能分析工具.md	Q33	StrictMode 的 ThreadPolicy 与 VmPolicy 各管什么范围？在 Application.onCreate() 里 setThreadPolicy() 之后，线程池里的磁盘操作为什么检测不到？	todo		cc523fdda4f407b6	StrictMode 的 ThreadPolicy 与 VmPolicy 各管什么范围？在 Application.onCreate() 里 setThreadPolicy() 之后，线程池里的磁盘操作为什么检测不到？	keep	17-tools/03-performance-tools.md	Q33	StrictMode 的 ThreadPolicy 与 VmPolicy 各管什么范围？在 Application.onCreate() 里 setThreadPolicy() 之后，线程池里的磁盘操作为什么检测不到？	保留原题证据标注	10-tools/03-性能分析工具.md#Q33	executor	migrated
10-tools/03-性能分析工具.md	Q34	StrictMode 的磁盘与网络检测点在哪里？为什么 SharedPreferences 后台加载 XML 时主线程卡住、却不报 DiskReadViolation？	todo		d6553f6c1c0c4aea	StrictMode 的磁盘与网络检测点在哪里？为什么 SharedPreferences 后台加载 XML 时主线程卡住、却不报 DiskReadViolation？	keep	17-tools/03-performance-tools.md	Q34	StrictMode 的磁盘与网络检测点在哪里？为什么 SharedPreferences 后台加载 XML 时主线程卡住、却不报 DiskReadViolation？	保留原题证据标注	10-tools/03-性能分析工具.md#Q34	executor	migrated
10-tools/03-性能分析工具.md	Q35	StrictMode 的 penalty 各是什么语义？用 penaltyListener 记录违规时为什么要用独立 Executor？	todo		117a5a53b9ab08fc	StrictMode 的 penalty 各是什么语义？用 penaltyListener 记录违规时为什么要用独立 Executor？	keep	17-tools/03-performance-tools.md	Q35	StrictMode 的 penalty 各是什么语义？用 penaltyListener 记录违规时为什么要用独立 Executor？	保留原题证据标注	10-tools/03-性能分析工具.md#Q35	executor	migrated
10-tools/03-性能分析工具.md	Q36	"应用堆栈里出现""发生在 system_server 的 DiskReadViolation""是怎么回事？用 `allowThreadDiskReads()` 临时放行时要注意什么？"	todo		db4331e06ac20fa7	"应用堆栈里出现""发生在 system_server 的 DiskReadViolation""是怎么回事？用 `allowThreadDiskReads()` 临时放行时要注意什么？"	keep	17-tools/03-performance-tools.md	Q36	"应用堆栈里出现""发生在 system_server 的 DiskReadViolation""是怎么回事？用 `allowThreadDiskReads()` 临时放行时要注意什么？"	保留原题证据标注	10-tools/03-性能分析工具.md#Q36	executor	migrated
10-tools/04-GPU与专项工具.md	Q1	想统计自有应用进程内 `libc.so` 的 `malloc` 被谁调用，PLT/GOT Hook 改写的是什么位置？为什么它注定覆盖不了所有 `malloc` 调用？	todo		1f5e3f9728a0c175	想统计自有应用进程内 `libc.so` 的 `malloc` 被谁调用，PLT/GOT Hook 改写的是什么位置？为什么它注定覆盖不了所有 `malloc` 调用？	keep	17-tools/06-gpu-tools.md	Q1	想统计自有应用进程内 `libc.so` 的 `malloc` 被谁调用，PLT/GOT Hook 改写的是什么位置？为什么它注定覆盖不了所有 `malloc` 调用？	保留原题证据标注	10-tools/04-GPU与专项工具.md#Q1	executor	migrated
10-tools/04-GPU与专项工具.md	Q2	PLT Hook 命中不了目标时改用 Inline Hook，它的原理和三项实现难点是什么？ARM64 上为什么经常需要 branch island？	todo		f55bb3500619e198	PLT Hook 命中不了目标时改用 Inline Hook，它的原理和三项实现难点是什么？ARM64 上为什么经常需要 branch island？	keep	17-tools/06-gpu-tools.md	Q2	PLT Hook 命中不了目标时改用 Inline Hook，它的原理和三项实现难点是什么？ARM64 上为什么经常需要 branch island？	保留原题证据标注	10-tools/04-GPU与专项工具.md#Q2	executor	migrated
10-tools/04-GPU与专项工具.md	Q3	普通应用在 Android 上被禁止拥有 RWX 内存，所以 Inline Hook 在线上必然失败——这个说法有依据吗？	todo		85a0490f2f3f96bb	普通应用在 Android 上被禁止拥有 RWX 内存，所以 Inline Hook 在线上必然失败——这个说法有依据吗？	keep	17-tools/06-gpu-tools.md	Q3	普通应用在 Android 上被禁止拥有 RWX 内存，所以 Inline Hook 在线上必然失败——这个说法有依据吗？	保留原题证据标注	10-tools/04-GPU与专项工具.md#Q3	executor	migrated
10-tools/04-GPU与专项工具.md	Q4	"Matrix、KOOM、Booster、LeakCanary 这类三方库应该按什么维度选型？""README 写支持某 API 级别""能证明什么？"	todo		056e7b3c73565d3b	"Matrix、KOOM、Booster、LeakCanary 这类三方库应该按什么维度选型？""README 写支持某 API 级别""能证明什么？"	keep	17-tools/06-gpu-tools.md	Q4	"Matrix、KOOM、Booster、LeakCanary 这类三方库应该按什么维度选型？""README 写支持某 API 级别""能证明什么？"	保留原题证据标注	10-tools/04-GPU与专项工具.md#Q4	executor	migrated
10-tools/04-GPU与专项工具.md	Q5	"一次 draw API 调用返回后，这一帧还要经过哪些时间节点？怎么用这些节点判断""是不是 GPU 瓶颈""？"	todo		52973750a8b15c1b	"一次 draw API 调用返回后，这一帧还要经过哪些时间节点？怎么用这些节点判断""是不是 GPU 瓶颈""？"	keep	17-tools/06-gpu-tools.md	Q5	"一次 draw API 调用返回后，这一帧还要经过哪些时间节点？怎么用这些节点判断""是不是 GPU 瓶颈""？"	保留原题证据标注	10-tools/04-GPU与专项工具.md#Q5	executor	migrated
10-tools/04-GPU与专项工具.md	Q6	AGI Frame Profiler 是怎么把 GraphicsSpy 注入目标进程的？平台侧的注入条件是什么？	todo		277f9f21e60bd60e	AGI Frame Profiler 是怎么把 GraphicsSpy 注入目标进程的？平台侧的注入条件是什么？	keep	17-tools/06-gpu-tools.md	Q6	AGI Frame Profiler 是怎么把 GraphicsSpy 注入目标进程的？平台侧的注入条件是什么？	保留原题证据标注	10-tools/04-GPU与专项工具.md#Q6	executor	migrated
10-tools/04-GPU与专项工具.md	Q7	AGI 能直接捕获 OpenGL ES 应用吗？选 OpenGL on ANGLE 模式抓到的内容应该怎么理解？	todo		c8395592608a47ba	AGI 能直接捕获 OpenGL ES 应用吗？选 OpenGL on ANGLE 模式抓到的内容应该怎么理解？	keep	17-tools/06-gpu-tools.md	Q7	AGI 能直接捕获 OpenGL ES 应用吗？选 OpenGL on ANGLE 模式抓到的内容应该怎么理解？	保留原题证据标注	10-tools/04-GPU与专项工具.md#Q7	executor	migrated
10-tools/04-GPU与专项工具.md	Q8	`profileable` 和 `debuggable` 有什么区别？帧捕获工具为什么通常要求 debuggable，性能基线又该怎么取？	todo		51859e15fee60e27	`profileable` 和 `debuggable` 有什么区别？帧捕获工具为什么通常要求 debuggable，性能基线又该怎么取？	keep	17-tools/06-gpu-tools.md	Q8	`profileable` 和 `debuggable` 有什么区别？帧捕获工具为什么通常要求 debuggable，性能基线又该怎么取？	保留原题证据标注	10-tools/04-GPU与专项工具.md#Q8	executor	migrated
10-tools/04-GPU与专项工具.md	Q9	`dumpsys gpu --gpumem` 显示的每个进程 GPU 内存从哪里来？AAOS13 上这条链路的实现是什么样的？	todo		746f02118e5f0df4	`dumpsys gpu --gpumem` 显示的每个进程 GPU 内存从哪里来？AAOS13 上这条链路的实现是什么样的？	keep	17-tools/06-gpu-tools.md	Q9	`dumpsys gpu --gpumem` 显示的每个进程 GPU 内存从哪里来？AAOS13 上这条链路的实现是什么样的？	保留原题证据标注	10-tools/04-GPU与专项工具.md#Q9	executor	migrated
10-tools/04-GPU与专项工具.md	Q10	Perfetto 里 `android.gpu.memory` 数据源和 ftrace 的 `gpu_mem/gpu_mem_total` 事件各提供什么？只开其中一个会缺什么？	todo		f1952ec3b913a35e	Perfetto 里 `android.gpu.memory` 数据源和 ftrace 的 `gpu_mem/gpu_mem_total` 事件各提供什么？只开其中一个会缺什么？	keep	17-tools/06-gpu-tools.md	Q10	Perfetto 里 `android.gpu.memory` 数据源和 ftrace 的 `gpu_mem/gpu_mem_total` 事件各提供什么？只开其中一个会缺什么？	保留原题证据标注	10-tools/04-GPU与专项工具.md#Q10	executor	migrated
10-tools/04-GPU与专项工具.md	Q11	`dumpsys gpu --gpustats` 里的统计和 GpuMem 是什么关系？这条链路在 Android 13 和 Android 17 之间有什么实现差异？	todo		cdfa976fe2b70823	`dumpsys gpu --gpustats` 里的统计和 GpuMem 是什么关系？这条链路在 Android 13 和 Android 17 之间有什么实现差异？	keep	17-tools/06-gpu-tools.md	Q11	`dumpsys gpu --gpustats` 里的统计和 GpuMem 是什么关系？这条链路在 Android 13 和 Android 17 之间有什么实现差异？	保留原题证据标注	10-tools/04-GPU与专项工具.md#Q11	executor	migrated
10-tools/04-GPU与专项工具.md	Q12	`dumpsys gpu --gpumem` 显示某进程 GPU 内存持续增长，下一步怎么定位？GpuMem、memtrack、DMA-BUF 几个数字能互相换算吗？	todo		1c848f2cec42a34c	`dumpsys gpu --gpumem` 显示某进程 GPU 内存持续增长，下一步怎么定位？GpuMem、memtrack、DMA-BUF 几个数字能互相换算吗？	keep	17-tools/06-gpu-tools.md	Q12	`dumpsys gpu --gpumem` 显示某进程 GPU 内存持续增长，下一步怎么定位？GpuMem、memtrack、DMA-BUF 几个数字能互相换算吗？	保留原题证据标注	10-tools/04-GPU与专项工具.md#Q12	executor	migrated
10-tools/04-GPU与专项工具.md	Q13	Android Performance Analyzer（APA）在工具链里处于什么位置？它和 Perfetto CLI、AGI 的分工边界是什么？	todo		e26ee557f7293290	Android Performance Analyzer（APA）在工具链里处于什么位置？它和 Perfetto CLI、AGI 的分工边界是什么？	keep	17-tools/06-gpu-tools.md	Q13	Android Performance Analyzer（APA）在工具链里处于什么位置？它和 Perfetto CLI、AGI 的分工边界是什么？	保留原题证据标注	10-tools/04-GPU与专项工具.md#Q13	executor	migrated
10-tools/04-GPU与专项工具.md	Q14	用 APA 录一份可信的系统 trace，录制配置和构建类型要注意什么？它注入的 Vulkan layer 会不会扰动结果？	todo		6b042bb1b32d7e68	用 APA 录一份可信的系统 trace，录制配置和构建类型要注意什么？它注入的 Vulkan layer 会不会扰动结果？	keep	17-tools/06-gpu-tools.md	Q14	用 APA 录一份可信的系统 trace，录制配置和构建类型要注意什么？它注入的 Vulkan layer 会不会扰动结果？	保留原题证据标注	10-tools/04-GPU与专项工具.md#Q14	executor	migrated
10-tools/04-GPU与专项工具.md	Q15	"GAPS 这类工具判定""目标方法可达""分哪两个阶段？报告里的静态命中率能当执行率用吗？触达了目标方法能证明性能问题吗？"	todo		0e78490d54fe4c94	"GAPS 这类工具判定""目标方法可达""分哪两个阶段？报告里的静态命中率能当执行率用吗？触达了目标方法能证明性能问题吗？"	keep	17-tools/06-gpu-tools.md	Q15	"GAPS 这类工具判定""目标方法可达""分哪两个阶段？报告里的静态命中率能当执行率用吗？触达了目标方法能证明性能问题吗？"	保留原题证据标注	10-tools/04-GPU与专项工具.md#Q15	executor	migrated
10-tools/04-GPU与专项工具.md	Q16	Camera 的预览卡顿、拍照慢、录像丢帧、内存上涨四类问题分别要观测什么？HAL3 的 request/result 模型是什么形状？	todo		8d882e211d2e18d6	Camera 的预览卡顿、拍照慢、录像丢帧、内存上涨四类问题分别要观测什么？HAL3 的 request/result 模型是什么形状？	keep	17-tools/06-gpu-tools.md	Q16	Camera 的预览卡顿、拍照慢、录像丢帧、内存上涨四类问题分别要观测什么？HAL3 的 request/result 模型是什么形状？	保留原题证据标注	10-tools/04-GPU与专项工具.md#Q16	executor	migrated
10-tools/04-GPU与专项工具.md	Q17	Perfetto 里 Camera 相关的关键 slice 有哪些？`frame capture` 和 `Stream N: first full buffer` 分别能证明什么、不能证明什么？	todo		afd15e0dfd8c43e8	Perfetto 里 Camera 相关的关键 slice 有哪些？`frame capture` 和 `Stream N: first full buffer` 分别能证明什么、不能证明什么？	keep	17-tools/06-gpu-tools.md	Q17	Perfetto 里 Camera 相关的关键 slice 有哪些？`frame capture` 和 `Stream N: first full buffer` 分别能证明什么、不能证明什么？	保留原题证据标注	10-tools/04-GPU与专项工具.md#Q17	executor	migrated
10-tools/04-GPU与专项工具.md	Q18	用 SQL 量化 Camera 预览帧间隔时有哪些陷阱？怎么保证算出来的 fps 是可信的？	todo		3ab5eb800f2d76b6	用 SQL 量化 Camera 预览帧间隔时有哪些陷阱？怎么保证算出来的 fps 是可信的？	keep	17-tools/06-gpu-tools.md	Q18	用 SQL 量化 Camera 预览帧间隔时有哪些陷阱？怎么保证算出来的 fps 是可信的？	保留原题证据标注	10-tools/04-GPU与专项工具.md#Q18	executor	migrated
10-tools/04-GPU与专项工具.md	Q19	"Camera 预览链路上 consumer 持有 buffer 不还，会造成什么后果？`maxBuffers`、`maxImages` 和""固定三缓冲""分别是什么关系？"	todo		0340f98b823c3975	"Camera 预览链路上 consumer 持有 buffer 不还，会造成什么后果？`maxBuffers`、`maxImages` 和""固定三缓冲""分别是什么关系？"	keep	17-tools/06-gpu-tools.md	Q19	"Camera 预览链路上 consumer 持有 buffer 不还，会造成什么后果？`maxBuffers`、`maxImages` 和""固定三缓冲""分别是什么关系？"	保留原题证据标注	10-tools/04-GPU与专项工具.md#Q19	executor	migrated
10-tools/04-GPU与专项工具.md	Q20	Camera 拍照延迟怎么分段度量？`SENSOR_TIMESTAMP` 能直接和 `elapsedRealtimeNanos()` 相减吗？内存侧 `CameraMetadataNative` 为什么要单独看？	todo		576563154816dfe2	Camera 拍照延迟怎么分段度量？`SENSOR_TIMESTAMP` 能直接和 `elapsedRealtimeNanos()` 相减吗？内存侧 `CameraMetadataNative` 为什么要单独看？	keep	17-tools/06-gpu-tools.md	Q20	Camera 拍照延迟怎么分段度量？`SENSOR_TIMESTAMP` 能直接和 `elapsedRealtimeNanos()` 相减吗？内存侧 `CameraMetadataNative` 为什么要单独看？	保留原题证据标注	10-tools/04-GPU与专项工具.md#Q20	executor	migrated
10-tools/04-GPU与专项工具.md	Q21	Winscope 是什么工具？在 Android 13 上它的采集形态和 Android 15+ 有什么本质区别？	todo		edbb3468e0299061	Winscope 是什么工具？在 Android 13 上它的采集形态和 Android 15+ 有什么本质区别？	keep	17-tools/06-gpu-tools.md	Q21	Winscope 是什么工具？在 Android 13 上它的采集形态和 Android 15+ 有什么本质区别？	保留原题证据标注	10-tools/04-GPU与专项工具.md#Q21	executor	migrated
10-tools/04-GPU与专项工具.md	Q22	读 Winscope 的 layer tree 前为什么要先判断出图拓扑？SurfaceView 和 TextureView 在 SurfaceFlinger 里分别长什么样？	todo		8283069efbf83512	读 Winscope 的 layer tree 前为什么要先判断出图拓扑？SurfaceView 和 TextureView 在 SurfaceFlinger 里分别长什么样？	keep	17-tools/06-gpu-tools.md	Q22	读 Winscope 的 layer tree 前为什么要先判断出图拓扑？SurfaceView 和 TextureView 在 SurfaceFlinger 里分别长什么样？	保留原题证据标注	10-tools/04-GPU与专项工具.md#Q22	executor	migrated
10-tools/04-GPU与专项工具.md	Q23	用 Winscope 排查黑屏或几何错位时，正确的证据顺序是什么？requested 和 calculated 有什么区别？	todo		86a1499dae705062	用 Winscope 排查黑屏或几何错位时，正确的证据顺序是什么？requested 和 calculated 有什么区别？	keep	17-tools/06-gpu-tools.md	Q23	用 Winscope 排查黑屏或几何错位时，正确的证据顺序是什么？requested 和 calculated 有什么区别？	保留原题证据标注	10-tools/04-GPU与专项工具.md#Q23	executor	migrated
10-tools/04-GPU与专项工具.md	Q24	Layout Inspector 能确认什么、不能确认什么？为什么开启 View 属性检查会重启前台 Activity？	todo		f454ba7e5bdeafaa	Layout Inspector 能确认什么、不能确认什么？为什么开启 View 属性检查会重启前台 Activity？	keep	17-tools/06-gpu-tools.md	Q24	Layout Inspector 能确认什么、不能确认什么？为什么开启 View 属性检查会重启前台 Activity？	保留原题证据标注	10-tools/04-GPU与专项工具.md#Q24	executor	migrated
10-tools/04-GPU与专项工具.md	Q25	普通应用能加载自己的 eBPF 程序吗？Android 平台的 BPF 程序是怎么进入内核的？	todo		af29fdb29e252bdc	普通应用能加载自己的 eBPF 程序吗？Android 平台的 BPF 程序是怎么进入内核的？	keep	17-tools/06-gpu-tools.md	Q25	普通应用能加载自己的 eBPF 程序吗？Android 平台的 BPF 程序是怎么进入内核的？	保留原题证据标注	10-tools/04-GPU与专项工具.md#Q25	executor	migrated
10-tools/04-GPU与专项工具.md	Q26	Android 的 CPU time-in-state 统计（timeInState）观测什么？它的 attach 点和 map 路径在 Android 13 与 17 之间有什么差异？	todo		564ba8e53289c6d6	Android 的 CPU time-in-state 统计（timeInState）观测什么？它的 attach 点和 map 路径在 Android 13 与 17 之间有什么差异？	keep	17-tools/06-gpu-tools.md	Q26	Android 的 CPU time-in-state 统计（timeInState）观测什么？它的 attach 点和 map 路径在 Android 13 与 17 之间有什么差异？	保留原题证据标注	10-tools/04-GPU与专项工具.md#Q26	executor	migrated
10-tools/04-GPU与专项工具.md	Q27	"`/sys/fs/bpf` 下能看到某个 BPF program，能说明它正在采集数据吗？怎么区分""加载成功""""attach 成功""和""有数据""三层？"	todo		a45f79ced2535863	"`/sys/fs/bpf` 下能看到某个 BPF program，能说明它正在采集数据吗？怎么区分""加载成功""""attach 成功""和""有数据""三层？"	keep	17-tools/06-gpu-tools.md	Q27	"`/sys/fs/bpf` 下能看到某个 BPF program，能说明它正在采集数据吗？怎么区分""加载成功""""attach 成功""和""有数据""三层？"	保留原题证据标注	10-tools/04-GPU与专项工具.md#Q27	executor	migrated
10-tools/04-GPU与专项工具.md	Q28	BPF 程序挂在与 ftrace 相同的 tracepoint 上，Perfetto 会显示 BPF 的聚合结果吗？Android 17 新增的几组 BPF 程序在 Android 13 上能用吗？	todo		21e70e7fecf8f59f	BPF 程序挂在与 ftrace 相同的 tracepoint 上，Perfetto 会显示 BPF 的聚合结果吗？Android 17 新增的几组 BPF 程序在 Android 13 上能用吗？	keep	17-tools/06-gpu-tools.md	Q28	BPF 程序挂在与 ftrace 相同的 tracepoint 上，Perfetto 会显示 BPF 的聚合结果吗？Android 17 新增的几组 BPF 程序在 Android 13 上能用吗？	保留原题证据标注	10-tools/04-GPU与专项工具.md#Q28	executor	migrated
10-tools/04-GPU与专项工具.md	Q29	APK Analyzer 显示 `classes.dex` 变大了，为什么还要 R8 Configuration Analyzer？三类分数（shrinking/optimization/obfuscation）到底衡量什么？	todo		315b6fbcd801a1cb	APK Analyzer 显示 `classes.dex` 变大了，为什么还要 R8 Configuration Analyzer？三类分数（shrinking/optimization/obfuscation）到底衡量什么？	keep	17-tools/06-gpu-tools.md	Q29	APK Analyzer 显示 `classes.dex` 变大了，为什么还要 R8 Configuration Analyzer？三类分数（shrinking/optimization/obfuscation）到底衡量什么？	保留原题证据标注	10-tools/04-GPU与专项工具.md#Q29	executor	migrated
10-tools/04-GPU与专项工具.md	Q30	R8 Configuration Analyzer 的报告怎么生成、重点看哪些字段？full mode 迁移后它应该放在哪一轮？CI 门禁怎么定？	todo		009729302c4cfaa2	R8 Configuration Analyzer 的报告怎么生成、重点看哪些字段？full mode 迁移后它应该放在哪一轮？CI 门禁怎么定？	keep	17-tools/06-gpu-tools.md	Q30	R8 Configuration Analyzer 的报告怎么生成、重点看哪些字段？full mode 迁移后它应该放在哪一轮？CI 门禁怎么定？	保留原题证据标注	10-tools/04-GPU与专项工具.md#Q30	executor	migrated
10-tools/05-性能方法论.md	Q1	"性能优化中""道、术、器""各承担什么工作？为什么""应用很慢""这类反馈必须先改写成关键用户旅程才能开工？"	todo		70f4c10ad637d76d	"性能优化中""道、术、器""各承担什么工作？为什么""应用很慢""这类反馈必须先改写成关键用户旅程才能开工？"	keep	17-tools/02-performance-methodology.md	Q1	"性能优化中""道、术、器""各承担什么工作？为什么""应用很慢""这类反馈必须先改写成关键用户旅程才能开工？"	保留原题证据标注	10-tools/05-性能方法论.md#Q1	executor	migrated
10-tools/05-性能方法论.md	Q2	一次性能调查的六步分析流程是什么？每一步最容易被省略的东西是什么？	todo		c0e923e46908b8d3	一次性能调查的六步分析流程是什么？每一步最容易被省略的东西是什么？	keep	17-tools/02-performance-methodology.md	Q2	一次性能调查的六步分析流程是什么？每一步最容易被省略的东西是什么？	保留原题证据标注	10-tools/05-性能方法论.md#Q2	executor	migrated
10-tools/05-性能方法论.md	Q3	"性能报告的结论为什么要按证据等级分级？""观测、机制、干预、复现""四级分别允许写出什么结论？"	todo		3004ab554f1899ec	"性能报告的结论为什么要按证据等级分级？""观测、机制、干预、复现""四级分别允许写出什么结论？"	keep	17-tools/02-performance-methodology.md	Q3	"性能报告的结论为什么要按证据等级分级？""观测、机制、干预、复现""四级分别允许写出什么结论？"	保留原题证据标注	10-tools/05-性能方法论.md#Q3	executor	migrated
10-tools/05-性能方法论.md	Q4	"性能测量有哪些常见偏差来源？为什么说测量协议比""多跑几次""更有价值？"	todo		444533f859e61ac8	"性能测量有哪些常见偏差来源？为什么说测量协议比""多跑几次""更有价值？"	keep	17-tools/02-performance-methodology.md	Q4	"性能测量有哪些常见偏差来源？为什么说测量协议比""多跑几次""更有价值？"	保留原题证据标注	10-tools/05-性能方法论.md#Q4	executor	migrated
10-tools/05-性能方法论.md	Q5	"实验室数据与线上数据各自能回答什么问题？为什么""GC""""Binder""""I/O""这类工具标签不能当根因？"	todo		4fbf7bb201c6b6c0	"实验室数据与线上数据各自能回答什么问题？为什么""GC""""Binder""""I/O""这类工具标签不能当根因？"	keep	17-tools/02-performance-methodology.md	Q5	"实验室数据与线上数据各自能回答什么问题？为什么""GC""""Binder""""I/O""这类工具标签不能当根因？"	保留原题证据标注	10-tools/05-性能方法论.md#Q5	executor	migrated
10-tools/05-性能方法论.md	Q6	性能优化的优先级怎么排？团队要固定哪些治理机制，优化收益才不会随版本回退？	todo		128d89f7e55785da	性能优化的优先级怎么排？团队要固定哪些治理机制，优化收益才不会随版本回退？	keep	17-tools/02-performance-methodology.md	Q6	性能优化的优先级怎么排？团队要固定哪些治理机制，优化收益才不会随版本回退？	保留原题证据标注	10-tools/05-性能方法论.md#Q6	executor	migrated
10-tools/05-性能方法论.md	Q7	"系统问题和""App 问题""为什么不是归因终点？一份可复查的归因报告应该分哪四层？"	todo		ffe3ad6d34afe2f2	"系统问题和""App 问题""为什么不是归因终点？一份可复查的归因报告应该分哪四层？"	keep	17-tools/02-performance-methodology.md	Q7	"系统问题和""App 问题""为什么不是归因终点？一份可复查的归因报告应该分哪四层？"	保留原题证据标注	10-tools/05-性能方法论.md#Q7	executor	migrated
10-tools/05-性能方法论.md	Q8	"主线程长时间处于 Runnable 应该按什么顺序归因？""全核满载""和""整机利用率低""分别会误导什么判断？"	todo		2e87e63c0d794130	"主线程长时间处于 Runnable 应该按什么顺序归因？""全核满载""和""整机利用率低""分别会误导什么判断？"	keep	17-tools/02-performance-methodology.md	Q8	"主线程长时间处于 Runnable 应该按什么顺序归因？""全核满载""和""整机利用率低""分别会误导什么判断？"	保留原题证据标注	10-tools/05-性能方法论.md#Q8	executor	migrated
10-tools/05-性能方法论.md	Q9	kswapd 活跃、App 频繁 GC、进程被 lmkd 杀掉，这三者之间能直接推出因果吗？	todo		92e4c83fa0181fc1	kswapd 活跃、App 频繁 GC、进程被 lmkd 杀掉，这三者之间能直接推出因果吗？	keep	17-tools/02-performance-methodology.md	Q9	kswapd 活跃、App 频繁 GC、进程被 lmkd 杀掉，这三者之间能直接推出因果吗？	保留原题证据标注	10-tools/05-性能方法论.md#Q9	executor	migrated
10-tools/05-性能方法论.md	Q10	"系统升级后应用出现性能回退，怎样用 A/B 对照方法把""版本回归""从噪声里分离出来？"	todo		f7dd3be4c7c4e772	"系统升级后应用出现性能回退，怎样用 A/B 对照方法把""版本回归""从噪声里分离出来？"	keep	17-tools/02-performance-methodology.md	Q10	"系统升级后应用出现性能回退，怎样用 A/B 对照方法把""版本回归""从噪声里分离出来？"	保留原题证据标注	10-tools/05-性能方法论.md#Q10	executor	migrated
10-tools/05-性能方法论.md	Q11	一个长期性能指标的定义要写清哪些字段？指标按职责分为哪四类？	todo		ee905794aba4ac33	一个长期性能指标的定义要写清哪些字段？指标按职责分为哪四类？	keep	17-tools/02-performance-methodology.md	Q11	一个长期性能指标的定义要写清哪些字段？指标按职责分为哪四类？	保留原题证据标注	10-tools/05-性能方法论.md#Q11	executor	migrated
10-tools/05-性能方法论.md	Q12	FPS、Android Vitals 的 slow/frozen frame、FrameMetrics 三种帧口径各描述什么？为什么 16.67 ms 不能当所有设备的统一帧预算？	todo		28963633e5e1fdba	FPS、Android Vitals 的 slow/frozen frame、FrameMetrics 三种帧口径各描述什么？为什么 16.67 ms 不能当所有设备的统一帧预算？	keep	17-tools/02-performance-methodology.md	Q12	FPS、Android Vitals 的 slow/frozen frame、FrameMetrics 三种帧口径各描述什么？为什么 16.67 ms 不能当所有设备的统一帧预算？	保留原题证据标注	10-tools/05-性能方法论.md#Q12	executor	migrated
10-tools/05-性能方法论.md	Q13	TTID 和 TTFD 的起点与终点有什么不同？Play 的 slow startup 口径是什么，为什么内部预算不能直接抄它？	todo		10bbb8aeed560896	TTID 和 TTFD 的起点与终点有什么不同？Play 的 slow startup 口径是什么，为什么内部预算不能直接抄它？	keep	17-tools/02-performance-methodology.md	Q13	TTID 和 TTFD 的起点与终点有什么不同？Play 的 slow startup 口径是什么，为什么内部预算不能直接抄它？	保留原题证据标注	10-tools/05-性能方法论.md#Q13	executor	migrated
10-tools/05-性能方法论.md	Q14	分位数为什么不能跨分片求平均？线上采样为什么必须区分基线样本与异常触发样本？	todo		b316e1cfc6172660	分位数为什么不能跨分片求平均？线上采样为什么必须区分基线样本与异常触发样本？	keep	17-tools/02-performance-methodology.md	Q14	分位数为什么不能跨分片求平均？线上采样为什么必须区分基线样本与异常触发样本？	保留原题证据标注	10-tools/05-性能方法论.md#Q14	executor	migrated
10-tools/05-性能方法论.md	Q15	一套线上监控系统分哪三层？ANR 相关的线上事件至少要分成哪三类，为什么不能互相替换？	todo		d779faab677059cf	一套线上监控系统分哪三层？ANR 相关的线上事件至少要分成哪三类，为什么不能互相替换？	keep	17-tools/02-performance-methodology.md	Q15	一套线上监控系统分哪三层？ANR 相关的线上事件至少要分成哪三类，为什么不能互相替换？	保留原题证据标注	10-tools/05-性能方法论.md#Q15	executor	migrated
10-tools/05-性能方法论.md	Q16	"设备分级为什么要把""稳定能力画像、工作负载策略、会话期压力""分成三层，而不是给整机算一个高/中/低总分？"	todo		a74e37fbdb7213a5	"设备分级为什么要把""稳定能力画像、工作负载策略、会话期压力""分成三层，而不是给整机算一个高/中/低总分？"	keep	17-tools/02-performance-methodology.md	Q16	"设备分级为什么要把""稳定能力画像、工作负载策略、会话期压力""分成三层，而不是给整机算一个高/中/低总分？"	保留原题证据标注	10-tools/05-性能方法论.md#Q16	executor	migrated
10-tools/05-性能方法论.md	Q17	设备能力评估应该用哪些公开 API 信号？它们各自的版本边界和常见误读是什么？	todo		a861a3833c6de897	设备能力评估应该用哪些公开 API 信号？它们各自的版本边界和常见误读是什么？	keep	17-tools/02-performance-methodology.md	Q17	设备能力评估应该用哪些公开 API 信号？它们各自的版本边界和常见误读是什么？	保留原题证据标注	10-tools/05-性能方法论.md#Q17	executor	migrated
10-tools/05-性能方法论.md	Q18	会话期的动态降级为什么需要迟滞和最短驻留时间？查询 thermal 与 CPU/GPU headroom 有什么限制？	todo		631e52c7595fc84a	会话期的动态降级为什么需要迟滞和最短驻留时间？查询 thermal 与 CPU/GPU headroom 有什么限制？	keep	17-tools/02-performance-methodology.md	Q18	会话期的动态降级为什么需要迟滞和最短驻留时间？查询 thermal 与 CPU/GPU headroom 有什么限制？	保留原题证据标注	10-tools/05-性能方法论.md#Q18	executor	migrated
10-tools/05-性能方法论.md	Q19	远端下发的设备策略为什么必须能离线启动？验证分级收益时要注意哪些陷阱？	todo		557de1c8bae47d08	远端下发的设备策略为什么必须能离线启动？验证分级收益时要注意哪些陷阱？	keep	17-tools/02-performance-methodology.md	Q19	远端下发的设备策略为什么必须能离线启动？验证分级收益时要注意哪些陷阱？	保留原题证据标注	10-tools/05-性能方法论.md#Q19	executor	migrated
10-tools/05-性能方法论.md	Q20	为什么性能测试测量的是分布而不是一个数字？测试合同要固定哪三部分？	todo		24a8a694e500b374	为什么性能测试测量的是分布而不是一个数字？测试合同要固定哪三部分？	keep	17-tools/02-performance-methodology.md	Q20	为什么性能测试测量的是分布而不是一个数字？测试合同要固定哪三部分？	保留原题证据标注	10-tools/05-性能方法论.md#Q20	executor	migrated
10-tools/05-性能方法论.md	Q21	"性能回归测试的环境标准化有哪些关键约束？为什么 `cmd thermalservice override-status` 不能用来制造""未降频""基准？"	todo		26fa11bc8c2d852f	"性能回归测试的环境标准化有哪些关键约束？为什么 `cmd thermalservice override-status` 不能用来制造""未降频""基准？"	keep	17-tools/02-performance-methodology.md	Q21	"性能回归测试的环境标准化有哪些关键约束？为什么 `cmd thermalservice override-status` 不能用来制造""未降频""基准？"	保留原题证据标注	10-tools/05-性能方法论.md#Q21	executor	migrated
10-tools/05-性能方法论.md	Q22	Macrobenchmark 的 StartupMode 和 CompilationMode 分别控制什么？哪些边界最容易误读？	todo		bad1a8a0cc2ab8ce	Macrobenchmark 的 StartupMode 和 CompilationMode 分别控制什么？哪些边界最容易误读？	keep	17-tools/02-performance-methodology.md	Q22	Macrobenchmark 的 StartupMode 和 CompilationMode 分别控制什么？哪些边界最容易误读？	保留原题证据标注	10-tools/05-性能方法论.md#Q22	executor	migrated
10-tools/05-性能方法论.md	Q23	"性能回归判定为什么要""排除规则预先定义 + 噪声下限 + 效应量""三件套？基线需要保存哪些内容？"	todo		52b56c7d0b7f8cbd	"性能回归判定为什么要""排除规则预先定义 + 噪声下限 + 效应量""三件套？基线需要保存哪些内容？"	keep	17-tools/02-performance-methodology.md	Q23	"性能回归判定为什么要""排除规则预先定义 + 噪声下限 + 效应量""三件套？基线需要保存哪些内容？"	保留原题证据标注	10-tools/05-性能方法论.md#Q23	executor	migrated
10-tools/05-性能方法论.md	Q24	"竞品性能对比要满足哪些""同""才可复现？为什么 FrameMetrics 和 Macrobenchmark 往往用不到竞品身上？"	todo		8841503576c79a29	"竞品性能对比要满足哪些""同""才可复现？为什么 FrameMetrics 和 Macrobenchmark 往往用不到竞品身上？"	keep	17-tools/02-performance-methodology.md	Q24	"竞品性能对比要满足哪些""同""才可复现？为什么 FrameMetrics 和 Macrobenchmark 往往用不到竞品身上？"	保留原题证据标注	10-tools/05-性能方法论.md#Q24	executor	migrated
10-tools/05-性能方法论.md	Q25	"`adb shell am start -W` 的输出应该怎么读？""冷启动""与""清缓存""为什么不是一回事？"	todo		91669a97f7ca7020	"`adb shell am start -W` 的输出应该怎么读？""冷启动""与""清缓存""为什么不是一回事？"	keep	17-tools/02-performance-methodology.md	Q25	"`adb shell am start -W` 的输出应该怎么读？""冷启动""与""清缓存""为什么不是一回事？"	保留原题证据标注	10-tools/05-性能方法论.md#Q25	executor	migrated
10-tools/05-性能方法论.md	Q26	"竞品包体积对比前为什么要先选定""包""的对象？哪些数字不能混用？"	todo		d75ad4b04a856ed1	"竞品包体积对比前为什么要先选定""包""的对象？哪些数字不能混用？"	keep	17-tools/02-performance-methodology.md	Q26	"竞品包体积对比前为什么要先选定""包""的对象？哪些数字不能混用？"	保留原题证据标注	10-tools/05-性能方法论.md#Q26	executor	migrated
10-tools/05-性能方法论.md	Q27	"阅读 AOSP 源码前要固定哪三个坐标？为什么""我看了 AOSP 最新代码""无法复核？"	todo		fb9f3f7a0f890ac0	"阅读 AOSP 源码前要固定哪三个坐标？为什么""我看了 AOSP 最新代码""无法复核？"	keep	17-tools/02-performance-methodology.md	Q27	"阅读 AOSP 源码前要固定哪三个坐标？为什么""我看了 AOSP 最新代码""无法复核？"	保留原题证据标注	10-tools/05-性能方法论.md#Q27	executor	migrated
10-tools/05-性能方法论.md	Q28	"Android Code Search 怎么用才有效？为什么""搜索命中""不等于""执行证据""？"	todo		8292555e779deb12	"Android Code Search 怎么用才有效？为什么""搜索命中""不等于""执行证据""？"	keep	17-tools/02-performance-methodology.md	Q28	"Android Code Search 怎么用才有效？为什么""搜索命中""不等于""执行证据""？"	保留原题证据标注	10-tools/05-性能方法论.md#Q28	executor	migrated
10-tools/05-性能方法论.md	Q29	只有一条 Logcat 日志（例如 Choreographer 的跳帧警告）时，怎样反查到源码并追到引入版本？	todo		0852585adb680504	只有一条 Logcat 日志（例如 Choreographer 的跳帧警告）时，怎样反查到源码并追到引入版本？	keep	17-tools/02-performance-methodology.md	Q29	只有一条 Logcat 日志（例如 Choreographer 的跳帧警告）时，怎样反查到源码并追到引入版本？	保留原题证据标注	10-tools/05-性能方法论.md#Q29	executor	migrated
10-tools/05-性能方法论.md	Q30	从 Perfetto slice 反查源码时，为什么要先确认 track 和进程？native 层的 trace 宏名怎么对应 slice 名？	todo		c0d3065592279f0b	从 Perfetto slice 反查源码时，为什么要先确认 track 和进程？native 层的 trace 宏名怎么对应 slice 名？	keep	17-tools/02-performance-methodology.md	Q30	从 Perfetto slice 反查源码时，为什么要先确认 track 和进程？native 层的 trace 宏名怎么对应 slice 名？	保留原题证据标注	10-tools/05-性能方法论.md#Q30	executor	migrated
10-tools/05-性能方法论.md	Q31	Google Android Bench 的任务是怎么构建出来的？它的分数能证明什么、不能证明什么？	todo		af9b3af97a4544a1	Google Android Bench 的任务是怎么构建出来的？它的分数能证明什么、不能证明什么？	keep	17-tools/02-performance-methodology.md	Q31	Google Android Bench 的任务是怎么构建出来的？它的分数能证明什么、不能证明什么？	保留原题证据标注	10-tools/05-性能方法论.md#Q31	executor	migrated
10-tools/05-性能方法论.md	Q32	复现一次 Android Bench 实验要记录什么？为什么换了执行框架，同样的模型分数会变？	todo		57dfefa3484f86f0	复现一次 Android Bench 实验要记录什么？为什么换了执行框架，同样的模型分数会变？	keep	17-tools/02-performance-methodology.md	Q32	复现一次 Android Bench 实验要记录什么？为什么换了执行框架，同样的模型分数会变？	保留原题证据标注	10-tools/05-性能方法论.md#Q32	executor	migrated
10-tools/05-性能方法论.md	Q33	Android Bench 的 verifier 状态有哪些？读 pass@1 和公开排行榜时最容易犯什么错？	todo		aaf2c23ffe7acb16	Android Bench 的 verifier 状态有哪些？读 pass@1 和公开排行榜时最容易犯什么错？	keep	17-tools/02-performance-methodology.md	Q33	Android Bench 的 verifier 状态有哪些？读 pass@1 和公开排行榜时最容易犯什么错？	保留原题证据标注	10-tools/05-性能方法论.md#Q33	executor	migrated
10-tools/06-APM-平台与SDK.md	Q1	应用上线后的性能问题由哪四类工具能力分层处理？为什么客户端 APM、官方信号、线下诊断和 Benchmark 不能互相替代？	todo		35ddff27e6bc45cb	应用上线后的性能问题由哪四类工具能力分层处理？为什么客户端 APM、官方信号、线下诊断和 Benchmark 不能互相替代？	keep	17-tools/07-apm-platform.md	Q1	应用上线后的性能问题由哪四类工具能力分层处理？为什么客户端 APM、官方信号、线下诊断和 Benchmark 不能互相替代？	保留原题证据标注	10-tools/06-APM-平台与SDK.md#Q1	executor	migrated
10-tools/06-APM-平台与SDK.md	Q2	把 Android vitals、Firebase Performance 与自建 APM 的同类发生率放进同一看板时，为什么不能强求数值一致？上线前要先固定哪些数据合同要素？	todo		053c71416f6b39e1	把 Android vitals、Firebase Performance 与自建 APM 的同类发生率放进同一看板时，为什么不能强求数值一致？上线前要先固定哪些数据合同要素？	keep	17-tools/07-apm-platform.md	Q2	把 Android vitals、Firebase Performance 与自建 APM 的同类发生率放进同一看板时，为什么不能强求数值一致？上线前要先固定哪些数据合同要素？	保留原题证据标注	10-tools/06-APM-平台与SDK.md#Q2	executor	migrated
10-tools/06-APM-平台与SDK.md	Q3	Firebase Performance 的 `_app_start` 从什么时刻计到什么时刻？为什么它不能当进程启动或首屏完整耗时用？	todo		8effb43c0ca9daf5	Firebase Performance 的 `_app_start` 从什么时刻计到什么时刻？为什么它不能当进程启动或首屏完整耗时用？	keep	17-tools/07-apm-platform.md	Q3	Firebase Performance 的 `_app_start` 从什么时刻计到什么时刻？为什么它不能当进程启动或首屏完整耗时用？	保留原题证据标注	10-tools/06-APM-平台与SDK.md#Q3	executor	migrated
10-tools/06-APM-平台与SDK.md	Q4	Firebase 自动 screen trace 的 slow/frozen frame 阈值和汇总口径是什么？为什么 120 Hz 设备上的卡顿可能被低估？	todo		b55ccfd50d5ce0fe	Firebase 自动 screen trace 的 slow/frozen frame 阈值和汇总口径是什么？为什么 120 Hz 设备上的卡顿可能被低估？	keep	17-tools/07-apm-platform.md	Q4	Firebase 自动 screen trace 的 slow/frozen frame 阈值和汇总口径是什么？为什么 120 Hz 设备上的卡顿可能被低估？	保留原题证据标注	10-tools/06-APM-平台与SDK.md#Q4	executor	migrated
10-tools/06-APM-平台与SDK.md	Q5	接入 Firebase Performance 时，为什么关掉运行时采集仍可能继续执行构建期插桩？两套开关分别怎么配？	todo		6175d23775cd9ad9	接入 Firebase Performance 时，为什么关掉运行时采集仍可能继续执行构建期插桩？两套开关分别怎么配？	keep	17-tools/07-apm-platform.md	Q5	接入 Firebase Performance 时，为什么关掉运行时采集仍可能继续执行构建期插桩？两套开关分别怎么配？	保留原题证据标注	10-tools/06-APM-平台与SDK.md#Q5	executor	migrated
10-tools/06-APM-平台与SDK.md	Q6	Firebase Performance 记录到的事件为什么不一定出现在控制台？采样、限流、时效与告警门槛各怎么影响解读？	todo		741cee7d1fb8c5bc	Firebase Performance 记录到的事件为什么不一定出现在控制台？采样、限流、时效与告警门槛各怎么影响解读？	keep	17-tools/07-apm-platform.md	Q6	Firebase Performance 记录到的事件为什么不一定出现在控制台？采样、限流、时效与告警门槛各怎么影响解读？	保留原题证据标注	10-tools/06-APM-平台与SDK.md#Q6	executor	migrated
10-tools/06-APM-平台与SDK.md	Q7	选型 Sentry、APMPlus、Bugly 这类商业 APM 时，为什么功能清单不足以形成验收结论？以 Sentry 的 UI profiling 为例说明版本分支风险。	todo		aa3045fde455587c	选型 Sentry、APMPlus、Bugly 这类商业 APM 时，为什么功能清单不足以形成验收结论？以 Sentry 的 UI profiling 为例说明版本分支风险。	keep	17-tools/07-apm-platform.md	Q7	选型 Sentry、APMPlus、Bugly 这类商业 APM 时，为什么功能清单不足以形成验收结论？以 Sentry 的 UI profiling 为例说明版本分支风险。	保留原题证据标注	10-tools/06-APM-平台与SDK.md#Q7	executor	migrated
10-tools/06-APM-平台与SDK.md	Q8	androidx.tracing 2.0 的进程内 `Tracer` 与经典 `trace {}` 为什么是两条路径而不是替代关系？	todo		2689eff5c5fd53c3	androidx.tracing 2.0 的进程内 `Tracer` 与经典 `trace {}` 为什么是两条路径而不是替代关系？	keep	17-tools/07-apm-platform.md	Q8	androidx.tracing 2.0 的进程内 `Tracer` 与经典 `trace {}` 为什么是两条路径而不是替代关系？	保留原题证据标注	10-tools/06-APM-平台与SDK.md#Q8	executor	migrated
10-tools/06-APM-平台与SDK.md	Q9	非 debuggable 进程里 `Trace.isEnabled()` 返回 true 需要什么条件？各 API 段允许应用写 trace 的前提有什么差别？	todo		2f2116aafe10a144	非 debuggable 进程里 `Trace.isEnabled()` 返回 true 需要什么条件？各 API 段允许应用写 trace 的前提有什么差别？	keep	17-tools/07-apm-platform.md	Q9	非 debuggable 进程里 `Trace.isEnabled()` 返回 true 需要什么条件？各 API 段允许应用写 trace 的前提有什么差别？	保留原题证据标注	10-tools/06-APM-平台与SDK.md#Q9	executor	migrated
10-tools/06-APM-平台与SDK.md	Q10	"btrace 3.0 用""运行时 Hook + 同步抓栈""采集方法栈——为什么调小 `-sampleInterval` 也不能保证固定周期采样？`-m` 参数最常见的误解是什么？"	todo		f3cb26300a50a3ff	"btrace 3.0 用""运行时 Hook + 同步抓栈""采集方法栈——为什么调小 `-sampleInterval` 也不能保证固定周期采样？`-m` 参数最常见的误解是什么？"	keep	17-tools/07-apm-platform.md	Q10	"btrace 3.0 用""运行时 Hook + 同步抓栈""采集方法栈——为什么调小 `-sampleInterval` 也不能保证固定周期采样？`-m` 参数最常见的误解是什么？"	保留原题证据标注	10-tools/06-APM-平台与SDK.md#Q10	executor	migrated
10-tools/06-APM-平台与SDK.md	Q11	btrace 的开源 Android 产物为什么不能直接接入 Android 17 / API 37 生产项目？维护 source fork 至少要验收什么？	todo		1066f7cfda2e7bd7	btrace 的开源 Android 产物为什么不能直接接入 Android 17 / API 37 生产项目？维护 source fork 至少要验收什么？	keep	17-tools/07-apm-platform.md	Q11	btrace 的开源 Android 产物为什么不能直接接入 Android 17 / API 37 生产项目？维护 source fork 至少要验收什么？	保留原题证据标注	10-tools/06-APM-平台与SDK.md#Q11	executor	migrated
10-tools/06-APM-平台与SDK.md	Q12	Matrix 2.1.0 的 Gradle 插件为什么在 AGP 8+ 工程无法工作？评估 Matrix 时运行时模块和构建插件为什么要拆开？	todo		da1d1a54cd5f387f	Matrix 2.1.0 的 Gradle 插件为什么在 AGP 8+ 工程无法工作？评估 Matrix 时运行时模块和构建插件为什么要拆开？	keep	17-tools/07-apm-platform.md	Q12	Matrix 2.1.0 的 Gradle 插件为什么在 AGP 8+ 工程无法工作？评估 Matrix 时运行时模块和构建插件为什么要拆开？	保留原题证据标注	10-tools/06-APM-平台与SDK.md#Q12	executor	migrated
10-tools/06-APM-平台与SDK.md	Q13	"Trace Canary 的方法调用树报告依赖哪两份映射文件？插桩失效时报告会出现什么""假象""？"	todo		91623be3f4f41e11	"Trace Canary 的方法调用树报告依赖哪两份映射文件？插桩失效时报告会出现什么""假象""？"	keep	17-tools/07-apm-platform.md	Q13	"Trace Canary 的方法调用树报告依赖哪两份映射文件？插桩失效时报告会出现什么""假象""？"	保留原题证据标注	10-tools/06-APM-平台与SDK.md#Q13	executor	migrated
10-tools/06-APM-平台与SDK.md	Q14	LeakCanary 2.14 默认自动观察哪几类对象？为什么 Service watcher 被列为高版本验证重点？	todo		c44dfb22a87fab60	LeakCanary 2.14 默认自动观察哪几类对象？为什么 Service watcher 被列为高版本验证重点？	keep	17-tools/07-apm-platform.md	Q14	LeakCanary 2.14 默认自动观察哪几类对象？为什么 Service watcher 被列为高版本验证重点？	保留原题证据标注	10-tools/06-APM-平台与SDK.md#Q14	executor	migrated
10-tools/06-APM-平台与SDK.md	Q15	LeakCanary 把泄漏分为 Application Leak 与 Library Leak 的依据是什么？给自家问题挂 matcher 会造成什么后果？	todo		e8c02fb30ccc9744	LeakCanary 把泄漏分为 Application Leak 与 Library Leak 的依据是什么？给自家问题挂 matcher 会造成什么后果？	keep	17-tools/07-apm-platform.md	Q15	LeakCanary 把泄漏分为 Application Leak 与 Library Leak 的依据是什么？给自家问题挂 matcher 会造成什么后果？	保留原题证据标注	10-tools/06-APM-平台与SDK.md#Q15	executor	migrated
10-tools/06-APM-平台与SDK.md	Q16	为什么 LeakCanary 的完整能力（自动 dump、分析、通知）只能进 debug 变体？线上要用 heap 分析时要处理哪些问题？	todo		73786192a079bd3b	为什么 LeakCanary 的完整能力（自动 dump、分析、通知）只能进 debug 变体？线上要用 heap 分析时要处理哪些问题？	keep	17-tools/07-apm-platform.md	Q16	为什么 LeakCanary 的完整能力（自动 dump、分析、通知）只能进 debug 变体？线上要用 heap 分析时要处理哪些问题？	保留原题证据标注	10-tools/06-APM-平台与SDK.md#Q16	executor	migrated
10-tools/06-APM-平台与SDK.md	Q17	KOOM 的 java/native/thread leak 三个模块各判定什么？公共版本的 API 与 ABI 门槛怎么限制接入？	todo		048848be65bc4b1e	KOOM 的 java/native/thread leak 三个模块各判定什么？公共版本的 API 与 ABI 门槛怎么限制接入？	keep	17-tools/07-apm-platform.md	Q17	KOOM 的 java/native/thread leak 三个模块各判定什么？公共版本的 API 与 ABI 门槛怎么限制接入？	保留原题证据标注	10-tools/06-APM-平台与SDK.md#Q17	executor	migrated
10-tools/06-APM-平台与SDK.md	Q18	KOOM 用 fork 子进程写 Hprof 来降低主进程停顿——为什么诊断动作本身仍可能加速进程退出？自动路径产出的 Hprof 会脱敏吗？	todo		da4b6947a89c0e76	KOOM 用 fork 子进程写 Hprof 来降低主进程停顿——为什么诊断动作本身仍可能加速进程退出？自动路径产出的 Hprof 会脱敏吗？	keep	17-tools/07-apm-platform.md	Q18	KOOM 用 fork 子进程写 Hprof 来降低主进程停顿——为什么诊断动作本身仍可能加速进程退出？自动路径产出的 Hprof 会脱敏吗？	保留原题证据标注	10-tools/06-APM-平台与SDK.md#Q18	executor	migrated
10-tools/06-APM-平台与SDK.md	Q19	"DoKit 的""断网""""超时""与 Mock 模式为什么都会先发出真实请求？哪些接口绝对不能用它们测试？"	todo		6fd90f2a7ac7ebcf	"DoKit 的""断网""""超时""与 Mock 模式为什么都会先发出真实请求？哪些接口绝对不能用它们测试？"	keep	17-tools/07-apm-platform.md	Q19	"DoKit 的""断网""""超时""与 Mock 模式为什么都会先发出真实请求？哪些接口绝对不能用它们测试？"	保留原题证据标注	10-tools/06-APM-平台与SDK.md#Q19	executor	migrated
10-tools/06-APM-平台与SDK.md	Q20	DoKit 性能浮窗的 FPS、CPU、内存、卡顿读数各来自什么数据源？为什么浮窗数值不能当版本级性能结论？	todo		a06131aaf25fd163	DoKit 性能浮窗的 FPS、CPU、内存、卡顿读数各来自什么数据源？为什么浮窗数值不能当版本级性能结论？	keep	17-tools/07-apm-platform.md	Q20	DoKit 性能浮窗的 FPS、CPU、内存、卡顿读数各来自什么数据源？为什么浮窗数值不能当版本级性能结论？	保留原题证据标注	10-tools/06-APM-平台与SDK.md#Q20	executor	migrated
10-tools/06-APM-平台与SDK.md	Q21	在 API 37 工程里接入 DoKit 3.7.11 有哪些硬边界？Release 隔离最终以什么为准？	todo		0aef2fb6be7c785e	在 API 37 工程里接入 DoKit 3.7.11 有哪些硬边界？Release 隔离最终以什么为准？	keep	17-tools/07-apm-platform.md	Q21	在 API 37 工程里接入 DoKit 3.7.11 有哪些硬边界？Release 隔离最终以什么为准？	保留原题证据标注	10-tools/06-APM-平台与SDK.md#Q21	executor	migrated
10-tools/06-APM-平台与SDK.md	Q22	Measure APM 在 Android 17 上支持 OOM 自动 heap dump 吗？它的会话与采集模型有哪些边界？	todo		04a547fb2fca395a	Measure APM 在 Android 17 上支持 OOM 自动 heap dump 吗？它的会话与采集模型有哪些边界？	keep	17-tools/07-apm-platform.md	Q22	Measure APM 在 Android 17 上支持 OOM 自动 heap dump 吗？它的会话与采集模型有哪些边界？	保留原题证据标注	10-tools/06-APM-平台与SDK.md#Q22	executor	migrated
10-tools/06-APM-平台与SDK.md	Q23	BlockCanary 检测主线程卡顿的采样窗口是怎么安排的？为什么阈值内前段的热点可能完全错过？	todo		fe64bcf7013c80f0	BlockCanary 检测主线程卡顿的采样窗口是怎么安排的？为什么阈值内前段的热点可能完全错过？	keep	17-tools/07-apm-platform.md	Q23	BlockCanary 检测主线程卡顿的采样窗口是怎么安排的？为什么阈值内前段的热点可能完全错过？	保留原题证据标注	10-tools/06-APM-平台与SDK.md#Q23	executor	migrated
10-tools/06-APM-平台与SDK.md	Q24	"Collie 的 FPS、""ANR""、启动与泄漏监控里有哪些口径陷阱？为什么这些实现只能当反例教学？"	todo		46bb137fa6803109	"Collie 的 FPS、""ANR""、启动与泄漏监控里有哪些口径陷阱？为什么这些实现只能当反例教学？"	keep	17-tools/07-apm-platform.md	Q24	"Collie 的 FPS、""ANR""、启动与泄漏监控里有哪些口径陷阱？为什么这些实现只能当反例教学？"	保留原题证据标注	10-tools/06-APM-平台与SDK.md#Q24	executor	migrated
10-tools/06-APM-平台与SDK.md	Q25	评估 AndroidGodEye、Rabbit 这类历史开源 APM 要看哪四个维度？把它们的旧能力迁到现代 Android 时怎么映射？	todo		7561e2d7742c6818	评估 AndroidGodEye、Rabbit 这类历史开源 APM 要看哪四个维度？把它们的旧能力迁到现代 Android 时怎么映射？	keep	17-tools/07-apm-platform.md	Q25	评估 AndroidGodEye、Rabbit 这类历史开源 APM 要看哪四个维度？把它们的旧能力迁到现代 Android 时怎么映射？	保留原题证据标注	10-tools/06-APM-平台与SDK.md#Q25	executor	migrated
10-tools/06-APM-平台与SDK.md	Q26	Microbenchmark 里手工加一万次循环、循环内打日志、返回值没人用分别测错了什么？warmup 与 AOT 口径为什么必须写进报告？	todo		fde91c974ba8f2a6	Microbenchmark 里手工加一万次循环、循环内打日志、返回值没人用分别测错了什么？warmup 与 AOT 口径为什么必须写进报告？	keep	17-tools/07-apm-platform.md	Q26	Microbenchmark 里手工加一万次循环、循环内打日志、返回值没人用分别测错了什么？warmup 与 AOT 口径为什么必须写进报告？	保留原题证据标注	10-tools/06-APM-平台与SDK.md#Q26	executor	migrated
10-tools/06-APM-平台与SDK.md	Q27	Macrobenchmark 为什么必须用独立的 `com.android.test` 模块和 non-debuggable 且 profileable 的目标应用？setupBlock 与 measureBlock 各承担什么？	todo		e154b9a38803b550	Macrobenchmark 为什么必须用独立的 `com.android.test` 模块和 non-debuggable 且 profileable 的目标应用？setupBlock 与 measureBlock 各承担什么？	keep	17-tools/07-apm-platform.md	Q27	Macrobenchmark 为什么必须用独立的 `com.android.test` 模块和 non-debuggable 且 profileable 的目标应用？setupBlock 与 measureBlock 各承担什么？	保留原题证据标注	10-tools/06-APM-平台与SDK.md#Q27	executor	migrated
10-tools/06-APM-平台与SDK.md	Q28	"为什么""生成 Baseline Profile""和""验证 Baseline Profile 收益""是两项任务？生成环境与验证实验各有什么要求？"	todo		4e81129f8ecdffec	"为什么""生成 Baseline Profile""和""验证 Baseline Profile 收益""是两项任务？生成环境与验证实验各有什么要求？"	keep	17-tools/07-apm-platform.md	Q28	"为什么""生成 Baseline Profile""和""验证 Baseline Profile 收益""是两项任务？生成环境与验证实验各有什么要求？"	保留原题证据标注	10-tools/06-APM-平台与SDK.md#Q28	executor	migrated
10-tools/06-APM-平台与SDK.md	Q29	`FrameTimingMetric` 的三个输出怎么读？`TraceSectionMetric` 默认 `Mode.Sum` 的陷阱是什么？	todo		6fb7d0ff52611c04	`FrameTimingMetric` 的三个输出怎么读？`TraceSectionMetric` 默认 `Mode.Sum` 的陷阱是什么？	keep	17-tools/07-apm-platform.md	Q29	`FrameTimingMetric` 的三个输出怎么读？`TraceSectionMetric` 默认 `Mode.Sum` 的陷阱是什么？	保留原题证据标注	10-tools/06-APM-平台与SDK.md#Q29	executor	migrated
10-tools/06-APM-平台与SDK.md	Q30	把 Benchmark 接进 CI 门禁时，为什么不能照搬单元测试的 pass/fail？门禁阈值应该怎么定？	todo		52696555b87bd831	把 Benchmark 接进 CI 门禁时，为什么不能照搬单元测试的 pass/fail？门禁阈值应该怎么定？	keep	17-tools/07-apm-platform.md	Q30	把 Benchmark 接进 CI 门禁时，为什么不能照搬单元测试的 pass/fail？门禁阈值应该怎么定？	保留原题证据标注	10-tools/06-APM-平台与SDK.md#Q30	executor	migrated
10-tools/07-APM-专项原理与架构.md	Q1	PerfDog 不要求被测 App 接入 SDK 也不要求设备 root，为什么仍不能用它代替线上 APM 和系统 trace 做根因定位？	todo		dc2cb68f1ad3609a	PerfDog 不要求被测 App 接入 SDK 也不要求设备 root，为什么仍不能用它代替线上 APM 和系统 trace 做根因定位？	keep	17-tools/08-apm-internals.md	Q1	PerfDog 不要求被测 App 接入 SDK 也不要求设备 root，为什么仍不能用它代替线上 APM 和系统 trace 做根因定位？	保留原题证据标注	10-tools/07-APM-专项原理与架构.md#Q1	executor	migrated
10-tools/07-APM-专项原理与架构.md	Q2	PerfDog 的 Jank 用固定的 24 FPS 门槛判定，为什么在 120 Hz 屏幕上不能把这套 Jank 计数直接当系统卡顿分类使用？	todo		e1b530bdb2a00d10	PerfDog 的 Jank 用固定的 24 FPS 门槛判定，为什么在 120 Hz 屏幕上不能把这套 Jank 计数直接当系统卡顿分类使用？	keep	17-tools/08-apm-internals.md	Q2	PerfDog 的 Jank 用固定的 24 FPS 门槛判定，为什么在 120 Hz 屏幕上不能把这套 Jank 计数直接当系统卡顿分类使用？	保留原题证据标注	10-tools/07-APM-专项原理与架构.md#Q2	executor	migrated
10-tools/07-APM-专项原理与架构.md	Q3	用 PerfDog 做功耗回归时为什么必须在 Wi-Fi 模式下拔掉 USB 采集 Battery Power？发现帧率退化后怎样组合证据判断是热降频？	todo		90f572b059583f9b	用 PerfDog 做功耗回归时为什么必须在 Wi-Fi 模式下拔掉 USB 采集 Battery Power？发现帧率退化后怎样组合证据判断是热降频？	keep	17-tools/08-apm-internals.md	Q3	用 PerfDog 做功耗回归时为什么必须在 Wi-Fi 模式下拔掉 USB 采集 Battery Power？发现帧率退化后怎样组合证据判断是热降频？	保留原题证据标注	10-tools/07-APM-专项原理与架构.md#Q3	executor	migrated
10-tools/07-APM-专项原理与架构.md	Q4	"Geekbench、3DMark、安兔兔、PCMark 的分数在什么条件下才能放进同一组比较？""多核分数高所以多开线程一定快""错在哪里？"	todo		3ddc96394043cf8a	"Geekbench、3DMark、安兔兔、PCMark 的分数在什么条件下才能放进同一组比较？""多核分数高所以多开线程一定快""错在哪里？"	keep	17-tools/08-apm-internals.md	Q4	"Geekbench、3DMark、安兔兔、PCMark 的分数在什么条件下才能放进同一组比较？""多核分数高所以多开线程一定快""错在哪里？"	保留原题证据标注	10-tools/07-APM-专项原理与架构.md#Q4	executor	migrated
10-tools/07-APM-专项原理与架构.md	Q5	做机型分层时为什么应保存分项能力向量而不是一个综合档位？Media Performance Class 能当作档位标准吗？	todo		b4b11e3f2d7bb274	做机型分层时为什么应保存分项能力向量而不是一个综合档位？Media Performance Class 能当作档位标准吗？	keep	17-tools/08-apm-internals.md	Q5	做机型分层时为什么应保存分项能力向量而不是一个综合档位？Media Performance Class 能当作档位标准吗？	保留原题证据标注	10-tools/07-APM-专项原理与架构.md#Q5	executor	migrated
10-tools/07-APM-专项原理与架构.md	Q6	"网络 APM 说""无侵入""，采集器实际插在哪里？为什么只记一个 attempt 数组的 schema 在 HTTP/2 和重试场景会失真？"	todo		a772b767fb26626e	"网络 APM 说""无侵入""，采集器实际插在哪里？为什么只记一个 attempt 数组的 schema 在 HTTP/2 和重试场景会失真？"	keep	17-tools/08-apm-internals.md	Q6	"网络 APM 说""无侵入""，采集器实际插在哪里？为什么只记一个 attempt 数组的 schema 在 HTTP/2 和重试场景会失真？"	保留原题证据标注	10-tools/07-APM-专项原理与架构.md#Q6	executor	migrated
10-tools/07-APM-专项原理与架构.md	Q7	"用 OkHttp EventListener 采集网络指标时，哪些事件序列例外会破坏""一次 call 一条记录""的假设？注册为什么必须用 eventListenerFactory 而不是 eventListener？"	todo		039a5ca913ce2e77	"用 OkHttp EventListener 采集网络指标时，哪些事件序列例外会破坏""一次 call 一条记录""的假设？注册为什么必须用 eventListenerFactory 而不是 eventListener？"	keep	17-tools/08-apm-internals.md	Q7	"用 OkHttp EventListener 采集网络指标时，哪些事件序列例外会破坏""一次 call 一条记录""的假设？注册为什么必须用 eventListenerFactory 而不是 eventListener？"	保留原题证据标注	10-tools/07-APM-专项原理与架构.md#Q7	executor	migrated
10-tools/07-APM-专项原理与架构.md	Q8	"网络 APM 的 Exchange TTFB 和 post-send wait 应该怎么计算？""connectStart 到 connectEnd 就是 TCP 握手""为什么是错的？"	todo		3758677ba1accf6b	"网络 APM 的 Exchange TTFB 和 post-send wait 应该怎么计算？""connectStart 到 connectEnd 就是 TCP 握手""为什么是错的？"	keep	17-tools/08-apm-internals.md	Q8	"网络 APM 的 Exchange TTFB 和 post-send wait 应该怎么计算？""connectStart 到 connectEnd 就是 TCP 握手""为什么是错的？"	保留原题证据标注	10-tools/07-APM-专项原理与架构.md#Q8	executor	migrated
10-tools/07-APM-专项原理与架构.md	Q9	对 HttpURLConnection、Cronet 和纯 Native 网络库，网络 APM 分别能捕获到什么程度？	todo		e8896bdfa966272d	对 HttpURLConnection、Cronet 和纯 Native 网络库，网络 APM 分别能捕获到什么程度？	keep	17-tools/08-apm-internals.md	Q9	对 HttpURLConnection、Cronet 和纯 Native 网络库，网络 APM 分别能捕获到什么程度？	保留原题证据标注	10-tools/07-APM-专项原理与架构.md#Q9	executor	migrated
10-tools/07-APM-专项原理与架构.md	Q10	网络 APM 的脱敏为什么必须在端侧生成内存样本之前完成？事件回调里哪些操作必须禁止？	todo		ac738f1b66701834	网络 APM 的脱敏为什么必须在端侧生成内存样本之前完成？事件回调里哪些操作必须禁止？	keep	17-tools/08-apm-internals.md	Q10	网络 APM 的脱敏为什么必须在端侧生成内存样本之前完成？事件回调里哪些操作必须禁止？	保留原题证据标注	10-tools/07-APM-专项原理与架构.md#Q10	executor	migrated
10-tools/07-APM-专项原理与架构.md	Q11	APM 代理 Thread.setDefaultUncaughtExceptionHandler 时，为什么必须保存并继续调用 previous handler？多个 SDK 各自接管会出什么问题？	todo		b4252857ba260f77	APM 代理 Thread.setDefaultUncaughtExceptionHandler 时，为什么必须保存并继续调用 previous handler？多个 SDK 各自接管会出什么问题？	keep	17-tools/08-apm-internals.md	Q11	APM 代理 Thread.setDefaultUncaughtExceptionHandler 时，为什么必须保存并继续调用 previous handler？多个 SDK 各自接管会出什么问题？	保留原题证据标注	10-tools/07-APM-专项原理与架构.md#Q11	executor	migrated
10-tools/07-APM-专项原理与架构.md	Q12	"Native 崩溃的 signal handler 里为什么只能做""读取上下文并通知外部进程""这一件事？"	todo		8d78ec5280f4866d	"Native 崩溃的 signal handler 里为什么只能做""读取上下文并通知外部进程""这一件事？"	keep	17-tools/08-apm-internals.md	Q12	"Native 崩溃的 signal handler 里为什么只能做""读取上下文并通知外部进程""这一件事？"	保留原题证据标注	10-tools/07-APM-专项原理与架构.md#Q12	executor	migrated
10-tools/07-APM-专项原理与架构.md	Q13	从崩溃采集的视角看，为什么三方 APM 不能轮询 /data/anr、注册 SIGQUIT handler 或 Hook ART SignalCatcher 来抓系统 ANR？	todo		a7005b86822856c8	从崩溃采集的视角看，为什么三方 APM 不能轮询 /data/anr、注册 SIGQUIT handler 或 Hook ART SignalCatcher 来抓系统 ANR？	keep	17-tools/08-apm-internals.md	Q13	从崩溃采集的视角看，为什么三方 APM 不能轮询 /data/anr、注册 SIGQUIT handler 或 Hook ART SignalCatcher 来抓系统 ANR？	保留原题证据标注	10-tools/07-APM-专项原理与架构.md#Q13	executor	migrated
10-tools/07-APM-专项原理与架构.md	Q14	用 ApplicationExitInfo 补采集崩溃与 ANR 证据时有哪些字段语义陷阱？Android 13 与 Android 17 的能力差在哪里？	todo		703e35e8bd7a798d	用 ApplicationExitInfo 补采集崩溃与 ANR 证据时有哪些字段语义陷阱？Android 13 与 Android 17 的能力差在哪里？	keep	17-tools/08-apm-internals.md	Q14	用 ApplicationExitInfo 补采集崩溃与 ANR 证据时有哪些字段语义陷阱？Android 13 与 Android 17 的能力差在哪里？	保留原题证据标注	10-tools/07-APM-专项原理与架构.md#Q14	executor	migrated
10-tools/07-APM-专项原理与架构.md	Q15	GWP-ASan 为什么能以极低开销在线上抓到 heap use-after-free？Android 13 与 Android 17 的默认行为差在哪里？	todo		1cca57c83621071d	GWP-ASan 为什么能以极低开销在线上抓到 heap use-after-free？Android 13 与 Android 17 的默认行为差在哪里？	keep	17-tools/08-apm-internals.md	Q15	GWP-ASan 为什么能以极低开销在线上抓到 heap use-after-free？Android 13 与 Android 17 的默认行为差在哪里？	保留原题证据标注	10-tools/07-APM-专项原理与架构.md#Q15	executor	migrated
10-tools/07-APM-专项原理与架构.md	Q16	监控线上 OOM 时为什么先要区分失败的资源？哪些信号必须靠正常运行期预采样而不是崩溃时抓取？	todo		f4606c9b6ddefa83	监控线上 OOM 时为什么先要区分失败的资源？哪些信号必须靠正常运行期预采样而不是崩溃时抓取？	keep	17-tools/08-apm-internals.md	Q16	监控线上 OOM 时为什么先要区分失败的资源？哪些信号必须靠正常运行期预采样而不是崩溃时抓取？	保留原题证据标注	10-tools/07-APM-专项原理与架构.md#Q16	executor	migrated
10-tools/07-APM-专项原理与架构.md	Q17	"耗电 APM 为什么不能把""方法执行了多久""换算成 mAh？应该记录哪三层证据？"	todo		9160c7cd7d71fe83	"耗电 APM 为什么不能把""方法执行了多久""换算成 mAh？应该记录哪三层证据？"	keep	17-tools/08-apm-internals.md	Q17	"耗电 APM 为什么不能把""方法执行了多久""换算成 mAh？应该记录哪三层证据？"	保留原题证据标注	10-tools/07-APM-专项原理与架构.md#Q17	executor	migrated
10-tools/07-APM-专项原理与架构.md	Q18	"线上监控 WakeLock 时为什么要区分""申请过、当前持有、最终释放""？Android 13 的 WakeLock 对象有哪些必须写进模型的语义？"	todo		0df827e9335ec934	"线上监控 WakeLock 时为什么要区分""申请过、当前持有、最终释放""？Android 13 的 WakeLock 对象有哪些必须写进模型的语义？"	keep	17-tools/08-apm-internals.md	Q18	"线上监控 WakeLock 时为什么要区分""申请过、当前持有、最终释放""？Android 13 的 WakeLock 对象有哪些必须写进模型的语义？"	保留原题证据标注	10-tools/07-APM-专项原理与架构.md#Q18	executor	migrated
10-tools/07-APM-专项原理与架构.md	Q19	追踪 Alarm 的耗电影响时为什么要把设置、接受、取消、投递分成四个事件？精确 Alarm 权限在 Android 12 到 17 之间怎么变化？	todo		65a6c62e4fa81de7	追踪 Alarm 的耗电影响时为什么要把设置、接受、取消、投递分成四个事件？精确 Alarm 权限在 Android 12 到 17 之间怎么变化？	keep	17-tools/08-apm-internals.md	Q19	追踪 Alarm 的耗电影响时为什么要把设置、接受、取消、投递分成四个事件？精确 Alarm 权限在 Android 12 到 17 之间怎么变化？	保留原题证据标注	10-tools/07-APM-专项原理与架构.md#Q19	executor	migrated
10-tools/07-APM-专项原理与架构.md	Q20	BatteryManager 的电流、电荷、能量属性在 Android 13 上语义是什么？为什么不能用它给单个方法计费？	todo		9633aae2b894ade2	BatteryManager 的电流、电荷、能量属性在 Android 13 上语义是什么？为什么不能用它给单个方法计费？	keep	17-tools/08-apm-internals.md	Q20	BatteryManager 的电流、电荷、能量属性在 Android 13 上语义是什么？为什么不能用它给单个方法计费？	保留原题证据标注	10-tools/07-APM-专项原理与架构.md#Q20	executor	migrated
10-tools/07-APM-专项原理与架构.md	Q21	Thermal status 与 thermal headroom 分别适合驱动什么决策？Android 13 上这套 API 覆盖到什么程度？	todo		b4cfcde1f62ed2e0	Thermal status 与 thermal headroom 分别适合驱动什么决策？Android 13 上这套 API 覆盖到什么程度？	keep	17-tools/08-apm-internals.md	Q21	Thermal status 与 thermal headroom 分别适合驱动什么决策？Android 13 上这套 API 覆盖到什么程度？	保留原题证据标注	10-tools/07-APM-专项原理与架构.md#Q21	executor	migrated
10-tools/07-APM-专项原理与架构.md	Q22	"WebView 页面的""加载完成""有哪几个互不相同的口径？为什么不能从 loadEventEnd 推导一个 TTI？"	todo		d52ed748c5135547	"WebView 页面的""加载完成""有哪几个互不相同的口径？为什么不能从 loadEventEnd 推导一个 TTI？"	keep	17-tools/08-apm-internals.md	Q22	"WebView 页面的""加载完成""有哪几个互不相同的口径？为什么不能从 loadEventEnd 推导一个 TTI？"	保留原题证据标注	10-tools/07-APM-专项原理与架构.md#Q22	executor	migrated
10-tools/07-APM-专项原理与架构.md	Q23	WebView 的 performance.now() 与 Flutter FrameTiming 的 raw timestamp 都不能直接和 elapsedRealtime 对齐，正确做法分别是什么？	todo		3d890daf38f2a2b9	WebView 的 performance.now() 与 Flutter FrameTiming 的 raw timestamp 都不能直接和 elapsedRealtime 对齐，正确做法分别是什么？	keep	17-tools/08-apm-internals.md	Q23	WebView 的 performance.now() 与 Flutter FrameTiming 的 raw timestamp 都不能直接和 elapsedRealtime 对齐，正确做法分别是什么？	保留原题证据标注	10-tools/07-APM-专项原理与架构.md#Q23	executor	migrated
10-tools/07-APM-专项原理与架构.md	Q24	H5 白屏检测为什么要组合生命周期、DOM 和像素三类信号？PixelCopy 失败时样本应该怎么记？	todo		ff6c37ac4fa903b2	H5 白屏检测为什么要组合生命周期、DOM 和像素三类信号？PixelCopy 失败时样本应该怎么记？	keep	17-tools/08-apm-internals.md	Q24	H5 白屏检测为什么要组合生命周期、DOM 和像素三类信号？PixelCopy 失败时样本应该怎么记？	保留原题证据标注	10-tools/07-APM-专项原理与架构.md#Q24	executor	migrated
10-tools/07-APM-专项原理与架构.md	Q25	WebView renderer 退出和无响应分别通过什么 API 感知？为什么 renderer 崩溃不会触发 App 的 crash handler？	todo		cc41f960ccc42d39	WebView renderer 退出和无响应分别通过什么 API 感知？为什么 renderer 崩溃不会触发 App 的 crash handler？	keep	17-tools/08-apm-internals.md	Q25	WebView renderer 退出和无响应分别通过什么 API 感知？为什么 renderer 崩溃不会触发 App 的 crash handler？	保留原题证据标注	10-tools/07-APM-专项原理与架构.md#Q25	executor	migrated
10-tools/07-APM-专项原理与架构.md	Q26	监控 JSBridge 时为什么应优先用 addWebMessageListener？addJavascriptInterface 在 Android 13 上有哪些必须写进设计的边界？	todo		5c524b944b018b81	监控 JSBridge 时为什么应优先用 addWebMessageListener？addJavascriptInterface 在 Android 13 上有哪些必须写进设计的边界？	keep	17-tools/08-apm-internals.md	Q26	监控 JSBridge 时为什么应优先用 addWebMessageListener？addJavascriptInterface 在 Android 13 上有哪些必须写进设计的边界？	保留原题证据标注	10-tools/07-APM-专项原理与架构.md#Q26	executor	migrated
10-tools/07-APM-专项原理与架构.md	Q27	为什么 Android 侧的 JankStats 和主线程监控看不到 Flutter 页面的卡顿根因？Flutter 版本升级对 APM 的线程模型有什么影响？	todo		ec2cc127d0a50779	为什么 Android 侧的 JankStats 和主线程监控看不到 Flutter 页面的卡顿根因？Flutter 版本升级对 APM 的线程模型有什么影响？	keep	17-tools/08-apm-internals.md	Q27	为什么 Android 侧的 JankStats 和主线程监控看不到 Flutter 页面的卡顿根因？Flutter 版本升级对 APM 的线程模型有什么影响？	保留原题证据标注	10-tools/07-APM-专项原理与架构.md#Q27	executor	migrated
10-tools/07-APM-专项原理与架构.md	Q28	"千万级 DAU 的 APM 端侧 SDK 必须守住哪三条硬约束？为什么说""千万级""改变的是发布风险而不是队列大小？"	todo		c775c8eec36e85c8	"千万级 DAU 的 APM 端侧 SDK 必须守住哪三条硬约束？为什么说""千万级""改变的是发布风险而不是队列大小？"	keep	17-tools/08-apm-internals.md	Q28	"千万级 DAU 的 APM 端侧 SDK 必须守住哪三条硬约束？为什么说""千万级""改变的是发布风险而不是队列大小？"	保留原题证据标注	10-tools/07-APM-专项原理与架构.md#Q28	executor	migrated
10-tools/07-APM-专项原理与架构.md	Q29	"用 Channel.trySend() 做 APM 事件入口时""立即返回""和""无锁""是什么关系？为什么普通 FIFO 队列保护不了崩溃证据？"	todo		2c3835e42cbf0bf7	"用 Channel.trySend() 做 APM 事件入口时""立即返回""和""无锁""是什么关系？为什么普通 FIFO 队列保护不了崩溃证据？"	keep	17-tools/08-apm-internals.md	Q29	"用 Channel.trySend() 做 APM 事件入口时""立即返回""和""无锁""是什么关系？为什么普通 FIFO 队列保护不了崩溃证据？"	保留原题证据标注	10-tools/07-APM-专项原理与架构.md#Q29	executor	migrated
10-tools/07-APM-专项原理与架构.md	Q30	"APM 本地 spool 为什么要求单写者和""只上传 sealed 文件""？多进程 App 与进程被杀分别怎么处理？"	todo		ced4c6a026710203	"APM 本地 spool 为什么要求单写者和""只上传 sealed 文件""？多进程 App 与进程被杀分别怎么处理？"	keep	17-tools/08-apm-internals.md	Q30	"APM 本地 spool 为什么要求单写者和""只上传 sealed 文件""？多进程 App 与进程被杀分别怎么处理？"	保留原题证据标注	10-tools/07-APM-专项原理与架构.md#Q30	executor	migrated
10-tools/07-APM-专项原理与架构.md	Q31	"用 mmap 写 APM 日志为什么不能想当然地获得""crash-safe""？force()、SIGBUS 和文件格式各自解决什么问题？"	todo		40b200476a02f8df	"用 mmap 写 APM 日志为什么不能想当然地获得""crash-safe""？force()、SIGBUS 和文件格式各自解决什么问题？"	keep	17-tools/08-apm-internals.md	Q31	"用 mmap 写 APM 日志为什么不能想当然地获得""crash-safe""？force()、SIGBUS 和文件格式各自解决什么问题？"	保留原题证据标注	10-tools/07-APM-专项原理与架构.md#Q31	executor	migrated
10-tools/07-APM-专项原理与架构.md	Q32	"远程下发""重取证""指令（trace、heap dump）时，普通发布 App 的能力上限在哪里？指令从接收到执行要过哪些校验？"	todo		770e76660f2670fc	"远程下发""重取证""指令（trace、heap dump）时，普通发布 App 的能力上限在哪里？指令从接收到执行要过哪些校验？"	keep	17-tools/08-apm-internals.md	Q32	"远程下发""重取证""指令（trace、heap dump）时，普通发布 App 的能力上限在哪里？指令从接收到执行要过哪些校验？"	保留原题证据标注	10-tools/07-APM-专项原理与架构.md#Q32	executor	migrated
10-tools/08-学习方法与检查清单.md	Q1	"Android 性能学习路线为什么围绕""记录现象、采集证据、解释机制、验证修改""四个动作组织，而不是按目录通读？"	todo		233eb06615745de2	"Android 性能学习路线为什么围绕""记录现象、采集证据、解释机制、验证修改""四个动作组织，而不是按目录通读？"	keep	17-tools/01-diagnosis-method.md	Q1	"Android 性能学习路线为什么围绕""记录现象、采集证据、解释机制、验证修改""四个动作组织，而不是按目录通读？"	保留原题证据标注	10-tools/08-学习方法与检查清单.md#Q1	executor	migrated
10-tools/08-学习方法与检查清单.md	Q2	"分析 Android 性能时，源码版本坐标为什么要""平台 tag + 内核 tag""双锚点？读带版本烙印的旧文章时怎么处理？"	todo		e462b3786bf2d5dc	"分析 Android 性能时，源码版本坐标为什么要""平台 tag + 内核 tag""双锚点？读带版本烙印的旧文章时怎么处理？"	keep	17-tools/01-diagnosis-method.md	Q2	"分析 Android 性能时，源码版本坐标为什么要""平台 tag + 内核 tag""双锚点？读带版本烙印的旧文章时怎么处理？"	保留原题证据标注	10-tools/08-学习方法与检查清单.md#Q2	executor	migrated
10-tools/08-学习方法与检查清单.md	Q3	"开始一次性能排查前，""先固定测试条件""要记录哪些项？为什么必须留正常对照样本、把信号与原因分开记录？"	todo		cfe00699b5b75e94	"开始一次性能排查前，""先固定测试条件""要记录哪些项？为什么必须留正常对照样本、把信号与原因分开记录？"	keep	17-tools/01-diagnosis-method.md	Q3	"开始一次性能排查前，""先固定测试条件""要记录哪些项？为什么必须留正常对照样本、把信号与原因分开记录？"	保留原题证据标注	10-tools/08-学习方法与检查清单.md#Q3	executor	migrated
10-tools/08-学习方法与检查清单.md	Q4	卡顿排查为什么要先确认渲染路径、再进 Perfetto 时间线？method tracing 为什么要先做无插桩对照？	todo		86205fb2b118f7f1	卡顿排查为什么要先确认渲染路径、再进 Perfetto 时间线？method tracing 为什么要先做无插桩对照？	keep	17-tools/01-diagnosis-method.md	Q4	卡顿排查为什么要先确认渲染路径、再进 Perfetto 时间线？method tracing 为什么要先做无插桩对照？	保留原题证据标注	10-tools/08-学习方法与检查清单.md#Q4	executor	migrated
10-tools/08-学习方法与检查清单.md	Q5	启动排查时，多套测量口径为什么要先对齐？只看到 base.odex 文件为什么不能证明 Baseline Profile 已被采用？	todo		1b0a440a243ada6d	启动排查时，多套测量口径为什么要先对齐？只看到 base.odex 文件为什么不能证明 Baseline Profile 已被采用？	keep	17-tools/01-diagnosis-method.md	Q5	启动排查时，多套测量口径为什么要先对齐？只看到 base.odex 文件为什么不能证明 Baseline Profile 已被采用？	保留原题证据标注	10-tools/08-学习方法与检查清单.md#Q5	executor	migrated
10-tools/08-学习方法与检查清单.md	Q6	"内存问题为什么要先区分故障类型再定位？""锯齿曲线""和""基线抬升""分别指向什么？"	todo		a11b46bf59565f58	"内存问题为什么要先区分故障类型再定位？""锯齿曲线""和""基线抬升""分别指向什么？"	keep	17-tools/01-diagnosis-method.md	Q6	"内存问题为什么要先区分故障类型再定位？""锯齿曲线""和""基线抬升""分别指向什么？"	保留原题证据标注	10-tools/08-学习方法与检查清单.md#Q6	executor	migrated
10-tools/08-学习方法与检查清单.md	Q7	"功耗问题为什么先按现象分类复现场景？哪些后台行为最容易成为""待机耗电""的来源？"	todo		1e69862858f4f3af	"功耗问题为什么先按现象分类复现场景？哪些后台行为最容易成为""待机耗电""的来源？"	keep	17-tools/01-diagnosis-method.md	Q7	"功耗问题为什么先按现象分类复现场景？哪些后台行为最容易成为""待机耗电""的来源？"	保留原题证据标注	10-tools/08-学习方法与检查清单.md#Q7	executor	migrated
10-tools/08-学习方法与检查清单.md	Q8	"一份可复查的性能案例报告要包含什么？为什么""工具截图里的一条长条""不能判定责任组件？"	todo		21a4c5a09bfe58b7	"一份可复查的性能案例报告要包含什么？为什么""工具截图里的一条长条""不能判定责任组件？"	keep	17-tools/01-diagnosis-method.md	Q8	"一份可复查的性能案例报告要包含什么？为什么""工具截图里的一条长条""不能判定责任组件？"	保留原题证据标注	10-tools/08-学习方法与检查清单.md#Q8	executor	migrated
10-tools/08-学习方法与检查清单.md	Q9	Android Studio 预览 XML 资源时如何缩放画布？	todo		7307f9d31874aab9	Android Studio 预览 XML 资源时如何缩放画布？	move	03-ui/08-ui-debugging.md	Q16	Android Studio 预览 XML 资源时如何缩放画布？	保留原题证据标注	10-tools/08-学习方法与检查清单.md#Q9	executor	migrated
10-tools/08-学习方法与检查清单.md	Q10	如何用 ADB 查看 Android 设备上某个应用的进程？	todo		d520a3f1ab685cb8	如何用 ADB 查看 Android 设备上某个应用的进程？	move	17-tools/03-performance-tools.md	Q37	如何用 ADB 查看 Android 设备上某个应用的进程？	保留原题证据标注	10-tools/08-学习方法与检查清单.md#Q10	executor	migrated
11-defects/01-车控信号语义.md	Q1	车控信号超时丢失时，为什么不能把 UI 显示值清零，正确做法是什么？（SIR-1486）	todo		7e92d32e4d0fe841	车控信号超时丢失时，为什么不能把 UI 显示值清零，正确做法是什么？（SIR-1486）	keep	18-defect-patterns/06-vehicle-signal-semantics.md	Q1	车控信号超时丢失时，为什么不能把 UI 显示值清零，正确做法是什么？（SIR-1486）	保留原题证据标注	11-defects/01-车控信号语义.md#Q1	executor	migrated
11-defects/01-车控信号语义.md	Q2	信号超时导致控件置灰时，为什么不应顺带把控件的值重置为默认值？（SIR-1494）	todo		e71c78885c25e239	信号超时导致控件置灰时，为什么不应顺带把控件的值重置为默认值？（SIR-1494）	keep	18-defect-patterns/06-vehicle-signal-semantics.md	Q2	信号超时导致控件置灰时，为什么不应顺带把控件的值重置为默认值？（SIR-1494）	保留原题证据标注	11-defects/01-车控信号语义.md#Q2	executor	migrated
11-defects/01-车控信号语义.md	Q3	"充电状态信号超时后界面显示""充电枪已连接""而不是""充电异常""，问题出在哪、如何统一超时的状态语义？（SIR-1490）"	todo		7d6c2a616bfa2a34	"充电状态信号超时后界面显示""充电枪已连接""而不是""充电异常""，问题出在哪、如何统一超时的状态语义？（SIR-1490）"	keep	18-defect-patterns/06-vehicle-signal-semantics.md	Q3	"充电状态信号超时后界面显示""充电枪已连接""而不是""充电异常""，问题出在哪、如何统一超时的状态语义？（SIR-1490）"	保留原题证据标注	11-defects/01-车控信号语义.md#Q3	executor	migrated
11-defects/01-车控信号语义.md	Q4	"信号丢失后的显示策略有冻结旧值、占位符""--""、异常态三种，面对具体信号应如何选择？"	todo		2dc6e12e0ea6a5bb	"信号丢失后的显示策略有冻结旧值、占位符""--""、异常态三种，面对具体信号应如何选择？"	keep	18-defect-patterns/06-vehicle-signal-semantics.md	Q4	"信号丢失后的显示策略有冻结旧值、占位符""--""、异常态三种，面对具体信号应如何选择？"	保留原题证据标注	11-defects/01-车控信号语义.md#Q4	executor	migrated
11-defects/01-车控信号语义.md	Q5	"无数据与""数据为 0""为什么必须用不同的值表达？重置操作后为什么不应立刻回读信号？（SIR-1513）"	todo		a281249306c59e5e	"无数据与""数据为 0""为什么必须用不同的值表达？重置操作后为什么不应立刻回读信号？（SIR-1513）"	keep	18-defect-patterns/06-vehicle-signal-semantics.md	Q5	"无数据与""数据为 0""为什么必须用不同的值表达？重置操作后为什么不应立刻回读信号？（SIR-1513）"	保留原题证据标注	11-defects/01-车控信号语义.md#Q5	executor	migrated
11-defects/01-车控信号语义.md	Q6	"为信号设计""超时丢失""内部标记时，为什么哨兵值不能落入协议真实值域？（SIR-1493）"	todo		7150247e1cf25ae6	"为信号设计""超时丢失""内部标记时，为什么哨兵值不能落入协议真实值域？（SIR-1493）"	keep	18-defect-patterns/06-vehicle-signal-semantics.md	Q6	"为信号设计""超时丢失""内部标记时，为什么哨兵值不能落入协议真实值域？（SIR-1493）"	保留原题证据标注	11-defects/01-车控信号语义.md#Q6	executor	migrated
11-defects/01-车控信号语义.md	Q7	"状态回读值与命令常量比较导致置灰逻辑恒假，这种""状态域/命令域双编码""错误如何发生与防范？（SIR-7500）"	todo		6fdad575c72c9430	"状态回读值与命令常量比较导致置灰逻辑恒假，这种""状态域/命令域双编码""错误如何发生与防范？（SIR-7500）"	keep	18-defect-patterns/06-vehicle-signal-semantics.md	Q7	"状态回读值与命令常量比较导致置灰逻辑恒假，这种""状态域/命令域双编码""错误如何发生与防范？（SIR-7500）"	保留原题证据标注	11-defects/01-车控信号语义.md#Q7	executor	migrated
11-defects/01-车控信号语义.md	Q8	"多档位 CAN 协议存在""请求值=反馈值+1""偏移和""0 为 NoAction""怪癖时，换算规则应如何固化？"	todo		4249d91f03df8878	"多档位 CAN 协议存在""请求值=反馈值+1""偏移和""0 为 NoAction""怪癖时，换算规则应如何固化？"	keep	18-defect-patterns/06-vehicle-signal-semantics.md	Q8	"多档位 CAN 协议存在""请求值=反馈值+1""偏移和""0 为 NoAction""怪癖时，换算规则应如何固化？"	保留原题证据标注	11-defects/01-车控信号语义.md#Q8	executor	migrated
11-defects/01-车控信号语义.md	Q9	"车速有效性这类""0=有效、1=无效""的反直觉协议值，如何在多个消费模块间保持语义一致？（SIR-7180）"	todo		f2051d5038476d32	"车速有效性这类""0=有效、1=无效""的反直觉协议值，如何在多个消费模块间保持语义一致？（SIR-7180）"	keep	18-defect-patterns/06-vehicle-signal-semantics.md	Q9	"车速有效性这类""0=有效、1=无效""的反直觉协议值，如何在多个消费模块间保持语义一致？（SIR-7180）"	保留原题证据标注	11-defects/01-车控信号语义.md#Q9	executor	migrated
11-defects/01-车控信号语义.md	Q10	UI 内部值与协议单位不一致时（如滑条 0.1kW 档位、协议单位 W），下发链路会出什么错？换算应放在哪里？（SIR-5734）	todo		42747989ab89def8	UI 内部值与协议单位不一致时（如滑条 0.1kW 档位、协议单位 W），下发链路会出什么错？换算应放在哪里？（SIR-5734）	keep	18-defect-patterns/06-vehicle-signal-semantics.md	Q10	UI 内部值与协议单位不一致时（如滑条 0.1kW 档位、协议单位 W），下发链路会出什么错？换算应放在哪里？（SIR-5734）	保留原题证据标注	11-defects/01-车控信号语义.md#Q10	executor	migrated
11-defects/01-车控信号语义.md	Q11	协议值回读显示时，为什么必须先换算再钳位？（SIR-5973）	todo		185873d9045e59d1	协议值回读显示时，为什么必须先换算再钳位？（SIR-5973）	keep	18-defect-patterns/06-vehicle-signal-semantics.md	Q11	协议值回读显示时，为什么必须先换算再钳位？（SIR-5973）	保留原题证据标注	11-defects/01-车控信号语义.md#Q11	executor	migrated
11-defects/01-车控信号语义.md	Q12	车控信号收发点的联调日志应该怎么设计，才能让单位或精度错误一眼可查？	todo		aa1ef7f58c20897f	车控信号收发点的联调日志应该怎么设计，才能让单位或精度错误一眼可查？	keep	18-defect-patterns/06-vehicle-signal-semantics.md	Q12	车控信号收发点的联调日志应该怎么设计，才能让单位或精度错误一眼可查？	保留原题证据标注	11-defects/01-车控信号语义.md#Q12	executor	migrated
11-defects/01-车控信号语义.md	Q13	超时恢复信号与业务数据信号是两个独立 CAN 帧时，恢复分支为什么不应主动读取关联缓存？（SIR-2084）	todo		52e2759e22305f1a	超时恢复信号与业务数据信号是两个独立 CAN 帧时，恢复分支为什么不应主动读取关联缓存？（SIR-2084）	keep	18-defect-patterns/06-vehicle-signal-semantics.md	Q13	超时恢复信号与业务数据信号是两个独立 CAN 帧时，恢复分支为什么不应主动读取关联缓存？（SIR-2084）	保留原题证据标注	11-defects/01-车控信号语义.md#Q13	executor	migrated
11-defects/01-车控信号语义.md	Q14	"处理""超时置位""类信号时，为什么恢复分支必须重读数据源？单向状态机缺陷如何避免？（SIR-326）"	todo		88c39388f0a5a5f1	"处理""超时置位""类信号时，为什么恢复分支必须重读数据源？单向状态机缺陷如何避免？（SIR-326）"	keep	18-defect-patterns/06-vehicle-signal-semantics.md	Q14	"处理""超时置位""类信号时，为什么恢复分支必须重读数据源？单向状态机缺陷如何避免？（SIR-326）"	保留原题证据标注	11-defects/01-车控信号语义.md#Q14	executor	migrated
11-defects/01-车控信号语义.md	Q15	两个关联信号各自驱动对方的状态位时会产生什么问题？合成状态的仲裁应怎么设计？（SIR-4569）	todo		1f8c18c78325f96d	两个关联信号各自驱动对方的状态位时会产生什么问题？合成状态的仲裁应怎么设计？（SIR-4569）	keep	18-defect-patterns/06-vehicle-signal-semantics.md	Q15	两个关联信号各自驱动对方的状态位时会产生什么问题？合成状态的仲裁应怎么设计？（SIR-4569）	保留原题证据标注	11-defects/01-车控信号语义.md#Q15	executor	migrated
11-defects/01-车控信号语义.md	Q16	一个信号的超时分支顺手操作了另一个无关控件的可用性，这类耦合如何识别与避免？（SIR-1487）	todo		ac4e62e7ddae52c0	一个信号的超时分支顺手操作了另一个无关控件的可用性，这类耦合如何识别与避免？（SIR-1487）	keep	18-defect-patterns/06-vehicle-signal-semantics.md	Q16	一个信号的超时分支顺手操作了另一个无关控件的可用性，这类耦合如何识别与避免？（SIR-1487）	保留原题证据标注	11-defects/01-车控信号语义.md#Q16	executor	migrated
11-defects/01-车控信号语义.md	Q17	CAN 信号中的无效值（如全 1 位）为什么会显示成合法数值？数值钳制应该怎么做？（SIR-1496）	todo		013bbe48de787f68	CAN 信号中的无效值（如全 1 位）为什么会显示成合法数值？数值钳制应该怎么做？（SIR-1496）	keep	18-defect-patterns/06-vehicle-signal-semantics.md	Q17	CAN 信号中的无效值（如全 1 位）为什么会显示成合法数值？数值钳制应该怎么做？（SIR-1496）	保留原题证据标注	11-defects/01-车控信号语义.md#Q17	executor	migrated
11-defects/01-车控信号语义.md	Q18	"信号超时值或故障值到达时，为什么不能直接覆盖""最后一次有效值""缓存？（SIR-8124）"	todo		83f07f42dd131f89	"信号超时值或故障值到达时，为什么不能直接覆盖""最后一次有效值""缓存？（SIR-8124）"	keep	18-defect-patterns/06-vehicle-signal-semantics.md	Q18	"信号超时值或故障值到达时，为什么不能直接覆盖""最后一次有效值""缓存？（SIR-8124）"	保留原题证据标注	11-defects/01-车控信号语义.md#Q18	executor	migrated
11-defects/01-车控信号语义.md	Q19	"对接""设置类""车控信号时，为什么每个下发（Set）信号必须配套注册反馈（Feed）监听？（SIR-8578）"	todo		7da6caf0dac87002	"对接""设置类""车控信号时，为什么每个下发（Set）信号必须配套注册反馈（Feed）监听？（SIR-8578）"	keep	18-defect-patterns/06-vehicle-signal-semantics.md	Q19	"对接""设置类""车控信号时，为什么每个下发（Set）信号必须配套注册反馈（Feed）监听？（SIR-8578）"	保留原题证据标注	11-defects/01-车控信号语义.md#Q19	executor	migrated
11-defects/01-车控信号语义.md	Q20	同一驾驶模式的下发编码是经济=2、反馈编码是经济=1，两个方向编码不同时，常量应如何组织？（无单号提交）	todo		0c0b4b84300c1b1f	同一驾驶模式的下发编码是经济=2、反馈编码是经济=1，两个方向编码不同时，常量应如何组织？（无单号提交）	keep	18-defect-patterns/06-vehicle-signal-semantics.md	Q20	同一驾驶模式的下发编码是经济=2、反馈编码是经济=1，两个方向编码不同时，常量应如何组织？（无单号提交）	保留原题证据标注	11-defects/01-车控信号语义.md#Q20	executor	migrated
11-defects/01-车控信号语义.md	Q21	CAN 协议改版把座椅加热档位值域从 0~3 整体平移到 1~4 时，代码要同步修改哪些点，漏改一处会怎样？（无单号提交）	todo		4cbdb4ec7a6d2b6d	CAN 协议改版把座椅加热档位值域从 0~3 整体平移到 1~4 时，代码要同步修改哪些点，漏改一处会怎样？（无单号提交）	keep	18-defect-patterns/06-vehicle-signal-semantics.md	Q21	CAN 协议改版把座椅加热档位值域从 0~3 整体平移到 1~4 时，代码要同步修改哪些点，漏改一处会怎样？（无单号提交）	保留原题证据标注	11-defects/01-车控信号语义.md#Q21	executor	migrated
11-defects/01-车控信号语义.md	Q22	3D 车模点击乐观推进把手加热档位、1 秒后延迟反馈兜底刷新时，为什么连点两次会停在 1 档？修复要做对哪两件事？（SIR-3241）	todo		080740634bf826c4	3D 车模点击乐观推进把手加热档位、1 秒后延迟反馈兜底刷新时，为什么连点两次会停在 1 档？修复要做对哪两件事？（SIR-3241）	keep	18-defect-patterns/06-vehicle-signal-semantics.md	Q22	3D 车模点击乐观推进把手加热档位、1 秒后延迟反馈兜底刷新时，为什么连点两次会停在 1 档？修复要做对哪两件事？（SIR-3241）	保留原题证据标注	11-defects/01-车控信号语义.md#Q22	executor	migrated
11-defects/01-车控信号语义.md	Q23	车控信号值下发给 3D 车模后一直显示 0.0，数据源与换算都查不出问题时，下一步应检查什么？（SIR-6771）	todo		fdac9432f977b101	车控信号值下发给 3D 车模后一直显示 0.0，数据源与换算都查不出问题时，下一步应检查什么？（SIR-6771）	keep	18-defect-patterns/06-vehicle-signal-semantics.md	Q23	车控信号值下发给 3D 车模后一直显示 0.0，数据源与换算都查不出问题时，下一步应检查什么？（SIR-6771）	保留原题证据标注	11-defects/01-车控信号语义.md#Q23	executor	migrated
11-defects/01-车控信号语义.md	Q24	"SOC 超限提示条件写成 `currentSoc >= presetSoc` 时，什么场景会误弹""已超出""提示？如何避免这类边界比较错误？（SIR-1492）"	todo		2796db84d2246aa5	"SOC 超限提示条件写成 `currentSoc >= presetSoc` 时，什么场景会误弹""已超出""提示？如何避免这类边界比较错误？（SIR-1492）"	keep	18-defect-patterns/06-vehicle-signal-semantics.md	Q24	"SOC 超限提示条件写成 `currentSoc >= presetSoc` 时，什么场景会误弹""已超出""提示？如何避免这类边界比较错误？（SIR-1492）"	保留原题证据标注	11-defects/01-车控信号语义.md#Q24	executor	migrated
11-defects/02-主线程与异步时序.md	Q1	车载应用在主线程调用 getProperty、Car.createCar 这类车服接口，为什么是本仓库最大性能病灶？症状有哪几种形态？	todo		ef8bff820b1f4af2	车载应用在主线程调用 getProperty、Car.createCar 这类车服接口，为什么是本仓库最大性能病灶？症状有哪几种形态？	keep	18-defect-patterns/01-main-thread-async.md	Q1	车载应用在主线程调用 getProperty、Car.createCar 这类车服接口，为什么是本仓库最大性能病灶？症状有哪几种形态？	保留原题证据标注	11-defects/02-主线程与异步时序.md#Q1	executor	migrated
11-defects/02-主线程与异步时序.md	Q2	"对 getProperty 这类高频属性读取，""事件缓存直读 + 异步补拉""的修复范式怎样设计？（SIR-5459）"	todo		d63339f49a629064	"对 getProperty 这类高频属性读取，""事件缓存直读 + 异步补拉""的修复范式怎样设计？（SIR-5459）"	keep	18-defect-patterns/01-main-thread-async.md	Q2	"对 getProperty 这类高频属性读取，""事件缓存直读 + 异步补拉""的修复范式怎样设计？（SIR-5459）"	保留原题证据标注	11-defects/02-主线程与异步时序.md#Q2	executor	migrated
11-defects/02-主线程与异步时序.md	Q3	"Car.createCar 与 getCarManager 这类连接级初始化，为什么用""专用线程池 + 代数守卫""修复？（SIR-5994）"	todo		885d6d669217d6d5	"Car.createCar 与 getCarManager 这类连接级初始化，为什么用""专用线程池 + 代数守卫""修复？（SIR-5994）"	keep	18-defect-patterns/01-main-thread-async.md	Q3	"Car.createCar 与 getCarManager 这类连接级初始化，为什么用""专用线程池 + 代数守卫""修复？（SIR-5994）"	保留原题证据标注	11-defects/02-主线程与异步时序.md#Q3	executor	migrated
11-defects/02-主线程与异步时序.md	Q4	写车辆属性为什么要用专用串行 HandlerThread，而不是普通线程池？（SIR-5983）	todo		93916c3ad07db0dc	写车辆属性为什么要用专用串行 HandlerThread，而不是普通线程池？（SIR-5983）	keep	18-defect-patterns/01-main-thread-async.md	Q4	写车辆属性为什么要用专用串行 HandlerThread，而不是普通线程池？（SIR-5983）	保留原题证据标注	11-defects/02-主线程与异步时序.md#Q4	executor	migrated
11-defects/02-主线程与异步时序.md	Q5	runOnUiThread { 慢调用 }错在哪？列表类加载的正确范式是什么？（SIR-6629）	todo		cacfa7e2131beec3	runOnUiThread { 慢调用 }错在哪？列表类加载的正确范式是什么？（SIR-6629）	keep	18-defect-patterns/01-main-thread-async.md	Q5	runOnUiThread { 慢调用 }错在哪？列表类加载的正确范式是什么？（SIR-6629）	保留原题证据标注	11-defects/02-主线程与异步时序.md#Q5	executor	migrated
11-defects/02-主线程与异步时序.md	Q6	同一仓库并存的四种主线程 Binder 修复范式，分别适用于什么场景？如何选择？	todo		e100d21a377d4185	同一仓库并存的四种主线程 Binder 修复范式，分别适用于什么场景？如何选择？	keep	18-defect-patterns/01-main-thread-async.md	Q6	同一仓库并存的四种主线程 Binder 修复范式，分别适用于什么场景？如何选择？	保留原题证据标注	11-defects/02-主线程与异步时序.md#Q6	executor	migrated
11-defects/02-主线程与异步时序.md	Q7	"把同步 Binder 调用异步化，除了""挪线程""还必须连带处理哪些事？"	todo		4db7700d922ea0c3	"把同步 Binder 调用异步化，除了""挪线程""还必须连带处理哪些事？"	keep	18-defect-patterns/01-main-thread-async.md	Q7	"把同步 Binder 调用异步化，除了""挪线程""还必须连带处理哪些事？"	保留原题证据标注	11-defects/02-主线程与异步时序.md#Q7	executor	migrated
11-defects/02-主线程与异步时序.md	Q8	BroadcastReceiver.onReceive 里处理耗时清理为什么会 ANR？后台化时要补哪两个配套？（SIR-6008）	todo		03c9171bc1d482e0	BroadcastReceiver.onReceive 里处理耗时清理为什么会 ANR？后台化时要补哪两个配套？（SIR-6008）	keep	18-defect-patterns/01-main-thread-async.md	Q8	BroadcastReceiver.onReceive 里处理耗时清理为什么会 ANR？后台化时要补哪两个配套？（SIR-6008）	保留原题证据标注	11-defects/02-主线程与异步时序.md#Q8	executor	migrated
11-defects/02-主线程与异步时序.md	Q9	数据量小时没事的同步代码，怎样在五千联系人规模下变成 ANR？（SIR-983）	todo		02813fc22c193ace	数据量小时没事的同步代码，怎样在五千联系人规模下变成 ANR？（SIR-983）	keep	18-defect-patterns/01-main-thread-async.md	Q9	数据量小时没事的同步代码，怎样在五千联系人规模下变成 ANR？（SIR-983）	保留原题证据标注	11-defects/02-主线程与异步时序.md#Q9	executor	migrated
11-defects/02-主线程与异步时序.md	Q10	除了 getProperty，属性注册（registerCallback）与 getCarManager 为什么也禁止主线程调用？（SIR-6325）	todo		72c09ccd2d69f00d	除了 getProperty，属性注册（registerCallback）与 getCarManager 为什么也禁止主线程调用？（SIR-6325）	keep	18-defect-patterns/01-main-thread-async.md	Q10	除了 getProperty，属性注册（registerCallback）与 getCarManager 为什么也禁止主线程调用？（SIR-6325）	保留原题证据标注	11-defects/02-主线程与异步时序.md#Q10	executor	migrated
11-defects/02-主线程与异步时序.md	Q11	乐观更新 + 延迟反馈兜底与真实回调并存时，延迟任务必须怎么处理？（SIR-3241、SIR-8205）	todo		4fb9e0875ad85535	乐观更新 + 延迟反馈兜底与真实回调并存时，延迟任务必须怎么处理？（SIR-3241、SIR-8205）	keep	18-defect-patterns/01-main-thread-async.md	Q11	乐观更新 + 延迟反馈兜底与真实回调并存时，延迟任务必须怎么处理？（SIR-3241、SIR-8205）	保留原题证据标注	11-defects/02-主线程与异步时序.md#Q11	executor	migrated
11-defects/02-主线程与异步时序.md	Q12	"异步事件驱动的""当前状态""，如何防止过期事件覆盖新状态？（SIR-6613）"	todo		3173161315ad1dc6	"异步事件驱动的""当前状态""，如何防止过期事件覆盖新状态？（SIR-6613）"	keep	18-defect-patterns/01-main-thread-async.md	Q12	"异步事件驱动的""当前状态""，如何防止过期事件覆盖新状态？（SIR-6613）"	保留原题证据标注	11-defects/02-主线程与异步时序.md#Q12	executor	migrated
11-defects/02-主线程与异步时序.md	Q13	重复旧值回调为什么能冲掉状态机？去重应该放在哪一层？（SIR-1440）	todo		f51c584a6e46e596	重复旧值回调为什么能冲掉状态机？去重应该放在哪一层？（SIR-1440）	keep	18-defect-patterns/01-main-thread-async.md	Q13	重复旧值回调为什么能冲掉状态机？去重应该放在哪一层？（SIR-1440）	保留原题证据标注	11-defects/02-主线程与异步时序.md#Q13	executor	migrated
11-defects/02-主线程与异步时序.md	Q14	协议广播是全局的、不带请求方标识时，如何把回调圈进自己的事务？（SIR-7075）	todo		04275e8e1eba4e72	协议广播是全局的、不带请求方标识时，如何把回调圈进自己的事务？（SIR-7075）	keep	18-defect-patterns/01-main-thread-async.md	Q14	协议广播是全局的、不带请求方标识时，如何把回调圈进自己的事务？（SIR-7075）	保留原题证据标注	11-defects/02-主线程与异步时序.md#Q14	executor	migrated
11-defects/02-主线程与异步时序.md	Q15	Fragment 中所有异步回调触达点，标准防线是什么？（SIR-2886）	todo		7b034d7a3a288150	Fragment 中所有异步回调触达点，标准防线是什么？（SIR-2886）	keep	18-defect-patterns/01-main-thread-async.md	Q15	Fragment 中所有异步回调触达点，标准防线是什么？（SIR-2886）	保留原题证据标注	11-defects/02-主线程与异步时序.md#Q15	executor	migrated
11-defects/02-主线程与异步时序.md	Q16	Fragment + 成员 Handler 在 uiMode 高频重建场景下，完整的加固组合是什么？（SIR-8545）	todo		9ef0da55834dc35a	Fragment + 成员 Handler 在 uiMode 高频重建场景下，完整的加固组合是什么？（SIR-8545）	keep	18-defect-patterns/01-main-thread-async.md	Q16	Fragment + 成员 Handler 在 uiMode 高频重建场景下，完整的加固组合是什么？（SIR-8545）	保留原题证据标注	11-defects/02-主线程与异步时序.md#Q16	executor	migrated
11-defects/02-主线程与异步时序.md	Q17	多线程共享集合的并发容器如何选型？（SIR-2104）	todo		067bd3d687738fef	多线程共享集合的并发容器如何选型？（SIR-2104）	keep	18-defect-patterns/01-main-thread-async.md	Q17	多线程共享集合的并发容器如何选型？（SIR-2104）	保留原题证据标注	11-defects/02-主线程与异步时序.md#Q17	executor	migrated
11-defects/02-主线程与异步时序.md	Q18	状态变化回调（onCheckedChange/onStateChanged）里为什么禁止反查外部缓存状态？（SIR-5737）	todo		5cfeba1e49bf1488	状态变化回调（onCheckedChange/onStateChanged）里为什么禁止反查外部缓存状态？（SIR-5737）	keep	18-defect-patterns/01-main-thread-async.md	Q18	状态变化回调（onCheckedChange/onStateChanged）里为什么禁止反查外部缓存状态？（SIR-5737）	保留原题证据标注	11-defects/02-主线程与异步时序.md#Q18	executor	migrated
11-defects/02-主线程与异步时序.md	Q19	同一 UI 状态有多个事件源时，怎样避免时序竞态导致的偶现错乱？（SIR-8259）	todo		2996ae85a71f427a	同一 UI 状态有多个事件源时，怎样避免时序竞态导致的偶现错乱？（SIR-8259）	keep	18-defect-patterns/01-main-thread-async.md	Q19	同一 UI 状态有多个事件源时，怎样避免时序竞态导致的偶现错乱？（SIR-8259）	保留原题证据标注	11-defects/02-主线程与异步时序.md#Q19	executor	migrated
11-defects/02-主线程与异步时序.md	Q20	首次联网 NTP 校时后状态栏时钟要等约一分钟才跳变，为什么问题出在刷新源依赖了另一个视图的顺带信号，且平台控件自身也不重新对齐？（SIR-7156）	todo		f0159a23df632295	首次联网 NTP 校时后状态栏时钟要等约一分钟才跳变，为什么问题出在刷新源依赖了另一个视图的顺带信号，且平台控件自身也不重新对齐？（SIR-7156）	keep	18-defect-patterns/01-main-thread-async.md	Q20	首次联网 NTP 校时后状态栏时钟要等约一分钟才跳变，为什么问题出在刷新源依赖了另一个视图的顺带信号，且平台控件自身也不重新对齐？（SIR-7156）	保留原题证据标注	11-defects/02-主线程与异步时序.md#Q20	executor	migrated
11-defects/02-主线程与异步时序.md	Q21	防抖放在什么位置安全，什么位置会吞掉真实请求？（SIR-6525）	todo		c9d5d570646a03a4	防抖放在什么位置安全，什么位置会吞掉真实请求？（SIR-6525）	keep	18-defect-patterns/01-main-thread-async.md	Q21	防抖放在什么位置安全，什么位置会吞掉真实请求？（SIR-6525）	保留原题证据标注	11-defects/02-主线程与异步时序.md#Q21	executor	migrated
11-defects/02-主线程与异步时序.md	Q22	"超时兜底的取消必须遵守什么纪律？什么样的""超时重试""是死循环模板？（SIR-6525、SIR-4087）"	todo		06577857d31b731b	"超时兜底的取消必须遵守什么纪律？什么样的""超时重试""是死循环模板？（SIR-6525、SIR-4087）"	keep	18-defect-patterns/01-main-thread-async.md	Q22	"超时兜底的取消必须遵守什么纪律？什么样的""超时重试""是死循环模板？（SIR-6525、SIR-4087）"	保留原题证据标注	11-defects/02-主线程与异步时序.md#Q22	executor	migrated
11-defects/02-主线程与异步时序.md	Q23	乐观更新的边界在哪里？为什么数据层必须等事实源确认？（SIR-5468）	todo		52fab210274befba	乐观更新的边界在哪里？为什么数据层必须等事实源确认？（SIR-5468）	keep	18-defect-patterns/01-main-thread-async.md	Q23	乐观更新的边界在哪里？为什么数据层必须等事实源确认？（SIR-5468）	保留原题证据标注	11-defects/02-主线程与异步时序.md#Q23	executor	migrated
11-defects/02-主线程与异步时序.md	Q24	一次性提示、一次性标志的生命周期管理原则是什么？（SIR-4602）	todo		388b4b6062e3efa8	一次性提示、一次性标志的生命周期管理原则是什么？（SIR-4602）	keep	18-defect-patterns/01-main-thread-async.md	Q24	一次性提示、一次性标志的生命周期管理原则是什么？（SIR-4602）	保留原题证据标注	11-defects/02-主线程与异步时序.md#Q24	executor	migrated
11-defects/02-主线程与异步时序.md	Q25	"依赖外部服务初始化的 UI 状态，如何应对""服务慢启动丢查询""的时序竞态？（SIR-6170）"	todo		053cdcf4addd5de4	"依赖外部服务初始化的 UI 状态，如何应对""服务慢启动丢查询""的时序竞态？（SIR-6170）"	keep	18-defect-patterns/01-main-thread-async.md	Q25	"依赖外部服务初始化的 UI 状态，如何应对""服务慢启动丢查询""的时序竞态？（SIR-6170）"	保留原题证据标注	11-defects/02-主线程与异步时序.md#Q25	executor	migrated
11-defects/02-主线程与异步时序.md	Q26	"长驻进程对车服属性的订阅为什么会""静默失效""？订阅链路异步初始化必须配哪三件套？（SIR-5446）"	todo		c2d55d8cc9b4d62e	"长驻进程对车服属性的订阅为什么会""静默失效""？订阅链路异步初始化必须配哪三件套？（SIR-5446）"	keep	18-defect-patterns/01-main-thread-async.md	Q26	"长驻进程对车服属性的订阅为什么会""静默失效""？订阅链路异步初始化必须配哪三件套？（SIR-5446）"	保留原题证据标注	11-defects/02-主线程与异步时序.md#Q26	executor	migrated
11-defects/02-主线程与异步时序.md	Q27	蓝牙来电挂断后浮窗 1.56s 才消失，时延预算被异步链路的哪几段吃掉？终态事件该怎么走？（SIR-2617）	todo		9cef349cda51a1ed	蓝牙来电挂断后浮窗 1.56s 才消失，时延预算被异步链路的哪几段吃掉？终态事件该怎么走？（SIR-2617）	keep	18-defect-patterns/01-main-thread-async.md	Q27	蓝牙来电挂断后浮窗 1.56s 才消失，时延预算被异步链路的哪几段吃掉？终态事件该怎么走？（SIR-2617）	保留原题证据标注	11-defects/02-主线程与异步时序.md#Q27	executor	migrated
11-defects/03-蓝牙机制.md	Q1	"副蓝牙自动回连执行期间，用户点击""刷新""发起设备扫描为什么会立即无响应？正确的打断与补偿方案是什么？（SIR-7390）"	todo		1b3188172f571684	"副蓝牙自动回连执行期间，用户点击""刷新""发起设备扫描为什么会立即无响应？正确的打断与补偿方案是什么？（SIR-7390）"	keep	18-defect-patterns/05-bluetooth-mechanisms.md	Q1	"副蓝牙自动回连执行期间，用户点击""刷新""发起设备扫描为什么会立即无响应？正确的打断与补偿方案是什么？（SIR-7390）"	保留原题证据标注	11-defects/03-蓝牙机制.md#Q1	executor	migrated
11-defects/03-蓝牙机制.md	Q2	车机前后排耳机两路蓝牙连接已占满时，点击第三台已配对设备为什么静默无响应？资源满载时的置换连接应该怎么做？（SIR-8556）	todo		778479b5654dd202	车机前后排耳机两路蓝牙连接已占满时，点击第三台已配对设备为什么静默无响应？资源满载时的置换连接应该怎么做？（SIR-8556）	keep	18-defect-patterns/05-bluetooth-mechanisms.md	Q2	车机前后排耳机两路蓝牙连接已占满时，点击第三台已配对设备为什么静默无响应？资源满载时的置换连接应该怎么做？（SIR-8556）	保留原题证据标注	11-defects/03-蓝牙机制.md#Q2	executor	migrated
11-defects/03-蓝牙机制.md	Q3	"切换已配对蓝牙设备时，""先 disconnect 旧设备、固定延时 160ms 再 connect 新设备""为什么经常要反复切换才能成功？（SIR-3261）"	todo		53abd217951277e7	"切换已配对蓝牙设备时，""先 disconnect 旧设备、固定延时 160ms 再 connect 新设备""为什么经常要反复切换才能成功？（SIR-3261）"	keep	18-defect-patterns/05-bluetooth-mechanisms.md	Q3	"切换已配对蓝牙设备时，""先 disconnect 旧设备、固定延时 160ms 再 connect 新设备""为什么经常要反复切换才能成功？（SIR-3261）"	保留原题证据标注	11-defects/03-蓝牙机制.md#Q3	executor	migrated
11-defects/03-蓝牙机制.md	Q4	"点击已配对蓝牙设备发起连接时，哪些代码形态会把用户的点击""静默吞掉""？连接入口应该如何设计兜底？（SIR-1435）"	todo		88d0f19672a62acd	"点击已配对蓝牙设备发起连接时，哪些代码形态会把用户的点击""静默吞掉""？连接入口应该如何设计兜底？（SIR-1435）"	keep	18-defect-patterns/05-bluetooth-mechanisms.md	Q4	"点击已配对蓝牙设备发起连接时，哪些代码形态会把用户的点击""静默吞掉""？连接入口应该如何设计兜底？（SIR-1435）"	保留原题证据标注	11-defects/03-蓝牙机制.md#Q4	executor	migrated
11-defects/03-蓝牙机制.md	Q5	蓝牙开关状态保存在 UI 层静态变量（如 Constant.BT_ON）会造成什么失步？状态应该收敛到哪里？（SIR-1003）	todo		8a4545aba72d6537	蓝牙开关状态保存在 UI 层静态变量（如 Constant.BT_ON）会造成什么失步？状态应该收敛到哪里？（SIR-1003）	keep	18-defect-patterns/05-bluetooth-mechanisms.md	Q5	蓝牙开关状态保存在 UI 层静态变量（如 Constant.BT_ON）会造成什么失步？状态应该收敛到哪里？（SIR-1003）	保留原题证据标注	11-defects/03-蓝牙机制.md#Q5	executor	migrated
11-defects/03-蓝牙机制.md	Q6	"反复开关蓝牙后，开关""显示关闭、再点击无法开启""的死锁是怎样形成的？（SIR-8679）"	todo		ef338bf2286691f5	"反复开关蓝牙后，开关""显示关闭、再点击无法开启""的死锁是怎样形成的？（SIR-8679）"	keep	18-defect-patterns/05-bluetooth-mechanisms.md	Q6	"反复开关蓝牙后，开关""显示关闭、再点击无法开启""的死锁是怎样形成的？（SIR-8679）"	保留原题证据标注	11-defects/03-蓝牙机制.md#Q6	executor	migrated
11-defects/03-蓝牙机制.md	Q7	前后排蓝牙耳机同时连接时来电双方无声，为什么不能等协议栈自己恢复？连接失败的重试逻辑应该怎么设计？（SIR-4601）	todo		f07f09eb4a8ad796	前后排蓝牙耳机同时连接时来电双方无声，为什么不能等协议栈自己恢复？连接失败的重试逻辑应该怎么设计？（SIR-4601）	keep	18-defect-patterns/05-bluetooth-mechanisms.md	Q7	前后排蓝牙耳机同时连接时来电双方无声，为什么不能等协议栈自己恢复？连接失败的重试逻辑应该怎么设计？（SIR-4601）	保留原题证据标注	11-defects/03-蓝牙机制.md#Q7	executor	migrated
11-defects/03-蓝牙机制.md	Q8	"已配对设备重新出现在可配对扫描列表里，为什么排查方向应是""配对调用次数""而不是""列表过滤""？（SIR-5800）"	todo		822bf793aeae278d	"已配对设备重新出现在可配对扫描列表里，为什么排查方向应是""配对调用次数""而不是""列表过滤""？（SIR-5800）"	keep	18-defect-patterns/05-bluetooth-mechanisms.md	Q8	"已配对设备重新出现在可配对扫描列表里，为什么排查方向应是""配对调用次数""而不是""列表过滤""？（SIR-5800）"	保留原题证据标注	11-defects/03-蓝牙机制.md#Q8	executor	migrated
11-defects/03-蓝牙机制.md	Q9	界面 Fragment 在销毁时注销了单例蓝牙 Manager 的公共广播接收器，会造成什么后果？注销范围应如何对齐生命周期？（SIR-6206）	todo		d9ef57ecda03af08	界面 Fragment 在销毁时注销了单例蓝牙 Manager 的公共广播接收器，会造成什么后果？注销范围应如何对齐生命周期？（SIR-6206）	keep	18-defect-patterns/05-bluetooth-mechanisms.md	Q9	界面 Fragment 在销毁时注销了单例蓝牙 Manager 的公共广播接收器，会造成什么后果？注销范围应如何对齐生命周期？（SIR-6206）	保留原题证据标注	11-defects/03-蓝牙机制.md#Q9	executor	migrated
11-defects/03-蓝牙机制.md	Q10	"蓝牙管理类单例在 A 进程初始化、B 进程调用 getInstance()，为什么拿到的是""能编译但行为错误""的空副本？跨进程共享这类状态的正确姿势是什么？（SIR-2463，提交 aa9f9d8d）"	todo		1b175473b48d4818	"蓝牙管理类单例在 A 进程初始化、B 进程调用 getInstance()，为什么拿到的是""能编译但行为错误""的空副本？跨进程共享这类状态的正确姿势是什么？（SIR-2463，提交 aa9f9d8d）"	keep	18-defect-patterns/05-bluetooth-mechanisms.md	Q10	"蓝牙管理类单例在 A 进程初始化、B 进程调用 getInstance()，为什么拿到的是""能编译但行为错误""的空副本？跨进程共享这类状态的正确姿势是什么？（SIR-2463，提交 aa9f9d8d）"	保留原题证据标注	11-defects/03-蓝牙机制.md#Q10	executor	migrated
11-defects/03-蓝牙机制.md	Q11	"多设备蓝牙场景下，把 HFP 连接状态广播里的 EXTRA_STATE 直接当全局连接状态，为什么会误判？""事件触发 + 状态回查""的正确结构是什么？（SIR-8400，提交 781a6000）"	todo		e7f6f124fe66fca3	"多设备蓝牙场景下，把 HFP 连接状态广播里的 EXTRA_STATE 直接当全局连接状态，为什么会误判？""事件触发 + 状态回查""的正确结构是什么？（SIR-8400，提交 781a6000）"	keep	18-defect-patterns/05-bluetooth-mechanisms.md	Q11	"多设备蓝牙场景下，把 HFP 连接状态广播里的 EXTRA_STATE 直接当全局连接状态，为什么会误判？""事件触发 + 状态回查""的正确结构是什么？（SIR-8400，提交 781a6000）"	保留原题证据标注	11-defects/03-蓝牙机制.md#Q11	executor	migrated
11-defects/03-蓝牙机制.md	Q12	"PBAP 联系人拉取分""listing 拿数量""和""pullPhonebook 拉数据""两步，为什么第二步不能重新查询""当前主设备""？（SIR-8209）"	todo		8eb38f9484349c59	"PBAP 联系人拉取分""listing 拿数量""和""pullPhonebook 拉数据""两步，为什么第二步不能重新查询""当前主设备""？（SIR-8209）"	keep	18-defect-patterns/05-bluetooth-mechanisms.md	Q12	"PBAP 联系人拉取分""listing 拿数量""和""pullPhonebook 拉数据""两步，为什么第二步不能重新查询""当前主设备""？（SIR-8209）"	保留原题证据标注	11-defects/03-蓝牙机制.md#Q12	executor	migrated
11-defects/03-蓝牙机制.md	Q13	"iPhone 未授权联系人同步时，界面为什么可能一直显示进度条和""同步完成""？协议层进度与业务层结果应该如何分层？（SIR-5889）"	todo		ddb7deb9b14241fa	"iPhone 未授权联系人同步时，界面为什么可能一直显示进度条和""同步完成""？协议层进度与业务层结果应该如何分层？（SIR-5889）"	keep	18-defect-patterns/05-bluetooth-mechanisms.md	Q13	"iPhone 未授权联系人同步时，界面为什么可能一直显示进度条和""同步完成""？协议层进度与业务层结果应该如何分层？（SIR-5889）"	保留原题证据标注	11-defects/03-蓝牙机制.md#Q13	executor	migrated
11-defects/03-蓝牙机制.md	Q14	"通讯录同步完成显示 4999 条而不是 5000 条，为什么""差一条""不一定是边界问题？（SIR-5977）"	todo		da040e597db9704e	"通讯录同步完成显示 4999 条而不是 5000 条，为什么""差一条""不一定是边界问题？（SIR-5977）"	keep	18-defect-patterns/05-bluetooth-mechanisms.md	Q14	"通讯录同步完成显示 4999 条而不是 5000 条，为什么""差一条""不一定是边界问题？（SIR-5977）"	保留原题证据标注	11-defects/03-蓝牙机制.md#Q14	executor	migrated
11-defects/03-蓝牙机制.md	Q15	手机通讯录只有 1 个联系人（有姓名无号码）时，同步空白且进度条卡住，问题出在哪两个口径上？（SIR-6721）	todo		42d48d4387763467	手机通讯录只有 1 个联系人（有姓名无号码）时，同步空白且进度条卡住，问题出在哪两个口径上？（SIR-6721）	keep	18-defect-patterns/05-bluetooth-mechanisms.md	Q15	手机通讯录只有 1 个联系人（有姓名无号码）时，同步空白且进度条卡住，问题出在哪两个口径上？（SIR-6721）	保留原题证据标注	11-defects/03-蓝牙机制.md#Q15	executor	migrated
11-defects/03-蓝牙机制.md	Q16	"联系人有多个号码时按号码搜索只能命中第一个，这类""取 first""式访问的正确写法是什么？（SIR-8321）"	todo		bc4f9c897970f169	"联系人有多个号码时按号码搜索只能命中第一个，这类""取 first""式访问的正确写法是什么？（SIR-8321）"	keep	18-defect-patterns/05-bluetooth-mechanisms.md	Q16	"联系人有多个号码时按号码搜索只能命中第一个，这类""取 first""式访问的正确写法是什么？（SIR-8321）"	保留原题证据标注	11-defects/03-蓝牙机制.md#Q16	executor	migrated
11-defects/03-蓝牙机制.md	Q17	阿拉伯文联系人姓名和电话号码拼在同一段文本里，为什么号码会被反向显示？拼串时应该怎么处理？（SIR-6370）	todo		b8078ea7d7c6d12f	阿拉伯文联系人姓名和电话号码拼在同一段文本里，为什么号码会被反向显示？拼串时应该怎么处理？（SIR-6370）	keep	18-defect-patterns/05-bluetooth-mechanisms.md	Q17	阿拉伯文联系人姓名和电话号码拼在同一段文本里，为什么号码会被反向显示？拼串时应该怎么处理？（SIR-6370）	保留原题证据标注	11-defects/03-蓝牙机制.md#Q17	executor	migrated
11-defects/03-蓝牙机制.md	Q18	两份联系人仓库并存、PBAP 下载完成后双写，会酿成什么结构性问题？修复为什么是合并仓库而不是补双写一致性？（SIR-7487，提交 7b7efe27）	todo		8a6674649ea8f083	两份联系人仓库并存、PBAP 下载完成后双写，会酿成什么结构性问题？修复为什么是合并仓库而不是补双写一致性？（SIR-7487，提交 7b7efe27）	keep	18-defect-patterns/05-bluetooth-mechanisms.md	Q18	两份联系人仓库并存、PBAP 下载完成后双写，会酿成什么结构性问题？修复为什么是合并仓库而不是补双写一致性？（SIR-7487，提交 7b7efe27）	保留原题证据标注	11-defects/03-蓝牙机制.md#Q18	executor	migrated
11-defects/03-蓝牙机制.md	Q19	蓝牙重连后通讯录重新同步，为什么同步完成前来电的弹窗永远拿不到姓名？数据到达后还差哪一步？（VIR-36）	todo		19e93f84289a6c0e	蓝牙重连后通讯录重新同步，为什么同步完成前来电的弹窗永远拿不到姓名？数据到达后还差哪一步？（VIR-36）	keep	18-defect-patterns/05-bluetooth-mechanisms.md	Q19	蓝牙重连后通讯录重新同步，为什么同步完成前来电的弹窗永远拿不到姓名？数据到达后还差哪一步？（VIR-36）	保留原题证据标注	11-defects/03-蓝牙机制.md#Q19	executor	migrated
11-defects/03-蓝牙机制.md	Q20	"用户取消联系人授权后再重新授权，收藏和最近通话为什么不显示也恢复不了？""缓存式状态成员""的更新纪律是什么？（SIR-2203、SIR-2872）"	todo		b04229cee90cd01c	"用户取消联系人授权后再重新授权，收藏和最近通话为什么不显示也恢复不了？""缓存式状态成员""的更新纪律是什么？（SIR-2203、SIR-2872）"	keep	18-defect-patterns/05-bluetooth-mechanisms.md	Q20	"用户取消联系人授权后再重新授权，收藏和最近通话为什么不显示也恢复不了？""缓存式状态成员""的更新纪律是什么？（SIR-2203、SIR-2872）"	保留原题证据标注	11-defects/03-蓝牙机制.md#Q20	executor	migrated
11-defects/03-蓝牙机制.md	Q21	手机侧只是打开了音乐 APP 什么都没点，dock 栏媒体信息为什么会被蓝牙音乐覆盖？多音源下媒体 UI 应以什么为准绳？（SIR-6045）	todo		f38065526fe8189b	手机侧只是打开了音乐 APP 什么都没点，dock 栏媒体信息为什么会被蓝牙音乐覆盖？多音源下媒体 UI 应以什么为准绳？（SIR-6045）	keep	18-defect-patterns/05-bluetooth-mechanisms.md	Q21	手机侧只是打开了音乐 APP 什么都没点，dock 栏媒体信息为什么会被蓝牙音乐覆盖？多音源下媒体 UI 应以什么为准绳？（SIR-6045）	保留原题证据标注	11-defects/03-蓝牙机制.md#Q21	executor	migrated
11-defects/03-蓝牙机制.md	Q22	焦点闸门已经拦住蓝牙音乐的信息更新，dock 栏为什么仍在两种音源间来回切换？（SIR-6290）	todo		d1a5b51061c1ddc3	焦点闸门已经拦住蓝牙音乐的信息更新，dock 栏为什么仍在两种音源间来回切换？（SIR-6290）	keep	18-defect-patterns/05-bluetooth-mechanisms.md	Q22	焦点闸门已经拦住蓝牙音乐的信息更新，dock 栏为什么仍在两种音源间来回切换？（SIR-6290）	保留原题证据标注	11-defects/03-蓝牙机制.md#Q22	executor	migrated
11-defects/03-蓝牙机制.md	Q23	"音频焦点被抢占后蓝牙音乐已暂停，播放按钮为什么还显示""可播放""？门控分支丢弃事件时应如何取舍？（SIR-7909）"	todo		7798e5a65405eded	"音频焦点被抢占后蓝牙音乐已暂停，播放按钮为什么还显示""可播放""？门控分支丢弃事件时应如何取舍？（SIR-7909）"	keep	18-defect-patterns/05-bluetooth-mechanisms.md	Q23	"音频焦点被抢占后蓝牙音乐已暂停，播放按钮为什么还显示""可播放""？门控分支丢弃事件时应如何取舍？（SIR-7909）"	保留原题证据标注	11-defects/03-蓝牙机制.md#Q23	executor	migrated
11-defects/03-蓝牙机制.md	Q24	"蓝牙音乐暂停后再点播放、上一曲、下一曲，为什么弹出""音频使用中，无法播放""？一个焦点查询函数的空集合分支错在哪？（SIR-7383）"	todo		6bc06e79827d9d3f	"蓝牙音乐暂停后再点播放、上一曲、下一曲，为什么弹出""音频使用中，无法播放""？一个焦点查询函数的空集合分支错在哪？（SIR-7383）"	keep	18-defect-patterns/05-bluetooth-mechanisms.md	Q24	"蓝牙音乐暂停后再点播放、上一曲、下一曲，为什么弹出""音频使用中，无法播放""？一个焦点查询函数的空集合分支错在哪？（SIR-7383）"	保留原题证据标注	11-defects/03-蓝牙机制.md#Q24	executor	migrated
11-defects/03-蓝牙机制.md	Q25	"手机互联（carlink）断开后，dock 栏为什么会显示蓝牙音乐的异常媒体信息？""无音源""判定应如何维护？（SIR-8019）"	todo		e0de72d93c098b29	"手机互联（carlink）断开后，dock 栏为什么会显示蓝牙音乐的异常媒体信息？""无音源""判定应如何维护？（SIR-8019）"	keep	18-defect-patterns/05-bluetooth-mechanisms.md	Q25	"手机互联（carlink）断开后，dock 栏为什么会显示蓝牙音乐的异常媒体信息？""无音源""判定应如何维护？（SIR-8019）"	保留原题证据标注	11-defects/03-蓝牙机制.md#Q25	executor	migrated
11-defects/03-蓝牙机制.md	Q26	收到 A2DP 或 AVRCP 任一 profile 连接成功的广播就立即分配音频源并切换通路，为什么耳机可能无声？多 profile 的时序绑定原则是什么？（SIR-4193）	todo		bba7246ef729b7d5	收到 A2DP 或 AVRCP 任一 profile 连接成功的广播就立即分配音频源并切换通路，为什么耳机可能无声？多 profile 的时序绑定原则是什么？（SIR-4193）	keep	18-defect-patterns/05-bluetooth-mechanisms.md	Q26	收到 A2DP 或 AVRCP 任一 profile 连接成功的广播就立即分配音频源并切换通路，为什么耳机可能无声？多 profile 的时序绑定原则是什么？（SIR-4193）	保留原题证据标注	11-defects/03-蓝牙机制.md#Q26	executor	migrated
11-defects/03-蓝牙机制.md	Q27	"LIN 滚轮拨动一次切歌却跳过两首，这类""动作翻倍""的机制根源是什么？接入新硬件信号前应先确认什么？（SIR-5836）"	todo		b3945f62735f42e9	"LIN 滚轮拨动一次切歌却跳过两首，这类""动作翻倍""的机制根源是什么？接入新硬件信号前应先确认什么？（SIR-5836）"	keep	18-defect-patterns/05-bluetooth-mechanisms.md	Q27	"LIN 滚轮拨动一次切歌却跳过两首，这类""动作翻倍""的机制根源是什么？接入新硬件信号前应先确认什么？（SIR-5836）"	保留原题证据标注	11-defects/03-蓝牙机制.md#Q27	executor	migrated
11-defects/03-蓝牙机制.md	Q28	"蓝牙已连接、联系人同步中，收藏和最近通话页却仍显示""去连接""控件——主线程状态回调里 postValue 引入了什么乱序窗口，重连时还要补什么？（SIR-6509）"	todo		56f83f4bea2bc1dc	"蓝牙已连接、联系人同步中，收藏和最近通话页却仍显示""去连接""控件——主线程状态回调里 postValue 引入了什么乱序窗口，重连时还要补什么？（SIR-6509）"	keep	18-defect-patterns/05-bluetooth-mechanisms.md	Q28	"蓝牙已连接、联系人同步中，收藏和最近通话页却仍显示""去连接""控件——主线程状态回调里 postValue 引入了什么乱序窗口，重连时还要补什么？（SIR-6509）"	保留原题证据标注	11-defects/03-蓝牙机制.md#Q28	executor	migrated
11-defects/03-蓝牙机制.md	Q29	两路蓝牙通话来回切换时偶现自动切回上一路，为什么应用多发的一条 hold 指令是根源？切换这类异步操作要配哪些状态管理？（SIR-7375）	todo		9e0c0a4b705af3c7	两路蓝牙通话来回切换时偶现自动切回上一路，为什么应用多发的一条 hold 指令是根源？切换这类异步操作要配哪些状态管理？（SIR-7375）	keep	18-defect-patterns/05-bluetooth-mechanisms.md	Q29	两路蓝牙通话来回切换时偶现自动切回上一路，为什么应用多发的一条 hold 指令是根源？切换这类异步操作要配哪些状态管理？（SIR-7375）	保留原题证据标注	11-defects/03-蓝牙机制.md#Q29	executor	migrated
11-defects/03-蓝牙机制.md	Q30	"第一路通话接通时拨打第二路，telecom 上报""一路 active 加第二路 dialing""的异常组合，浮窗误显示""呼叫中""——UI 状态机对这类非法组合应如何表态？（SIR-8071）"	todo		5351d5075ae850ff	"第一路通话接通时拨打第二路，telecom 上报""一路 active 加第二路 dialing""的异常组合，浮窗误显示""呼叫中""——UI 状态机对这类非法组合应如何表态？（SIR-8071）"	keep	18-defect-patterns/05-bluetooth-mechanisms.md	Q30	"第一路通话接通时拨打第二路，telecom 上报""一路 active 加第二路 dialing""的异常组合，浮窗误显示""呼叫中""——UI 状态机对这类非法组合应如何表态？（SIR-8071）"	保留原题证据标注	11-defects/03-蓝牙机制.md#Q30	executor	migrated
11-defects/03-蓝牙机制.md	Q31	"两路通话时第二路浮窗显示第一路联系人的姓名——兜底显示的""姓名+号码""拆成两个独立缓存变量为什么会错配？正确写法是什么？（SIR-6815）"	todo		50d294530ad61eb9	"两路通话时第二路浮窗显示第一路联系人的姓名——兜底显示的""姓名+号码""拆成两个独立缓存变量为什么会错配？正确写法是什么？（SIR-6815）"	keep	18-defect-patterns/05-bluetooth-mechanisms.md	Q31	"两路通话时第二路浮窗显示第一路联系人的姓名——兜底显示的""姓名+号码""拆成两个独立缓存变量为什么会错配？正确写法是什么？（SIR-6815）"	保留原题证据标注	11-defects/03-蓝牙机制.md#Q31	executor	migrated
11-defects/04-Kanzi双端状态同步.md	Q1	Kanzi 3D 车模作为纯被动渲染端，状态同步的基本责任如何划分？	todo		5907b77081188f51	Kanzi 3D 车模作为纯被动渲染端，状态同步的基本责任如何划分？	keep	18-defect-patterns/07-kanzi-state-sync.md	Q1	Kanzi 3D 车模作为纯被动渲染端，状态同步的基本责任如何划分？	保留原题证据标注	11-defects/04-Kanzi双端状态同步.md#Q1	executor	migrated
11-defects/04-Kanzi双端状态同步.md	Q2	SIR-1539 中，由 Gear 与 D_Desktop 两个属性联合表达的 D 档驻车界面，切回 P 档时为什么必须把两个属性成对复位？	todo		18df989a1cb9cd33	SIR-1539 中，由 Gear 与 D_Desktop 两个属性联合表达的 D 档驻车界面，切回 P 档时为什么必须把两个属性成对复位？	keep	18-defect-patterns/07-kanzi-state-sync.md	Q2	SIR-1539 中，由 Gear 与 D_Desktop 两个属性联合表达的 D 档驻车界面，切回 P 档时为什么必须把两个属性成对复位？	保留原题证据标注	11-defects/04-Kanzi双端状态同步.md#Q2	executor	migrated
11-defects/04-Kanzi双端状态同步.md	Q3	SIR-3241 中一次物理点击导致渲染端以约 386ms 间隔重复上报同一按键事件时，防抖窗口应如何取值？	todo		bb03789d79a358bb	SIR-3241 中一次物理点击导致渲染端以约 386ms 间隔重复上报同一按键事件时，防抖窗口应如何取值？	keep	18-defect-patterns/07-kanzi-state-sync.md	Q3	SIR-3241 中一次物理点击导致渲染端以约 386ms 间隔重复上报同一按键事件时，防抖窗口应如何取值？	保留原题证据标注	11-defects/04-Kanzi双端状态同步.md#Q3	executor	migrated
11-defects/04-Kanzi双端状态同步.md	Q4	SIR-6283 中乐观更新叠加延迟反馈兜底时，车端真实回调到达后必须做什么？反馈校验失败时状态应对齐到哪个值？	todo		d61714f76f232ccc	SIR-6283 中乐观更新叠加延迟反馈兜底时，车端真实回调到达后必须做什么？反馈校验失败时状态应对齐到哪个值？	keep	18-defect-patterns/07-kanzi-state-sync.md	Q4	SIR-6283 中乐观更新叠加延迟反馈兜底时，车端真实回调到达后必须做什么？反馈校验失败时状态应对齐到哪个值？	保留原题证据标注	11-defects/04-Kanzi双端状态同步.md#Q4	executor	migrated
11-defects/04-Kanzi双端状态同步.md	Q5	"SIR-2178 中车控按钮""等底层回执再刷新 UI""会有什么后果？乐观更新加异步校验的完整结构是什么？"	todo		d09f0703ea22d30f	"SIR-2178 中车控按钮""等底层回执再刷新 UI""会有什么后果？乐观更新加异步校验的完整结构是什么？"	keep	18-defect-patterns/07-kanzi-state-sync.md	Q5	"SIR-2178 中车控按钮""等底层回执再刷新 UI""会有什么后果？乐观更新加异步校验的完整结构是什么？"	保留原题证据标注	11-defects/04-Kanzi双端状态同步.md#Q5	executor	migrated
11-defects/04-Kanzi双端状态同步.md	Q6	"SIR-2860 中""点击后立即读属性回刷 UI""为什么是反模式？等待车端确认的正确结构是什么？"	todo		87475de34d47184d	"SIR-2860 中""点击后立即读属性回刷 UI""为什么是反模式？等待车端确认的正确结构是什么？"	keep	18-defect-patterns/07-kanzi-state-sync.md	Q6	"SIR-2860 中""点击后立即读属性回刷 UI""为什么是反模式？等待车端确认的正确结构是什么？"	保留原题证据标注	11-defects/04-Kanzi双端状态同步.md#Q6	executor	migrated
11-defects/04-Kanzi双端状态同步.md	Q7	SIR-6343 中 Android 侧显示正常的文本，为什么在 Kanzi 3D 车模上可能不渲染？跨端文本能力差异应在哪些环节治理？	todo		87f91442f6dc8680	SIR-6343 中 Android 侧显示正常的文本，为什么在 Kanzi 3D 车模上可能不渲染？跨端文本能力差异应在哪些环节治理？	keep	18-defect-patterns/07-kanzi-state-sync.md	Q7	SIR-6343 中 Android 侧显示正常的文本，为什么在 Kanzi 3D 车模上可能不渲染？跨端文本能力差异应在哪些环节治理？	保留原题证据标注	11-defects/04-Kanzi双端状态同步.md#Q7	executor	migrated
11-defects/04-Kanzi双端状态同步.md	Q8	SIR-6343 的 Emoji 清洗中，为什么必须按 Unicode code point 而不是按 char 处理？	todo		ba12d6f06ffd6f21	SIR-6343 的 Emoji 清洗中，为什么必须按 Unicode code point 而不是按 char 处理？	keep	18-defect-patterns/07-kanzi-state-sync.md	Q8	SIR-6343 的 Emoji 清洗中，为什么必须按 Unicode code point 而不是按 char 处理？	保留原题证据标注	11-defects/04-Kanzi双端状态同步.md#Q8	executor	migrated
11-defects/04-Kanzi双端状态同步.md	Q9	SIR-8124 与 SIR-1662 中，给渲染端下发的枚举状态值和功能配置字，为什么要与渲染端的状态表、配置清单逐一核对？	todo		27ffc69f7ba8da14	SIR-8124 与 SIR-1662 中，给渲染端下发的枚举状态值和功能配置字，为什么要与渲染端的状态表、配置清单逐一核对？	keep	18-defect-patterns/07-kanzi-state-sync.md	Q9	SIR-8124 与 SIR-1662 中，给渲染端下发的枚举状态值和功能配置字，为什么要与渲染端的状态表、配置清单逐一核对？	保留原题证据标注	11-defects/04-Kanzi双端状态同步.md#Q9	executor	migrated
11-defects/04-Kanzi双端状态同步.md	Q10	"渲染端协议里""动作播完必须补发 Action=0，否则不生效""这类不成文的约定，为什么必须固化成命名常量与注释？"	todo		9e29dae588e172d5	"渲染端协议里""动作播完必须补发 Action=0，否则不生效""这类不成文的约定，为什么必须固化成命名常量与注释？"	keep	18-defect-patterns/07-kanzi-state-sync.md	Q10	"渲染端协议里""动作播完必须补发 Action=0，否则不生效""这类不成文的约定，为什么必须固化成命名常量与注释？"	保留原题证据标注	11-defects/04-Kanzi双端状态同步.md#Q10	executor	migrated
11-defects/04-Kanzi双端状态同步.md	Q11	"SIR-6711 中，状态机""进入某状态的副作用""散落在各事件迁移路径有什么风险？应如何组织？"	todo		d4a940d92ff8526e	"SIR-6711 中，状态机""进入某状态的副作用""散落在各事件迁移路径有什么风险？应如何组织？"	keep	18-defect-patterns/07-kanzi-state-sync.md	Q11	"SIR-6711 中，状态机""进入某状态的副作用""散落在各事件迁移路径有什么风险？应如何组织？"	保留原题证据标注	11-defects/04-Kanzi双端状态同步.md#Q11	executor	migrated
11-defects/04-Kanzi双端状态同步.md	Q12	SIR-1656 中，界面选中态同时有本地点击与信号回灌两个来源时，派生字段如何维护才不失步？	todo		5f5e29b379dad8b8	SIR-1656 中，界面选中态同时有本地点击与信号回灌两个来源时，派生字段如何维护才不失步？	keep	18-defect-patterns/07-kanzi-state-sync.md	Q12	SIR-1656 中，界面选中态同时有本地点击与信号回灌两个来源时，派生字段如何维护才不失步？	保留原题证据标注	11-defects/04-Kanzi双端状态同步.md#Q12	executor	migrated
11-defects/04-Kanzi双端状态同步.md	Q13	SIR-3248 中，多进程共享数据加进程内缓存的结构里，写操作为什么会静默失败？缓存应放在什么定位？	todo		078913e584bf6e80	SIR-3248 中，多进程共享数据加进程内缓存的结构里，写操作为什么会静默失败？缓存应放在什么定位？	keep	18-defect-patterns/07-kanzi-state-sync.md	Q13	SIR-3248 中，多进程共享数据加进程内缓存的结构里，写操作为什么会静默失败？缓存应放在什么定位？	保留原题证据标注	11-defects/04-Kanzi双端状态同步.md#Q13	executor	migrated
11-defects/04-Kanzi双端状态同步.md	Q14	SIR-4593 中，Android 侧与 Kanzi 渲染动画交接时，过早暂停渲染会怎样？	todo		391c2ce00d6b1e92	SIR-4593 中，Android 侧与 Kanzi 渲染动画交接时，过早暂停渲染会怎样？	keep	18-defect-patterns/07-kanzi-state-sync.md	Q14	SIR-4593 中，Android 侧与 Kanzi 渲染动画交接时，过早暂停渲染会怎样？	保留原题证据标注	11-defects/04-Kanzi双端状态同步.md#Q14	executor	migrated
11-defects/04-Kanzi双端状态同步.md	Q15	"面对""3D 车模某状态不刷新或残留""类缺陷，系统化的排查顺序是什么？"	todo		ab0ea65445aaffae	"面对""3D 车模某状态不刷新或残留""类缺陷，系统化的排查顺序是什么？"	keep	18-defect-patterns/07-kanzi-state-sync.md	Q15	"面对""3D 车模某状态不刷新或残留""类缺陷，系统化的排查顺序是什么？"	保留原题证据标注	11-defects/04-Kanzi双端状态同步.md#Q15	executor	migrated
11-defects/04-Kanzi双端状态同步.md	Q16	SIR-4569 中，充电状态与充电枪连接状态由两个独立信号驱动时，为什么互相无条件覆写会冲掉对方的真实状态？应如何仲裁？	todo		4ac491264ce5d9dd	SIR-4569 中，充电状态与充电枪连接状态由两个独立信号驱动时，为什么互相无条件覆写会冲掉对方的真实状态？应如何仲裁？	keep	18-defect-patterns/07-kanzi-state-sync.md	Q16	SIR-4569 中，充电状态与充电枪连接状态由两个独立信号驱动时，为什么互相无条件覆写会冲掉对方的真实状态？应如何仲裁？	保留原题证据标注	11-defects/04-Kanzi双端状态同步.md#Q16	executor	migrated
11-defects/04-Kanzi双端状态同步.md	Q17	SIR-1662 中只在初始化代码里下发一次的渲染端配置字，若下发时 Kanzi 尚未连接会发生什么？这类一次性下发应如何设计时机？	todo		a7fe174fbc2c2631	SIR-1662 中只在初始化代码里下发一次的渲染端配置字，若下发时 Kanzi 尚未连接会发生什么？这类一次性下发应如何设计时机？	keep	18-defect-patterns/07-kanzi-state-sync.md	Q17	SIR-1662 中只在初始化代码里下发一次的渲染端配置字，若下发时 Kanzi 尚未连接会发生什么？这类一次性下发应如何设计时机？	保留原题证据标注	11-defects/04-Kanzi双端状态同步.md#Q17	executor	migrated
11-defects/04-Kanzi双端状态同步.md	Q18	SIR-6343 的过滤已在输入、保存、读取、发送四个环节布防，为什么 Setting 侧入口仍能把 Emoji 送进 3D 车模？防过滤被旁路的收口方式是什么？	todo		3fbe03c06c027c32	SIR-6343 的过滤已在输入、保存、读取、发送四个环节布防，为什么 Setting 侧入口仍能把 Emoji 送进 3D 车模？防过滤被旁路的收口方式是什么？	keep	18-defect-patterns/07-kanzi-state-sync.md	Q18	SIR-6343 的过滤已在输入、保存、读取、发送四个环节布防，为什么 Setting 侧入口仍能把 Emoji 送进 3D 车模？防过滤被旁路的收口方式是什么？	保留原题证据标注	11-defects/04-Kanzi双端状态同步.md#Q18	executor	migrated
11-defects/05-UI还原与主题适配.md	Q1	深浅色双主题的车机应用里，UI 还原与主题适配类缺陷为什么能占到修复总量的三分之一？根因集中在哪几类形态？	todo		3095926283762309	深浅色双主题的车机应用里，UI 还原与主题适配类缺陷为什么能占到修复总量的三分之一？根因集中在哪几类形态？	keep	18-defect-patterns/04-ui-theme-fidelity.md	Q1	深浅色双主题的车机应用里，UI 还原与主题适配类缺陷为什么能占到修复总量的三分之一？根因集中在哪几类形态？	保留原题证据标注	11-defects/05-UI还原与主题适配.md#Q1	executor	migrated
11-defects/05-UI还原与主题适配.md	Q2	布局里把 textColor 写成 #000000 这类硬编码色值，为什么浅色模式测试通过仍会在深色模式翻车？正确写法是什么？	todo		f8462c6ba1301fa8	布局里把 textColor 写成 #000000 这类硬编码色值，为什么浅色模式测试通过仍会在深色模式翻车？正确写法是什么？	keep	18-defect-patterns/04-ui-theme-fidelity.md	Q2	布局里把 textColor 写成 #000000 这类硬编码色值，为什么浅色模式测试通过仍会在深色模式翻车？正确写法是什么？	保留原题证据标注	11-defects/05-UI还原与主题适配.md#Q2	executor	migrated
11-defects/05-UI还原与主题适配.md	Q3	"drawable 内写死深色半透明导致""白天有、黑夜无""的视觉元素，排查入口是什么？（SIR-7246）"	todo		7a3ff756136adb91	"drawable 内写死深色半透明导致""白天有、黑夜无""的视觉元素，排查入口是什么？（SIR-7246）"	keep	18-defect-patterns/04-ui-theme-fidelity.md	Q3	"drawable 内写死深色半透明导致""白天有、黑夜无""的视觉元素，排查入口是什么？（SIR-7246）"	保留原题证据标注	11-defects/05-UI还原与主题适配.md#Q3	executor	migrated
11-defects/05-UI还原与主题适配.md	Q4	深色模式下弹窗整体仍是浅色配色，典型根因与修复路径是什么？（SIR-6620）	todo		4aa6c726562594e2	深色模式下弹窗整体仍是浅色配色，典型根因与修复路径是什么？（SIR-6620）	keep	18-defect-patterns/04-ui-theme-fidelity.md	Q4	深色模式下弹窗整体仍是浅色配色，典型根因与修复路径是什么？（SIR-6620）	保留原题证据标注	11-defects/05-UI还原与主题适配.md#Q4	executor	migrated
11-defects/05-UI还原与主题适配.md	Q5	新增颜色必配 night 值这条清单项依据的失败模式是什么？如何用流程兜底？	todo		9fba51cf27fb0a69	新增颜色必配 night 值这条清单项依据的失败模式是什么？如何用流程兜底？	keep	18-defect-patterns/04-ui-theme-fidelity.md	Q5	新增颜色必配 night 值这条清单项依据的失败模式是什么？如何用流程兜底？	保留原题证据标注	11-defects/05-UI还原与主题适配.md#Q5	executor	migrated
11-defects/05-UI还原与主题适配.md	Q6	夜间模式下无封面兜底图显示的仍是白天素材，最省事的修复方式是什么？（SIR-6224）	todo		9a7a2cd956442721	夜间模式下无封面兜底图显示的仍是白天素材，最省事的修复方式是什么？（SIR-6224）	keep	18-defect-patterns/04-ui-theme-fidelity.md	Q6	夜间模式下无封面兜底图显示的仍是白天素材，最省事的修复方式是什么？（SIR-6224）	保留原题证据标注	11-defects/05-UI还原与主题适配.md#Q6	executor	migrated
11-defects/05-UI还原与主题适配.md	Q7	"用 getIdentifier 按""前缀 + 数值""拼资源名取图，为什么会绕过 -night 限定符？补救方案和风险是什么？（3ba0d479）"	todo		823b8b1e63af4fac	"用 getIdentifier 按""前缀 + 数值""拼资源名取图，为什么会绕过 -night 限定符？补救方案和风险是什么？（3ba0d479）"	keep	18-defect-patterns/04-ui-theme-fidelity.md	Q7	"用 getIdentifier 按""前缀 + 数值""拼资源名取图，为什么会绕过 -night 限定符？补救方案和风险是什么？（3ba0d479）"	保留原题证据标注	11-defects/05-UI还原与主题适配.md#Q7	executor	migrated
11-defects/05-UI还原与主题适配.md	Q8	"多模块工程中，app 壳工程定义与公共库同名的 drawable，为什么会""劫持""库组件的交互态？（SIR-7514）"	todo		ba8150c11a993018	"多模块工程中，app 壳工程定义与公共库同名的 drawable，为什么会""劫持""库组件的交互态？（SIR-7514）"	keep	18-defect-patterns/04-ui-theme-fidelity.md	Q8	"多模块工程中，app 壳工程定义与公共库同名的 drawable，为什么会""劫持""库组件的交互态？（SIR-7514）"	保留原题证据标注	11-defects/05-UI还原与主题适配.md#Q8	executor	migrated
11-defects/05-UI还原与主题适配.md	Q9	按钮点击无视觉反馈类缺陷的固定排查套路是什么？selector 还有哪些必查项？	todo		65d14f1df5796a3d	按钮点击无视觉反馈类缺陷的固定排查套路是什么？selector 还有哪些必查项？	keep	18-defect-patterns/04-ui-theme-fidelity.md	Q9	按钮点击无视觉反馈类缺陷的固定排查套路是什么？selector 还有哪些必查项？	保留原题证据标注	11-defects/05-UI还原与主题适配.md#Q9	executor	migrated
11-defects/05-UI还原与主题适配.md	Q10	"selector 状态表复制上一行忘改资源，为什么会表现出""白天正常、黑夜异常""的功能假象？（SIR-6802）"	todo		05060350799127c9	"selector 状态表复制上一行忘改资源，为什么会表现出""白天正常、黑夜异常""的功能假象？（SIR-6802）"	keep	18-defect-patterns/04-ui-theme-fidelity.md	Q10	"selector 状态表复制上一行忘改资源，为什么会表现出""白天正常、黑夜异常""的功能假象？（SIR-6802）"	保留原题证据标注	11-defects/05-UI还原与主题适配.md#Q10	executor	migrated
11-defects/05-UI还原与主题适配.md	Q11	Activity 在 configChanges 里声明接管 uiMode 后，深浅色切换为什么会让界面停在旧主题？（SIR-6360）	todo		2c28a2ced274b9ea	Activity 在 configChanges 里声明接管 uiMode 后，深浅色切换为什么会让界面停在旧主题？（SIR-6360）	keep	18-defect-patterns/04-ui-theme-fidelity.md	Q11	Activity 在 configChanges 里声明接管 uiMode 后，深浅色切换为什么会让界面停在旧主题？（SIR-6360）	保留原题证据标注	11-defects/05-UI还原与主题适配.md#Q11	executor	migrated
11-defects/05-UI还原与主题适配.md	Q12	WebView 加载的本地协议页为什么 values-night 管不到？标准适配方案是什么？（SIR-4568）	todo		3339ece5b9fa8581	WebView 加载的本地协议页为什么 values-night 管不到？标准适配方案是什么？（SIR-4568）	keep	18-defect-patterns/04-ui-theme-fidelity.md	Q12	WebView 加载的本地协议页为什么 values-night 管不到？标准适配方案是什么？（SIR-4568）	保留原题证据标注	11-defects/05-UI还原与主题适配.md#Q12	executor	migrated
11-defects/05-UI还原与主题适配.md	Q13	"弹出 Dialog 时为什么 Dock 栏等""别的窗口""也会被压暗？替代方案是什么？（SIR-6606）"	todo		ba95d4e899718860	"弹出 Dialog 时为什么 Dock 栏等""别的窗口""也会被压暗？替代方案是什么？（SIR-6606）"	keep	18-defect-patterns/04-ui-theme-fidelity.md	Q13	"弹出 Dialog 时为什么 Dock 栏等""别的窗口""也会被压暗？替代方案是什么？（SIR-6606）"	保留原题证据标注	11-defects/05-UI还原与主题适配.md#Q13	executor	migrated
11-defects/05-UI还原与主题适配.md	Q14	全屏应用手势退出时先闪一帧白底再露出桌面，根因与修复是什么？（SIR-6788）	todo		98ff0c05ba37d059	全屏应用手势退出时先闪一帧白底再露出桌面，根因与修复是什么？（SIR-6788）	keep	18-defect-patterns/04-ui-theme-fidelity.md	Q14	全屏应用手势退出时先闪一帧白底再露出桌面，根因与修复是什么？（SIR-6788）	保留原题证据标注	11-defects/05-UI还原与主题适配.md#Q14	executor	migrated
11-defects/05-UI还原与主题适配.md	Q15	界面顶部或四周露出异色色块，检查哪三处可以定位大多数案例？（SIR-7382）	todo		1b9e6b927c44a01d	界面顶部或四周露出异色色块，检查哪三处可以定位大多数案例？（SIR-7382）	keep	18-defect-patterns/04-ui-theme-fidelity.md	Q15	界面顶部或四周露出异色色块，检查哪三处可以定位大多数案例？（SIR-7382）	保留原题证据标注	11-defects/05-UI还原与主题适配.md#Q15	executor	migrated
11-defects/05-UI还原与主题适配.md	Q16	"搜索结果列表写在 ConstraintLayout 里却用了 `layout_height=""match_parent""`，为什么界面只露出最后一行，约束布局里该写什么？"	todo		1812bbddf7948830	"搜索结果列表写在 ConstraintLayout 里却用了 `layout_height=""match_parent""`，为什么界面只露出最后一行，约束布局里该写什么？"	keep	18-defect-patterns/04-ui-theme-fidelity.md	Q16	"搜索结果列表写在 ConstraintLayout 里却用了 `layout_height=""match_parent""`，为什么界面只露出最后一行，约束布局里该写什么？"	保留原题证据标注	11-defects/05-UI还原与主题适配.md#Q16	executor	migrated
11-defects/05-UI还原与主题适配.md	Q17	带全屏遮罩的密码弹窗被键盘整体顶起、遮罩盖住状态栏，正确的避让方式是什么？（SIR-7359）	todo		cb4d3c39724a6755	带全屏遮罩的密码弹窗被键盘整体顶起、遮罩盖住状态栏，正确的避让方式是什么？（SIR-7359）	keep	18-defect-patterns/04-ui-theme-fidelity.md	Q17	带全屏遮罩的密码弹窗被键盘整体顶起、遮罩盖住状态栏，正确的避让方式是什么？（SIR-7359）	保留原题证据标注	11-defects/05-UI还原与主题适配.md#Q17	executor	migrated
11-defects/05-UI还原与主题适配.md	Q18	设计稿给出了非整百字重（如 450、550），为什么无法精确还原？应该在哪一层解决？	todo		77fb473e1eb8a421	设计稿给出了非整百字重（如 450、550），为什么无法精确还原？应该在哪一层解决？	keep	18-defect-patterns/04-ui-theme-fidelity.md	Q18	设计稿给出了非整百字重（如 450、550），为什么无法精确还原？应该在哪一层解决？	保留原题证据标注	11-defects/05-UI还原与主题适配.md#Q18	executor	migrated
11-defects/05-UI还原与主题适配.md	Q19	快速连续切换深浅色导致屏幕出现灰色中间态，为什么要在入口防抖而不是处理重绘结果？（SIR-8546）	todo		02f5d575bdc014b0	快速连续切换深浅色导致屏幕出现灰色中间态，为什么要在入口防抖而不是处理重绘结果？（SIR-8546）	keep	18-defect-patterns/04-ui-theme-fidelity.md	Q19	快速连续切换深浅色导致屏幕出现灰色中间态，为什么要在入口防抖而不是处理重绘结果？（SIR-8546）	保留原题证据标注	11-defects/05-UI还原与主题适配.md#Q19	executor	migrated
11-defects/05-UI还原与主题适配.md	Q20	长歌名跑马灯滚动 3 遍才停，是哪个默认值造成的？（SIR-1477）	todo		a61fb535efc93ef7	长歌名跑马灯滚动 3 遍才停，是哪个默认值造成的？（SIR-1477）	keep	18-defect-patterns/04-ui-theme-fidelity.md	Q20	长歌名跑马灯滚动 3 遍才停，是哪个默认值造成的？（SIR-1477）	保留原题证据标注	11-defects/05-UI还原与主题适配.md#Q20	executor	migrated
11-defects/05-UI还原与主题适配.md	Q21	刻度进度条/滑块与 UI 或实际行为不符，有哪些典型的 off-by-one 形态？	todo		50cfd7d5c8f7e07a	刻度进度条/滑块与 UI 或实际行为不符，有哪些典型的 off-by-one 形态？	keep	18-defect-patterns/04-ui-theme-fidelity.md	Q21	刻度进度条/滑块与 UI 或实际行为不符，有哪些典型的 off-by-one 形态？	保留原题证据标注	11-defects/05-UI还原与主题适配.md#Q21	executor	migrated
11-defects/05-UI还原与主题适配.md	Q22	回弹/复位动画从错误位置跳变，根因是什么？（SIR-6634）	todo		01ec951d31a18aec	回弹/复位动画从错误位置跳变，根因是什么？（SIR-6634）	keep	18-defect-patterns/04-ui-theme-fidelity.md	Q22	回弹/复位动画从错误位置跳变，根因是什么？（SIR-6634）	保留原题证据标注	11-defects/05-UI还原与主题适配.md#Q22	executor	migrated
11-defects/05-UI还原与主题适配.md	Q23	多个界面滚动条样式不一、与设计稿不符，治理方案是什么？（SIR-7004）	todo		f024770223f2d6f8	多个界面滚动条样式不一、与设计稿不符，治理方案是什么？（SIR-7004）	keep	18-defect-patterns/04-ui-theme-fidelity.md	Q23	多个界面滚动条样式不一、与设计稿不符，治理方案是什么？（SIR-7004）	保留原题证据标注	11-defects/05-UI还原与主题适配.md#Q23	executor	migrated
11-defects/05-UI还原与主题适配.md	Q24	图标颜色依赖主题色资源导致个别场景与设计稿不符，为什么修复反而要新增一份硬编码色值的专用资源？（SIR-7406）	todo		c034445878c29339	图标颜色依赖主题色资源导致个别场景与设计稿不符，为什么修复反而要新增一份硬编码色值的专用资源？（SIR-7406）	keep	18-defect-patterns/04-ui-theme-fidelity.md	Q24	图标颜色依赖主题色资源导致个别场景与设计稿不符，为什么修复反而要新增一份硬编码色值的专用资源？（SIR-7406）	保留原题证据标注	11-defects/05-UI还原与主题适配.md#Q24	executor	migrated
11-defects/05-UI还原与主题适配.md	Q25	设计稿版本混淆与需求变更，如何在流程上防回归？（SIR-4333、SIR-7849）	todo		72a73b092ae8578e	设计稿版本混淆与需求变更，如何在流程上防回归？（SIR-4333、SIR-7849）	keep	18-defect-patterns/04-ui-theme-fidelity.md	Q25	设计稿版本混淆与需求变更，如何在流程上防回归？（SIR-4333、SIR-7849）	保留原题证据标注	11-defects/05-UI还原与主题适配.md#Q25	executor	migrated
11-defects/05-UI还原与主题适配.md	Q26	"需求或 SRS 变更后，为什么""删掉的没清干净、增量的没逐项落地""是同一类缺陷，验收该以什么为 checklist？"	todo		50bd0c3de4a7409a	"需求或 SRS 变更后，为什么""删掉的没清干净、增量的没逐项落地""是同一类缺陷，验收该以什么为 checklist？"	keep	18-defect-patterns/04-ui-theme-fidelity.md	Q26	"需求或 SRS 变更后，为什么""删掉的没清干净、增量的没逐项落地""是同一类缺陷，验收该以什么为 checklist？"	保留原题证据标注	11-defects/05-UI还原与主题适配.md#Q26	executor	migrated
11-defects/05-UI还原与主题适配.md	Q27	业务代码里用 `uiMode == 19` 这类数值比较判断夜间模式再手动选颜色，为什么是黑白适配的反模式？正确写法是什么？	todo		35ac59bdd0205da8	业务代码里用 `uiMode == 19` 这类数值比较判断夜间模式再手动选颜色，为什么是黑白适配的反模式？正确写法是什么？	keep	18-defect-patterns/04-ui-theme-fidelity.md	Q27	业务代码里用 `uiMode == 19` 这类数值比较判断夜间模式再手动选颜色，为什么是黑白适配的反模式？正确写法是什么？	保留原题证据标注	11-defects/05-UI还原与主题适配.md#Q27	executor	migrated
11-defects/05-UI还原与主题适配.md	Q28	公共库同时存在新旧两套色板、硬编码引用散落各处时，怎样的重构顺序能保证旧色引用零残留？	todo		97b500abe7e8e3d0	公共库同时存在新旧两套色板、硬编码引用散落各处时，怎样的重构顺序能保证旧色引用零残留？	keep	18-defect-patterns/04-ui-theme-fidelity.md	Q28	公共库同时存在新旧两套色板、硬编码引用散落各处时，怎样的重构顺序能保证旧色引用零残留？	保留原题证据标注	11-defects/05-UI还原与主题适配.md#Q28	executor	migrated
11-defects/05-UI还原与主题适配.md	Q29	"用 `ChangeSkinManager.getColorResource(""text_default_color"")` 这类按字符串资源名运行时取色的换肤框架，为什么要迁移到 `R.color` 常量引用？"	todo		156cd9fbfaf814bc	"用 `ChangeSkinManager.getColorResource(""text_default_color"")` 这类按字符串资源名运行时取色的换肤框架，为什么要迁移到 `R.color` 常量引用？"	keep	18-defect-patterns/04-ui-theme-fidelity.md	Q29	"用 `ChangeSkinManager.getColorResource(""text_default_color"")` 这类按字符串资源名运行时取色的换肤框架，为什么要迁移到 `R.color` 常量引用？"	保留原题证据标注	11-defects/05-UI还原与主题适配.md#Q29	executor	migrated
11-defects/05-UI还原与主题适配.md	Q30	"页面确需避免主题切换时重建、必须在 configChanges 里保留 uiMode 时，要补什么才不会重演""停在旧主题""？"	todo		04cc91b4c6ba5015	"页面确需避免主题切换时重建、必须在 configChanges 里保留 uiMode 时，要补什么才不会重演""停在旧主题""？"	keep	18-defect-patterns/04-ui-theme-fidelity.md	Q30	"页面确需避免主题切换时重建、必须在 configChanges 里保留 uiMode 时，要补什么才不会重演""停在旧主题""？"	保留原题证据标注	11-defects/05-UI还原与主题适配.md#Q30	executor	migrated
11-defects/05-UI还原与主题适配.md	Q31	布局声明了 `textFontWeight`，代码又对同一批文本 `setTypeface(Typeface.DEFAULT_BOLD)`，字重为什么会失控？应从哪几处收敛？	todo		5fa1ae4744fddef9	布局声明了 `textFontWeight`，代码又对同一批文本 `setTypeface(Typeface.DEFAULT_BOLD)`，字重为什么会失控？应从哪几处收敛？	keep	18-defect-patterns/04-ui-theme-fidelity.md	Q31	布局声明了 `textFontWeight`，代码又对同一批文本 `setTypeface(Typeface.DEFAULT_BOLD)`，字重为什么会失控？应从哪几处收敛？	保留原题证据标注	11-defects/05-UI还原与主题适配.md#Q31	executor	migrated
11-defects/06-状态缓存与启动时序.md	Q1	单例 object 的 init 块在应用启动极早期执行 mkdirs 落盘，为什么会卡住整个开机？（SIR-8227）	todo		56eae779d81d7e7f	单例 object 的 init 块在应用启动极早期执行 mkdirs 落盘，为什么会卡住整个开机？（SIR-8227）	keep	18-defect-patterns/02-state-cache-startup.md	Q1	单例 object 的 init 块在应用启动极早期执行 mkdirs 落盘，为什么会卡住整个开机？（SIR-8227）	保留原题证据标注	11-defects/06-状态缓存与启动时序.md#Q1	executor	migrated
11-defects/06-状态缓存与启动时序.md	Q2	为未就绪的用户存储加门控时，读路径与写路径为什么要区别对待？各分支如何设计？	todo		9c7a7bc2d90f36ca	为未就绪的用户存储加门控时，读路径与写路径为什么要区别对待？各分支如何设计？	keep	18-defect-patterns/02-state-cache-startup.md	Q2	为未就绪的用户存储加门控时，读路径与写路径为什么要区别对待？各分支如何设计？	保留原题证据标注	11-defects/06-状态缓存与启动时序.md#Q2	executor	migrated
11-defects/06-状态缓存与启动时序.md	Q3	触碰即执行的静态初始化代码，应按什么标准审查？	todo		3efaf247ab284b89	触碰即执行的静态初始化代码，应按什么标准审查？	keep	18-defect-patterns/02-state-cache-startup.md	Q3	触碰即执行的静态初始化代码，应按什么标准审查？	保留原题证据标注	11-defects/06-状态缓存与启动时序.md#Q3	executor	migrated
11-defects/06-状态缓存与启动时序.md	Q4	AAOS 上 SystemUI 新增了 `android.car.permission.*` 特权权限却开机启动异常，而相关代码一行没改，问题出在哪？	todo		0716afe71b43154e	AAOS 上 SystemUI 新增了 `android.car.permission.*` 特权权限却开机启动异常，而相关代码一行没改，问题出在哪？	keep	18-defect-patterns/02-state-cache-startup.md	Q4	AAOS 上 SystemUI 新增了 `android.car.permission.*` 特权权限却开机启动异常，而相关代码一行没改，问题出在哪？	保留原题证据标注	11-defects/06-状态缓存与启动时序.md#Q4	executor	migrated
11-defects/06-状态缓存与启动时序.md	Q5	状态机函数里的提前 return 为什么是清理逻辑的盲区？（SIR-6185）	todo		8ea0f7752a40eb8f	状态机函数里的提前 return 为什么是清理逻辑的盲区？（SIR-6185）	keep	18-defect-patterns/02-state-cache-startup.md	Q5	状态机函数里的提前 return 为什么是清理逻辑的盲区？（SIR-6185）	保留原题证据标注	11-defects/06-状态缓存与启动时序.md#Q5	executor	migrated
11-defects/06-状态缓存与启动时序.md	Q6	"承载流程的浮窗和页面级弹窗，如何保证""一定有关闭的触发点""？"	todo		42884dbf404d68b3	"承载流程的浮窗和页面级弹窗，如何保证""一定有关闭的触发点""？"	keep	18-defect-patterns/02-state-cache-startup.md	Q6	"承载流程的浮窗和页面级弹窗，如何保证""一定有关闭的触发点""？"	保留原题证据标注	11-defects/06-状态缓存与启动时序.md#Q6	executor	migrated
11-defects/06-状态缓存与启动时序.md	Q7	同一功能的弹窗存在两个入口宿主时，为什么会各弹一份？防重状态应建在哪里？	todo		ba84f15a7f744c81	同一功能的弹窗存在两个入口宿主时，为什么会各弹一份？防重状态应建在哪里？	keep	18-defect-patterns/02-state-cache-startup.md	Q7	同一功能的弹窗存在两个入口宿主时，为什么会各弹一份？防重状态应建在哪里？	保留原题证据标注	11-defects/06-状态缓存与启动时序.md#Q7	executor	migrated
11-defects/06-状态缓存与启动时序.md	Q8	"同一入口快速连点导致目标页被重复创建压栈（多次点击弹出多个界面）时，为什么""跳转锁 + launchMode""要成对使用，跳转锁又为什么不能按定时器解锁？"	todo		c9a6d3e8ebc92981	"同一入口快速连点导致目标页被重复创建压栈（多次点击弹出多个界面）时，为什么""跳转锁 + launchMode""要成对使用，跳转锁又为什么不能按定时器解锁？"	keep	18-defect-patterns/02-state-cache-startup.md	Q8	"同一入口快速连点导致目标页被重复创建压栈（多次点击弹出多个界面）时，为什么""跳转锁 + launchMode""要成对使用，跳转锁又为什么不能按定时器解锁？"	保留原题证据标注	11-defects/06-状态缓存与启动时序.md#Q8	executor	migrated
11-defects/06-状态缓存与启动时序.md	Q9	以 callback 对象为 key 的暂存 map 用覆盖写，为什么会永久丢失先注册的属性组？（SIR-7936/7938）	todo		3a839236d546faf2	以 callback 对象为 key 的暂存 map 用覆盖写，为什么会永久丢失先注册的属性组？（SIR-7936/7938）	keep	18-defect-patterns/02-state-cache-startup.md	Q9	以 callback 对象为 key 的暂存 map 用覆盖写，为什么会永久丢失先注册的属性组？（SIR-7936/7938）	保留原题证据标注	11-defects/06-状态缓存与启动时序.md#Q9	executor	migrated
11-defects/06-状态缓存与启动时序.md	Q10	命令端与渲染端生命周期解耦时，渲染启动命令被静默丢弃如何根治？（SIR-7922）	todo		988f5812a1feabce	命令端与渲染端生命周期解耦时，渲染启动命令被静默丢弃如何根治？（SIR-7922）	keep	18-defect-patterns/02-state-cache-startup.md	Q10	命令端与渲染端生命周期解耦时，渲染启动命令被静默丢弃如何根治？（SIR-7922）	保留原题证据标注	11-defects/06-状态缓存与启动时序.md#Q10	executor	migrated
11-defects/06-状态缓存与启动时序.md	Q11	手势/动画的退出路径状态复位，必须覆盖哪些东西？漏了会怎样？（SIR-6044）	todo		d9b8c00dc1b5d1d6	手势/动画的退出路径状态复位，必须覆盖哪些东西？漏了会怎样？（SIR-6044）	keep	18-defect-patterns/02-state-cache-startup.md	Q11	手势/动画的退出路径状态复位，必须覆盖哪些东西？漏了会怎样？（SIR-6044）	保留原题证据标注	11-defects/06-状态缓存与启动时序.md#Q11	executor	migrated
11-defects/06-状态缓存与启动时序.md	Q12	"设备""断开/移除""只做断连不解绑数据，为什么列表会残留图标或分类错误？（SIR-7499、SIR-6786）"	todo		9401bf2b78d6ea8e	"设备""断开/移除""只做断连不解绑数据，为什么列表会残留图标或分类错误？（SIR-7499、SIR-6786）"	keep	18-defect-patterns/02-state-cache-startup.md	Q12	"设备""断开/移除""只做断连不解绑数据，为什么列表会残留图标或分类错误？（SIR-7499、SIR-6786）"	保留原题证据标注	11-defects/06-状态缓存与启动时序.md#Q12	executor	migrated
11-defects/06-状态缓存与启动时序.md	Q13	凭空弹出上个会话的确认弹窗，残留状态的排查起点是什么？（SIR-5749）	todo		5a10af32ba1c07fd	凭空弹出上个会话的确认弹窗，残留状态的排查起点是什么？（SIR-5749）	keep	18-defect-patterns/02-state-cache-startup.md	Q13	凭空弹出上个会话的确认弹窗，残留状态的排查起点是什么？（SIR-5749）	保留原题证据标注	11-defects/06-状态缓存与启动时序.md#Q13	executor	migrated
11-defects/06-状态缓存与启动时序.md	Q14	请求-回执式开关在异常路径上锁死或半同步，如何补齐状态机？（SIR-2032、SIR-5722）	todo		0f2fa4244cb32397	请求-回执式开关在异常路径上锁死或半同步，如何补齐状态机？（SIR-2032、SIR-5722）	keep	18-defect-patterns/02-state-cache-startup.md	Q14	请求-回执式开关在异常路径上锁死或半同步，如何补齐状态机？（SIR-2032、SIR-5722）	保留原题证据标注	11-defects/06-状态缓存与启动时序.md#Q14	executor	migrated
11-defects/06-状态缓存与启动时序.md	Q15	"覆盖层 + 禁用控件的防抖设计为什么会死锁成""显示关闭、点击无响应""？（SIR-8679）"	todo		b7c0e821a06da3cb	"覆盖层 + 禁用控件的防抖设计为什么会死锁成""显示关闭、点击无响应""？（SIR-8679）"	keep	18-defect-patterns/02-state-cache-startup.md	Q15	"覆盖层 + 禁用控件的防抖设计为什么会死锁成""显示关闭、点击无响应""？（SIR-8679）"	保留原题证据标注	11-defects/06-状态缓存与启动时序.md#Q15	executor	migrated
11-defects/06-状态缓存与启动时序.md	Q16	乐观更新 + 超时回弹的开关，回弹发生时为什么联动区域会脱节？（SIR-8669）	todo		a25a8b3cf0781682	乐观更新 + 超时回弹的开关，回弹发生时为什么联动区域会脱节？（SIR-8669）	keep	18-defect-patterns/02-state-cache-startup.md	Q16	乐观更新 + 超时回弹的开关，回弹发生时为什么联动区域会脱节？（SIR-8669）	保留原题证据标注	11-defects/06-状态缓存与启动时序.md#Q16	executor	migrated
11-defects/06-状态缓存与启动时序.md	Q17	首次操作就误触发安全拦截，同步读取车辆信号的缓存语义坑在哪？（SIR-5788）	todo		ff9b2df9533f27c3	首次操作就误触发安全拦截，同步读取车辆信号的缓存语义坑在哪？（SIR-5788）	keep	18-defect-patterns/02-state-cache-startup.md	Q17	首次操作就误触发安全拦截，同步读取车辆信号的缓存语义坑在哪？（SIR-5788）	保留原题证据标注	11-defects/06-状态缓存与启动时序.md#Q17	executor	migrated
11-defects/06-状态缓存与启动时序.md	Q18	上一次连接失败的广播为什么会污染新弹窗？防线应设在哪里？（SIR-6386）	todo		8275416477b990e6	上一次连接失败的广播为什么会污染新弹窗？防线应设在哪里？（SIR-6386）	keep	18-defect-patterns/02-state-cache-startup.md	Q18	上一次连接失败的广播为什么会污染新弹窗？防线应设在哪里？（SIR-6386）	保留原题证据标注	11-defects/06-状态缓存与启动时序.md#Q18	executor	migrated
11-defects/06-状态缓存与启动时序.md	Q19	界面销毁时替单例 Manager 注销广播，为什么会导致设备在两个列表同时显示？（SIR-6206）	todo		7b0228161274ae7f	界面销毁时替单例 Manager 注销广播，为什么会导致设备在两个列表同时显示？（SIR-6206）	keep	18-defect-patterns/02-state-cache-startup.md	Q19	界面销毁时替单例 Manager 注销广播，为什么会导致设备在两个列表同时显示？（SIR-6206）	保留原题证据标注	11-defects/06-状态缓存与启动时序.md#Q19	executor	migrated
11-defects/06-状态缓存与启动时序.md	Q20	"展示""当前值""却显示旧值，闭包捕获与循环外变量这两种形态如何识别与修复？（SIR-7167、SIR-6611）"	todo		57c644af3e48a05f	"展示""当前值""却显示旧值，闭包捕获与循环外变量这两种形态如何识别与修复？（SIR-7167、SIR-6611）"	keep	18-defect-patterns/02-state-cache-startup.md	Q20	"展示""当前值""却显示旧值，闭包捕获与循环外变量这两种形态如何识别与修复？（SIR-7167、SIR-6611）"	保留原题证据标注	11-defects/06-状态缓存与启动时序.md#Q20	executor	migrated
11-defects/06-状态缓存与启动时序.md	Q21	界面关闭/开关关闭后仍显示分组标题与入口，条件渲染要覆盖哪些部分？（SIR-6742）	todo		ecad68ee89013957	界面关闭/开关关闭后仍显示分组标题与入口，条件渲染要覆盖哪些部分？（SIR-6742）	keep	18-defect-patterns/02-state-cache-startup.md	Q21	界面关闭/开关关闭后仍显示分组标题与入口，条件渲染要覆盖哪些部分？（SIR-6742）	保留原题证据标注	11-defects/06-状态缓存与启动时序.md#Q21	executor	migrated
11-defects/06-状态缓存与启动时序.md	Q22	派生 UI 状态（拨号键可用性）的计算逻辑完全正确，却因刷新调用挂错位置、漏挂一条路径而永久置灰，刷新时机该怎么核对？	todo		4843fcb1f5329f1b	派生 UI 状态（拨号键可用性）的计算逻辑完全正确，却因刷新调用挂错位置、漏挂一条路径而永久置灰，刷新时机该怎么核对？	keep	18-defect-patterns/02-state-cache-startup.md	Q22	派生 UI 状态（拨号键可用性）的计算逻辑完全正确，却因刷新调用挂错位置、漏挂一条路径而永久置灰，刷新时机该怎么核对？	保留原题证据标注	11-defects/06-状态缓存与启动时序.md#Q22	executor	migrated
11-defects/06-状态缓存与启动时序.md	Q23	缓存列表与系统真实状态失步导致列表错乱，两层防御分别是什么？（SIR-8398、SIR-8671）	todo		596cf96c1b94303d	缓存列表与系统真实状态失步导致列表错乱，两层防御分别是什么？（SIR-8398、SIR-8671）	keep	18-defect-patterns/02-state-cache-startup.md	Q23	缓存列表与系统真实状态失步导致列表错乱，两层防御分别是什么？（SIR-8398、SIR-8671）	保留原题证据标注	11-defects/06-状态缓存与启动时序.md#Q23	executor	migrated
11-defects/06-状态缓存与启动时序.md	Q24	底层上报的设备名可能为空时，列表为什么渲染出空白条目、且与重复条目在界面上无法区分，渲染层要怎么处理？	todo		6c1b0aff23ce2101	底层上报的设备名可能为空时，列表为什么渲染出空白条目、且与重复条目在界面上无法区分，渲染层要怎么处理？	keep	18-defect-patterns/02-state-cache-startup.md	Q24	底层上报的设备名可能为空时，列表为什么渲染出空白条目、且与重复条目在界面上无法区分，渲染层要怎么处理？	保留原题证据标注	11-defects/06-状态缓存与启动时序.md#Q24	executor	migrated
11-defects/06-状态缓存与启动时序.md	Q25	多进程共用的单例工具类对文件做了内存缓存，另一进程写入后本进程读到旧值，如何最低成本修复？根治方向是什么？	todo		fdb69b43bd68fe6f	多进程共用的单例工具类对文件做了内存缓存，另一进程写入后本进程读到旧值，如何最低成本修复？根治方向是什么？	keep	18-defect-patterns/02-state-cache-startup.md	Q25	多进程共用的单例工具类对文件做了内存缓存，另一进程写入后本进程读到旧值，如何最低成本修复？根治方向是什么？	保留原题证据标注	11-defects/06-状态缓存与启动时序.md#Q25	executor	migrated
11-defects/06-状态缓存与启动时序.md	Q26	"Kotlin 循环里命中条件就写裸 `return`，为什么会让""首次配对的耳机被显示成后排""？暴露了哪两类混淆？"	todo		8091b73abd35bb31	"Kotlin 循环里命中条件就写裸 `return`，为什么会让""首次配对的耳机被显示成后排""？暴露了哪两类混淆？"	keep	18-defect-patterns/02-state-cache-startup.md	Q26	"Kotlin 循环里命中条件就写裸 `return`，为什么会让""首次配对的耳机被显示成后排""？暴露了哪两类混淆？"	保留原题证据标注	11-defects/06-状态缓存与启动时序.md#Q26	executor	migrated
11-defects/07-崩溃防护与偶现排查.md	Q1	排查偶现缺陷时为什么应先怀疑时序，而不是功能逻辑？	todo		bca3292543163c96	排查偶现缺陷时为什么应先怀疑时序，而不是功能逻辑？	keep	18-defect-patterns/03-crash-protection.md	Q1	排查偶现缺陷时为什么应先怀疑时序，而不是功能逻辑？	保留原题证据标注	11-defects/07-崩溃防护与偶现排查.md#Q1	executor	migrated
11-defects/07-崩溃防护与偶现排查.md	Q2	该项目 11 个 A 级缺陷呈现什么规律？对排查有什么指导意义？	todo		fc06e1f54ce8bd72	该项目 11 个 A 级缺陷呈现什么规律？对排查有什么指导意义？	keep	18-defect-patterns/03-crash-protection.md	Q2	该项目 11 个 A 级缺陷呈现什么规律？对排查有什么指导意义？	保留原题证据标注	11-defects/07-崩溃防护与偶现排查.md#Q2	executor	migrated
11-defects/07-崩溃防护与偶现排查.md	Q3	"偶现 A 级缺陷为什么常藏在""取消""这类非主流分支上？（SIR-6044）"	todo		90dc7128f0c0c76f	"偶现 A 级缺陷为什么常藏在""取消""这类非主流分支上？（SIR-6044）"	keep	18-defect-patterns/03-crash-protection.md	Q3	"偶现 A 级缺陷为什么常藏在""取消""这类非主流分支上？（SIR-6044）"	保留原题证据标注	11-defects/07-崩溃防护与偶现排查.md#Q3	executor	migrated
11-defects/07-崩溃防护与偶现排查.md	Q4	反复开关机压测为什么能暴露回调重复注册类问题？治本位置在哪？（SIR-2138）	todo		0a4606e15d68ad31	反复开关机压测为什么能暴露回调重复注册类问题？治本位置在哪？（SIR-2138）	keep	18-defect-patterns/03-crash-protection.md	Q4	反复开关机压测为什么能暴露回调重复注册类问题？治本位置在哪？（SIR-2138）	保留原题证据标注	11-defects/07-崩溃防护与偶现排查.md#Q4	executor	migrated
11-defects/07-崩溃防护与偶现排查.md	Q5	偶现 A 级崩溃的崩溃栈应该按什么路径分析？（SIR-2104）	todo		d8bbb05c644e80f2	偶现 A 级崩溃的崩溃栈应该按什么路径分析？（SIR-2104）	keep	18-defect-patterns/03-crash-protection.md	Q5	偶现 A 级崩溃的崩溃栈应该按什么路径分析？（SIR-2104）	保留原题证据标注	11-defects/07-崩溃防护与偶现排查.md#Q5	executor	migrated
11-defects/07-崩溃防护与偶现排查.md	Q6	点击无反应 + 应用进程异常的组合应该先查什么？（SIR-5983）	todo		b198575a17ca2cb4	点击无反应 + 应用进程异常的组合应该先查什么？（SIR-5983）	keep	18-defect-patterns/03-crash-protection.md	Q6	点击无反应 + 应用进程异常的组合应该先查什么？（SIR-5983）	保留原题证据标注	11-defects/07-崩溃防护与偶现排查.md#Q6	executor	migrated
11-defects/07-崩溃防护与偶现排查.md	Q7	monkey 测试暴露的崩溃与 ANR 有哪些典型形态？（SIR-8541、SIR-6008）	todo		5950c04f110ad05d	monkey 测试暴露的崩溃与 ANR 有哪些典型形态？（SIR-8541、SIR-6008）	keep	18-defect-patterns/03-crash-protection.md	Q7	monkey 测试暴露的崩溃与 ANR 有哪些典型形态？（SIR-8541、SIR-6008）	保留原题证据标注	11-defects/07-崩溃防护与偶现排查.md#Q7	executor	migrated
11-defects/07-崩溃防护与偶现排查.md	Q8	Fragment 生命周期类崩溃有哪些形态？排查清单是什么？	todo		070ca96da9c13f3e	Fragment 生命周期类崩溃有哪些形态？排查清单是什么？	keep	18-defect-patterns/03-crash-protection.md	Q8	Fragment 生命周期类崩溃有哪些形态？排查清单是什么？	保留原题证据标注	11-defects/07-崩溃防护与偶现排查.md#Q8	executor	migrated
11-defects/07-崩溃防护与偶现排查.md	Q9	"系统服务的""占位/幽灵""状态如何污染应用状态机？（SIR-5769）"	todo		a6f778421c7f36d6	"系统服务的""占位/幽灵""状态如何污染应用状态机？（SIR-5769）"	keep	18-defect-patterns/03-crash-protection.md	Q9	"系统服务的""占位/幽灵""状态如何污染应用状态机？（SIR-5769）"	保留原题证据标注	11-defects/07-崩溃防护与偶现排查.md#Q9	executor	migrated
11-defects/07-崩溃防护与偶现排查.md	Q10	"长驻进程的信号订阅""静默失效""如何排查与兜底？（SIR-5446）"	todo		54a73488731a7595	"长驻进程的信号订阅""静默失效""如何排查与兜底？（SIR-5446）"	keep	18-defect-patterns/03-crash-protection.md	Q10	"长驻进程的信号订阅""静默失效""如何排查与兜底？（SIR-5446）"	保留原题证据标注	11-defects/07-崩溃防护与偶现排查.md#Q10	executor	migrated
11-defects/07-崩溃防护与偶现排查.md	Q11	上下电、睡眠唤醒场景的初始化时序竞态如何排查？（SIR-6170）	todo		f69ae76eddbf7b7a	上下电、睡眠唤醒场景的初始化时序竞态如何排查？（SIR-6170）	keep	18-defect-patterns/03-crash-protection.md	Q11	上下电、睡眠唤醒场景的初始化时序竞态如何排查？（SIR-6170）	保留原题证据标注	11-defects/07-崩溃防护与偶现排查.md#Q11	executor	migrated
11-defects/07-崩溃防护与偶现排查.md	Q12	"状态机如何对""带着历史脏状态到达的新事件""自愈？（SIR-5468）"	todo		b64098ca67320e06	"状态机如何对""带着历史脏状态到达的新事件""自愈？（SIR-5468）"	keep	18-defect-patterns/03-crash-protection.md	Q12	"状态机如何对""带着历史脏状态到达的新事件""自愈？（SIR-5468）"	保留原题证据标注	11-defects/07-崩溃防护与偶现排查.md#Q12	executor	migrated
11-defects/07-崩溃防护与偶现排查.md	Q13	"日志量化定位""双驱动回滚""类缺陷的方法是什么？（SIR-3241）"	todo		4e977c57e7b731c9	"日志量化定位""双驱动回滚""类缺陷的方法是什么？（SIR-3241）"	keep	18-defect-patterns/03-crash-protection.md	Q13	"日志量化定位""双驱动回滚""类缺陷的方法是什么？（SIR-3241）"	保留原题证据标注	11-defects/07-崩溃防护与偶现排查.md#Q13	executor	migrated
11-defects/07-崩溃防护与偶现排查.md	Q14	状态横跳/回退类偶现显示错乱，排查路径是什么？（SIR-5737、SIR-8259）	todo		253fd4acd8a37c32	状态横跳/回退类偶现显示错乱，排查路径是什么？（SIR-5737、SIR-8259）	keep	18-defect-patterns/03-crash-protection.md	Q14	状态横跳/回退类偶现显示错乱，排查路径是什么？（SIR-5737、SIR-8259）	保留原题证据标注	11-defects/07-崩溃防护与偶现排查.md#Q14	executor	migrated
11-defects/07-崩溃防护与偶现排查.md	Q15	卡在 Loading/正在同步类偶现，排查清单是什么？（SIR-4087、SIR-6525）	todo		39d96a35ccdd48ea	卡在 Loading/正在同步类偶现，排查清单是什么？（SIR-4087、SIR-6525）	keep	18-defect-patterns/03-crash-protection.md	Q15	卡在 Loading/正在同步类偶现，排查清单是什么？（SIR-4087、SIR-6525）	保留原题证据标注	11-defects/07-崩溃防护与偶现排查.md#Q15	executor	migrated
11-defects/07-崩溃防护与偶现排查.md	Q16	为什么防御机制叠加造成的死锁比没有防御更难查？如何系统性排查？	todo		3e1e6d89bf956a83	为什么防御机制叠加造成的死锁比没有防御更难查？如何系统性排查？	keep	18-defect-patterns/03-crash-protection.md	Q16	为什么防御机制叠加造成的死锁比没有防御更难查？如何系统性排查？	保留原题证据标注	11-defects/07-崩溃防护与偶现排查.md#Q16	executor	migrated
11-defects/07-崩溃防护与偶现排查.md	Q17	偶现问题有哪些可用的复现手段？各对应什么 bug 类型？	todo		f557cfc1fe6b9d0b	偶现问题有哪些可用的复现手段？各对应什么 bug 类型？	keep	18-defect-patterns/03-crash-protection.md	Q17	偶现问题有哪些可用的复现手段？各对应什么 bug 类型？	保留原题证据标注	11-defects/07-崩溃防护与偶现排查.md#Q17	executor	migrated
11-defects/07-崩溃防护与偶现排查.md	Q18	"CarPlay 连接成功后承载连接流程的 OSD 浮窗卡死不消失，这类必现 A 级""流程卡死""如何排查？（SIR-6185）"	todo		2b4a761f44b548d2	"CarPlay 连接成功后承载连接流程的 OSD 浮窗卡死不消失，这类必现 A 级""流程卡死""如何排查？（SIR-6185）"	keep	18-defect-patterns/03-crash-protection.md	Q18	"CarPlay 连接成功后承载连接流程的 OSD 浮窗卡死不消失，这类必现 A 级""流程卡死""如何排查？（SIR-6185）"	保留原题证据标注	11-defects/07-崩溃防护与偶现排查.md#Q18	executor	migrated
11-defects/07-崩溃防护与偶现排查.md	Q19	仪表 D/R 档白屏、回桌面后 Kanzi 白屏这类渲染异常，应按什么顺序定位信号链与渲染链？（SIR-7936/7938、SIR-7922）	todo		a3abd4f83fe410a1	仪表 D/R 档白屏、回桌面后 Kanzi 白屏这类渲染异常，应按什么顺序定位信号链与渲染链？（SIR-7936/7938、SIR-7922）	keep	18-defect-patterns/03-crash-protection.md	Q19	仪表 D/R 档白屏、回桌面后 Kanzi 白屏这类渲染异常，应按什么顺序定位信号链与渲染链？（SIR-7936/7938、SIR-7922）	保留原题证据标注	11-defects/07-崩溃防护与偶现排查.md#Q19	executor	migrated
11-defects/07-崩溃防护与偶现排查.md	Q20	副蓝牙耳机听不到车机音乐这类横跨应用、协议栈与 dsp 的音频缺陷，如何分层定位并划清归因边界？（SIR-2463）	todo		f5af402e6ed592b6	副蓝牙耳机听不到车机音乐这类横跨应用、协议栈与 dsp 的音频缺陷，如何分层定位并划清归因边界？（SIR-2463）	keep	18-defect-patterns/03-crash-protection.md	Q20	副蓝牙耳机听不到车机音乐这类横跨应用、协议栈与 dsp 的音频缺陷，如何分层定位并划清归因边界？（SIR-2463）	保留原题证据标注	11-defects/07-崩溃防护与偶现排查.md#Q20	executor	migrated
11-defects/08-提交治理与防回归.md	Q1	"提交消息的 [what][why][how] 模板为什么值得强制执行？某车机项目""自带完整 why/how 的修复提交仅 27.9%""损失了什么？"	todo		332514dd0aebf025	"提交消息的 [what][why][how] 模板为什么值得强制执行？某车机项目""自带完整 why/how 的修复提交仅 27.9%""损失了什么？"	move	OUT:knowledge-base/04-exp/01-提交治理与防回归.md	Q1	"提交消息的 [what][why][how] 模板为什么值得强制执行？某车机项目""自带完整 why/how 的修复提交仅 27.9%""损失了什么？"	保留原题证据标注	11-defects/08-提交治理与防回归.md#Q1	executor	migrated
11-defects/08-提交治理与防回归.md	Q2	提交消息里的 [why] 写到什么程度才合格？把标题原样复制进 [what][why][how] 三个字段为什么等于没写？	todo		203ac3b652a1deb2	提交消息里的 [why] 写到什么程度才合格？把标题原样复制进 [what][why][how] 三个字段为什么等于没写？	move	OUT:knowledge-base/04-exp/01-提交治理与防回归.md	Q2	提交消息里的 [why] 写到什么程度才合格？把标题原样复制进 [what][why][how] 三个字段为什么等于没写？	保留原题证据标注	11-defects/08-提交治理与防回归.md#Q2	executor	migrated
11-defects/08-提交治理与防回归.md	Q3	提交消息的 [影响等级] 与 [测试范围] 字段照抄标题时，回归范围声明如何失效？这两个字段应如何填？	todo		5ddb9ee8ebbc00c4	提交消息的 [影响等级] 与 [测试范围] 字段照抄标题时，回归范围声明如何失效？这两个字段应如何填？	move	OUT:knowledge-base/04-exp/01-提交治理与防回归.md	Q3	提交消息的 [影响等级] 与 [测试范围] 字段照抄标题时，回归范围声明如何失效？这两个字段应如何填？	保留原题证据标注	11-defects/08-提交治理与防回归.md#Q3	executor	migrated
11-defects/08-提交治理与防回归.md	Q4	SIR-XXXX 式占位单号是怎么产生的？它对缺陷追溯造成什么破坏？如何用工具拦截？	todo		b18862a72d4b624b	SIR-XXXX 式占位单号是怎么产生的？它对缺陷追溯造成什么破坏？如何用工具拦截？	move	OUT:knowledge-base/04-exp/01-提交治理与防回归.md	Q4	SIR-XXXX 式占位单号是怎么产生的？它对缺陷追溯造成什么破坏？如何用工具拦截？	保留原题证据标注	11-defects/08-提交治理与防回归.md#Q4	executor	migrated
11-defects/08-提交治理与防回归.md	Q5	提交引用缺陷库外部的单号（旧工单号、跨域单号），为什么会让复盘口径失真？单号域应如何约束？	todo		ca932a6da7ad1807	提交引用缺陷库外部的单号（旧工单号、跨域单号），为什么会让复盘口径失真？单号域应如何约束？	move	OUT:knowledge-base/04-exp/01-提交治理与防回归.md	Q5	提交引用缺陷库外部的单号（旧工单号、跨域单号），为什么会让复盘口径失真？单号域应如何约束？	保留原题证据标注	11-defects/08-提交治理与防回归.md#Q5	executor	migrated
11-defects/08-提交治理与防回归.md	Q6	类型 mistag（feature/bugfix 互相标错，某项目 40+ 例）因何发生？它如何同时污染统计与回归范围？	todo		b8adbf84011d8061	类型 mistag（feature/bugfix 互相标错，某项目 40+ 例）因何发生？它如何同时污染统计与回归范围？	move	OUT:knowledge-base/04-exp/01-提交治理与防回归.md	Q6	类型 mistag（feature/bugfix 互相标错，某项目 40+ 例）因何发生？它如何同时污染统计与回归范围？	保留原题证据标注	11-defects/08-提交治理与防回归.md#Q6	executor	migrated
11-defects/08-提交治理与防回归.md	Q7	模块段拼写出现同一模块的多种变体，说明缺什么约束？模块段应如何治理？	todo		fc47045366492668	模块段拼写出现同一模块的多种变体，说明缺什么约束？模块段应如何治理？	move	OUT:knowledge-base/04-exp/01-提交治理与防回归.md	Q7	模块段拼写出现同一模块的多种变体，说明缺什么约束？模块段应如何治理？	保留原题证据标注	11-defects/08-提交治理与防回归.md#Q7	executor	migrated
11-defects/08-提交治理与防回归.md	Q8	同一份 diff 被以两个不同单号先后提交（重复提交对），是什么工作流造成的？如何识别与预防？	todo		100c4c34f2d72994	同一份 diff 被以两个不同单号先后提交（重复提交对），是什么工作流造成的？如何识别与预防？	move	OUT:knowledge-base/04-exp/01-提交治理与防回归.md	Q8	同一份 diff 被以两个不同单号先后提交（重复提交对），是什么工作流造成的？如何识别与预防？	保留原题证据标注	11-defects/08-提交治理与防回归.md#Q8	executor	migrated
11-defects/08-提交治理与防回归.md	Q9	单号交叉错标（两个单的修复互相贴错标签）对缺陷库与代码历史的映射伤害有多大？复盘时应如何归因？	todo		46f98742f51dec15	单号交叉错标（两个单的修复互相贴错标签）对缺陷库与代码历史的映射伤害有多大？复盘时应如何归因？	move	OUT:knowledge-base/04-exp/01-提交治理与防回归.md	Q9	单号交叉错标（两个单的修复互相贴错标签）对缺陷库与代码历史的映射伤害有多大？复盘时应如何归因？	保留原题证据标注	11-defects/08-提交治理与防回归.md#Q9	executor	migrated
11-defects/08-提交治理与防回归.md	Q10	Change-Id 串号（一个 Change-Id 挂多个单号）如何发生？为什么合入前必须核对单号与 Change-Id 的一一对应？	todo		ff5a9bf0bc1ce04a	Change-Id 串号（一个 Change-Id 挂多个单号）如何发生？为什么合入前必须核对单号与 Change-Id 的一一对应？	move	OUT:knowledge-base/04-exp/01-提交治理与防回归.md	Q10	Change-Id 串号（一个 Change-Id 挂多个单号）如何发生？为什么合入前必须核对单号与 Change-Id 的一一对应？	保留原题证据标注	11-defects/08-提交治理与防回归.md#Q10	executor	migrated
11-defects/08-提交治理与防回归.md	Q11	搭车修改（一笔提交夹带与单号无关的改动）为什么必须拆分？如何用机械检查拦住它？	todo		3aa919385b0a5d7b	搭车修改（一笔提交夹带与单号无关的改动）为什么必须拆分？如何用机械检查拦住它？	move	OUT:knowledge-base/04-exp/01-提交治理与防回归.md	Q11	搭车修改（一笔提交夹带与单号无关的改动）为什么必须拆分？如何用机械检查拦住它？	保留原题证据标注	11-defects/08-提交治理与防回归.md#Q11	executor	migrated
11-defects/08-提交治理与防回归.md	Q12	"一笔 A 级必现缺陷的主单提交只含日志调整、真实修复在 17 分钟前的邻提交——这种""单号挂错主角""如何发现与防范？"	todo		b5c662796508b9d7	"一笔 A 级必现缺陷的主单提交只含日志调整、真实修复在 17 分钟前的邻提交——这种""单号挂错主角""如何发现与防范？"	move	OUT:knowledge-base/04-exp/01-提交治理与防回归.md	Q12	"一笔 A 级必现缺陷的主单提交只含日志调整、真实修复在 17 分钟前的邻提交——这种""单号挂错主角""如何发现与防范？"	保留原题证据标注	11-defects/08-提交治理与防回归.md#Q12	executor	migrated
11-defects/08-提交治理与防回归.md	Q13	提交消息、缺陷库描述、代码 diff 三者不一致时，复盘应以哪个为准？为什么？	todo		d90823352af60f34	提交消息、缺陷库描述、代码 diff 三者不一致时，复盘应以哪个为准？为什么？	move	OUT:knowledge-base/04-exp/01-提交治理与防回归.md	Q13	提交消息、缺陷库描述、代码 diff 三者不一致时，复盘应以哪个为准？为什么？	保留原题证据标注	11-defects/08-提交治理与防回归.md#Q13	executor	migrated
11-defects/08-提交治理与防回归.md	Q14	"复制既有""pending 暂存+回显比对""模板时，条件判断的逻辑反转 bug 为什么会跟着一起复制过去？正确的复制姿势是什么？"	todo		38365a34207eda30	"复制既有""pending 暂存+回显比对""模板时，条件判断的逻辑反转 bug 为什么会跟着一起复制过去？正确的复制姿势是什么？"	move	OUT:knowledge-base/04-exp/01-提交治理与防回归.md	Q14	"复制既有""pending 暂存+回显比对""模板时，条件判断的逻辑反转 bug 为什么会跟着一起复制过去？正确的复制姿势是什么？"	保留原题证据标注	11-defects/08-提交治理与防回归.md#Q14	executor	migrated
11-defects/08-提交治理与防回归.md	Q15	pending 暂存+回显模板从落地到收敛经历三个提交，这段收敛史说明这类机制的验收标准是什么？	todo		b13d2279ed79e38b	pending 暂存+回显模板从落地到收敛经历三个提交，这段收敛史说明这类机制的验收标准是什么？	move	OUT:knowledge-base/04-exp/01-提交治理与防回归.md	Q15	pending 暂存+回显模板从落地到收敛经历三个提交，这段收敛史说明这类机制的验收标准是什么？	保留原题证据标注	11-defects/08-提交治理与防回归.md#Q15	executor	migrated
11-defects/08-提交治理与防回归.md	Q16	把另一分支的适配方案 cherry-pick 到主干，为什么可能在几小时内被整体回退？跨分支搬运前应确认什么？	todo		574c8caee846c163	把另一分支的适配方案 cherry-pick 到主干，为什么可能在几小时内被整体回退？跨分支搬运前应确认什么？	move	OUT:knowledge-base/04-exp/01-提交治理与防回归.md	Q16	把另一分支的适配方案 cherry-pick 到主干，为什么可能在几小时内被整体回退？跨分支搬运前应确认什么？	保留原题证据标注	11-defects/08-提交治理与防回归.md#Q16	executor	migrated
11-defects/08-提交治理与防回归.md	Q17	回退提交不用 Revert 字样、沿用原提交的同名标题，为什么是追溯败笔？回退提交的规范做法是什么？	todo		8cef7d178de958f8	回退提交不用 Revert 字样、沿用原提交的同名标题，为什么是追溯败笔？回退提交的规范做法是什么？	move	OUT:knowledge-base/04-exp/01-提交治理与防回归.md	Q17	回退提交不用 Revert 字样、沿用原提交的同名标题，为什么是追溯败笔？回退提交的规范做法是什么？	保留原题证据标注	11-defects/08-提交治理与防回归.md#Q17	executor	migrated
11-defects/08-提交治理与防回归.md	Q18	pre-commit 与 CI、MR 三层各应设置哪些防回归检查，把提交纪律变成卡点？	todo		47013bcb9c84cd54	pre-commit 与 CI、MR 三层各应设置哪些防回归检查，把提交纪律变成卡点？	move	OUT:knowledge-base/04-exp/01-提交治理与防回归.md	Q18	pre-commit 与 CI、MR 三层各应设置哪些防回归检查，把提交纪律变成卡点？	保留原题证据标注	11-defects/08-提交治理与防回归.md#Q18	executor	migrated
11-defects/08-提交治理与防回归.md	Q19	"一个需求单号被六笔互不相关的提交共用（""口袋单""），从单反查提交时会发生什么？应如何治理？（SIR-3401）"	todo		29a87b1a6cffad32	"一个需求单号被六笔互不相关的提交共用（""口袋单""），从单反查提交时会发生什么？应如何治理？（SIR-3401）"	move	OUT:knowledge-base/04-exp/01-提交治理与防回归.md	Q19	"一个需求单号被六笔互不相关的提交共用（""口袋单""），从单反查提交时会发生什么？应如何治理？（SIR-3401）"	保留原题证据标注	11-defects/08-提交治理与防回归.md#Q19	executor	migrated
11-defects/08-提交治理与防回归.md	Q20	跨系统需求在依赖方（如 Linux 仪表侧）尚未就绪时，如何把应用侧改动安全合入主干并保留整体回退能力？（SIR-3401 的特性开关做法）	todo		6ededdcbf8302b21	跨系统需求在依赖方（如 Linux 仪表侧）尚未就绪时，如何把应用侧改动安全合入主干并保留整体回退能力？（SIR-3401 的特性开关做法）	move	OUT:knowledge-base/04-exp/01-提交治理与防回归.md	Q20	跨系统需求在依赖方（如 Linux 仪表侧）尚未就绪时，如何把应用侧改动安全合入主干并保留整体回退能力？（SIR-3401 的特性开关做法）	保留原题证据标注	11-defects/08-提交治理与防回归.md#Q20	executor	migrated
12-platform-native/01-内核与原生层.md	Q1	"Framework 侧说的 Binder""一次拷贝""，在内核里是靠哪两个动作共同成立的？"	todo		a559617bd4447453	"Framework 侧说的 Binder""一次拷贝""，在内核里是靠哪两个动作共同成立的？"	move	12-platform-native/03-binder-driver.md	Q1	"Framework 侧说的 Binder""一次拷贝""，在内核里是靠哪两个动作共同成立的？"	保留原题证据标注	12-platform-native/01-内核与原生层.md#Q1	executor	migrated
12-platform-native/01-内核与原生层.md	Q2	Binder 驱动的 `binder_proc`、`binder_thread`、`binder_node`、`binder_ref` 分别代表什么，谁引用谁？	todo		51c2c9eb256f278c	Binder 驱动的 `binder_proc`、`binder_thread`、`binder_node`、`binder_ref` 分别代表什么，谁引用谁？	move	12-platform-native/03-binder-driver.md	Q4	Binder 驱动的 `binder_proc`、`binder_thread`、`binder_node`、`binder_ref` 分别代表什么，谁引用谁？	保留原题证据标注	12-platform-native/01-内核与原生层.md#Q2	executor	migrated
12-platform-native/01-内核与原生层.md	Q3	"Framework 的一次 `ioctl` 到底传了什么，为什么用户态要把""待写数据""和""待读数据""塞进同一个结构体？"	todo		f2ca4e805bac1aac	"Framework 的一次 `ioctl` 到底传了什么，为什么用户态要把""待写数据""和""待读数据""塞进同一个结构体？"	move	12-platform-native/03-binder-driver.md	Q5	"Framework 的一次 `ioctl` 到底传了什么，为什么用户态要把""待写数据""和""待读数据""塞进同一个结构体？"	保留原题证据标注	12-platform-native/01-内核与原生层.md#Q3	executor	migrated
12-platform-native/01-内核与原生层.md	Q4	"ashmem 的 pin/unpin 和普通共享内存有什么本质区别，""unpin 不释放""为什么反而是它的核心价值？"	todo		9c686c1b0870a9dd	"ashmem 的 pin/unpin 和普通共享内存有什么本质区别，""unpin 不释放""为什么反而是它的核心价值？"	move	12-platform-native/04-shared-memory.md	Q1	"ashmem 的 pin/unpin 和普通共享内存有什么本质区别，""unpin 不释放""为什么反而是它的核心价值？"	保留原题证据标注	12-platform-native/01-内核与原生层.md#Q4	executor	migrated
12-platform-native/01-内核与原生层.md	Q5	ashmem 内存是怎么跨进程传递的，为什么必须借道 Binder？	todo		55e1a6e71a015269	ashmem 内存是怎么跨进程传递的，为什么必须借道 Binder？	move	12-platform-native/04-shared-memory.md	Q2	ashmem 内存是怎么跨进程传递的，为什么必须借道 Binder？	保留原题证据标注	12-platform-native/01-内核与原生层.md#Q5	executor	migrated
12-platform-native/01-内核与原生层.md	Q6	ION 是什么，它为什么被 DMA-BUF heap 取代？	todo		8cfbcfd348bb8bf0	ION 是什么，它为什么被 DMA-BUF heap 取代？	move	12-platform-native/04-shared-memory.md	Q5	ION 是什么，它为什么被 DMA-BUF heap 取代？	保留原题证据标注	12-platform-native/01-内核与原生层.md#Q6	executor	migrated
12-platform-native/01-内核与原生层.md	Q7	ION 分配一块 buffer 的内核流程大致是怎样的？	todo		0e3232063909b336	ION 分配一块 buffer 的内核流程大致是怎样的？	move	12-platform-native/04-shared-memory.md	Q6	ION 分配一块 buffer 的内核流程大致是怎样的？	保留原题证据标注	12-platform-native/01-内核与原生层.md#Q7	executor	migrated
12-platform-native/01-内核与原生层.md	Q8	`dma_buf` 的 exporter / importer 两个角色分别是谁，谁在什么时候切换？	todo		1a4814236f94cf54	`dma_buf` 的 exporter / importer 两个角色分别是谁，谁在什么时候切换？	move	12-platform-native/04-shared-memory.md	Q7	`dma_buf` 的 exporter / importer 两个角色分别是谁，谁在什么时候切换？	保留原题证据标注	12-platform-native/01-内核与原生层.md#Q8	executor	migrated
12-platform-native/01-内核与原生层.md	Q9	GKI 2.0 引入 DMA-BUF heap 的同时关闭了 `CONFIG_ION`，这中间的分界点在哪？	todo		cd1d21dfd103a62b	GKI 2.0 引入 DMA-BUF heap 的同时关闭了 `CONFIG_ION`，这中间的分界点在哪？	move	12-platform-native/04-shared-memory.md	Q8	GKI 2.0 引入 DMA-BUF heap 的同时关闭了 `CONFIG_ION`，这中间的分界点在哪？	保留原题证据标注	12-platform-native/01-内核与原生层.md#Q9	executor	migrated
12-platform-native/01-内核与原生层.md	Q10	`drivers/android/binder.c` 里 `binder_alloc_buf` 为什么要在接收者的 `alloc` 里找缓冲区，找不到会怎样？	todo		c377a07526b6ee03	`drivers/android/binder.c` 里 `binder_alloc_buf` 为什么要在接收者的 `alloc` 里找缓冲区，找不到会怎样？	move	12-platform-native/03-binder-driver.md	Q3	`drivers/android/binder.c` 里 `binder_alloc_buf` 为什么要在接收者的 `alloc` 里找缓冲区，找不到会怎样？	保留原题证据标注	12-platform-native/01-内核与原生层.md#Q10	executor	migrated
12-platform-native/01-内核与原生层.md	Q11	"Binder 的引用计数与生命周期是怎样的，为什么会出现""对象已死但句柄还在""？"	todo		2e4b8d41e5e7d20a	"Binder 的引用计数与生命周期是怎样的，为什么会出现""对象已死但句柄还在""？"	move	12-platform-native/03-binder-driver.md	Q6	"Binder 的引用计数与生命周期是怎样的，为什么会出现""对象已死但句柄还在""？"	保留原题证据标注	12-platform-native/01-内核与原生层.md#Q11	executor	migrated
12-platform-native/01-内核与原生层.md	Q12	"Kernel 的 GKI 边界到底划在哪，""内核可升级""具体指什么？"	todo		116bb15b3c216dcb	"Kernel 的 GKI 边界到底划在哪，""内核可升级""具体指什么？"	move	12-platform-native/01-kernel-gki.md	Q9	"Kernel 的 GKI 边界到底划在哪，""内核可升级""具体指什么？"	保留原题证据标注	12-platform-native/01-内核与原生层.md#Q12	executor	migrated
12-platform-native/01-内核与原生层.md	Q13	进程退出时 Binder 的资源如何回收，`binder_flush` 与 `binder_release` 各负责什么？	todo		99c3505d98ee69dc	进程退出时 Binder 的资源如何回收，`binder_flush` 与 `binder_release` 各负责什么？	move	12-platform-native/03-binder-driver.md	Q7	进程退出时 Binder 的资源如何回收，`binder_flush` 与 `binder_release` 各负责什么？	保留原题证据标注	12-platform-native/01-内核与原生层.md#Q13	executor	migrated
12-platform-native/01-内核与原生层.md	Q14	`servicemanager`（`ServiceManager`）本身是怎么启动和承载的，它和普通服务有什么不同？	todo		bddad16fb3b94423	`servicemanager`（`ServiceManager`）本身是怎么启动和承载的，它和普通服务有什么不同？	move	12-platform-native/03-binder-driver.md	Q8	`servicemanager`（`ServiceManager`）本身是怎么启动和承载的，它和普通服务有什么不同？	保留原题证据标注	12-platform-native/01-内核与原生层.md#Q14	executor	migrated
12-platform-native/01-内核与原生层.md	Q15	"从""一次拷贝""的角度看，Parcel 里传大对象时的拷贝次数会怎么变？"	todo		49fd99d90e7b5128	"从""一次拷贝""的角度看，Parcel 里传大对象时的拷贝次数会怎么变？"	move	12-platform-native/03-binder-driver.md	Q9	"从""一次拷贝""的角度看，Parcel 里传大对象时的拷贝次数会怎么变？"	保留原题证据标注	12-platform-native/01-内核与原生层.md#Q15	executor	migrated
12-platform-native/01-内核与原生层.md	Q16	诊断 Binder 问题时，官方工具与内核侧观测点各能回答什么问题？	todo		734dd6296e408eb1	诊断 Binder 问题时，官方工具与内核侧观测点各能回答什么问题？	move	12-platform-native/03-binder-driver.md	Q10	诊断 Binder 问题时，官方工具与内核侧观测点各能回答什么问题？	保留原题证据标注	12-platform-native/01-内核与原生层.md#Q16	executor	migrated
12-platform-native/01-内核与原生层.md	Q17	Android 为什么在传统共享内存之外还需要 ashmem 这类机制，普通 `memfd_create` 不好用吗？	todo		a4440d5b2ee7b106	Android 为什么在传统共享内存之外还需要 ashmem 这类机制，普通 `memfd_create` 不好用吗？	move	12-platform-native/04-shared-memory.md	Q3	Android 为什么在传统共享内存之外还需要 ashmem 这类机制，普通 `memfd_create` 不好用吗？	保留原题证据标注	12-platform-native/01-内核与原生层.md#Q17	executor	migrated
12-platform-native/01-内核与原生层.md	Q18	内存回收路径上，ashmem、ION 与 cgroup 各自负责哪一段？	todo		1b55a6ceebe370c5	内存回收路径上，ashmem、ION 与 cgroup 各自负责哪一段？	move	12-platform-native/04-shared-memory.md	Q4	内存回收路径上，ashmem、ION 与 cgroup 各自负责哪一段？	保留原题证据标注	12-platform-native/01-内核与原生层.md#Q18	executor	migrated
12-platform-native/01-内核与原生层.md	Q19	这几层机制的版本差异会让结论失效吗，跨版本迁移时该重新核对什么？	todo		4bada0435f568cf0	这几层机制的版本差异会让结论失效吗，跨版本迁移时该重新核对什么？	move	12-platform-native/04-shared-memory.md	Q9	这几层机制的版本差异会让结论失效吗，跨版本迁移时该重新核对什么？	保留原题证据标注	12-platform-native/01-内核与原生层.md#Q19	executor	migrated
12-platform-native/01-内核与原生层.md	Q20	"排查""图形内存分配失败""时，按什么顺序区分是分配器、权限、还是内存不足？"	todo		ae91038b04a5d18b	"排查""图形内存分配失败""时，按什么顺序区分是分配器、权限、还是内存不足？"	move	12-platform-native/04-shared-memory.md	Q10	"排查""图形内存分配失败""时，按什么顺序区分是分配器、权限、还是内存不足？"	保留原题证据标注	12-platform-native/01-内核与原生层.md#Q20	executor	migrated
12-platform-native/02-Bionic链接器与命名空间.md	Q1	"Android 动态链接器为什么需要""命名空间""这种机制，glibc 的同名机制解决了什么不同的问题？"	todo		bb5acb280e06b249	"Android 动态链接器为什么需要""命名空间""这种机制，glibc 的同名机制解决了什么不同的问题？"	move	12-platform-native/05-bionic-linker.md	Q1	"Android 动态链接器为什么需要""命名空间""这种机制，glibc 的同名机制解决了什么不同的问题？"	保留原题证据标注	12-platform-native/02-Bionic链接器与命名空间.md#Q1	executor	migrated
12-platform-native/02-Bionic链接器与命名空间.md	Q2	命名空间的四种类型与两个附加标志分别是什么？	todo		67fa959da0a5040e	命名空间的四种类型与两个附加标志分别是什么？	move	12-platform-native/05-bionic-linker.md	Q2	命名空间的四种类型与两个附加标志分别是什么？	保留原题证据标注	12-platform-native/02-Bionic链接器与命名空间.md#Q2	executor	migrated
12-platform-native/02-Bionic链接器与命名空间.md	Q3	`is_accessible` 为什么有两个重载，路径可达与符号可见为什么必须分开判定？	todo		1954463af98541f3	`is_accessible` 为什么有两个重载，路径可达与符号可见为什么必须分开判定？	move	12-platform-native/05-bionic-linker.md	Q3	`is_accessible` 为什么有两个重载，路径可达与符号可见为什么必须分开判定？	保留原题证据标注	12-platform-native/02-Bionic链接器与命名空间.md#Q3	executor	migrated
12-platform-native/02-Bionic链接器与命名空间.md	Q4	"`dlopen` 加载一个库的查找流程分哪几步，为什么""用绝对路径""能过第一道却过不了第二道？"	todo		ecc1abcc3a723675	"`dlopen` 加载一个库的查找流程分哪几步，为什么""用绝对路径""能过第一道却过不了第二道？"	move	12-platform-native/05-bionic-linker.md	Q4	"`dlopen` 加载一个库的查找流程分哪几步，为什么""用绝对路径""能过第一道却过不了第二道？"	保留原题证据标注	12-platform-native/02-Bionic链接器与命名空间.md#Q4	executor	migrated
12-platform-native/02-Bionic链接器与命名空间.md	Q5	"`dlopen_ext` 与 `dlopen` 在实现上差在哪，为什么这个差别会导致""库已加载""与""需要加载""两种路径？"	todo		dc29de4a8a35b99b	"`dlopen_ext` 与 `dlopen` 在实现上差在哪，为什么这个差别会导致""库已加载""与""需要加载""两种路径？"	move	12-platform-native/05-bionic-linker.md	Q5	"`dlopen_ext` 与 `dlopen` 在实现上差在哪，为什么这个差别会导致""库已加载""与""需要加载""两种路径？"	保留原题证据标注	12-platform-native/02-Bionic链接器与命名空间.md#Q5	executor	migrated
12-platform-native/02-Bionic链接器与命名空间.md	Q6	"命名空间之间是怎么建立""共享库""关系的，`shared_libs` 与 `allow_all_shared_libs` 有何区别？"	todo		005abe40d2537f52	"命名空间之间是怎么建立""共享库""关系的，`shared_libs` 与 `allow_all_shared_libs` 有何区别？"	move	12-platform-native/05-bionic-linker.md	Q6	"命名空间之间是怎么建立""共享库""关系的，`shared_libs` 与 `allow_all_shared_libs` 有何区别？"	保留原题证据标注	12-platform-native/02-Bionic链接器与命名空间.md#Q6	executor	migrated
12-platform-native/02-Bionic链接器与命名空间.md	Q7	`dlsym` 的查找有两条路径吗，`RTLD_DEFAULT` 与 `RTLD_NEXT` 的差别是什么？	todo		50cd84ff0d2c1dd8	`dlsym` 的查找有两条路径吗，`RTLD_DEFAULT` 与 `RTLD_NEXT` 的差别是什么？	move	12-platform-native/05-bionic-linker.md	Q7	`dlsym` 的查找有两条路径吗，`RTLD_DEFAULT` 与 `RTLD_NEXT` 的差别是什么？	保留原题证据标注	12-platform-native/02-Bionic链接器与命名空间.md#Q7	executor	migrated
12-platform-native/02-Bionic链接器与命名空间.md	Q8	`ld.config` 是怎么产生的，设备上的哪个文件是真正生效的那份？	todo		8f6f3cc744c8d39c	`ld.config` 是怎么产生的，设备上的哪个文件是真正生效的那份？	move	12-platform-native/05-bionic-linker.md	Q8	`ld.config` 是怎么产生的，设备上的哪个文件是真正生效的那份？	保留原题证据标注	12-platform-native/02-Bionic链接器与命名空间.md#Q8	executor	migrated
12-platform-native/02-Bionic链接器与命名空间.md	Q9	动态链接器自己是怎么被加载并完成自举的，`AT_BASE` 起到了什么作用？	todo		72016f0d2887c2b5	动态链接器自己是怎么被加载并完成自举的，`AT_BASE` 起到了什么作用？	move	12-platform-native/05-bionic-linker.md	Q9	动态链接器自己是怎么被加载并完成自举的，`AT_BASE` 起到了什么作用？	保留原题证据标注	12-platform-native/02-Bionic链接器与命名空间.md#Q9	executor	migrated
12-platform-native/02-Bionic链接器与命名空间.md	Q10	`soinfo` 是什么，加载一个 so 时它记录了哪些关键字段？	todo		d9a9f12bf141418c	`soinfo` 是什么，加载一个 so 时它记录了哪些关键字段？	move	12-platform-native/05-bionic-linker.md	Q10	`soinfo` 是什么，加载一个 so 时它记录了哪些关键字段？	保留原题证据标注	12-platform-native/02-Bionic链接器与命名空间.md#Q10	executor	migrated
12-platform-native/02-Bionic链接器与命名空间.md	Q11	库搜索的优先级顺序是怎样的，`LD_LIBRARY_PATH` 排第几？	todo		dbccb237b9bdb172	库搜索的优先级顺序是怎样的，`LD_LIBRARY_PATH` 排第几？	move	12-platform-native/05-bionic-linker.md	Q11	库搜索的优先级顺序是怎样的，`LD_LIBRARY_PATH` 排第几？	保留原题证据标注	12-platform-native/02-Bionic链接器与命名空间.md#Q11	executor	migrated
12-platform-native/02-Bionic链接器与命名空间.md	Q12	`public.libraries.txt` 与命名空间的 `shared_libs` 是什么关系，APK 能加载的库由什么决定？	todo		74f61b6a76c03b12	`public.libraries.txt` 与命名空间的 `shared_libs` 是什么关系，APK 能加载的库由什么决定？	move	12-platform-native/05-bionic-linker.md	Q12	`public.libraries.txt` 与命名空间的 `shared_libs` 是什么关系，APK 能加载的库由什么决定？	保留原题证据标注	12-platform-native/02-Bionic链接器与命名空间.md#Q12	executor	migrated
12-platform-native/02-Bionic链接器与命名空间.md	Q13	`greylist` 在命名空间可达性判定中处于什么位置，它现在还有效吗？	todo		80caa987f0caff59	`greylist` 在命名空间可达性判定中处于什么位置，它现在还有效吗？	move	12-platform-native/05-bionic-linker.md	Q13	`greylist` 在命名空间可达性判定中处于什么位置，它现在还有效吗？	保留原题证据标注	12-platform-native/02-Bionic链接器与命名空间.md#Q13	executor	migrated
12-platform-native/02-Bionic链接器与命名空间.md	Q14	"链接器层面能观测到什么，排查""库加载失败""时应该按什么顺序收集信息？"	todo		277aabe7d4b85c93	"链接器层面能观测到什么，排查""库加载失败""时应该按什么顺序收集信息？"	move	12-platform-native/05-bionic-linker.md	Q14	"链接器层面能观测到什么，排查""库加载失败""时应该按什么顺序收集信息？"	保留原题证据标注	12-platform-native/02-Bionic链接器与命名空间.md#Q14	executor	migrated
12-platform-native/02-Bionic链接器与命名空间.md	Q15	`Product` 分区的接口强制执行与链接器命名空间是什么关系，为什么 Android 11 要把它独立出来？	todo		2242485ddb8f34f6	`Product` 分区的接口强制执行与链接器命名空间是什么关系，为什么 Android 11 要把它独立出来？	move	12-platform-native/05-bionic-linker.md	Q15	`Product` 分区的接口强制执行与链接器命名空间是什么关系，为什么 Android 11 要把它独立出来？	保留原题证据标注	12-platform-native/02-Bionic链接器与命名空间.md#Q15	executor	migrated
12-platform-native/02-Bionic链接器与命名空间.md	Q16	这几层机制的版本差异会让结论失效吗，跨版本迁移时必须重新核对什么？	todo		e3633e56a20275d1	这几层机制的版本差异会让结论失效吗，跨版本迁移时必须重新核对什么？	move	12-platform-native/05-bionic-linker.md	Q16	这几层机制的版本差异会让结论失效吗，跨版本迁移时必须重新核对什么？	保留原题证据标注	12-platform-native/02-Bionic链接器与命名空间.md#Q16	executor	migrated
12-platform-native/02-Bionic链接器与命名空间.md	Q17	"用 `dlopen` 加载一个不在白名单里的库，有哪些""看起来可行""实际上不行的绕法？"	todo		1dd32d5179b949f6	"用 `dlopen` 加载一个不在白名单里的库，有哪些""看起来可行""实际上不行的绕法？"	move	12-platform-native/05-bionic-linker.md	Q17	"用 `dlopen` 加载一个不在白名单里的库，有哪些""看起来可行""实际上不行的绕法？"	保留原题证据标注	12-platform-native/02-Bionic链接器与命名空间.md#Q17	executor	migrated
12-platform-native/03-aconfig特性开关.md	Q1	aconfig 是什么，它和以前用 `Build.IS_BOARD_*` 之类的宏有什么本质不同？	todo		5d105de91683ee26	aconfig 是什么，它和以前用 `Build.IS_BOARD_*` 之类的宏有什么本质不同？	move	13-build-system/07-aconfig.md	Q1	aconfig 是什么，它和以前用 `Build.IS_BOARD_*` 之类的宏有什么本质不同？	保留原题证据标注	12-platform-native/03-aconfig特性开关.md#Q1	executor	migrated
12-platform-native/03-aconfig特性开关.md	Q2	声明一个 aconfig 标志需要哪几个必填字段，`container` 与 `package` 分别管什么？	todo		8b68b47ab808b7cb	声明一个 aconfig 标志需要哪几个必填字段，`container` 与 `package` 分别管什么？	move	13-build-system/07-aconfig.md	Q2	声明一个 aconfig 标志需要哪几个必填字段，`container` 与 `package` 分别管什么？	保留原题证据标注	12-platform-native/03-aconfig特性开关.md#Q2	executor	migrated
12-platform-native/03-aconfig特性开关.md	Q3	`purpose` 与 `storage` 两个 metadata 字段各自影响什么？	todo		d1c93b43d202010d	`purpose` 与 `storage` 两个 metadata 字段各自影响什么？	move	11-platform-services/05-aconfig-runtime.md	Q1	`purpose` 与 `storage` 两个 metadata 字段各自影响什么？	保留原题证据标注	12-platform-native/03-aconfig特性开关.md#Q3	executor	migrated
12-platform-native/03-aconfig特性开关.md	Q4	构建期生成了什么代码，Java 侧的入口是什么样的？	todo		1d32a62710660495	构建期生成了什么代码，Java 侧的入口是什么样的？	move	13-build-system/07-aconfig.md	Q3	构建期生成了什么代码，Java 侧的入口是什么样的？	保留原题证据标注	12-platform-native/03-aconfig特性开关.md#Q4	executor	migrated
12-platform-native/03-aconfig特性开关.md	Q5	代码生成有几种模板，分别在什么条件下选用？	todo		18b1fcaba6ee8963	代码生成有几种模板，分别在什么条件下选用？	move	13-build-system/07-aconfig.md	Q4	代码生成有几种模板，分别在什么条件下选用？	保留原题证据标注	12-platform-native/03-aconfig特性开关.md#Q5	executor	migrated
12-platform-native/03-aconfig特性开关.md	Q6	只读标志的优化是怎么做到的，为什么它对包体和性能有影响？	todo		490ba6132a5cf3c2	只读标志的优化是怎么做到的，为什么它对包体和性能有影响？	move	13-build-system/07-aconfig.md	Q5	只读标志的优化是怎么做到的，为什么它对包体和性能有影响？	保留原题证据标注	12-platform-native/03-aconfig特性开关.md#Q6	executor	migrated
12-platform-native/03-aconfig特性开关.md	Q7	运行期存储由谁提供，Android 17 上有什么变化？	todo		76a10dbea88e87fe	运行期存储由谁提供，Android 17 上有什么变化？	move	11-platform-services/05-aconfig-runtime.md	Q2	运行期存储由谁提供，Android 17 上有什么变化？	保留原题证据标注	12-platform-native/03-aconfig特性开关.md#Q7	executor	migrated
12-platform-native/03-aconfig特性开关.md	Q8	整数标志是什么，为什么说它目前还是 groundwork？	todo		2d4cb9dacb5d1187	整数标志是什么，为什么说它目前还是 groundwork？	move	11-platform-services/05-aconfig-runtime.md	Q3	整数标志是什么，为什么说它目前还是 groundwork？	保留原题证据标注	12-platform-native/03-aconfig特性开关.md#Q8	executor	migrated
12-platform-native/03-aconfig特性开关.md	Q9	`aflags` 是什么，怎么在设备上查看和修改标志值？	todo		c7084c690be6fe3f	`aflags` 是什么，怎么在设备上查看和修改标志值？	move	11-platform-services/05-aconfig-runtime.md	Q4	`aflags` 是什么，怎么在设备上查看和修改标志值？	保留原题证据标注	12-platform-native/03-aconfig特性开关.md#Q9	executor	migrated
12-platform-native/03-aconfig特性开关.md	Q10	版本配置（release config）是什么，`trunk_staging` 与正式发布的区别？	todo		10b9c0d73cc89caf	版本配置（release config）是什么，`trunk_staging` 与正式发布的区别？	move	13-build-system/07-aconfig.md	Q6	版本配置（release config）是什么，`trunk_staging` 与正式发布的区别？	保留原题证据标注	12-platform-native/03-aconfig特性开关.md#Q10	executor	migrated
12-platform-native/03-aconfig特性开关.md	Q11	声明里 `namespace` 字段的约束是什么，自建镜像该怎么处理？	todo		84d08544a97b67f3	声明里 `namespace` 字段的约束是什么，自建镜像该怎么处理？	move	13-build-system/07-aconfig.md	Q7	声明里 `namespace` 字段的约束是什么，自建镜像该怎么处理？	保留原题证据标注	12-platform-native/03-aconfig特性开关.md#Q11	executor	migrated
12-platform-native/03-aconfig特性开关.md	Q12	这套体系跨版本会变吗，迁移时必须重新核对什么？	todo		6816e506e95b93c3	这套体系跨版本会变吗，迁移时必须重新核对什么？	move	13-build-system/07-aconfig.md	Q8	这套体系跨版本会变吗，迁移时必须重新核对什么？	保留原题证据标注	12-platform-native/03-aconfig特性开关.md#Q12	executor	migrated
12-platform-native/03-aconfig特性开关.md	Q13	一个标志从声明到生效，完整链路经过哪几步，哪一步最容易断？	todo		175558eefa543a29	一个标志从声明到生效，完整链路经过哪几步，哪一步最容易断？	move	13-build-system/07-aconfig.md	Q9	一个标志从声明到生效，完整链路经过哪几步，哪一步最容易断？	保留原题证据标注	12-platform-native/03-aconfig特性开关.md#Q13	executor	migrated
12-platform-native/03-aconfig特性开关.md	Q14	在自建镜像上维护这样一套开关，主要的维护负担是什么？	todo		c3454cc04568ab0d	在自建镜像上维护这样一套开关，主要的维护负担是什么？	move	11-platform-services/05-aconfig-runtime.md	Q5	在自建镜像上维护这样一套开关，主要的维护负担是什么？	保留原题证据标注	12-platform-native/03-aconfig特性开关.md#Q14	executor	migrated
13-audio/01-AOSP音频子系统.md	Q1	"audioserver 为什么独立成进程？里面固定跑哪些服务，AAudioService 为什么是""条件启动""？"	todo		62957677fe28f892	"audioserver 为什么独立成进程？里面固定跑哪些服务，AAudioService 为什么是""条件启动""？"	keep	09-audio/01-aosp-audio.md	Q1	"audioserver 为什么独立成进程？里面固定跑哪些服务，AAudioService 为什么是""条件启动""？"	保留原题证据标注	13-audio/01-AOSP音频子系统.md#Q1	executor	migrated
13-audio/01-AOSP音频子系统.md	Q2	audioserver 或音频 HAL 崩溃后系统怎么恢复？应用侧会感知到什么？	todo		b4fcfdf7feac89a7	audioserver 或音频 HAL 崩溃后系统怎么恢复？应用侧会感知到什么？	keep	09-audio/01-aosp-audio.md	Q2	audioserver 或音频 HAL 崩溃后系统怎么恢复？应用侧会感知到什么？	保留原题证据标注	13-audio/01-AOSP音频子系统.md#Q2	executor	migrated
13-audio/01-AOSP音频子系统.md	Q3	一条流从 AudioAttributes 到具体设备，路由决策在哪完成？两个策略引擎差在哪？	todo		292ec024dc050b2e	一条流从 AudioAttributes 到具体设备，路由决策在哪完成？两个策略引擎差在哪？	keep	09-audio/01-aosp-audio.md	Q3	一条流从 AudioAttributes 到具体设备，路由决策在哪完成？两个策略引擎差在哪？	保留原题证据标注	13-audio/01-AOSP音频子系统.md#Q3	executor	migrated
13-audio/01-AOSP音频子系统.md	Q4	audio_policy_configuration.xml 的四个顶层标签各描述什么？	todo		114b867539976c8c	audio_policy_configuration.xml 的四个顶层标签各描述什么？	keep	09-audio/01-aosp-audio.md	Q4	audio_policy_configuration.xml 的四个顶层标签各描述什么？	保留原题证据标注	13-audio/01-AOSP音频子系统.md#Q4	executor	migrated
13-audio/01-AOSP音频子系统.md	Q5	AudioFlinger 按输出 flags 选混音线程，分支是什么？deep_buffer 为什么没有专属线程类？	todo		78526b13c539d01d	AudioFlinger 按输出 flags 选混音线程，分支是什么？deep_buffer 为什么没有专属线程类？	keep	09-audio/01-aosp-audio.md	Q5	AudioFlinger 按输出 flags 选混音线程，分支是什么？deep_buffer 为什么没有专属线程类？	保留原题证据标注	13-audio/01-AOSP音频子系统.md#Q5	executor	migrated
13-audio/01-AOSP音频子系统.md	Q6	Direct 与 Offload 输出接受音轨的约束，和传统混音差在哪？	todo		b6748d3748a7ea52	Direct 与 Offload 输出接受音轨的约束，和传统混音差在哪？	keep	09-audio/01-aosp-audio.md	Q6	Direct 与 Offload 输出接受音轨的约束，和传统混音差在哪？	保留原题证据标注	13-audio/01-AOSP音频子系统.md#Q6	executor	migrated
13-audio/01-AOSP音频子系统.md	Q7	一条流最终音量由哪几层叠加？铃声静音模式为什么只静一部分流？	todo		56eda826122dae35	一条流最终音量由哪几层叠加？铃声静音模式为什么只静一部分流？	keep	09-audio/01-aosp-audio.md	Q7	一条流最终音量由哪几层叠加？铃声静音模式为什么只静一部分流？	保留原题证据标注	13-audio/01-AOSP音频子系统.md#Q7	executor	migrated
13-audio/01-AOSP音频子系统.md	Q8	音效链以什么为单位组织？session 效果与设备级效果差在哪？	todo		63b8f7d357209d3d	音效链以什么为单位组织？session 效果与设备级效果差在哪？	keep	09-audio/01-aosp-audio.md	Q8	音效链以什么为单位组织？session 效果与设备级效果差在哪？	保留原题证据标注	13-audio/01-AOSP音频子系统.md#Q8	executor	migrated
13-audio/01-AOSP音频子系统.md	Q9	AudioTrack 的 MODE_STATIC 与 MODE_STREAM 差在哪？什么场景选 STATIC？	todo		3c11ed61e4723f56	AudioTrack 的 MODE_STATIC 与 MODE_STREAM 差在哪？什么场景选 STATIC？	keep	09-audio/01-aosp-audio.md	Q9	AudioTrack 的 MODE_STATIC 与 MODE_STREAM 差在哪？什么场景选 STATIC？	保留原题证据标注	13-audio/01-AOSP音频子系统.md#Q9	executor	migrated
13-audio/01-AOSP音频子系统.md	Q10	录音路径与播放路径怎么对称？哪些控制不归 AudioFlinger 管？	todo		a63006193f154065	录音路径与播放路径怎么对称？哪些控制不归 AudioFlinger 管？	keep	09-audio/01-aosp-audio.md	Q10	录音路径与播放路径怎么对称？哪些控制不归 AudioFlinger 管？	保留原题证据标注	13-audio/01-AOSP音频子系统.md#Q10	executor	migrated
13-audio/01-AOSP音频子系统.md	Q11	dumpsys media.audio_flinger 与 dumpsys audio 分别回答什么问题？	todo		a7a6add13816bb50	dumpsys media.audio_flinger 与 dumpsys audio 分别回答什么问题？	keep	09-audio/01-aosp-audio.md	Q11	dumpsys media.audio_flinger 与 dumpsys audio 分别回答什么问题？	保留原题证据标注	13-audio/01-AOSP音频子系统.md#Q11	executor	migrated
13-audio/01-AOSP音频子系统.md	Q12	MixerThread 一个混音周期内部经过哪几块缓冲？prepareTracks_l 在做什么？	todo		2ee54bb2ffa36d42	MixerThread 一个混音周期内部经过哪几块缓冲？prepareTracks_l 在做什么？	keep	09-audio/01-aosp-audio.md	Q12	MixerThread 一个混音周期内部经过哪几块缓冲？prepareTracks_l 在做什么？	保留原题证据标注	13-audio/01-AOSP音频子系统.md#Q12	executor	migrated
13-audio/01-AOSP音频子系统.md	Q13	FastMixer 和普通混音线程怎么协作？MonoPipe/NBAIO 是什么？	todo		21fa57e974e2a4e7	FastMixer 和普通混音线程怎么协作？MonoPipe/NBAIO 是什么？	keep	09-audio/01-aosp-audio.md	Q13	FastMixer 和普通混音线程怎么协作？MonoPipe/NBAIO 是什么？	保留原题证据标注	13-audio/01-AOSP音频子系统.md#Q13	executor	migrated
13-audio/01-AOSP音频子系统.md	Q14	"普通混音线程上音轨采样率与输出不一致会被拒绝吗？""混音器只接受不超过输出 2 倍采样率""的说法对吗？"	todo		c5339d675b1bbcb2	"普通混音线程上音轨采样率与输出不一致会被拒绝吗？""混音器只接受不超过输出 2 倍采样率""的说法对吗？"	keep	09-audio/01-aosp-audio.md	Q14	"普通混音线程上音轨采样率与输出不一致会被拒绝吗？""混音器只接受不超过输出 2 倍采样率""的说法对吗？"	保留原题证据标注	13-audio/01-AOSP音频子系统.md#Q14	executor	migrated
13-audio/01-AOSP音频子系统.md	Q15	AAudio MMAP 路径的共享缓冲内部是什么结构？服务端由哪些组件组成？	todo		9d0d0ceebd493eb3	AAudio MMAP 路径的共享缓冲内部是什么结构？服务端由哪些组件组成？	keep	09-audio/01-aosp-audio.md	Q15	AAudio MMAP 路径的共享缓冲内部是什么结构？服务端由哪些组件组成？	保留原题证据标注	13-audio/01-AOSP音频子系统.md#Q15	executor	migrated
13-audio/01-AOSP音频子系统.md	Q16	AudioTrack.getTimestamp() 返回的时间对怎么理解？哪些情况下拿不到？	todo		e04f04dbab11e2f7	AudioTrack.getTimestamp() 返回的时间对怎么理解？哪些情况下拿不到？	keep	09-audio/01-aosp-audio.md	Q16	AudioTrack.getTimestamp() 返回的时间对怎么理解？哪些情况下拿不到？	保留原题证据标注	13-audio/01-AOSP音频子系统.md#Q16	executor	migrated
13-audio/01-AOSP音频子系统.md	Q17	"无声问题想确认""系统内部哪一段开始没数据""，AudioFlinger 有什么抓音手段？"	todo		01914749f10e603a	"无声问题想确认""系统内部哪一段开始没数据""，AudioFlinger 有什么抓音手段？"	keep	09-audio/01-aosp-audio.md	Q17	"无声问题想确认""系统内部哪一段开始没数据""，AudioFlinger 有什么抓音手段？"	保留原题证据标注	13-audio/01-AOSP音频子系统.md#Q17	executor	migrated
13-audio/02-AAOS车机音频.md	Q1	车机音频和手机音频架构差在哪？为什么多了 AudioControl HAL 与一份 car_audio_configuration.xml？	todo		f511699e07785ead	车机音频和手机音频架构差在哪？为什么多了 AudioControl HAL 与一份 car_audio_configuration.xml？	keep	09-audio/03-aaos-audio.md	Q1	车机音频和手机音频架构差在哪？为什么多了 AudioControl HAL 与一份 car_audio_configuration.xml？	保留原题证据标注	13-audio/02-AAOS车机音频.md#Q1	executor	migrated
13-audio/02-AAOS车机音频.md	Q2	car_audio_configuration.xml 的三层结构是什么？Android 13 支持到 version 几？	todo		8426720b2396d3fc	car_audio_configuration.xml 的三层结构是什么？Android 13 支持到 version 几？	keep	09-audio/03-aaos-audio.md	Q2	car_audio_configuration.xml 的三层结构是什么？Android 13 支持到 version 几？	保留原题证据标注	13-audio/02-AAOS车机音频.md#Q2	executor	migrated
13-audio/02-AAOS车机音频.md	Q3	CarAudioContext 为什么把几十种 usage 归并成 13 个 context？哪些子系统以它为键？	todo		e731ca9453e674c1	CarAudioContext 为什么把几十种 usage 归并成 13 个 context？哪些子系统以它为键？	keep	09-audio/03-aaos-audio.md	Q3	CarAudioContext 为什么把几十种 usage 归并成 13 个 context？哪些子系统以它为键？	保留原题证据标注	13-audio/02-AAOS车机音频.md#Q3	executor	migrated
13-audio/02-AAOS车机音频.md	Q4	context 怎么被路由到 bus？静态 XML 与动态 AudioMix 各负责什么？	todo		474904f9e8a3f16f	context 怎么被路由到 bus？静态 XML 与动态 AudioMix 各负责什么？	keep	09-audio/03-aaos-audio.md	Q4	context 怎么被路由到 bus？静态 XML 与动态 AudioMix 各负责什么？	保留原题证据标注	13-audio/02-AAOS车机音频.md#Q4	executor	migrated
13-audio/02-AAOS车机音频.md	Q5	多音区下应用的声音怎么进入正确音区？落错区怎么查？	todo		5aaafcbbce8b88f1	多音区下应用的声音怎么进入正确音区？落错区怎么查？	keep	09-audio/03-aaos-audio.md	Q5	多音区下应用的声音怎么进入正确音区？落错区怎么查？	保留原题证据标注	13-audio/02-AAOS车机音频.md#Q5	executor	migrated
13-audio/02-AAOS车机音频.md	Q6	"音量组的音量落到哪一层？为什么说车机音量是""硬件增益""而非 AudioFlinger 流音量？"	todo		6a6d9ae2bbe0484b	"音量组的音量落到哪一层？为什么说车机音量是""硬件增益""而非 AudioFlinger 流音量？"	keep	09-audio/03-aaos-audio.md	Q6	"音量组的音量落到哪一层？为什么说车机音量是""硬件增益""而非 AudioFlinger 流音量？"	保留原题证据标注	13-audio/02-AAOS车机音频.md#Q6	executor	migrated
13-audio/02-AAOS车机音频.md	Q7	物理音量键怎么知道该调哪个区、哪个组？	todo		44556fe49ee82672	物理音量键怎么知道该调哪个区、哪个组？	keep	09-audio/03-aaos-audio.md	Q7	物理音量键怎么知道该调哪个区、哪个组？	保留原题证据标注	13-audio/02-AAOS车机音频.md#Q7	executor	migrated
13-audio/02-AAOS车机音频.md	Q8	"车机焦点裁决与手机""栈式""行为差在哪？矩阵怎么工作？"	todo		0b940a420aa534b8	"车机焦点裁决与手机""栈式""行为差在哪？矩阵怎么工作？"	keep	09-audio/03-aaos-audio.md	Q8	"车机焦点裁决与手机""栈式""行为差在哪？矩阵怎么工作？"	保留原题证据标注	13-audio/02-AAOS车机音频.md#Q8	executor	migrated
13-audio/02-AAOS车机音频.md	Q9	焦点请求什么时候返回 DELAYED？应用该怎么处理？	todo		10589d550f54519f	焦点请求什么时候返回 DELAYED？应用该怎么处理？	keep	09-audio/03-aaos-audio.md	Q9	焦点请求什么时候返回 DELAYED？应用该怎么处理？	保留原题证据标注	13-audio/02-AAOS车机音频.md#Q9	executor	migrated
13-audio/02-AAOS车机音频.md	Q10	ducking 由谁执行？被压低的是哪些设备？	todo		646758ccfdea5d4d	ducking 由谁执行？被压低的是哪些设备？	keep	09-audio/03-aaos-audio.md	Q10	ducking 由谁执行？被压低的是哪些设备？	保留原题证据标注	13-audio/02-AAOS车机音频.md#Q10	executor	migrated
13-audio/02-AAOS车机音频.md	Q11	"车机的 mute 与""音量调零""、AudioFlinger master mute 差在哪？"	todo		34a985c8b0d3d6cb	"车机的 mute 与""音量调零""、AudioFlinger master mute 差在哪？"	keep	09-audio/03-aaos-audio.md	Q11	"车机的 mute 与""音量调零""、AudioFlinger master mute 差在哪？"	保留原题证据标注	13-audio/02-AAOS车机音频.md#Q11	executor	migrated
13-audio/02-AAOS车机音频.md	Q12	车外系统（雷达、ECU）的声音怎么进入焦点体系？	todo		4e9c6190616956b7	车外系统（雷达、ECU）的声音怎么进入焦点体系？	keep	09-audio/03-aaos-audio.md	Q12	车外系统（雷达、ECU）的声音怎么进入焦点体系？	保留原题证据标注	13-audio/02-AAOS车机音频.md#Q12	executor	migrated
13-audio/02-AAOS车机音频.md	Q13	配置非法怎么被拦住？多音区不发声的排查顺序是什么？	todo		91b035d279ec4b85	配置非法怎么被拦住？多音区不发声的排查顺序是什么？	keep	09-audio/03-aaos-audio.md	Q13	配置非法怎么被拦住？多音区不发声的排查顺序是什么？	保留原题证据标注	13-audio/02-AAOS车机音频.md#Q13	executor	migrated
13-audio/02-AAOS车机音频.md	Q14	"AudioControl HAL 有哪几个版本？HAL 版本不够时哪些功能会""静默消失""？"	todo		d08677f39e3f6376	"AudioControl HAL 有哪几个版本？HAL 版本不够时哪些功能会""静默消失""？"	keep	09-audio/03-aaos-audio.md	Q14	"AudioControl HAL 有哪几个版本？HAL 版本不够时哪些功能会""静默消失""？"	保留原题证据标注	13-audio/02-AAOS车机音频.md#Q14	executor	migrated
13-audio/02-AAOS车机音频.md	Q15	"Android 13 的车机音频有哪些""还做不到""？哪些要等 14+？"	todo		c8f3a36d4a37efe4	"Android 13 的车机音频有哪些""还做不到""？哪些要等 14+？"	keep	09-audio/03-aaos-audio.md	Q15	"Android 13 的车机音频有哪些""还做不到""？哪些要等 14+？"	保留原题证据标注	13-audio/02-AAOS车机音频.md#Q15	executor	migrated
13-audio/03-音频延迟与应用实践.md	Q1	48 kHz 下 240 帧的缓冲区就是 5 ms 输出延迟吗？FEATURE_AUDIO_LOW_LATENCY 声明为 true 能证明当前设备延迟低吗？	todo		b1c4c8f491ffd67b	48 kHz 下 240 帧的缓冲区就是 5 ms 输出延迟吗？FEATURE_AUDIO_LOW_LATENCY 声明为 true 能证明当前设备延迟低吗？	keep	09-audio/04-audio-latency.md	Q1	48 kHz 下 240 帧的缓冲区就是 5 ms 输出延迟吗？FEATURE_AUDIO_LOW_LATENCY 声明为 true 能证明当前设备延迟低吗？	保留原题证据标注	13-audio/03-音频延迟与应用实践.md#Q1	executor	migrated
13-audio/03-音频延迟与应用实践.md	Q2	"一条 AudioTrack 从创建到出声，控制面和数据面分别走哪里？""每个音频缓冲区都经过一次 Binder""错在哪？"	todo		2bc17ae2f188f6bc	"一条 AudioTrack 从创建到出声，控制面和数据面分别走哪里？""每个音频缓冲区都经过一次 Binder""错在哪？"	keep	09-audio/04-audio-latency.md	Q2	"一条 AudioTrack 从创建到出声，控制面和数据面分别走哪里？""每个音频缓冲区都经过一次 Binder""错在哪？"	保留原题证据标注	13-audio/03-音频延迟与应用实践.md#Q2	executor	migrated
13-audio/03-音频延迟与应用实践.md	Q3	应用请求 PERFORMANCE_MODE_LOW_LATENCY 却被降级为普通混音：AudioFlinger 按什么条件接纳 FAST？为什么默认只有 7 条应用快速音轨？	todo		6db31c7e349e256c	应用请求 PERFORMANCE_MODE_LOW_LATENCY 却被降级为普通混音：AudioFlinger 按什么条件接纳 FAST？为什么默认只有 7 条应用快速音轨？	keep	09-audio/04-audio-latency.md	Q3	应用请求 PERFORMANCE_MODE_LOW_LATENCY 却被降级为普通混音：AudioFlinger 按什么条件接纳 FAST？为什么默认只有 7 条应用快速音轨？	保留原题证据标注	13-audio/03-音频延迟与应用实践.md#Q3	executor	migrated
13-audio/03-音频延迟与应用实践.md	Q4	用 AAudio 写的应用一定绕过了 AudioFlinger 吗？EXCLUSIVE 被降级说明什么？	todo		6d8ae664cc392952	用 AAudio 写的应用一定绕过了 AudioFlinger 吗？EXCLUSIVE 被降级说明什么？	keep	09-audio/04-audio-latency.md	Q4	用 AAudio 写的应用一定绕过了 AudioFlinger 吗？EXCLUSIVE 被降级说明什么？	保留原题证据标注	13-audio/03-音频延迟与应用实践.md#Q4	executor	migrated
13-audio/03-音频延迟与应用实践.md	Q5	音频数据回调里该避免什么？xrun 计数增长就一定是缓冲区太小吗？	todo		9d099ac92f69333e	音频数据回调里该避免什么？xrun 计数增长就一定是缓冲区太小吗？	keep	09-audio/04-audio-latency.md	Q5	音频数据回调里该避免什么？xrun 计数增长就一定是缓冲区太小吗？	保留原题证据标注	13-audio/03-音频延迟与应用实践.md#Q5	executor	migrated
13-audio/03-音频延迟与应用实践.md	Q6	"长音频播放什么时候值得开 Offload？怎么确认真正走了 offload 而不是""请求了就算""？"	todo		9c51e280229493bb	"长音频播放什么时候值得开 Offload？怎么确认真正走了 offload 而不是""请求了就算""？"	keep	09-audio/04-audio-latency.md	Q6	"长音频播放什么时候值得开 Offload？怎么确认真正走了 offload 而不是""请求了就算""？"	保留原题证据标注	13-audio/03-音频延迟与应用实践.md#Q6	executor	migrated
13-audio/03-音频延迟与应用实践.md	Q7	"offload 的收益怎么验证？远程开关为什么按""功能组合""设计而不是一个布尔？"	todo		cb3b778cceaedc35	"offload 的收益怎么验证？远程开关为什么按""功能组合""设计而不是一个布尔？"	keep	09-audio/04-audio-latency.md	Q7	"offload 的收益怎么验证？远程开关为什么按""功能组合""设计而不是一个布尔？"	保留原题证据标注	13-audio/03-音频延迟与应用实践.md#Q7	executor	migrated
13-audio/03-音频延迟与应用实践.md	Q8	AudioTrack.write(WRITE_BLOCKING) 返回之后，数据到哪了？返回值比请求量小时发生了什么？	todo		d4234b6424b4d709	AudioTrack.write(WRITE_BLOCKING) 返回之后，数据到哪了？返回值比请求量小时发生了什么？	keep	09-audio/04-audio-latency.md	Q8	AudioTrack.write(WRITE_BLOCKING) 返回之后，数据到哪了？返回值比请求量小时发生了什么？	保留原题证据标注	13-audio/03-音频延迟与应用实践.md#Q8	executor	migrated
13-audio/03-音频延迟与应用实践.md	Q9	"想""立刻停""用 stop() 对吗？静态模式重复播放怎么做？"	todo		f35dc0308d009989	"想""立刻停""用 stop() 对吗？静态模式重复播放怎么做？"	keep	09-audio/04-audio-latency.md	Q9	"想""立刻停""用 stop() 对吗？静态模式重复播放怎么做？"	保留原题证据标注	13-audio/03-音频延迟与应用实践.md#Q9	executor	migrated
13-audio/03-音频延迟与应用实践.md	Q10	"SoundPool 的适用边界是什么？""加载完成前播放""为什么无声？"	todo		07102557d96b6e1d	"SoundPool 的适用边界是什么？""加载完成前播放""为什么无声？"	keep	09-audio/04-audio-latency.md	Q10	"SoundPool 的适用边界是什么？""加载完成前播放""为什么无声？"	保留原题证据标注	13-audio/03-音频延迟与应用实践.md#Q10	executor	migrated
13-audio/03-音频延迟与应用实践.md	Q11	"AAudio 说""buffer 按 burst 对齐、欠载就加一个 burst""——具体怎么调？"	todo		120946bef692f5d7	"AAudio 说""buffer 按 burst 对齐、欠载就加一个 burst""——具体怎么调？"	keep	09-audio/04-audio-latency.md	Q11	"AAudio 说""buffer 按 burst 对齐、欠载就加一个 burst""——具体怎么调？"	保留原题证据标注	13-audio/03-音频延迟与应用实践.md#Q11	executor	migrated
13-audio/04-蓝牙音频.md	Q1	LDAC 固定 30–50 ms、aptX 固定 50–80 ms这类结论为什么不可用？必须经蓝牙出声的产品该怎么做？	todo		f2d46214af2acf1f	LDAC 固定 30–50 ms、aptX 固定 50–80 ms这类结论为什么不可用？必须经蓝牙出声的产品该怎么做？	keep	09-audio/05-bluetooth-audio.md	Q1	LDAC 固定 30–50 ms、aptX 固定 50–80 ms这类结论为什么不可用？必须经蓝牙出声的产品该怎么做？	保留原题证据标注	13-audio/04-蓝牙音频.md#Q1	executor	migrated
13-audio/04-蓝牙音频.md	Q2	LE Audio 的 LC3 帧时长 7.5 ms，为什么不能推出端到端延迟 20–40 ms？	todo		304e1b0fefca0590	LE Audio 的 LC3 帧时长 7.5 ms，为什么不能推出端到端延迟 20–40 ms？	keep	09-audio/05-bluetooth-audio.md	Q2	LE Audio 的 LC3 帧时长 7.5 ms，为什么不能推出端到端延迟 20–40 ms？	保留原题证据标注	13-audio/04-蓝牙音频.md#Q2	executor	migrated
13-audio/04-蓝牙音频.md	Q3	LE Audio 单播（CIS/CIG）与广播（BIS/BIG）在可靠性和扩展性上有什么本质区别？	todo		d45d2b54d2557e5b	LE Audio 单播（CIS/CIG）与广播（BIS/BIG）在可靠性和扩展性上有什么本质区别？	keep	09-audio/05-bluetooth-audio.md	Q3	LE Audio 单播（CIS/CIG）与广播（BIS/BIG）在可靠性和扩展性上有什么本质区别？	保留原题证据标注	13-audio/04-蓝牙音频.md#Q3	executor	migrated
13-audio/04-蓝牙音频.md	Q4	设备有音频 DSP，LE Audio 编码就一定 offload 了吗，这对功耗意味着什么？	todo		f55d5b8a004b954a	设备有音频 DSP，LE Audio 编码就一定 offload 了吗，这对功耗意味着什么？	keep	09-audio/05-bluetooth-audio.md	Q4	设备有音频 DSP，LE Audio 编码就一定 offload 了吗，这对功耗意味着什么？	保留原题证据标注	13-audio/04-蓝牙音频.md#Q4	executor	migrated
13-audio/04-蓝牙音频.md	Q5	应用侧能控制 LE Audio 到哪一层？	todo		ae8f96e29cbd2809	应用侧能控制 LE Audio 到哪一层？	keep	09-audio/05-bluetooth-audio.md	Q5	应用侧能控制 LE Audio 到哪一层？	保留原题证据标注	13-audio/04-蓝牙音频.md#Q5	executor	migrated
13-audio/04-蓝牙音频.md	Q6	"ASHA 与 HAP 有什么区别，为什么不能说""HAP 是用 BLE 替代 Classic ASHA""？"	todo		095d8d1542516b73	"ASHA 与 HAP 有什么区别，为什么不能说""HAP 是用 BLE 替代 Classic ASHA""？"	keep	09-audio/05-bluetooth-audio.md	Q6	"ASHA 与 HAP 有什么区别，为什么不能说""HAP 是用 BLE 替代 Classic ASHA""？"	保留原题证据标注	13-audio/04-蓝牙音频.md#Q6	executor	migrated
13-audio/04-蓝牙音频.md	Q7	来电时 A2DP 音乐切 SCO 通话，路由上最容易出什么问题？	todo		0d4400bba84da5da	来电时 A2DP 音乐切 SCO 通话，路由上最容易出什么问题？	keep	09-audio/05-bluetooth-audio.md	Q7	来电时 A2DP 音乐切 SCO 通话，路由上最容易出什么问题？	保留原题证据标注	13-audio/04-蓝牙音频.md#Q7	executor	migrated
13-audio/04-蓝牙音频.md	Q8	"蓝牙耳机音量""手机调了没反应/两边对不上""怎么查？"	todo		241c4831ea73f21d	"蓝牙耳机音量""手机调了没反应/两边对不上""怎么查？"	keep	09-audio/05-bluetooth-audio.md	Q8	"蓝牙耳机音量""手机调了没反应/两边对不上""怎么查？"	保留原题证据标注	13-audio/04-蓝牙音频.md#Q8	executor	migrated
13-audio/05-手机侧音频焦点与路由.md	Q1	调用 requestAudioFocus() 之后，系统里发生了什么？焦点栈是怎么仲裁的？	todo		6714ebf151c77fe7	调用 requestAudioFocus() 之后，系统里发生了什么？焦点栈是怎么仲裁的？	keep	09-audio/02-phone-audio-focus.md	Q1	调用 requestAudioFocus() 之后，系统里发生了什么？焦点栈是怎么仲裁的？	保留原题证据标注	13-audio/05-手机侧音频焦点与路由.md#Q1	executor	migrated
13-audio/05-手机侧音频焦点与路由.md	Q2	"收到 AUDIOFOCUS_LOSS_TRANSIENT_CAN_DUCK 该怎么表现？焦点丢失后能""自己恢复""吗？"	todo		80a6aa791db3cba5	"收到 AUDIOFOCUS_LOSS_TRANSIENT_CAN_DUCK 该怎么表现？焦点丢失后能""自己恢复""吗？"	keep	09-audio/02-phone-audio-focus.md	Q2	"收到 AUDIOFOCUS_LOSS_TRANSIENT_CAN_DUCK 该怎么表现？焦点丢失后能""自己恢复""吗？"	保留原题证据标注	13-audio/05-手机侧音频焦点与路由.md#Q2	executor	migrated
13-audio/05-手机侧音频焦点与路由.md	Q3	音量滑条调的到底是什么？AudioAttributes 与旧 stream type 什么关系？	todo		f1670d1d1ac5b2cb	音量滑条调的到底是什么？AudioAttributes 与旧 stream type 什么关系？	keep	09-audio/02-phone-audio-focus.md	Q3	音量滑条调的到底是什么？AudioAttributes 与旧 stream type 什么关系？	保留原题证据标注	13-audio/05-手机侧音频焦点与路由.md#Q3	executor	migrated
13-audio/05-手机侧音频焦点与路由.md	Q4	ACTION_AUDIO_BECOMING_NOISY 什么时候广播？该怎么用？	todo		f775f15bd221c729	ACTION_AUDIO_BECOMING_NOISY 什么时候广播？该怎么用？	keep	09-audio/02-phone-audio-focus.md	Q4	ACTION_AUDIO_BECOMING_NOISY 什么时候广播？该怎么用？	保留原题证据标注	13-audio/05-手机侧音频焦点与路由.md#Q4	executor	migrated
13-audio/05-手机侧音频焦点与路由.md	Q5	通话/语音类应用怎么选路由？setCommunicationDevice 与老的 setSpeakerphoneOn 什么关系？	todo		44a7a3e440ebb33d	通话/语音类应用怎么选路由？setCommunicationDevice 与老的 setSpeakerphoneOn 什么关系？	keep	09-audio/02-phone-audio-focus.md	Q5	通话/语音类应用怎么选路由？setCommunicationDevice 与老的 setSpeakerphoneOn 什么关系？	保留原题证据标注	13-audio/05-手机侧音频焦点与路由.md#Q5	executor	migrated
13-audio/05-手机侧音频焦点与路由.md	Q6	两个应用同时录音，谁拿到声音？	todo		4eb03bd8a4fe2be6	两个应用同时录音，谁拿到声音？	keep	09-audio/02-phone-audio-focus.md	Q6	两个应用同时录音，谁拿到声音？	保留原题证据标注	13-audio/05-手机侧音频焦点与路由.md#Q6	executor	migrated
13-audio/05-手机侧音频焦点与路由.md	Q7	麦克风隐私指示与后台录音限制是怎么叠加的？	todo		d9f2b897da690673	麦克风隐私指示与后台录音限制是怎么叠加的？	keep	09-audio/02-phone-audio-focus.md	Q7	麦克风隐私指示与后台录音限制是怎么叠加的？	保留原题证据标注	13-audio/05-手机侧音频焦点与路由.md#Q7	executor	migrated
13-audio/06-audio-decisions.md	Q1	用户点击车机按钮播放 100 ms 音效，为什么不能先问“该用哪个播放器”？	todo		29888bf52ffd9f32	用户点击车机按钮播放 100 ms 音效，为什么不能先问“该用哪个播放器”？	move	09-audio/06-audio-decisions.md	Q1	用户点击车机按钮播放 100 ms 音效，为什么不能先问“该用哪个播放器”？	保留原题证据标注	13-audio/06-audio-decisions.md#Q1	executor	migrated
13-audio/06-audio-decisions.md	Q2	点击音效与音乐“混声、压低、暂停、拒绝”分别是哪层决定的？	todo		fbc5c5990528d1e1	点击音效与音乐“混声、压低、暂停、拒绝”分别是哪层决定的？	move	09-audio/06-audio-decisions.md	Q2	点击音效与音乐“混声、压低、暂停、拒绝”分别是哪层决定的？	保留原题证据标注	13-audio/06-audio-decisions.md#Q2	executor	migrated
13-audio/06-audio-decisions.md	Q3	媒体正在播放时，一个普通 `SYSTEM_SOUND` 点击音默认会抢焦还是共存？	todo		8684f09804b938bc	媒体正在播放时，一个普通 `SYSTEM_SOUND` 点击音默认会抢焦还是共存？	move	09-audio/06-audio-decisions.md	Q3	媒体正在播放时，一个普通 `SYSTEM_SOUND` 点击音默认会抢焦还是共存？	保留原题证据标注	13-audio/06-audio-decisions.md#Q3	executor	migrated
13-audio/06-audio-decisions.md	Q4	为什么“焦点授予”仍可能无声，“焦点失败”却可能听见声？	todo		21d5b6a77634abab	为什么“焦点授予”仍可能无声，“焦点失败”却可能听见声？	move	09-audio/06-audio-decisions.md	Q4	为什么“焦点授予”仍可能无声，“焦点失败”却可能听见声？	保留原题证据标注	13-audio/06-audio-decisions.md#Q4	executor	migrated
13-audio/06-audio-decisions.md	Q5	车机界面里的“当前音源”与 AudioFocusInfo 的“当前持焦者”为什么不一定相同？	todo		bbb444e87840259b	车机界面里的“当前音源”与 AudioFocusInfo 的“当前持焦者”为什么不一定相同？	move	09-audio/06-audio-decisions.md	Q5	车机界面里的“当前音源”与 AudioFocusInfo 的“当前持焦者”为什么不一定相同？	保留原题证据标注	13-audio/06-audio-decisions.md#Q5	executor	migrated
13-audio/06-audio-decisions.md	Q6	FM 收音机等 Android 外部音源如何参与焦点，是否必须把模拟/数字音频送进 AudioFlinger？	todo		6dfd595ed8fb6627	FM 收音机等 Android 外部音源如何参与焦点，是否必须把模拟/数字音频送进 AudioFlinger？	move	09-audio/06-audio-decisions.md	Q6	FM 收音机等 Android 外部音源如何参与焦点，是否必须把模拟/数字音频送进 AudioFlinger？	保留原题证据标注	13-audio/06-audio-decisions.md#Q6	executor	migrated
13-audio/07-focus-api.md	Q1	应用要开始一段声音，AudioManager、AudioAttributes、AudioFocusRequest 各负责什么？	todo		031eb8fe89561dc3	应用要开始一段声音，AudioManager、AudioAttributes、AudioFocusRequest 各负责什么？	move	09-audio/07-focus-api.md	Q1	应用要开始一段声音，AudioManager、AudioAttributes、AudioFocusRequest 各负责什么？	保留原题证据标注	13-audio/07-focus-api.md#Q1	executor	migrated
13-audio/07-focus-api.md	Q2	如何写一个与播放器解耦、能用于短时音效的焦点控制器？	todo		4efcec4a48401f47	如何写一个与播放器解耦、能用于短时音效的焦点控制器？	move	09-audio/07-focus-api.md	Q2	如何写一个与播放器解耦、能用于短时音效的焦点控制器？	保留原题证据标注	13-audio/07-focus-api.md#Q2	executor	migrated
13-audio/07-focus-api.md	Q3	媒体应用收到 loss、transient loss、duckable loss 时，何时恢复？	todo		bbb1532ba0b3fe3d	媒体应用收到 loss、transient loss、duckable loss 时，何时恢复？	move	09-audio/07-focus-api.md	Q3	媒体应用收到 loss、transient loss、duckable loss 时，何时恢复？	保留原题证据标注	13-audio/07-focus-api.md#Q3	executor	migrated
13-audio/07-focus-api.md	Q4	车机焦点被拒或延迟时，应用界面应如何呈现？	todo		f94392a235de2846	车机焦点被拒或延迟时，应用界面应如何呈现？	move	09-audio/07-focus-api.md	Q4	车机焦点被拒或延迟时，应用界面应如何呈现？	保留原题证据标注	13-audio/07-focus-api.md#Q4	executor	migrated
13-audio/08-focus-flow.md	Q1	应用调用 requestAudioFocus 后，谁真正管理焦点？为什么同时出现 AudioManager、AudioService 和 CarAudioService？	todo		878c32f3e07b0208	应用调用 requestAudioFocus 后，谁真正管理焦点？为什么同时出现 AudioManager、AudioService 和 CarAudioService？	move	09-audio/08-focus-flow.md	Q1	应用调用 requestAudioFocus 后，谁真正管理焦点？为什么同时出现 AudioManager、AudioService 和 CarAudioService？	保留原题证据标注	13-audio/08-focus-flow.md#Q1	executor	migrated
13-audio/08-focus-flow.md	Q2	为什么不能把手机焦点栈与 AAOS 焦点矩阵混为一谈？	todo		842d76d0bfcd7810	为什么不能把手机焦点栈与 AAOS 焦点矩阵混为一谈？	move	09-audio/08-focus-flow.md	Q2	为什么不能把手机焦点栈与 AAOS 焦点矩阵混为一谈？	保留原题证据标注	13-audio/08-focus-flow.md#Q2	executor	migrated
13-audio/08-focus-flow.md	Q3	焦点请求的 clientId、监听器、UID、package 和 AudioAttributes 在跨进程过程中各有什么用？	todo		079e3b3cfe2db5a5	焦点请求的 clientId、监听器、UID、package 和 AudioAttributes 在跨进程过程中各有什么用？	move	09-audio/08-focus-flow.md	Q3	焦点请求的 clientId、监听器、UID、package 和 AudioAttributes 在跨进程过程中各有什么用？	保留原题证据标注	13-audio/08-focus-flow.md#Q3	executor	migrated
13-audio/08-focus-flow.md	Q4	一次短音效先返回 GRANTED，随后媒体没有停，是谁“没处理焦点”？	todo		a0e5bf1faf5278eb	一次短音效先返回 GRANTED，随后媒体没有停，是谁“没处理焦点”？	move	09-audio/08-focus-flow.md	Q4	一次短音效先返回 GRANTED，随后媒体没有停，是谁“没处理焦点”？	保留原题证据标注	13-audio/08-focus-flow.md#Q4	executor	migrated
13-audio/09-car-focus.md	Q1	CarAudioContext 与 AudioAttributes.usage 为什么都要有，矩阵又怎样查？	todo		02358b8411f1b1ca	CarAudioContext 与 AudioAttributes.usage 为什么都要有，矩阵又怎样查？	move	09-audio/09-car-focus.md	Q1	CarAudioContext 与 AudioAttributes.usage 为什么都要有，矩阵又怎样查？	保留原题证据标注	13-audio/09-car-focus.md#Q1	executor	migrated
13-audio/09-car-focus.md	Q2	默认矩阵说 CONCURRENT，为什么新请求还是可能让旧媒体失焦？	todo		5739e5fb1f39946c	默认矩阵说 CONCURRENT，为什么新请求还是可能让旧媒体失焦？	move	09-audio/09-car-focus.md	Q2	默认矩阵说 CONCURRENT，为什么新请求还是可能让旧媒体失焦？	保留原题证据标注	13-audio/09-car-focus.md#Q2	executor	migrated
13-audio/09-car-focus.md	Q3	车机同时有音乐、导航、点击音三名请求者，为什么不能只查两两矩阵中的一格？	todo		e815a424693b4ae5	车机同时有音乐、导航、点击音三名请求者，为什么不能只查两两矩阵中的一格？	move	09-audio/09-car-focus.md	Q3	车机同时有音乐、导航、点击音三名请求者，为什么不能只查两两矩阵中的一格？	保留原题证据标注	13-audio/09-car-focus.md#Q3	executor	migrated
13-audio/09-car-focus.md	Q4	同一辆车主驾听音乐、副驾播视频，为什么副驾请求通常不抢主驾焦点？	todo		fdfcc6306819010a	同一辆车主驾听音乐、副驾播视频，为什么副驾请求通常不抢主驾焦点？	move	09-audio/09-car-focus.md	Q4	同一辆车主驾听音乐、副驾播视频，为什么副驾请求通常不抢主驾焦点？	保留原题证据标注	13-audio/09-car-focus.md#Q4	executor	migrated
13-audio/09-car-focus.md	Q5	焦点何时 DELAYED，为什么短点击声不应排队？	todo		b000e3fd72fe3cac	焦点何时 DELAYED，为什么短点击声不应排队？	move	09-audio/09-car-focus.md	Q5	焦点何时 DELAYED，为什么短点击声不应排队？	保留原题证据标注	13-audio/09-car-focus.md#Q5	executor	migrated
13-audio/10-routing-volume.md	Q1	焦点获准之后，是什么把 `USAGE_ASSISTANCE_SONIFICATION` 送到某个 bus？	todo		f98b2208298dd367	焦点获准之后，是什么把 `USAGE_ASSISTANCE_SONIFICATION` 送到某个 bus？	move	09-audio/10-routing-volume.md	Q1	焦点获准之后，是什么把 `USAGE_ASSISTANCE_SONIFICATION` 送到某个 bus？	保留原题证据标注	13-audio/10-routing-volume.md#Q1	executor	migrated
13-audio/10-routing-volume.md	Q2	`car_audio_configuration.xml` 与 `audio_policy_configuration.xml` 为什么不能互相代替？	todo		c4bed1db58eefb79	`car_audio_configuration.xml` 与 `audio_policy_configuration.xml` 为什么不能互相代替？	move	09-audio/10-routing-volume.md	Q2	`car_audio_configuration.xml` 与 `audio_policy_configuration.xml` 为什么不能互相代替？	保留原题证据标注	13-audio/10-routing-volume.md#Q2	executor	migrated
13-audio/10-routing-volume.md	Q3	车机的“媒体音量”到底调什么，为什么同一只扬声器上的两种声不一定能单独 duck？	todo		f4c38e38f7cdb0a4	车机的“媒体音量”到底调什么，为什么同一只扬声器上的两种声不一定能单独 duck？	move	09-audio/10-routing-volume.md	Q3	车机的“媒体音量”到底调什么，为什么同一只扬声器上的两种声不一定能单独 duck？	保留原题证据标注	13-audio/10-routing-volume.md#Q3	executor	migrated
13-audio/10-routing-volume.md	Q4	“音源在副驾屏，却从主驾扬声器出声”应按什么顺序查？	todo		b66627fa73ab1ff7	“音源在副驾屏，却从主驾扬声器出声”应按什么顺序查？	move	09-audio/10-routing-volume.md	Q4	“音源在副驾屏，却从主驾扬声器出声”应按什么顺序查？	保留原题证据标注	13-audio/10-routing-volume.md#Q4	executor	migrated
13-audio/11-playback-hal.md	Q1	点击音与音乐用什么 API 播放，为什么“申请到焦点”仍不等于“播放器准备好了”？	todo		2615c1b7a405b2e4	点击音与音乐用什么 API 播放，为什么“申请到焦点”仍不等于“播放器准备好了”？	move	09-audio/11-playback-hal.md	Q1	点击音与音乐用什么 API 播放，为什么“申请到焦点”仍不等于“播放器准备好了”？	保留原题证据标注	13-audio/11-playback-hal.md#Q1	executor	migrated
13-audio/11-playback-hal.md	Q2	一路 PCM 从应用到喇叭的控制面与数据面分别走哪里？	todo		469bce3089afaa61	一路 PCM 从应用到喇叭的控制面与数据面分别走哪里？	merge	09-audio/04-audio-latency.md	Q2		控制面/数据面同题，设备面补充并入 03 册 Q2 答案	13-audio/03-音频延迟与应用实践.md#Q2	executor	migrated
13-audio/11-playback-hal.md	Q3	Audio HAL 与 AudioControl HAL 听起来很像，职责如何划分？	todo		6782af64f71df918	Audio HAL 与 AudioControl HAL 听起来很像，职责如何划分？	move	09-audio/11-playback-hal.md	Q2	Audio HAL 与 AudioControl HAL 听起来很像，职责如何划分？	保留原题证据标注	13-audio/11-playback-hal.md#Q3	executor	migrated
13-audio/11-playback-hal.md	Q4	音乐和导航已经“并发持焦”，什么时候在 Android 混合，什么时候在车载 DSP 混合？	todo		2434cf3d14743d01	音乐和导航已经“并发持焦”，什么时候在 Android 混合，什么时候在车载 DSP 混合？	move	09-audio/11-playback-hal.md	Q3	音乐和导航已经“并发持焦”，什么时候在 Android 混合，什么时候在车载 DSP 混合？	保留原题证据标注	13-audio/11-playback-hal.md#Q4	executor	migrated
13-audio/11-playback-hal.md	Q5	为什么“duck 指令发了，媒体却没变小”要查 HAL 版本和配置？	todo		a03ed93e939d8ac6	为什么“duck 指令发了，媒体却没变小”要查 HAL 版本和配置？	move	09-audio/11-playback-hal.md	Q4	为什么“duck 指令发了，媒体却没变小”要查 HAL 版本和配置？	保留原题证据标注	13-audio/11-playback-hal.md#Q5	executor	migrated
13-audio/12-diagnostics.md	Q1	要证明“点击音与媒体如何共存”，最少应设计哪些对照实验？	todo		702bb4ee179f7408	要证明“点击音与媒体如何共存”，最少应设计哪些对照实验？	move	09-audio/12-diagnostics.md	Q1	要证明“点击音与媒体如何共存”，最少应设计哪些对照实验？	保留原题证据标注	13-audio/12-diagnostics.md#Q1	executor	migrated
13-audio/12-diagnostics.md	Q2	一次点击无声，怎样按层定位，而不是马上改 SoundPool 或 HAL？	todo		7062758875fa2265	一次点击无声，怎样按层定位，而不是马上改 SoundPool 或 HAL？	move	09-audio/12-diagnostics.md	Q2	一次点击无声，怎样按层定位，而不是马上改 SoundPool 或 HAL？	保留原题证据标注	13-audio/12-diagnostics.md#Q2	executor	migrated
13-audio/12-diagnostics.md	Q3	哪些 dumpsys 能分别回答焦点、路由与混音问题？	todo		9571605a45e94778	哪些 dumpsys 能分别回答焦点、路由与混音问题？	move	09-audio/12-diagnostics.md	Q3	哪些 dumpsys 能分别回答焦点、路由与混音问题？	保留原题证据标注	13-audio/12-diagnostics.md#Q3	executor	migrated
13-audio/12-diagnostics.md	Q4	播放器确实 STARTED、焦点 GRANTED，为什么要检查“音效 usage 与焦点 usage 不一致”？	todo		b55c2c96ab64827d	播放器确实 STARTED、焦点 GRANTED，为什么要检查“音效 usage 与焦点 usage 不一致”？	move	09-audio/12-diagnostics.md	Q4	播放器确实 STARTED、焦点 GRANTED，为什么要检查“音效 usage 与焦点 usage 不一致”？	保留原题证据标注	13-audio/12-diagnostics.md#Q4	executor	migrated
13-audio/12-diagnostics.md	Q5	“音乐被压低却没有 Android 播放器请求焦点”还应查哪里？	todo		eecd9726b95e3c92	“音乐被压低却没有 Android 播放器请求焦点”还应查哪里？	move	09-audio/12-diagnostics.md	Q5	“音乐被压低却没有 Android 播放器请求焦点”还应查哪里？	保留原题证据标注	13-audio/12-diagnostics.md#Q5	executor	migrated
13-audio/12-diagnostics.md	Q6	AAOS 13 文档与网上新版文章对不上时，先核哪些版本边界？	todo		d56f0ece30f6c224	AAOS 13 文档与网上新版文章对不上时，先核哪些版本边界？	move	09-audio/12-diagnostics.md	Q6	AAOS 13 文档与网上新版文章对不上时，先核哪些版本边界？	保留原题证据标注	13-audio/12-diagnostics.md#Q6	executor	migrated
14-network/01-Android网络框架.md	Q1	"ConnectivityManager 报告""已连接""意味着什么？为什么 isConnected() 被废弃？"	todo		274237e05f7c478b	"ConnectivityManager 报告""已连接""意味着什么？为什么 isConnected() 被废弃？"	keep	08-network/01-network-framework.md	Q1	"ConnectivityManager 报告""已连接""意味着什么？为什么 isConnected() 被废弃？"	保留原题证据标注	14-network/01-Android网络框架.md#Q1	executor	migrated
14-network/01-Android网络框架.md	Q2	"默认网络怎么选出来？为什么连上新 Wi-Fi 会""自己切回去""？"	todo		6ad980c35cccaf70	"默认网络怎么选出来？为什么连上新 Wi-Fi 会""自己切回去""？"	keep	08-network/01-network-framework.md	Q2	"默认网络怎么选出来？为什么连上新 Wi-Fi 会""自己切回去""？"	保留原题证据标注	14-network/01-Android网络框架.md#Q2	executor	migrated
14-network/01-Android网络框架.md	Q3	"应用怎么把流量固定到某个网络？有哪些""绑不住""的例外？"	todo		9a6fa2ca51941c64	"应用怎么把流量固定到某个网络？有哪些""绑不住""的例外？"	keep	08-network/01-network-framework.md	Q3	"应用怎么把流量固定到某个网络？有哪些""绑不住""的例外？"	保留原题证据标注	14-network/01-Android网络框架.md#Q3	executor	migrated
14-network/01-Android网络框架.md	Q4	Android 的 DNS 解析走哪条链路？Private DNS 是什么？	todo		10633a981e3361d6	Android 的 DNS 解析走哪条链路？Private DNS 是什么？	keep	08-network/01-network-framework.md	Q4	Android 的 DNS 解析走哪条链路？Private DNS 是什么？	保留原题证据标注	14-network/01-Android网络框架.md#Q4	executor	migrated
14-network/01-Android网络框架.md	Q5	"Android 的策略路由怎么组织？""一张网卡一个路由表""对应用意味着什么？"	todo		d177f2a4c5a7e742	"Android 的策略路由怎么组织？""一张网卡一个路由表""对应用意味着什么？"	keep	08-network/01-network-framework.md	Q5	"Android 的策略路由怎么组织？""一张网卡一个路由表""对应用意味着什么？"	保留原题证据标注	14-network/01-Android网络框架.md#Q5	executor	migrated
14-network/01-Android网络框架.md	Q6	车机以太网在 Android 里是什么形态？与 Wi-Fi/蜂窝在框架里同权吗？	todo		6f05adbd304173ec	车机以太网在 Android 里是什么形态？与 Wi-Fi/蜂窝在框架里同权吗？	keep	08-network/01-network-framework.md	Q6	车机以太网在 Android 里是什么形态？与 Wi-Fi/蜂窝在框架里同权吗？	保留原题证据标注	14-network/01-Android网络框架.md#Q6	executor	migrated
14-network/01-Android网络框架.md	Q7	网络切换瞬间，旧网络上的套接字会怎样？应用该怎么写重连？	todo		6cfb7a0d92461833	网络切换瞬间，旧网络上的套接字会怎样？应用该怎么写重连？	keep	08-network/01-network-framework.md	Q7	网络切换瞬间，旧网络上的套接字会怎样？应用该怎么写重连？	保留原题证据标注	14-network/01-Android网络框架.md#Q7	executor	migrated
14-network/01-Android网络框架.md	Q8	dumpsys connectivity 排查网络问题先看什么？	todo		b4c1ffa6e34129a9	dumpsys connectivity 排查网络问题先看什么？	keep	08-network/01-network-framework.md	Q8	dumpsys connectivity 排查网络问题先看什么？	保留原题证据标注	14-network/01-Android网络框架.md#Q8	executor	migrated
14-network/01-Android网络框架.md	Q9	"VALIDATED 探测是怎么做的？私网-only 环境永远""未验证""，应用该怎么判断可用性？"	todo		4bc0f74b5f368a93	"VALIDATED 探测是怎么做的？私网-only 环境永远""未验证""，应用该怎么判断可用性？"	keep	08-network/01-network-framework.md	Q9	"VALIDATED 探测是怎么做的？私网-only 环境永远""未验证""，应用该怎么判断可用性？"	保留原题证据标注	14-network/01-Android网络框架.md#Q9	executor	migrated
14-network/01-Android网络框架.md	Q10	"一条底层链路要怎么才能变成""框架可见的网络""？NetworkAgent 扮演什么角色？"	todo		9af69984c940fd05	"一条底层链路要怎么才能变成""框架可见的网络""？NetworkAgent 扮演什么角色？"	keep	08-network/01-network-framework.md	Q10	"一条底层链路要怎么才能变成""框架可见的网络""？NetworkAgent 扮演什么角色？"	保留原题证据标注	14-network/01-Android网络框架.md#Q10	executor	migrated
14-network/01-Android网络框架.md	Q11	"应用发出 NetworkRequest 之后，""网络""是怎么被拉起来的？"	todo		613927de50b295fa	"应用发出 NetworkRequest 之后，""网络""是怎么被拉起来的？"	keep	08-network/01-network-framework.md	Q11	"应用发出 NetworkRequest 之后，""网络""是怎么被拉起来的？"	保留原题证据标注	14-network/01-Android网络框架.md#Q11	executor	migrated
14-network/01-Android网络框架.md	Q12	netd 在网络管理面还管什么？带宽控制怎么实现？	todo		8ae9fbcc8056fa30	netd 在网络管理面还管什么？带宽控制怎么实现？	keep	08-network/01-network-framework.md	Q12	netd 在网络管理面还管什么？带宽控制怎么实现？	保留原题证据标注	14-network/01-Android网络框架.md#Q12	executor	migrated
14-network/01-Android网络框架.md	Q13	"按流量计费的网络，应用该怎么适配？""连着 Wi-Fi""为什么不可信？"	todo		96a5f5a8309b8f5b	"按流量计费的网络，应用该怎么适配？""连着 Wi-Fi""为什么不可信？"	keep	08-network/01-network-framework.md	Q13	"按流量计费的网络，应用该怎么适配？""连着 Wi-Fi""为什么不可信？"	保留原题证据标注	14-network/01-Android网络框架.md#Q13	executor	migrated
14-network/01-Android网络框架.md	Q14	"Android 的系统代理体系怎么工作？为什么""设了代理抓不到包""？"	todo		600ca585d99cdbcb	"Android 的系统代理体系怎么工作？为什么""设了代理抓不到包""？"	keep	08-network/01-network-framework.md	Q14	"Android 的系统代理体系怎么工作？为什么""设了代理抓不到包""？"	保留原题证据标注	14-network/01-Android网络框架.md#Q14	executor	migrated
14-network/01-Android网络框架.md	Q15	验证探测地址本身不可达会怎样？这个地址能改吗？	todo		a802dd508cbb591d	验证探测地址本身不可达会怎样？这个地址能改吗？	keep	08-network/01-network-framework.md	Q15	验证探测地址本身不可达会怎样？这个地址能改吗？	保留原题证据标注	14-network/01-Android网络框架.md#Q15	executor	migrated
14-network/01-Android网络框架.md	Q16	"网络相关的系统权限阶梯是什么？OEM 应用为什么""改不动""网络设置？"	todo		d2960921d3d8e9de	"网络相关的系统权限阶梯是什么？OEM 应用为什么""改不动""网络设置？"	keep	08-network/01-network-framework.md	Q16	"网络相关的系统权限阶梯是什么？OEM 应用为什么""改不动""网络设置？"	保留原题证据标注	14-network/01-Android网络框架.md#Q16	executor	migrated
14-network/02-车机多APN与虚拟网卡.md	Q1	Android 里多个 APN 在底层长什么样？框架怎么管理？	todo		bfb7688c52b3a73e	Android 里多个 APN 在底层长什么样？框架怎么管理？	keep	08-network/06-multi-apn-veth.md	Q1	Android 里多个 APN 在底层长什么样？框架怎么管理？	保留原题证据标注	14-network/02-车机多APN与虚拟网卡.md#Q1	executor	migrated
14-network/02-车机多APN与虚拟网卡.md	Q2	虚拟网卡→物理蜂窝网卡的隔离拓扑怎么读？为什么要引入 veth？	todo		9fd2dee4f711863a	虚拟网卡→物理蜂窝网卡的隔离拓扑怎么读？为什么要引入 veth？	keep	08-network/06-multi-apn-veth.md	Q2	虚拟网卡→物理蜂窝网卡的隔离拓扑怎么读？为什么要引入 veth？	保留原题证据标注	14-network/02-车机多APN与虚拟网卡.md#Q2	executor	migrated
14-network/02-车机多APN与虚拟网卡.md	Q3	应用怎么把流量绑定到指定网卡？Java 层 Network 绑定与内核 SO_BINDTODEVICE 是两套什么机制？	todo		53aebad6bcf35693	应用怎么把流量绑定到指定网卡？Java 层 Network 绑定与内核 SO_BINDTODEVICE 是两套什么机制？	keep	08-network/06-multi-apn-veth.md	Q3	应用怎么把流量绑定到指定网卡？Java 层 Network 绑定与内核 SO_BINDTODEVICE 是两套什么机制？	保留原题证据标注	14-network/02-车机多APN与虚拟网卡.md#Q3	executor	migrated
14-network/02-车机多APN与虚拟网卡.md	Q4	veth + SNAT 的数据路径里，SNAT 解决什么？为什么虚拟网关地址固定、物理地址可变？	todo		b28b7e740bbe91bb	veth + SNAT 的数据路径里，SNAT 解决什么？为什么虚拟网关地址固定、物理地址可变？	keep	08-network/06-multi-apn-veth.md	Q4	veth + SNAT 的数据路径里，SNAT 解决什么？为什么虚拟网关地址固定、物理地址可变？	保留原题证据标注	14-network/02-车机多APN与虚拟网卡.md#Q4	executor	migrated
14-network/02-车机多APN与虚拟网卡.md	Q5	"多 APN 下 DNS 为什么会""串""？私网域名的解析怎么保证走私网 DNS？"	todo		27d0fd5b3fc80288	"多 APN 下 DNS 为什么会""串""？私网域名的解析怎么保证走私网 DNS？"	keep	08-network/06-multi-apn-veth.md	Q5	"多 APN 下 DNS 为什么会""串""？私网域名的解析怎么保证走私网 DNS？"	保留原题证据标注	14-network/02-车机多APN与虚拟网卡.md#Q5	executor	migrated
14-network/02-车机多APN与虚拟网卡.md	Q6	解析成功但业务不通在多 APN 环境怎么定位？	todo		db6623c9e707a0ca	解析成功但业务不通在多 APN 环境怎么定位？	keep	08-network/06-multi-apn-veth.md	Q6	解析成功但业务不通在多 APN 环境怎么定位？	保留原题证据标注	14-network/02-车机多APN与虚拟网卡.md#Q6	executor	migrated
14-network/02-车机多APN与虚拟网卡.md	Q7	双公网链路（双卡双通）怎么做无缝切换？	todo		9576d28abac2cb60	双公网链路（双卡双通）怎么做无缝切换？	keep	08-network/06-multi-apn-veth.md	Q7	双公网链路（双卡双通）怎么做无缝切换？	保留原题证据标注	14-network/02-车机多APN与虚拟网卡.md#Q7	executor	migrated
14-network/02-车机多APN与虚拟网卡.md	Q8	车机上网有哪两种形态？本项目属于哪种？	todo		0075edba1241d6cf	车机上网有哪两种形态？本项目属于哪种？	keep	08-network/06-multi-apn-veth.md	Q8	车机上网有哪两种形态？本项目属于哪种？	保留原题证据标注	14-network/02-车机多APN与虚拟网卡.md#Q8	executor	migrated
14-network/02-车机多APN与虚拟网卡.md	Q9	多 APN 私网隔离的安全设计要点是什么？	todo		b478a3982a1d4796	多 APN 私网隔离的安全设计要点是什么？	keep	08-network/06-multi-apn-veth.md	Q9	多 APN 私网隔离的安全设计要点是什么？	保留原题证据标注	14-network/02-车机多APN与虚拟网卡.md#Q9	executor	migrated
14-network/02-车机多APN与虚拟网卡.md	Q10	排查这类多网卡车机网络，随身工具箱有哪些？	todo		f9e64cfd60a4e01c	排查这类多网卡车机网络，随身工具箱有哪些？	keep	08-network/06-multi-apn-veth.md	Q10	排查这类多网卡车机网络，随身工具箱有哪些？	保留原题证据标注	14-network/02-车机多APN与虚拟网卡.md#Q10	executor	migrated
14-network/02-车机多APN与虚拟网卡.md	Q11	多 APN 的配置从哪里下发？OEM 定制走哪条链？	todo		6a8153030375b25e	多 APN 的配置从哪里下发？OEM 定制走哪条链？	keep	08-network/06-multi-apn-veth.md	Q11	多 APN 的配置从哪里下发？OEM 定制走哪条链？	保留原题证据标注	14-network/02-车机多APN与虚拟网卡.md#Q11	executor	migrated
14-network/02-车机多APN与虚拟网卡.md	Q12	"车机流量怎么管""用量与超限""？流量策略在哪一层生效？"	todo		541aebe62a22eb13	"车机流量怎么管""用量与超限""？流量策略在哪一层生效？"	keep	08-network/06-multi-apn-veth.md	Q12	"车机流量怎么管""用量与超限""？流量策略在哪一层生效？"	保留原题证据标注	14-network/02-车机多APN与虚拟网卡.md#Q12	executor	migrated
14-network/02-车机多APN与虚拟网卡.md	Q13	蜂窝走向 IPv6-only，车机的 v4 私网服务怎么办？CLAT 是什么？	todo		ce83ca506fdc1fa8	蜂窝走向 IPv6-only，车机的 v4 私网服务怎么办？CLAT 是什么？	keep	08-network/06-multi-apn-veth.md	Q13	蜂窝走向 IPv6-only，车机的 v4 私网服务怎么办？CLAT 是什么？	保留原题证据标注	14-network/02-车机多APN与虚拟网卡.md#Q13	executor	migrated
14-network/02-车机多APN与虚拟网卡.md	Q14	OTA/地图包这类大文件下载，网络策略怎么设计才不踩坑？	todo		a55b7c8e96362bae	OTA/地图包这类大文件下载，网络策略怎么设计才不踩坑？	keep	08-network/06-multi-apn-veth.md	Q14	OTA/地图包这类大文件下载，网络策略怎么设计才不踩坑？	保留原题证据标注	14-network/02-车机多APN与虚拟网卡.md#Q14	executor	migrated
14-network/02-车机多APN与虚拟网卡.md	Q15	车云 MQTT 通道（TSP/EMQX 类）怎么设计才能在弱网与休眠下不丢指令？	todo		93c11657fd4f38e0	车云 MQTT 通道（TSP/EMQX 类）怎么设计才能在弱网与休眠下不丢指令？	keep	08-network/06-multi-apn-veth.md	Q15	车云 MQTT 通道（TSP/EMQX 类）怎么设计才能在弱网与休眠下不丢指令？	保留原题证据标注	14-network/02-车机多APN与虚拟网卡.md#Q15	executor	migrated
14-network/02-车机多APN与虚拟网卡.md	Q16	APN 激活失败怎么按错误码排查？	todo		d3fe477974e560ec	APN 激活失败怎么按错误码排查？	keep	08-network/06-multi-apn-veth.md	Q16	APN 激活失败怎么按错误码排查？	保留原题证据标注	14-network/02-车机多APN与虚拟网卡.md#Q16	executor	migrated
14-network/02-车机多APN与虚拟网卡.md	Q17	多业务要二层隔离时，VLAN 子接口在 Android 侧怎么落地？	todo		970156e3cb7e2550	多业务要二层隔离时，VLAN 子接口在 Android 侧怎么落地？	keep	08-network/06-multi-apn-veth.md	Q17	多业务要二层隔离时，VLAN 子接口在 Android 侧怎么落地？	保留原题证据标注	14-network/02-车机多APN与虚拟网卡.md#Q17	executor	migrated
14-network/02-车机多APN与虚拟网卡.md	Q18	"连接正常但业务数据""莫名其妙被改""——NAT/ALG 会破坏私有协议吗？"	todo		e25fc24ec7bdadbf	"连接正常但业务数据""莫名其妙被改""——NAT/ALG 会破坏私有协议吗？"	keep	08-network/06-multi-apn-veth.md	Q18	"连接正常但业务数据""莫名其妙被改""——NAT/ALG 会破坏私有协议吗？"	保留原题证据标注	14-network/02-车机多APN与虚拟网卡.md#Q18	executor	migrated
14-network/02-车机多APN与虚拟网卡.md	Q19	手机想直连家里的车机（两端都在 NAT 后），怎么打洞？	todo		d0c11db3762c2f42	手机想直连家里的车机（两端都在 NAT 后），怎么打洞？	keep	08-network/06-multi-apn-veth.md	Q19	手机想直连家里的车机（两端都在 NAT 后），怎么打洞？	保留原题证据标注	14-network/02-车机多APN与虚拟网卡.md#Q19	executor	migrated
14-network/03-Android-VPN.md	Q1	VpnService 的数据面原理是什么？为什么说一个系统同时只有一个活跃 VPN？	todo		4dc85919417a48df	VpnService 的数据面原理是什么？为什么说一个系统同时只有一个活跃 VPN？	keep	08-network/05-vpn.md	Q1	VpnService 的数据面原理是什么？为什么说一个系统同时只有一个活跃 VPN？	保留原题证据标注	14-network/03-Android-VPN.md#Q1	executor	migrated
14-network/03-Android-VPN.md	Q2	"Builder 的 addAddress/addRoute/addDnsServer 各决定什么？""DNS 泄漏""是怎么发生的？"	todo		66a8432e38308c7e	"Builder 的 addAddress/addRoute/addDnsServer 各决定什么？""DNS 泄漏""是怎么发生的？"	keep	08-network/05-vpn.md	Q2	"Builder 的 addAddress/addRoute/addDnsServer 各决定什么？""DNS 泄漏""是怎么发生的？"	保留原题证据标注	14-network/03-Android-VPN.md#Q2	executor	migrated
14-network/03-Android-VPN.md	Q3	VPN 应用自己连服务器为什么必须 protect()？漏掉的典型场景是什么？	todo		a4441f8dbc42c105	VPN 应用自己连服务器为什么必须 protect()？漏掉的典型场景是什么？	keep	08-network/05-vpn.md	Q3	VPN 应用自己连服务器为什么必须 protect()？漏掉的典型场景是什么？	保留原题证据标注	14-network/03-Android-VPN.md#Q3	executor	migrated
14-network/03-Android-VPN.md	Q4	分应用 VPN 怎么配？有哪些互相矛盾与不自洽的坑？	todo		b49fbc0018e599db	分应用 VPN 怎么配？有哪些互相矛盾与不自洽的坑？	keep	08-network/05-vpn.md	Q4	分应用 VPN 怎么配？有哪些互相矛盾与不自洽的坑？	保留原题证据标注	14-network/03-Android-VPN.md#Q4	executor	migrated
14-network/03-Android-VPN.md	Q5	always-on 与 lockdown 是什么？对 VPN 应用有什么强制要求？	todo		a0373e851c4a5a13	always-on 与 lockdown 是什么？对 VPN 应用有什么强制要求？	keep	08-network/05-vpn.md	Q5	always-on 与 lockdown 是什么？对 VPN 应用有什么强制要求？	保留原题证据标注	14-network/03-Android-VPN.md#Q5	executor	migrated
14-network/03-Android-VPN.md	Q6	平台级 VPN（Ikev2VpnProfile/VpnManager）与自研 VpnService 怎么选？	todo		ed4ea72f09c12a14	平台级 VPN（Ikev2VpnProfile/VpnManager）与自研 VpnService 怎么选？	keep	08-network/05-vpn.md	Q6	平台级 VPN（Ikev2VpnProfile/VpnManager）与自研 VpnService 怎么选？	保留原题证据标注	14-network/03-Android-VPN.md#Q6	executor	migrated
14-network/03-Android-VPN.md	Q7	车机上 VPN 与多 APN/多网卡怎么共存？谁的路由优先？	todo		a6be71975f4cd6cd	车机上 VPN 与多 APN/多网卡怎么共存？谁的路由优先？	keep	08-network/05-vpn.md	Q7	车机上 VPN 与多 APN/多网卡怎么共存？谁的路由优先？	保留原题证据标注	14-network/03-Android-VPN.md#Q7	executor	migrated
14-network/03-Android-VPN.md	Q8	VPN 应用的常见故障怎么按生命周期归位？	todo		74efc10b5a2f819c	VPN 应用的常见故障怎么按生命周期归位？	keep	08-network/05-vpn.md	Q8	VPN 应用的常见故障怎么按生命周期归位？	保留原题证据标注	14-network/03-Android-VPN.md#Q8	executor	migrated
14-network/03-Android-VPN.md	Q9	VPN 的配置存哪里、诊断看哪里？	todo		eb6f0c5058c6b652	VPN 的配置存哪里、诊断看哪里？	keep	08-network/05-vpn.md	Q9	VPN 的配置存哪里、诊断看哪里？	保留原题证据标注	14-network/03-Android-VPN.md#Q9	executor	migrated
14-network/03-Android-VPN.md	Q10	"VPN 隧道下""小包通、大包不通""——tun MTU 与分片黑洞怎么破？"	todo		8edd6e720b608e74	"VPN 隧道下""小包通、大包不通""——tun MTU 与分片黑洞怎么破？"	keep	08-network/05-vpn.md	Q10	"VPN 隧道下""小包通、大包不通""——tun MTU 与分片黑洞怎么破？"	保留原题证据标注	14-network/03-Android-VPN.md#Q10	executor	migrated
14-network/04-蜂窝数据与无线连接.md	Q1	APN 配置从哪里来？类型有哪些、各干什么用？	todo		8651f62341903e14	APN 配置从哪里来？类型有哪些、各干什么用？	keep	08-network/02-cellular-wireless.md	Q1	APN 配置从哪里来？类型有哪些、各干什么用？	保留原题证据标注	14-network/04-蜂窝数据与无线连接.md#Q1	executor	migrated
14-network/04-蜂窝数据与无线连接.md	Q2	Android 12 起蜂窝数据栈重写后的模型是什么？	todo		e3e31e28b2b2c2e5	Android 12 起蜂窝数据栈重写后的模型是什么？	keep	08-network/02-cellular-wireless.md	Q2	Android 12 起蜂窝数据栈重写后的模型是什么？	保留原题证据标注	14-network/04-蜂窝数据与无线连接.md#Q2	executor	migrated
14-network/04-蜂窝数据与无线连接.md	Q3	"数据开关有哪几层？""某个应用被禁网""是怎么回事？"	todo		da896dfaf5f2b200	"数据开关有哪几层？""某个应用被禁网""是怎么回事？"	keep	08-network/02-cellular-wireless.md	Q3	"数据开关有哪几层？""某个应用被禁网""是怎么回事？"	保留原题证据标注	14-network/04-蜂窝数据与无线连接.md#Q3	executor	migrated
14-network/04-蜂窝数据与无线连接.md	Q4	信号满格但没网怎么验证到系统层？	todo		b0cbf5c213b9f186	信号满格但没网怎么验证到系统层？	keep	08-network/02-cellular-wireless.md	Q4	信号满格但没网怎么验证到系统层？	保留原题证据标注	14-network/04-蜂窝数据与无线连接.md#Q4	executor	migrated
14-network/04-蜂窝数据与无线连接.md	Q5	热点与网络共享在车机上怎么做？有哪些配额问题？	todo		259b76f782417d33	热点与网络共享在车机上怎么做？有哪些配额问题？	keep	08-network/02-cellular-wireless.md	Q5	热点与网络共享在车机上怎么做？有哪些配额问题？	保留原题证据标注	14-network/04-蜂窝数据与无线连接.md#Q5	executor	migrated
14-network/04-蜂窝数据与无线连接.md	Q6	Wi-Fi 的编程面有哪些？扫描节流是什么坑？	todo		4b5a71ab929f59c4	Wi-Fi 的编程面有哪些？扫描节流是什么坑？	keep	08-network/02-cellular-wireless.md	Q6	Wi-Fi 的编程面有哪些？扫描节流是什么坑？	保留原题证据标注	14-network/04-蜂窝数据与无线连接.md#Q6	executor	migrated
14-network/04-蜂窝数据与无线连接.md	Q7	"Network Security Config 管什么？""cleartext 被禁""怎么按域放行？"	todo		3c3218fb06d71009	"Network Security Config 管什么？""cleartext 被禁""怎么按域放行？"	keep	08-network/02-cellular-wireless.md	Q7	"Network Security Config 管什么？""cleartext 被禁""怎么按域放行？"	保留原题证据标注	14-network/04-蜂窝数据与无线连接.md#Q7	executor	migrated
14-network/04-蜂窝数据与无线连接.md	Q8	网络切换后请求批量失败，网络库层面怎么治理？	todo		b1be3d2d0da3a2ad	网络切换后请求批量失败，网络库层面怎么治理？	keep	08-network/02-cellular-wireless.md	Q8	网络切换后请求批量失败，网络库层面怎么治理？	保留原题证据标注	14-network/04-蜂窝数据与无线连接.md#Q8	executor	migrated
14-network/04-蜂窝数据与无线连接.md	Q9	QUIC/HTTP3 在 Android 上怎么落地？什么场景值得上？	todo		7d59484af7b055bb	QUIC/HTTP3 在 Android 上怎么落地？什么场景值得上？	keep	08-network/02-cellular-wireless.md	Q9	QUIC/HTTP3 在 Android 上怎么落地？什么场景值得上？	保留原题证据标注	14-network/04-蜂窝数据与无线连接.md#Q9	executor	migrated
14-network/04-蜂窝数据与无线连接.md	Q10	"证书校验与 pinning 在""十年生命周期""的车机上有什么特殊的坑？"	todo		caa07803d2cc18db	"证书校验与 pinning 在""十年生命周期""的车机上有什么特殊的坑？"	keep	08-network/02-cellular-wireless.md	Q10	"证书校验与 pinning 在""十年生命周期""的车机上有什么特殊的坑？"	保留原题证据标注	14-network/04-蜂窝数据与无线连接.md#Q10	executor	migrated
14-network/04-蜂窝数据与无线连接.md	Q11	双卡设备的默认数据卡（DDS）切换，应用会感知到什么？	todo		929b53f0e22bd143	双卡设备的默认数据卡（DDS）切换，应用会感知到什么？	keep	08-network/02-cellular-wireless.md	Q11	双卡设备的默认数据卡（DDS）切换，应用会感知到什么？	保留原题证据标注	14-network/04-蜂窝数据与无线连接.md#Q11	executor	migrated
14-network/04-蜂窝数据与无线连接.md	Q12	"车机信号图标""5G""怎么判？为什么显示 5G 时查数据制式还是 LTE？"	todo		2f4b73eb87a234b2	"车机信号图标""5G""怎么判？为什么显示 5G 时查数据制式还是 LTE？"	keep	08-network/02-cellular-wireless.md	Q12	"车机信号图标""5G""怎么判？为什么显示 5G 时查数据制式还是 LTE？"	保留原题证据标注	14-network/04-蜂窝数据与无线连接.md#Q12	executor	migrated
14-network/04-蜂窝数据与无线连接.md	Q13	车机怎么接车厂/企业级 Wi-Fi（802.1X）？证书怎么下发与续期？	todo		9f44960004aaeee9	车机怎么接车厂/企业级 Wi-Fi（802.1X）？证书怎么下发与续期？	keep	08-network/02-cellular-wireless.md	Q13	车机怎么接车厂/企业级 Wi-Fi（802.1X）？证书怎么下发与续期？	保留原题证据标注	14-network/04-蜂窝数据与无线连接.md#Q13	executor	migrated
14-network/04-蜂窝数据与无线连接.md	Q14	modem/RIL 崩溃重启后，数据连接会怎样？应用怎么表现？	todo		9c692939c31a11cb	modem/RIL 崩溃重启后，数据连接会怎样？应用怎么表现？	keep	08-network/02-cellular-wireless.md	Q14	modem/RIL 崩溃重启后，数据连接会怎样？应用怎么表现？	保留原题证据标注	14-network/04-蜂窝数据与无线连接.md#Q14	executor	migrated
14-network/04-蜂窝数据与无线连接.md	Q15	信号强度怎么量化？业务自适应（如视频降码率）该拿什么做依据？	todo		f1ee9b23e8196c46	信号强度怎么量化？业务自适应（如视频降码率）该拿什么做依据？	keep	08-network/02-cellular-wireless.md	Q15	信号强度怎么量化？业务自适应（如视频降码率）该拿什么做依据？	保留原题证据标注	14-network/04-蜂窝数据与无线连接.md#Q15	executor	migrated
14-network/04-蜂窝数据与无线连接.md	Q16	车辆驶过园区多个 Wi-Fi AP 之间漫游，应用会感知到什么？	todo		0451ae6a85398f6c	车辆驶过园区多个 Wi-Fi AP 之间漫游，应用会感知到什么？	keep	08-network/02-cellular-wireless.md	Q16	车辆驶过园区多个 Wi-Fi AP 之间漫游，应用会感知到什么？	保留原题证据标注	14-network/04-蜂窝数据与无线连接.md#Q16	executor	migrated
14-network/04-蜂窝数据与无线连接.md	Q17	5G 网络切片（S-NSSAI）在 Android 上怎么用？车机 TSP 能靠它保障吗？	todo		40ed3b87358c687a	5G 网络切片（S-NSSAI）在 Android 上怎么用？车机 TSP 能靠它保障吗？	keep	08-network/02-cellular-wireless.md	Q17	5G 网络切片（S-NSSAI）在 Android 上怎么用？车机 TSP 能靠它保障吗？	保留原题证据标注	14-network/04-蜂窝数据与无线连接.md#Q17	executor	migrated
14-network/04-蜂窝数据与无线连接.md	Q18	车机怎么在城市运营商热点间自动切换？Passpoint 是什么？	todo		1a0f26a8df5ee0b9	车机怎么在城市运营商热点间自动切换？Passpoint 是什么？	keep	08-network/02-cellular-wireless.md	Q24	车机怎么在城市运营商热点间自动切换？Passpoint 是什么？	保留原题证据标注	14-network/04-蜂窝数据与无线连接.md#Q18	executor	migrated
14-network/04-蜂窝数据与无线连接.md	Q19	蜂窝空闲时第一个包为什么慢？频繁小包上报的电量代价怎么算？	todo		62509b943fb841af	蜂窝空闲时第一个包为什么慢？频繁小包上报的电量代价怎么算？	keep	08-network/02-cellular-wireless.md	Q25	蜂窝空闲时第一个包为什么慢？频繁小包上报的电量代价怎么算？	保留原题证据标注	14-network/04-蜂窝数据与无线连接.md#Q19	executor	migrated
14-network/04-蜂窝数据与无线连接.md	Q20	无地面网络的区域怎么办？卫星直连（NTN）在 Android 上什么形态？	todo		55492df6bbf126d3	无地面网络的区域怎么办？卫星直连（NTN）在 Android 上什么形态？	keep	08-network/02-cellular-wireless.md	Q26	无地面网络的区域怎么办？卫星直连（NTN）在 Android 上什么形态？	保留原题证据标注	14-network/04-蜂窝数据与无线连接.md#Q20	executor	migrated
14-network/05-车载网络架构与设计.md	Q1	整车 E/E 架构里有哪些网络域？Android 座舱在其中管什么、不管什么？	todo		11a5129538f1289f	整车 E/E 架构里有哪些网络域？Android 座舱在其中管什么、不管什么？	keep	08-network/07-vehicle-network.md	Q1	整车 E/E 架构里有哪些网络域？Android 座舱在其中管什么、不管什么？	保留原题证据标注	14-network/05-车载网络架构与设计.md#Q1	executor	migrated
14-network/05-车载网络架构与设计.md	Q2	车载以太网骨干与 IT 以太网的差异是什么？为什么需要 TSN 和 gPTP？	todo		2135d6cc76964baa	车载以太网骨干与 IT 以太网的差异是什么？为什么需要 TSN 和 gPTP？	keep	08-network/07-vehicle-network.md	Q2	车载以太网骨干与 IT 以太网的差异是什么？为什么需要 TSN 和 gPTP？	保留原题证据标注	14-network/05-车载网络架构与设计.md#Q2	executor	migrated
14-network/05-车载网络架构与设计.md	Q3	整车的时间同步分几层？Android 侧管哪一段？	todo		467fd4b0af8bd12b	整车的时间同步分几层？Android 侧管哪一段？	keep	08-network/07-vehicle-network.md	Q3	整车的时间同步分几层？Android 侧管哪一段？	保留原题证据标注	14-network/05-车载网络架构与设计.md#Q3	executor	migrated
14-network/05-车载网络架构与设计.md	Q4	从独立 TBOX 到中央计算，Android 的网络形态怎么变？	todo		ccfaff46f1f72eca	从独立 TBOX 到中央计算，Android 的网络形态怎么变？	keep	08-network/07-vehicle-network.md	Q4	从独立 TBOX 到中央计算，Android 的网络形态怎么变？	保留原题证据标注	14-network/05-车载网络架构与设计.md#Q4	executor	migrated
14-network/05-车载网络架构与设计.md	Q5	跨域路由与隔离的设计原则是什么？	todo		3a74d05a353a23b1	跨域路由与隔离的设计原则是什么？	keep	08-network/07-vehicle-network.md	Q5	跨域路由与隔离的设计原则是什么？	保留原题证据标注	14-network/05-车载网络架构与设计.md#Q5	executor	migrated
14-network/05-车载网络架构与设计.md	Q6	车内的服务发现怎么做？mDNS 在车机上有什么坑？	todo		c66133925cd6a944	车内的服务发现怎么做？mDNS 在车机上有什么坑？	keep	08-network/07-vehicle-network.md	Q6	车内的服务发现怎么做？mDNS 在车机上有什么坑？	保留原题证据标注	14-network/05-车载网络架构与设计.md#Q6	executor	migrated
14-network/05-车载网络架构与设计.md	Q7	车机的流量统计与计费在系统层怎么做？	todo		c710aadbd45045a0	车机的流量统计与计费在系统层怎么做？	keep	08-network/07-vehicle-network.md	Q7	车机的流量统计与计费在系统层怎么做？	保留原题证据标注	14-network/05-车载网络架构与设计.md#Q7	executor	migrated
14-network/05-车载网络架构与设计.md	Q8	能不能让 Wi-Fi 和蜂窝同时用起来做下载加速？多路径怎么管？	todo		69dbe79c0e25e157	能不能让 Wi-Fi 和蜂窝同时用起来做下载加速？多路径怎么管？	keep	08-network/07-vehicle-network.md	Q8	能不能让 Wi-Fi 和蜂窝同时用起来做下载加速？多路径怎么管？	保留原题证据标注	14-network/05-车载网络架构与设计.md#Q8	executor	migrated
14-network/05-车载网络架构与设计.md	Q9	无 GMS 的车机，长连接与推送怎么设计？	todo		464c19175226d492	无 GMS 的车机，长连接与推送怎么设计？	keep	08-network/07-vehicle-network.md	Q9	无 GMS 的车机，长连接与推送怎么设计？	保留原题证据标注	14-network/05-车载网络架构与设计.md#Q9	executor	migrated
14-network/05-车载网络架构与设计.md	Q10	车端的远程运维与诊断通道怎么设计？	todo		0574556791cbb8ec	车端的远程运维与诊断通道怎么设计？	keep	08-network/07-vehicle-network.md	Q10	车端的远程运维与诊断通道怎么设计？	保留原题证据标注	14-network/05-车载网络架构与设计.md#Q10	executor	migrated
14-network/05-车载网络架构与设计.md	Q11	"车机""同时连 Wi-Fi 又开热点""（STA+AP 并发）怎么实现？出口怎么选？"	todo		e53e97194604ce01	"车机""同时连 Wi-Fi 又开热点""（STA+AP 并发）怎么实现？出口怎么选？"	keep	08-network/07-vehicle-network.md	Q11	"车机""同时连 Wi-Fi 又开热点""（STA+AP 并发）怎么实现？出口怎么选？"	保留原题证据标注	14-network/05-车载网络架构与设计.md#Q11	executor	migrated
14-network/05-车载网络架构与设计.md	Q12	车辆下电/休眠后，网络还活着吗？远程控车为什么设计在常供电域？	todo		a3abee4268fc4271	车辆下电/休眠后，网络还活着吗？远程控车为什么设计在常供电域？	keep	08-network/07-vehicle-network.md	Q12	车辆下电/休眠后，网络还活着吗？远程控车为什么设计在常供电域？	保留原题证据标注	14-network/05-车载网络架构与设计.md#Q12	executor	migrated
14-network/05-车载网络架构与设计.md	Q13	mDNS/SSDP 收不到包，除了 AP 隔离还有什么开关？	todo		c5e7dda7f579a422	mDNS/SSDP 收不到包，除了 AP 隔离还有什么开关？	keep	08-network/07-vehicle-network.md	Q13	mDNS/SSDP 收不到包，除了 AP 隔离还有什么开关？	保留原题证据标注	14-network/05-车载网络架构与设计.md#Q13	executor	migrated
14-network/05-车载网络架构与设计.md	Q14	乘员热点看视频时车控指令延迟暴涨——bufferbloat 怎么破？	todo		e1999708eb3c9f49	乘员热点看视频时车控指令延迟暴涨——bufferbloat 怎么破？	keep	08-network/07-vehicle-network.md	Q14	乘员热点看视频时车控指令延迟暴涨——bufferbloat 怎么破？	保留原题证据标注	14-network/05-车载网络架构与设计.md#Q14	executor	migrated
14-network/06-网络排查工具与实践.md	Q1	Android 上抓包需要什么权限？user 版设备为什么抓不了？	todo		f3245559f6f8b989	Android 上抓包需要什么权限？user 版设备为什么抓不了？	keep	08-network/09-network-diagnostics.md	Q1	Android 上抓包需要什么权限？user 版设备为什么抓不了？	保留原题证据标注	14-network/06-网络排查工具与实践.md#Q1	executor	migrated
14-network/06-网络排查工具与实践.md	Q2	tcpdump -i any 抓出来的包为什么没有以太网头？过滤器怎么写才不吃亏？	todo		a6e367e8a6cb3f8b	tcpdump -i any 抓出来的包为什么没有以太网头？过滤器怎么写才不吃亏？	keep	08-network/09-network-diagnostics.md	Q2	tcpdump -i any 抓出来的包为什么没有以太网头？过滤器怎么写才不吃亏？	保留原题证据标注	14-network/06-网络排查工具与实践.md#Q2	executor	migrated
14-network/06-网络排查工具与实践.md	Q3	ip/ss 工具族在车机上分别看什么？	todo		c250f7a5895b9b38	ip/ss 工具族在车机上分别看什么？	keep	08-network/09-network-diagnostics.md	Q3	ip/ss 工具族在车机上分别看什么？	保留原题证据标注	14-network/06-网络排查工具与实践.md#Q3	executor	migrated
14-network/06-网络排查工具与实践.md	Q4	拿不到 root 的量产车机，网络问题怎么取证？	todo		8e03655a3c4ae993	拿不到 root 的量产车机，网络问题怎么取证？	keep	08-network/09-network-diagnostics.md	Q4	拿不到 root 的量产车机，网络问题怎么取证？	保留原题证据标注	14-network/06-网络排查工具与实践.md#Q4	executor	migrated
14-network/06-网络排查工具与实践.md	Q5	Perfetto/ftrace 能看到哪些网络轨迹？	todo		fdd15f0e6acb6f06	Perfetto/ftrace 能看到哪些网络轨迹？	keep	08-network/09-network-diagnostics.md	Q5	Perfetto/ftrace 能看到哪些网络轨迹？	保留原题证据标注	14-network/06-网络排查工具与实践.md#Q5	executor	migrated
14-network/06-网络排查工具与实践.md	Q6	ping/traceroute 的结果怎么读才不会误判？	todo		2fdcfc55ecd3d082	ping/traceroute 的结果怎么读才不会误判？	keep	08-network/09-network-diagnostics.md	Q6	ping/traceroute 的结果怎么读才不会误判？	保留原题证据标注	14-network/06-网络排查工具与实践.md#Q6	executor	migrated
14-network/06-网络排查工具与实践.md	Q7	车机上没有 dig/nslookup，DNS 问题怎么查？	todo		0bffac024dc641a7	车机上没有 dig/nslookup，DNS 问题怎么查？	keep	08-network/09-network-diagnostics.md	Q7	车机上没有 dig/nslookup，DNS 问题怎么查？	保留原题证据标注	14-network/06-网络排查工具与实践.md#Q7	executor	migrated
14-network/06-网络排查工具与实践.md	Q8	车机网络的弱网/异常场景怎么在台架上造出来？	todo		51bdffd6418daa4e	车机网络的弱网/异常场景怎么在台架上造出来？	keep	08-network/09-network-diagnostics.md	Q8	车机网络的弱网/异常场景怎么在台架上造出来？	保留原题证据标注	14-network/06-网络排查工具与实践.md#Q8	executor	migrated
14-network/06-网络排查工具与实践.md	Q9	radio log、tcpdump、应用埋点三个时间轴对不齐，怎么对齐？	todo		8c768e2e518c1876	radio log、tcpdump、应用埋点三个时间轴对不齐，怎么对齐？	keep	08-network/09-network-diagnostics.md	Q9	radio log、tcpdump、应用埋点三个时间轴对不齐，怎么对齐？	保留原题证据标注	14-network/06-网络排查工具与实践.md#Q9	executor	migrated
14-network/06-网络排查工具与实践.md	Q10	带宽怎么实测？iperf3 的用法与测速陷阱有哪些？	todo		a14041d55d15a2fa	带宽怎么实测？iperf3 的用法与测速陷阱有哪些？	keep	08-network/09-network-diagnostics.md	Q10	带宽怎么实测？iperf3 的用法与测速陷阱有哪些？	保留原题证据标注	14-network/06-网络排查工具与实践.md#Q10	executor	migrated
14-network/07-车机网络安全.md	Q1	车机的网络攻击面有哪些？按通道怎么盘点？	todo		5af4e4d0fbe8c8f3	车机的网络攻击面有哪些？按通道怎么盘点？	keep	08-network/08-vehicle-security.md	Q1	车机的网络攻击面有哪些？按通道怎么盘点？	保留原题证据标注	14-network/07-车机网络安全.md#Q1	executor	migrated
14-network/07-车机网络安全.md	Q2	远程控车指令走了 TLS，为什么还要应用层签名与防重放？	todo		d59651b188d70a0f	远程控车指令走了 TLS，为什么还要应用层签名与防重放？	keep	08-network/08-vehicle-security.md	Q2	远程控车指令走了 TLS，为什么还要应用层签名与防重放？	保留原题证据标注	14-network/07-车机网络安全.md#Q2	executor	migrated
14-network/07-车机网络安全.md	Q3	"传输安全基线是什么？""私网 APN""为什么也要加密？"	todo		371a116abe20295c	"传输安全基线是什么？""私网 APN""为什么也要加密？"	keep	08-network/08-vehicle-security.md	Q3	"传输安全基线是什么？""私网 APN""为什么也要加密？"	保留原题证据标注	14-network/07-车机网络安全.md#Q3	executor	migrated
14-network/07-车机网络安全.md	Q4	固件与配置下发的校验怎么做？怎么防降级？	todo		c79c3ce401790991	固件与配置下发的校验怎么做？怎么防降级？	keep	08-network/08-vehicle-security.md	Q4	固件与配置下发的校验怎么做？怎么防降级？	保留原题证据标注	14-network/07-车机网络安全.md#Q4	executor	migrated
14-network/07-车机网络安全.md	Q5	量产车机上哪些调试接口必须治理？	todo		4327411ca7eb630f	量产车机上哪些调试接口必须治理？	keep	08-network/08-vehicle-security.md	Q5	量产车机上哪些调试接口必须治理？	保留原题证据标注	14-network/07-车机网络安全.md#Q5	executor	migrated
14-network/07-车机网络安全.md	Q6	网络入侵的检测与响应在车端怎么落地？	todo		16b4e7f1422f6c8e	网络入侵的检测与响应在车端怎么落地？	keep	08-network/08-vehicle-security.md	Q6	网络入侵的检测与响应在车端怎么落地？	保留原题证据标注	14-network/07-车机网络安全.md#Q6	executor	migrated
14-network/07-车机网络安全.md	Q7	车端的信任锚（根证书）体系怎么管理？	todo		920e5a3f98d7d619	车端的信任锚（根证书）体系怎么管理？	keep	08-network/08-vehicle-security.md	Q7	车端的信任锚（根证书）体系怎么管理？	保留原题证据标注	14-network/07-车机网络安全.md#Q7	executor	migrated
14-network/07-车机网络安全.md	Q8	近场三通道（Wi-Fi 热点、蓝牙、USB）各自的加固清单是什么？	todo		27e09105820ae435	近场三通道（Wi-Fi 热点、蓝牙、USB）各自的加固清单是什么？	keep	08-network/08-vehicle-security.md	Q8	近场三通道（Wi-Fi 热点、蓝牙、USB）各自的加固清单是什么？	保留原题证据标注	14-network/07-车机网络安全.md#Q8	executor	migrated
14-network/08-应用网络编程与系统约束.md	Q1	"Doze/App Standby 对网络做了什么？""设备息屏后长连接断了""该怎么归因？"	todo		7c0b881c1c0a86cf	"Doze/App Standby 对网络做了什么？""设备息屏后长连接断了""该怎么归因？"	keep	08-network/03-app-network-constraints.md	Q1	"Doze/App Standby 对网络做了什么？""设备息屏后长连接断了""该怎么归因？"	保留原题证据标注	14-network/08-应用网络编程与系统约束.md#Q1	executor	migrated
14-network/08-应用网络编程与系统约束.md	Q2	同步/下载任务的网络时机为什么应该交给 WorkManager 而不是自己判断？	todo		c3b3ef9ec21afba2	同步/下载任务的网络时机为什么应该交给 WorkManager 而不是自己判断？	keep	08-network/03-app-network-constraints.md	Q2	同步/下载任务的网络时机为什么应该交给 WorkManager 而不是自己判断？	保留原题证据标注	14-network/08-应用网络编程与系统约束.md#Q2	executor	migrated
14-network/08-应用网络编程与系统约束.md	Q3	线上 HTTPS 校验失败怎么分类诊断？车机有什么特有的坑？	todo		fc381489a8cd58de	线上 HTTPS 校验失败怎么分类诊断？车机有什么特有的坑？	keep	08-network/03-app-network-constraints.md	Q3	线上 HTTPS 校验失败怎么分类诊断？车机有什么特有的坑？	保留原题证据标注	14-network/08-应用网络编程与系统约束.md#Q3	executor	migrated
14-network/08-应用网络编程与系统约束.md	Q4	IPv6 双栈下 socket 编程有哪些坑？	todo		cbee89429b4c5f7d	IPv6 双栈下 socket 编程有哪些坑？	keep	08-network/03-app-network-constraints.md	Q4	IPv6 双栈下 socket 编程有哪些坑？	保留原题证据标注	14-network/08-应用网络编程与系统约束.md#Q4	executor	migrated
14-network/08-应用网络编程与系统约束.md	Q5	车机的 eSIM（下载式 SIM）在 Android 侧怎么工作？联网扮演什么角色？	todo		0640008f7a2b0ada	车机的 eSIM（下载式 SIM）在 Android 侧怎么工作？联网扮演什么角色？	keep	08-network/03-app-network-constraints.md	Q5	车机的 eSIM（下载式 SIM）在 Android 侧怎么工作？联网扮演什么角色？	保留原题证据标注	14-network/08-应用网络编程与系统约束.md#Q5	executor	migrated
14-network/08-应用网络编程与系统约束.md	Q6	应用层连接竞速（Happy Eyeballs 思想）怎么落地？	todo		e663753b8fee88f5	应用层连接竞速（Happy Eyeballs 思想）怎么落地？	keep	08-network/03-app-network-constraints.md	Q6	应用层连接竞速（Happy Eyeballs 思想）怎么落地？	保留原题证据标注	14-network/08-应用网络编程与系统约束.md#Q6	executor	migrated
14-network/08-应用网络编程与系统约束.md	Q7	应用的网络指标监控应该埋哪些点才算体系？	todo		7a28272c93676e89	应用的网络指标监控应该埋哪些点才算体系？	keep	08-network/03-app-network-constraints.md	Q7	应用的网络指标监控应该埋哪些点才算体系？	保留原题证据标注	14-network/08-应用网络编程与系统约束.md#Q7	executor	migrated
14-network/08-应用网络编程与系统约束.md	Q8	HTTP 客户端的重试与幂等，系统化设计怎么做？	todo		ffb555820fa4cf2b	HTTP 客户端的重试与幂等，系统化设计怎么做？	keep	08-network/03-app-network-constraints.md	Q8	HTTP 客户端的重试与幂等，系统化设计怎么做？	保留原题证据标注	14-network/08-应用网络编程与系统约束.md#Q8	executor	migrated
14-network/08-应用网络编程与系统约束.md	Q9	"为什么在主线程发网络请求会抛 NetworkOnMainThreadException？""release 版不抛""是真的吗？"	todo		7e01f363b47405cd	"为什么在主线程发网络请求会抛 NetworkOnMainThreadException？""release 版不抛""是真的吗？"	keep	08-network/03-app-network-constraints.md	Q9	"为什么在主线程发网络请求会抛 NetworkOnMainThreadException？""release 版不抛""是真的吗？"	保留原题证据标注	14-network/08-应用网络编程与系统约束.md#Q9	executor	migrated
14-network/08-应用网络编程与系统约束.md	Q10	INTERNET 与 ACCESS_NETWORK_STATE 两个权限到底各管什么？	todo		70e373f5c52da2f9	INTERNET 与 ACCESS_NETWORK_STATE 两个权限到底各管什么？	keep	08-network/03-app-network-constraints.md	Q10	INTERNET 与 ACCESS_NETWORK_STATE 两个权限到底各管什么？	保留原题证据标注	14-network/08-应用网络编程与系统约束.md#Q10	executor	migrated
14-network/08-应用网络编程与系统约束.md	Q11	"TrafficStats 能统计什么？车机上""按业务分账""怎么实现？"	todo		e306831e8e57c0fc	"TrafficStats 能统计什么？车机上""按业务分账""怎么实现？"	keep	08-network/03-app-network-constraints.md	Q11	"TrafficStats 能统计什么？车机上""按业务分账""怎么实现？"	保留原题证据标注	14-network/08-应用网络编程与系统约束.md#Q11	executor	migrated
14-network/08-应用网络编程与系统约束.md	Q12	TLS 1.3 的 0-RTT 为什么有重放风险？车控场景怎么处理？	todo		2e398cb766079f35	TLS 1.3 的 0-RTT 为什么有重放风险？车控场景怎么处理？	keep	08-network/03-app-network-constraints.md	Q12	TLS 1.3 的 0-RTT 为什么有重放风险？车控场景怎么处理？	保留原题证据标注	14-network/08-应用网络编程与系统约束.md#Q12	executor	migrated
14-network/08-应用网络编程与系统约束.md	Q13	自研连接池的池 key 应该包含什么？少了哪一项就会跨网复用失败？	todo		b5ac6ed3d137a1ce	自研连接池的池 key 应该包含什么？少了哪一项就会跨网复用失败？	keep	08-network/03-app-network-constraints.md	Q13	自研连接池的池 key 应该包含什么？少了哪一项就会跨网复用失败？	保留原题证据标注	14-network/08-应用网络编程与系统约束.md#Q13	executor	migrated
14-network/08-应用网络编程与系统约束.md	Q14	HTTP 缓存与条件请求怎么用？车机上省流量的正确姿势是什么？	todo		89edc42214b212fe	HTTP 缓存与条件请求怎么用？车机上省流量的正确姿势是什么？	keep	08-network/03-app-network-constraints.md	Q14	HTTP 缓存与条件请求怎么用？车机上省流量的正确姿势是什么？	保留原题证据标注	14-network/08-应用网络编程与系统约束.md#Q14	executor	migrated
14-network/09-传输细节与协议设计.md	Q1	TCP 是字节流没有消息边界，车云二进制协议怎么定界？	todo		83cdf6320a298430	TCP 是字节流没有消息边界，车云二进制协议怎么定界？	keep	08-network/04-transport-protocols.md	Q1	TCP 是字节流没有消息边界，车云二进制协议怎么定界？	保留原题证据标注	14-network/09-传输细节与协议设计.md#Q1	executor	migrated
14-network/09-传输细节与协议设计.md	Q2	"车控指令偶尔""一顿一顿""延迟 40ms，跟 Nagle 算法有什么关系？"	todo		7874b3c24d15a957	"车控指令偶尔""一顿一顿""延迟 40ms，跟 Nagle 算法有什么关系？"	keep	08-network/04-transport-protocols.md	Q2	"车控指令偶尔""一顿一顿""延迟 40ms，跟 Nagle 算法有什么关系？"	保留原题证据标注	14-network/09-传输细节与协议设计.md#Q2	executor	migrated
14-network/09-传输细节与协议设计.md	Q3	TCP 自带的 keepalive 能用来做连接存活检测吗？	todo		50f3ecbc31b41a72	TCP 自带的 keepalive 能用来做连接存活检测吗？	keep	08-network/04-transport-protocols.md	Q3	TCP 自带的 keepalive 能用来做连接存活检测吗？	保留原题证据标注	14-network/09-传输细节与协议设计.md#Q3	executor	migrated
14-network/09-传输细节与协议设计.md	Q4	PC 浏览器 HTTPS 正常、车机/App 握手失败——证书链不完整事故怎么定位？	todo		85cf40e339e042bc	PC 浏览器 HTTPS 正常、车机/App 握手失败——证书链不完整事故怎么定位？	keep	08-network/04-transport-protocols.md	Q4	PC 浏览器 HTTPS 正常、车机/App 握手失败——证书链不完整事故怎么定位？	保留原题证据标注	14-network/09-传输细节与协议设计.md#Q4	executor	migrated
14-network/09-传输细节与协议设计.md	Q5	Linux/Android 的 TCP 拥塞控制是什么？应用层能利用什么结论？	todo		8a3dbf8fd5f516eb	Linux/Android 的 TCP 拥塞控制是什么？应用层能利用什么结论？	keep	08-network/04-transport-protocols.md	Q5	Linux/Android 的 TCP 拥塞控制是什么？应用层能利用什么结论？	保留原题证据标注	14-network/09-传输细节与协议设计.md#Q5	executor	migrated
14-network/09-传输细节与协议设计.md	Q6	自定义二进制协议的字节序与版本兼容怎么设计？	todo		23b2a857b7215da7	自定义二进制协议的字节序与版本兼容怎么设计？	keep	08-network/04-transport-protocols.md	Q6	自定义二进制协议的字节序与版本兼容怎么设计？	保留原题证据标注	14-network/09-传输细节与协议设计.md#Q6	executor	migrated
14-network/09-传输细节与协议设计.md	Q7	车云通道怎么选型——MQTT、HTTP(S)、私有 TCP/QUIC 各适合什么？	todo		adfce6777fcc90e2	车云通道怎么选型——MQTT、HTTP(S)、私有 TCP/QUIC 各适合什么？	keep	08-network/04-transport-protocols.md	Q7	车云通道怎么选型——MQTT、HTTP(S)、私有 TCP/QUIC 各适合什么？	保留原题证据标注	14-network/09-传输细节与协议设计.md#Q7	executor	migrated
14-network/09-传输细节与协议设计.md	Q8	"车机开热点后""部分网站打不开""，为什么可能是网段冲突？"	todo		5069df631af1fde4	"车机开热点后""部分网站打不开""，为什么可能是网段冲突？"	keep	08-network/04-transport-protocols.md	Q8	"车机开热点后""部分网站打不开""，为什么可能是网段冲突？"	保留原题证据标注	14-network/09-传输细节与协议设计.md#Q8	executor	migrated
14-network/09-传输细节与协议设计.md	Q9	连接还在但对方已经没了——TCP 半开连接怎么发现与处理？	todo		000a5adc8c5b029e	连接还在但对方已经没了——TCP 半开连接怎么发现与处理？	keep	08-network/04-transport-protocols.md	Q9	连接还在但对方已经没了——TCP 半开连接怎么发现与处理？	保留原题证据标注	14-network/09-传输细节与协议设计.md#Q9	executor	migrated
14-network/09-传输细节与协议设计.md	Q10	DNS 劫持有哪些形态？HTTPDNS 为什么能防，怎么防得彻底？	todo		4c093cb06ec54698	DNS 劫持有哪些形态？HTTPDNS 为什么能防，怎么防得彻底？	keep	08-network/04-transport-protocols.md	Q10	DNS 劫持有哪些形态？HTTPDNS 为什么能防，怎么防得彻底？	保留原题证据标注	14-network/09-传输细节与协议设计.md#Q10	executor	migrated
14-network/09-传输细节与协议设计.md	Q11	HTTP/2 的多路复用与队头阻塞——什么场景该用、什么场景反而不划算？	todo		79acdbd72e79060c	HTTP/2 的多路复用与队头阻塞——什么场景该用、什么场景反而不划算？	keep	08-network/04-transport-protocols.md	Q11	HTTP/2 的多路复用与队头阻塞——什么场景该用、什么场景反而不划算？	保留原题证据标注	14-network/09-传输细节与协议设计.md#Q11	executor	migrated
14-network/09-传输细节与协议设计.md	Q12	业务拆成多条连接后，消息乱序怎么设计保序？	todo		868735190b96583b	业务拆成多条连接后，消息乱序怎么设计保序？	keep	08-network/04-transport-protocols.md	Q12	业务拆成多条连接后，消息乱序怎么设计保序？	保留原题证据标注	14-network/09-传输细节与协议设计.md#Q12	executor	migrated
14-network/09-传输细节与协议设计.md	Q13	对端一直不 read 数据，本端的 send 会怎样？TCP 流量控制怎么工作？	todo		3867963c1bcbd255	对端一直不 read 数据，本端的 send 会怎样？TCP 流量控制怎么工作？	keep	08-network/04-transport-protocols.md	Q13	对端一直不 read 数据，本端的 send 会怎样？TCP 流量控制怎么工作？	保留原题证据标注	14-network/09-传输细节与协议设计.md#Q13	executor	migrated
14-network/09-传输细节与协议设计.md	Q14	高频小信号上报选 UDP 还是 TCP/MQTT？UDP 的坑在哪？	todo		9f5fb198b6cb6288	高频小信号上报选 UDP 还是 TCP/MQTT？UDP 的坑在哪？	keep	08-network/04-transport-protocols.md	Q14	高频小信号上报选 UDP 还是 TCP/MQTT？UDP 的坑在哪？	保留原题证据标注	14-network/09-传输细节与协议设计.md#Q14	executor	migrated
14-network/09-传输细节与协议设计.md	Q15	"车机大量短连接后""新连接建不出来""——TIME_WAIT 累积是怎么回事？"	todo		50aebfb75fe014b8	"车机大量短连接后""新连接建不出来""——TIME_WAIT 累积是怎么回事？"	keep	08-network/04-transport-protocols.md	Q15	"车机大量短连接后""新连接建不出来""——TIME_WAIT 累积是怎么回事？"	保留原题证据标注	14-network/09-传输细节与协议设计.md#Q15	executor	migrated
14-network/09-传输细节与协议设计.md	Q16	网关 ping 不通但配好 IP 了——二层（ARP）排查怎么做？	todo		709922fed23e324e	网关 ping 不通但配好 IP 了——二层（ARP）排查怎么做？	keep	08-network/04-transport-protocols.md	Q16	网关 ping 不通但配好 IP 了——二层（ARP）排查怎么做？	保留原题证据标注	14-network/09-传输细节与协议设计.md#Q16	executor	migrated
14-network/10-网络分层原理与地基机制.md	Q1	网络分层到底怎么分工？一个包从车机到服务器经历了什么？	todo		b6f9626ed7e4cf0d	网络分层到底怎么分工？一个包从车机到服务器经历了什么？	move	OUT:knowledge-base/网络/01-network-fundamentals.md	Q1	网络分层到底怎么分工？一个包从车机到服务器经历了什么？	保留原题证据标注	14-network/10-网络分层原理与地基机制.md#Q1	executor	migrated
14-network/10-网络分层原理与地基机制.md	Q2	DNS 的根、顶级、权威服务器各干什么？递归和迭代差在哪？	todo		7215fc8e42e88fa0	DNS 的根、顶级、权威服务器各干什么？递归和迭代差在哪？	move	OUT:knowledge-base/网络/01-network-fundamentals.md	Q2	DNS 的根、顶级、权威服务器各干什么？递归和迭代差在哪？	保留原题证据标注	14-network/10-网络分层原理与地基机制.md#Q2	executor	migrated
14-network/10-网络分层原理与地基机制.md	Q3	TLS 握手到底交换了什么？1.2 与 1.3 差在哪？	todo		c38765ca3bb419e5	TLS 握手到底交换了什么？1.2 与 1.3 差在哪？	move	OUT:knowledge-base/网络/01-network-fundamentals.md	Q3	TLS 握手到底交换了什么？1.2 与 1.3 差在哪？	保留原题证据标注	14-network/10-网络分层原理与地基机制.md#Q3	executor	migrated
14-network/10-网络分层原理与地基机制.md	Q4	TCP 的三次握手与四次挥手各对应 `ss` 里的什么状态？	todo		bf9acdcb165eb92d	TCP 的三次握手与四次挥手各对应 `ss` 里的什么状态？	move	OUT:knowledge-base/网络/01-network-fundamentals.md	Q4	TCP 的三次握手与四次挥手各对应 `ss` 里的什么状态？	保留原题证据标注	14-network/10-网络分层原理与地基机制.md#Q4	executor	migrated
14-network/10-网络分层原理与地基机制.md	Q5	IP 分片是怎么发生的？为什么工程上一律避免？	todo		a241f54c61f0b949	IP 分片是怎么发生的？为什么工程上一律避免？	move	OUT:knowledge-base/网络/01-network-fundamentals.md	Q5	IP 分片是怎么发生的？为什么工程上一律避免？	保留原题证据标注	14-network/10-网络分层原理与地基机制.md#Q5	executor	migrated
14-network/10-网络分层原理与地基机制.md	Q6	NAT 到底改了包的什么？conntrack 在其中扮演什么角色？	todo		a0c98ff41fe8f90c	NAT 到底改了包的什么？conntrack 在其中扮演什么角色？	move	OUT:knowledge-base/网络/01-network-fundamentals.md	Q6	NAT 到底改了包的什么？conntrack 在其中扮演什么角色？	保留原题证据标注	14-network/10-网络分层原理与地基机制.md#Q6	executor	migrated
14-network/10-网络分层原理与地基机制.md	Q7	"从""打开一个网页""到渲染，全链路要经过哪些步骤？"	todo		271d7d3480b25e58	"从""打开一个网页""到渲染，全链路要经过哪些步骤？"	move	OUT:knowledge-base/网络/01-network-fundamentals.md	Q7	"从""打开一个网页""到渲染，全链路要经过哪些步骤？"	保留原题证据标注	14-network/10-网络分层原理与地基机制.md#Q7	executor	migrated
14-network/10-网络分层原理与地基机制.md	Q8	每一层都有校验，它们各防什么？为什么 TLS 之后还要应用层校验？	todo		0bf1a599a4875dfe	每一层都有校验，它们各防什么？为什么 TLS 之后还要应用层校验？	move	OUT:knowledge-base/网络/01-network-fundamentals.md	Q8	每一层都有校验，它们各防什么？为什么 TLS 之后还要应用层校验？	保留原题证据标注	14-network/10-网络分层原理与地基机制.md#Q8	executor	migrated
14-network/10-网络分层原理与地基机制.md	Q9	计算机网络由什么构成，核心要解决哪两类问题？	todo		f75354d54872344f	计算机网络由什么构成，核心要解决哪两类问题？	move	OUT:knowledge-base/网络/01-network-fundamentals.md	Q9	计算机网络由什么构成，核心要解决哪两类问题？	保留原题证据标注	14-network/10-网络分层原理与地基机制.md#Q9	executor	migrated
14-network/10-网络分层原理与地基机制.md	Q10	局域网、广域网、公用网和专用网分别按什么维度分类？	todo		38fd02e4459ad4cf	局域网、广域网、公用网和专用网分别按什么维度分类？	move	OUT:knowledge-base/网络/01-network-fundamentals.md	Q10	局域网、广域网、公用网和专用网分别按什么维度分类？	保留原题证据标注	14-network/10-网络分层原理与地基机制.md#Q10	executor	migrated
14-network/10-网络分层原理与地基机制.md	Q11	网络协议、服务和接口分别描述什么，为什么网络需要分层？	todo		84f4a46599555381	网络协议、服务和接口分别描述什么，为什么网络需要分层？	move	OUT:knowledge-base/网络/01-network-fundamentals.md	Q11	网络协议、服务和接口分别描述什么，为什么网络需要分层？	保留原题证据标注	14-network/10-网络分层原理与地基机制.md#Q11	executor	migrated
14-network/10-网络分层原理与地基机制.md	Q12	RFC、正式标准和法定标准之间是什么关系？	todo		599b398deede581c	RFC、正式标准和法定标准之间是什么关系？	move	OUT:knowledge-base/网络/01-network-fundamentals.md	Q12	RFC、正式标准和法定标准之间是什么关系？	保留原题证据标注	14-network/10-网络分层原理与地基机制.md#Q12	executor	migrated
14-network/10-网络分层原理与地基机制.md	Q13	速率、带宽、吞吐量和时延怎样区分？	todo		276fd216e36fad86	速率、带宽、吞吐量和时延怎样区分？	move	OUT:knowledge-base/网络/01-network-fundamentals.md	Q13	速率、带宽、吞吐量和时延怎样区分？	保留原题证据标注	14-network/10-网络分层原理与地基机制.md#Q13	executor	migrated
14-network/10-网络分层原理与地基机制.md	Q14	MAC 地址是什么，在以太网通信中标识什么？	todo		7e610a42f7b607d6	MAC 地址是什么，在以太网通信中标识什么？	move	OUT:knowledge-base/网络/01-network-fundamentals.md	Q14	MAC 地址是什么，在以太网通信中标识什么？	保留原题证据标注	14-network/10-网络分层原理与地基机制.md#Q14	executor	migrated
15-ui/01-activity.md	Q1	Activity 执行到 onResume 后界面还没出现，首帧前后经历了哪些阶段？	todo		ed57521b62a0d651	Activity 执行到 onResume 后界面还没出现，首帧前后经历了哪些阶段？	move	03-ui/01-activity.md	Q1	Activity 执行到 onResume 后界面还没出现，首帧前后经历了哪些阶段？	保留原题证据标注	15-ui/01-activity.md#Q1	executor	migrated
15-ui/01-activity.md	Q2	启动页该等 onWindowFocusChanged 还是首帧回调再关闭？	todo		5e88050608d47bf2	启动页该等 onWindowFocusChanged 还是首帧回调再关闭？	move	03-ui/01-activity.md	Q8	启动页该等 onWindowFocusChanged 还是首帧回调再关闭？	保留原题证据标注	15-ui/01-activity.md#Q2	executor	migrated
15-ui/01-activity.md	Q3	setContentView 后应用内容为什么不直接成为窗口根 View？	todo		4a28d879aed25162	setContentView 后应用内容为什么不直接成为窗口根 View？	move	03-ui/01-activity.md	Q9	setContentView 后应用内容为什么不直接成为窗口根 View？	保留原题证据标注	15-ui/01-activity.md#Q3	executor	migrated
15-ui/01-activity.md	Q4	在 onCreate 里读取根 View 宽高得到 0，应该等到哪个时机？	todo		82ea0053ddc625ac	在 onCreate 里读取根 View 宽高得到 0，应该等到哪个时机？	move	03-ui/01-activity.md	Q10	在 onCreate 里读取根 View 宽高得到 0，应该等到哪个时机？	保留原题证据标注	15-ui/01-activity.md#Q4	executor	migrated
15-ui/01-activity.md	Q5	旋转屏幕或切换深色模式后，Activity 为什么有时回调、有时重建？	todo		2c025f404b462614	旋转屏幕或切换深色模式后，Activity 为什么有时回调、有时重建？	move	03-ui/01-activity.md	Q11	旋转屏幕或切换深色模式后，Activity 为什么有时回调、有时重建？	保留原题证据标注	15-ui/01-activity.md#Q5	executor	migrated
15-ui/01-activity.md	Q6	进程被系统回收后页面状态丢失，onSaveInstanceState 哪些内容需要自己保存？	todo		7bfe4f276bf78d7d	进程被系统回收后页面状态丢失，onSaveInstanceState 哪些内容需要自己保存？	move	03-ui/01-activity.md	Q12	进程被系统回收后页面状态丢失，onSaveInstanceState 哪些内容需要自己保存？	保留原题证据标注	15-ui/01-activity.md#Q6	executor	migrated
15-ui/01-activity.md	Q7	详情页返回后直接退出应用，是否由 singleTask 清理了返回栈？	todo		9aa6c902761b62cc	详情页返回后直接退出应用，是否由 singleTask 清理了返回栈？	move	03-ui/01-activity.md	Q13	详情页返回后直接退出应用，是否由 singleTask 清理了返回栈？	保留原题证据标注	15-ui/01-activity.md#Q7	executor	migrated
15-ui/01-activity.md	Q8	复用 Activity 收到新 Intent 后，为什么 getIntent 仍是旧值？	todo		7232ffec9bd64a69	复用 Activity 收到新 Intent 后，为什么 getIntent 仍是旧值？	move	03-ui/01-activity.md	Q14	复用 Activity 收到新 Intent 后，为什么 getIntent 仍是旧值？	保留原题证据标注	15-ui/01-activity.md#Q8	executor	migrated
15-ui/01-activity.md	Q9	跨应用启动后 Activity 跑进了意外的任务栈，taskAffinity 与 reparenting 起什么作用？	todo		b15fbfd6da7b21a7	跨应用启动后 Activity 跑进了意外的任务栈，taskAffinity 与 reparenting 起什么作用？	move	03-ui/01-activity.md	Q15	跨应用启动后 Activity 跑进了意外的任务栈，taskAffinity 与 reparenting 起什么作用？	保留原题证据标注	15-ui/01-activity.md#Q9	executor	migrated
15-ui/01-activity.md	Q10	Activity 切换时短暂看到前后两个页面，窗口动画期间发生了什么？	todo		471278391fb4701e	Activity 切换时短暂看到前后两个页面，窗口动画期间发生了什么？	move	03-ui/01-activity.md	Q16	Activity 切换时短暂看到前后两个页面，窗口动画期间发生了什么？	保留原题证据标注	15-ui/01-activity.md#Q10	executor	migrated
15-ui/01-activity.md	Q11	启动指标显示首帧很快但页面仍是骨架，首帧与 reportFullyDrawn 分别表示什么？	todo		307ab4223ce47690	启动指标显示首帧很快但页面仍是骨架，首帧与 reportFullyDrawn 分别表示什么？	move	03-ui/01-activity.md	Q17	启动指标显示首帧很快但页面仍是骨架，首帧与 reportFullyDrawn 分别表示什么？	保留原题证据标注	15-ui/01-activity.md#Q11	executor	migrated
15-ui/01-activity.md	Q12	应用退到后台后收到 onTrimMemory，哪些状态可以释放？	todo		df17fda156cd4cb8	应用退到后台后收到 onTrimMemory，哪些状态可以释放？	move	03-ui/01-activity.md	Q18	应用退到后台后收到 onTrimMemory，哪些状态可以释放？	保留原题证据标注	15-ui/01-activity.md#Q12	executor	migrated
15-ui/01-activity.md	Q13	车机多用户、多显示时页面显示在错误屏幕，Activity 归属由什么决定？	todo		66c538a761282b33	车机多用户、多显示时页面显示在错误屏幕，Activity 归属由什么决定？	move	03-ui/01-activity.md	Q19	车机多用户、多显示时页面显示在错误屏幕，Activity 归属由什么决定？	保留原题证据标注	15-ui/01-activity.md#Q13	executor	migrated
15-ui/01-activity.md	Q14	Activity 生命周期回调里哪些时序操作容易造成白屏、旧界面更新或闪烁？	todo		fc040aa598444d0b	Activity 生命周期回调里哪些时序操作容易造成白屏、旧界面更新或闪烁？	move	03-ui/01-activity.md	Q20	Activity 生命周期回调里哪些时序操作容易造成白屏、旧界面更新或闪烁？	保留原题证据标注	15-ui/01-activity.md#Q14	executor	migrated
15-ui/01-activity.md	Q15	Fragment 返回后旧 View 仍被观察者更新，视图生命周期该怎么绑定？	todo		81d028cea5a0ea17	Fragment 返回后旧 View 仍被观察者更新，视图生命周期该怎么绑定？	move	03-ui/01-activity.md	Q21	Fragment 返回后旧 View 仍被观察者更新，视图生命周期该怎么绑定？	保留原题证据标注	15-ui/01-activity.md#Q15	executor	migrated
15-ui/01-activity.md	Q16	切换 Fragment 页面后状态与内存表现不同，show/hide、replace、ViewPager2 有什么差别？	todo		7b1ba8e08c0eacb9	切换 Fragment 页面后状态与内存表现不同，show/hide、replace、ViewPager2 有什么差别？	move	03-ui/01-activity.md	Q22	切换 Fragment 页面后状态与内存表现不同，show/hide、replace、ViewPager2 有什么差别？	保留原题证据标注	15-ui/01-activity.md#Q16	executor	migrated
15-ui/01-activity.md	Q17	网络回调在 onSaveInstanceState 后提交 Fragment 事务导致崩溃，三个 commit 方法有何边界？	todo		695b9b04f40bcfb0	网络回调在 onSaveInstanceState 后提交 Fragment 事务导致崩溃，三个 commit 方法有何边界？	move	03-ui/01-activity.md	Q23	网络回调在 onSaveInstanceState 后提交 Fragment 事务导致崩溃，三个 commit 方法有何边界？	保留原题证据标注	15-ui/01-activity.md#Q17	executor	migrated
15-ui/01-activity.md	Q18	共享 ViewModel 后页面重建却不刷新或旧 View 泄漏，作用域与观察者应绑定谁？	todo		7e5e7b254191b21d	共享 ViewModel 后页面重建却不刷新或旧 View 泄漏，作用域与观察者应绑定谁？	move	03-ui/01-activity.md	Q24	共享 ViewModel 后页面重建却不刷新或旧 View 泄漏，作用域与观察者应绑定谁？	保留原题证据标注	15-ui/01-activity.md#Q18	executor	migrated
15-ui/01-activity.md	Q19	`startActivity()` 如何在任务选择与 Activity 实例复用之间作出决定？	todo		9b16124479843f88	`startActivity()` 如何在任务选择与 Activity 实例复用之间作出决定？	move	03-ui/01-activity.md	Q25	`startActivity()` 如何在任务选择与 Activity 实例复用之间作出决定？	保留原题证据标注	15-ui/01-activity.md#Q19	executor	migrated
15-ui/01-activity.md	Q20	隐式 Intent 如何通过 Intent Filter 找到可启动的 Activity？	todo		abdcb55d1ca6f729	隐式 Intent 如何通过 Intent Filter 找到可启动的 Activity？	move	03-ui/01-activity.md	Q7	隐式 Intent 如何通过 Intent Filter 找到可启动的 Activity？	保留原题证据标注	15-ui/01-activity.md#Q20	executor	migrated
15-ui/01-activity.md	Q21	Intent Filter 中的 action、category 与 data 分别匹配什么？	todo		71dfc044d1841245	Intent Filter 中的 action、category 与 data 分别匹配什么？	move	03-ui/01-activity.md	Q6	Intent Filter 中的 action、category 与 data 分别匹配什么？	保留原题证据标注	15-ui/01-activity.md#Q21	executor	migrated
15-ui/01-activity.md	Q22	Launcher Activity 的 Intent Filter 应声明什么？	todo		f76ad89e7ca170ea	Launcher Activity 的 Intent Filter 应声明什么？	move	03-ui/01-activity.md	Q5	Launcher Activity 的 Intent Filter 应声明什么？	保留原题证据标注	15-ui/01-activity.md#Q22	executor	migrated
15-ui/01-activity.md	Q23	Activity 从创建到前后台切换时，常见生命周期回调顺序是什么？	todo		c9a769bf58e091cc	Activity 从创建到前后台切换时，常见生命周期回调顺序是什么？	move	03-ui/01-activity.md	Q4	Activity 从创建到前后台切换时，常见生命周期回调顺序是什么？	保留原题证据标注	15-ui/01-activity.md#Q23	executor	migrated
15-ui/01-activity.md	Q24	`FLAG_ACTIVITY_NEW_TASK`、`SINGLE_TOP` 与 `CLEAR_TOP` 如何改变 Activity 启动？	todo		5edb9e87b774af12	`FLAG_ACTIVITY_NEW_TASK`、`SINGLE_TOP` 与 `CLEAR_TOP` 如何改变 Activity 启动？	move	03-ui/01-activity.md	Q3	`FLAG_ACTIVITY_NEW_TASK`、`SINGLE_TOP` 与 `CLEAR_TOP` 如何改变 Activity 启动？	保留原题证据标注	15-ui/01-activity.md#Q24	executor	migrated
15-ui/01-activity.md	Q25	Android 内存紧张时哪些应用进程更容易被系统回收？	todo		fa6727f572d68b6a	Android 内存紧张时哪些应用进程更容易被系统回收？	move	03-ui/01-activity.md	Q2	Android 内存紧张时哪些应用进程更容易被系统回收？	保留原题证据标注	15-ui/01-activity.md#Q25	executor	migrated
15-ui/02-view.md	Q1	自定义 View 首次显示时为什么要先 measure、再 layout、最后 draw？	todo		0edf599bb6b82734	自定义 View 首次显示时为什么要先 measure、再 layout、最后 draw？	move	03-ui/02-view.md	Q1	自定义 View 首次显示时为什么要先 measure、再 layout、最后 draw？	保留原题证据标注	15-ui/02-view.md#Q1	executor	migrated
15-ui/02-view.md	Q2	自定义 View 尺寸为 0 或被截断，MeasureSpec 的 mode 和 size 如何约束结果？	todo		d639d8a4466b36be	自定义 View 尺寸为 0 或被截断，MeasureSpec 的 mode 和 size 如何约束结果？	move	03-ui/02-view.md	Q4	自定义 View 尺寸为 0 或被截断，MeasureSpec 的 mode 和 size 如何约束结果？	保留原题证据标注	15-ui/02-view.md#Q2	executor	migrated
15-ui/02-view.md	Q3	可滚动 ViewGroup 内容很长却自身尺寸异常，父尺寸与子尺寸应怎样分别计算？	todo		fbd1d27805363acb	可滚动 ViewGroup 内容很长却自身尺寸异常，父尺寸与子尺寸应怎样分别计算？	move	03-ui/02-view.md	Q5	可滚动 ViewGroup 内容很长却自身尺寸异常，父尺寸与子尺寸应怎样分别计算？	保留原题证据标注	15-ui/02-view.md#Q3	executor	migrated
15-ui/02-view.md	Q4	自定义 ViewGroup 里的子 View 已创建却不显示，layout 与 onLayout 各负责什么？	todo		6d64c9d872724c6e	自定义 ViewGroup 里的子 View 已创建却不显示，layout 与 onLayout 各负责什么？	move	03-ui/02-view.md	Q6	自定义 ViewGroup 里的子 View 已创建却不显示，layout 与 onLayout 各负责什么？	保留原题证据标注	15-ui/02-view.md#Q4	executor	migrated
15-ui/02-view.md	Q5	内容更新后画面没变或位置错了，该调用 requestLayout 还是 invalidate？	todo		5acfb85dae0feaf3	内容更新后画面没变或位置错了，该调用 requestLayout 还是 invalidate？	move	03-ui/02-view.md	Q7	内容更新后画面没变或位置错了，该调用 requestLayout 还是 invalidate？	保留原题证据标注	15-ui/02-view.md#Q5	executor	migrated
15-ui/02-view.md	Q6	硬件加速后修改绘制数据却仍显示旧内容，为什么必须显式 invalidate？	todo		c4955cc6409af2c4	硬件加速后修改绘制数据却仍显示旧内容，为什么必须显式 invalidate？	move	03-ui/02-view.md	Q8	硬件加速后修改绘制数据却仍显示旧内容，为什么必须显式 invalidate？	保留原题证据标注	15-ui/02-view.md#Q6	executor	migrated
15-ui/02-view.md	Q7	只 invalidate 一个小 View 却感觉整块区域重绘，脏区实际如何传播？	todo		5464edfb60fbb0b0	只 invalidate 一个小 View 却感觉整块区域重绘，脏区实际如何传播？	move	03-ui/02-view.md	Q9	只 invalidate 一个小 View 却感觉整块区域重绘，脏区实际如何传播？	保留原题证据标注	15-ui/02-view.md#Q7	executor	migrated
15-ui/02-view.md	Q8	动画中的 View 突然盖住兄弟控件，dispatchDraw 的绘制顺序何时会变化？	todo		ce74484bd685ec77	动画中的 View 突然盖住兄弟控件，dispatchDraw 的绘制顺序何时会变化？	move	03-ui/02-view.md	Q10	动画中的 View 突然盖住兄弟控件，dispatchDraw 的绘制顺序何时会变化？	保留原题证据标注	15-ui/02-view.md#Q8	executor	migrated
15-ui/02-view.md	Q9	子 View 需要画到父容器外却被裁掉，clipChildren 与 clipToPadding 分别该怎么设？	todo		4f84349489976c07	子 View 需要画到父容器外却被裁掉，clipChildren 与 clipToPadding 分别该怎么设？	move	03-ui/02-view.md	Q11	子 View 需要画到父容器外却被裁掉，clipChildren 与 clipToPadding 分别该怎么设？	保留原题证据标注	15-ui/02-view.md#Q9	executor	migrated
15-ui/02-view.md	Q10	自定义 View 滚动时持续掉帧，onDraw 中分配对象会造成什么开销？	todo		9e615c05bcfaa160	自定义 View 滚动时持续掉帧，onDraw 中分配对象会造成什么开销？	move	03-ui/02-view.md	Q12	自定义 View 滚动时持续掉帧，onDraw 中分配对象会造成什么开销？	保留原题证据标注	15-ui/02-view.md#Q10	executor	migrated
15-ui/02-view.md	Q11	复杂页面测量耗时高，深层 View 嵌套为什么会放大遍历成本？	todo		e7ebff0aa035181d	复杂页面测量耗时高，深层 View 嵌套为什么会放大遍历成本？	move	03-ui/02-view.md	Q13	复杂页面测量耗时高，深层 View 嵌套为什么会放大遍历成本？	保留原题证据标注	15-ui/02-view.md#Q11	executor	migrated
15-ui/02-view.md	Q12	旋转、透明度或阴影动画卡顿，View 的三种 Layer 类型该如何取舍？	todo		14ed9cd98acceff9	旋转、透明度或阴影动画卡顿，View 的三种 Layer 类型该如何取舍？	move	03-ui/02-view.md	Q14	旋转、透明度或阴影动画卡顿，View 的三种 Layer 类型该如何取舍？	保留原题证据标注	15-ui/02-view.md#Q12	executor	migrated
15-ui/02-view.md	Q13	视频控件旋转后出现黑区或层级异常，SurfaceView 与 TextureView 应该怎么选？	todo		3036aa83d2621069	视频控件旋转后出现黑区或层级异常，SurfaceView 与 TextureView 应该怎么选？	move	03-ui/02-view.md	Q15	视频控件旋转后出现黑区或层级异常，SurfaceView 与 TextureView 应该怎么选？	保留原题证据标注	15-ui/02-view.md#Q13	executor	migrated
15-ui/02-view.md	Q14	只想移动一个 View 却触发复杂动画，ViewPropertyAnimator 与 ObjectAnimator 适用场景是什么？	todo		04bbbd1e560777a6	只想移动一个 View 却触发复杂动画，ViewPropertyAnimator 与 ObjectAnimator 适用场景是什么？	move	03-ui/02-view.md	Q16	只想移动一个 View 却触发复杂动画，ViewPropertyAnimator 与 ObjectAnimator 适用场景是什么？	保留原题证据标注	15-ui/02-view.md#Q14	executor	migrated
15-ui/02-view.md	Q15	改变布局参数后界面瞬间跳变，LayoutAnimation 与 TransitionManager 哪个能动画化尺寸变化？	todo		dd997b9a386a7c06	改变布局参数后界面瞬间跳变，LayoutAnimation 与 TransitionManager 哪个能动画化尺寸变化？	move	03-ui/02-view.md	Q17	改变布局参数后界面瞬间跳变，LayoutAnimation 与 TransitionManager 哪个能动画化尺寸变化？	保留原题证据标注	15-ui/02-view.md#Q15	executor	migrated
15-ui/02-view.md	Q16	自定义 View 重建后状态没恢复，为什么 onSaveInstanceState 可能根本没被调用？	todo		9e5e9eb6b9a30c02	自定义 View 重建后状态没恢复，为什么 onSaveInstanceState 可能根本没被调用？	move	03-ui/02-view.md	Q18	自定义 View 重建后状态没恢复，为什么 onSaveInstanceState 可能根本没被调用？	保留原题证据标注	15-ui/02-view.md#Q16	executor	migrated
15-ui/02-view.md	Q17	onCreate 中 post 后能读到尺寸，但 doOnPreDraw 时机又不同，二者该怎么选？	todo		09f53216d70855db	onCreate 中 post 后能读到尺寸，但 doOnPreDraw 时机又不同，二者该怎么选？	move	03-ui/02-view.md	Q19	onCreate 中 post 后能读到尺寸，但 doOnPreDraw 时机又不同，二者该怎么选？	保留原题证据标注	15-ui/02-view.md#Q17	executor	migrated
15-ui/02-view.md	Q18	Android View 动画、帧动画和属性动画分别改变什么？	todo		5a79033f58f024fc	Android View 动画、帧动画和属性动画分别改变什么？	move	03-ui/02-view.md	Q3	Android View 动画、帧动画和属性动画分别改变什么？	保留原题证据标注	15-ui/02-view.md#Q18	executor	migrated
15-ui/02-view.md	Q19	Android View 与 ViewGroup 分别表示什么？	todo		c17f537d9481f162	Android View 与 ViewGroup 分别表示什么？	move	03-ui/02-view.md	Q2	Android View 与 ViewGroup 分别表示什么？	保留原题证据标注	15-ui/02-view.md#Q19	executor	migrated
15-ui/03-resources.md	Q1	新增资源目录后设备始终命中默认文件，限定符的匹配优先级和书写顺序是什么？	todo		b8d4bb2856719bb0	新增资源目录后设备始终命中默认文件，限定符的匹配优先级和书写顺序是什么？	move	03-ui/03-resources.md	Q1	新增资源目录后设备始终命中默认文件，限定符的匹配优先级和书写顺序是什么？	保留原题证据标注	15-ui/03-resources.md#Q1	executor	migrated
15-ui/03-resources.md	Q2	切回默认语言时因资源缺失崩溃，限定符变体应该怎样提供兜底？	todo		b7ecc22c3446321e	切回默认语言时因资源缺失崩溃，限定符变体应该怎样提供兜底？	move	03-ui/03-resources.md	Q5	切回默认语言时因资源缺失崩溃，限定符变体应该怎样提供兜底？	保留原题证据标注	15-ui/03-resources.md#Q2	executor	migrated
15-ui/03-resources.md	Q3	旧版 Android 忽略了新加的资源限定符，如何判断它从哪个 API 级别生效？	todo		e6252c4c4c7a92f2	旧版 Android 忽略了新加的资源限定符，如何判断它从哪个 API 级别生效？	move	03-ui/03-resources.md	Q6	旧版 Android 忽略了新加的资源限定符，如何判断它从哪个 API 级别生效？	保留原题证据标注	15-ui/03-resources.md#Q3	executor	migrated
15-ui/03-resources.md	Q4	系统切换深色模式后应用仍是浅色，资源、读取逻辑和主题分别要处理什么？	todo		7deed7704917cf80	系统切换深色模式后应用仍是浅色，资源、读取逻辑和主题分别要处理什么？	move	03-ui/03-resources.md	Q7	系统切换深色模式后应用仍是浅色，资源、读取逻辑和主题分别要处理什么？	保留原题证据标注	15-ui/03-resources.md#Q4	executor	migrated
15-ui/03-resources.md	Q5	设备已进入深色模式但应用外观没变，应从资源、系统主题还是厂商定制层排查？	todo		d0c48420e3b3e66c	设备已进入深色模式但应用外观没变，应从资源、系统主题还是厂商定制层排查？	move	03-ui/03-resources.md	Q8	设备已进入深色模式但应用外观没变，应从资源、系统主题还是厂商定制层排查？	保留原题证据标注	15-ui/03-resources.md#Q5	executor	migrated
15-ui/03-resources.md	Q6	车机品牌要求固定配色时，为什么通常不跟随壁纸动态取色？	todo		c7fdad8962aab746	车机品牌要求固定配色时，为什么通常不跟随壁纸动态取色？	move	03-ui/03-resources.md	Q9	车机品牌要求固定配色时，为什么通常不跟随壁纸动态取色？	保留原题证据标注	15-ui/03-resources.md#Q6	executor	migrated
15-ui/03-resources.md	Q7	自定义主题颜色取错值但能编译，?attr 与 ?android:attr 的作用域差异是什么？	todo		cf7a8c8d212630dd	自定义主题颜色取错值但能编译，?attr 与 ?android:attr 的作用域差异是什么？	move	03-ui/03-resources.md	Q10	自定义主题颜色取错值但能编译，?attr 与 ?android:attr 的作用域差异是什么？	保留原题证据标注	15-ui/03-resources.md#Q7	executor	migrated
15-ui/03-resources.md	Q8	车厂希望不重编应用就替换资源，RRO 与编译期 overlay 的边界是什么？	todo		71a6d6660cc57176	车厂希望不重编应用就替换资源，RRO 与编译期 overlay 的边界是什么？	move	03-ui/03-resources.md	Q11	车厂希望不重编应用就替换资源，RRO 与编译期 overlay 的边界是什么？	保留原题证据标注	15-ui/03-resources.md#Q8	executor	migrated
15-ui/03-resources.md	Q9	用户调大字体后按钮文字溢出，dp、sp 与 fontScale 应如何配合？	todo		56212f5f0ad2d7b1	用户调大字体后按钮文字溢出，dp、sp 与 fontScale 应如何配合？	move	03-ui/03-resources.md	Q12	用户调大字体后按钮文字溢出，dp、sp 与 fontScale 应如何配合？	保留原题证据标注	15-ui/03-resources.md#Q9	executor	migrated
15-ui/03-resources.md	Q10	分屏窗口变窄但资源布局没切换，为什么资源限定符不等同于窗口尺寸？	todo		d81936a5b475473d	分屏窗口变窄但资源布局没切换，为什么资源限定符不等同于窗口尺寸？	move	03-ui/03-resources.md	Q13	分屏窗口变窄但资源布局没切换，为什么资源限定符不等同于窗口尺寸？	保留原题证据标注	15-ui/03-resources.md#Q10	executor	migrated
15-ui/03-resources.md	Q11	车机副驾屏布局、字号或密度与主屏不一致，应用应从哪个显示上下文取配置？	todo		6d4240401d50d7bd	车机副驾屏布局、字号或密度与主屏不一致，应用应从哪个显示上下文取配置？	move	03-ui/03-resources.md	Q14	车机副驾屏布局、字号或密度与主屏不一致，应用应从哪个显示上下文取配置？	保留原题证据标注	15-ui/03-resources.md#Q11	executor	migrated
15-ui/03-resources.md	Q12	切换到阿拉伯语后控件方向错乱或部分字符串缺失，多语言和 RTL 资源要怎样组织？	todo		614a8292f9439b0c	切换到阿拉伯语后控件方向错乱或部分字符串缺失，多语言和 RTL 资源要怎样组织？	move	03-ui/03-resources.md	Q15	切换到阿拉伯语后控件方向错乱或部分字符串缺失，多语言和 RTL 资源要怎样组织？	保留原题证据标注	15-ui/03-resources.md#Q12	executor	migrated
15-ui/03-resources.md	Q13	某个 ViewBinding 字段在大屏变体上为空，layout 资源之间必须满足什么契约？	todo		4222fcd3728a8b5f	某个 ViewBinding 字段在大屏变体上为空，layout 资源之间必须满足什么契约？	move	03-ui/03-resources.md	Q16	某个 ViewBinding 字段在大屏变体上为空，layout 资源之间必须满足什么契约？	保留原题证据标注	15-ui/03-resources.md#Q13	executor	migrated
15-ui/03-resources.md	Q14	横竖屏或夜间模式切换后页面状态异常，何时让系统重建、何时自行处理 Configuration？	todo		b5f7559e7bdbd23b	横竖屏或夜间模式切换后页面状态异常，何时让系统重建、何时自行处理 Configuration？	move	03-ui/03-resources.md	Q17	横竖屏或夜间模式切换后页面状态异常，何时让系统重建、何时自行处理 Configuration？	保留原题证据标注	15-ui/03-resources.md#Q14	executor	migrated
15-ui/03-resources.md	Q15	运行时配置看似正确但仍拿到错误图片，如何确认实际命中的资源变体？	todo		fafc956294910aaa	运行时配置看似正确但仍拿到错误图片，如何确认实际命中的资源变体？	move	03-ui/03-resources.md	Q18	运行时配置看似正确但仍拿到错误图片，如何确认实际命中的资源变体？	保留原题证据标注	15-ui/03-resources.md#Q15	executor	migrated
15-ui/03-resources.md	Q16	ViewBinding 解决了什么问题，Fragment 中的 Binding 应在什么生命周期边界释放？	todo		15ac632be168cf93	ViewBinding 解决了什么问题，Fragment 中的 Binding 应在什么生命周期边界释放？	move	03-ui/03-resources.md	Q19	ViewBinding 解决了什么问题，Fragment 中的 Binding 应在什么生命周期边界释放？	保留原题证据标注	15-ui/03-resources.md#Q16	executor	migrated
15-ui/03-resources.md	Q17	Android Drawable 表示什么，为什么它不等同于位图？	todo		2600dc04af75ed53	Android Drawable 表示什么，为什么它不等同于位图？	move	03-ui/03-resources.md	Q4	Android Drawable 表示什么，为什么它不等同于位图？	保留原题证据标注	15-ui/03-resources.md#Q17	executor	migrated
15-ui/03-resources.md	Q18	常见 Drawable 类型各适合表达什么？	todo		cf6a464c0127d146	常见 Drawable 类型各适合表达什么？	move	03-ui/03-resources.md	Q3	常见 Drawable 类型各适合表达什么？	保留原题证据标注	15-ui/03-resources.md#Q18	executor	migrated
15-ui/03-resources.md	Q19	Drawable 的 intrinsic width 和 intrinsic height 表示什么？	todo		b22ced28d71d5b75	Drawable 的 intrinsic width 和 intrinsic height 表示什么？	move	03-ui/03-resources.md	Q2	Drawable 的 intrinsic width 和 intrinsic height 表示什么？	保留原题证据标注	15-ui/03-resources.md#Q19	executor	migrated
15-ui/04-compose.md	Q1	滚动列表时任意状态变化都让整页重组，Compose 的组合、布局、绘制各阶段怎样响应？	todo		cacd67adc868741d	滚动列表时任意状态变化都让整页重组，Compose 的组合、布局、绘制各阶段怎样响应？	move	03-ui/05-compose.md	Q1	滚动列表时任意状态变化都让整页重组，Compose 的组合、布局、绘制各阶段怎样响应？	保留原题证据标注	15-ui/04-compose.md#Q1	executor	migrated
15-ui/04-compose.md	Q2	点击后 composable 持续重组甚至掉帧，为什么不能在组合函数体里直接写状态？	todo		b94afbca7145556b	点击后 composable 持续重组甚至掉帧，为什么不能在组合函数体里直接写状态？	move	03-ui/05-compose.md	Q2	点击后 composable 持续重组甚至掉帧，为什么不能在组合函数体里直接写状态？	保留原题证据标注	15-ui/04-compose.md#Q2	executor	migrated
15-ui/04-compose.md	Q3	旋转屏幕后输入内容消失，remember 与 rememberSaveable 分别能保留什么？	todo		de372d1daee115ee	旋转屏幕后输入内容消失，remember 与 rememberSaveable 分别能保留什么？	move	03-ui/05-compose.md	Q3	旋转屏幕后输入内容消失，remember 与 rememberSaveable 分别能保留什么？	保留原题证据标注	15-ui/04-compose.md#Q3	executor	migrated
15-ui/04-compose.md	Q4	滚动偏移每帧变化却只关心是否到达顶部，derivedStateOf 如何减少无用更新？	todo		0635d52744b43a3b	滚动偏移每帧变化却只关心是否到达顶部，derivedStateOf 如何减少无用更新？	move	03-ui/05-compose.md	Q4	滚动偏移每帧变化却只关心是否到达顶部，derivedStateOf 如何减少无用更新？	保留原题证据标注	15-ui/04-compose.md#Q4	executor	migrated
15-ui/04-compose.md	Q5	某个状态更新让大量 composable 重跑，不稳定参数会怎样影响跳过？	todo		89b2ef2c203c3ef7	某个状态更新让大量 composable 重跑，不稳定参数会怎样影响跳过？	move	03-ui/05-compose.md	Q5	某个状态更新让大量 composable 重跑，不稳定参数会怎样影响跳过？	保留原题证据标注	15-ui/04-compose.md#Q5	executor	migrated
15-ui/04-compose.md	Q6	启用 strong skipping 后不稳定参数仍会重组吗？它改变了哪些跳过规则？	todo		4ec74f5dfe74dd87	启用 strong skipping 后不稳定参数仍会重组吗？它改变了哪些跳过规则？	move	03-ui/05-compose.md	Q6	启用 strong skipping 后不稳定参数仍会重组吗？它改变了哪些跳过规则？	保留原题证据标注	15-ui/04-compose.md#Q6	executor	migrated
15-ui/04-compose.md	Q7	高频状态只影响位移却反复触发组合，怎样把状态读取推迟到布局或绘制阶段？	todo		7131ff68ff2d728d	高频状态只影响位移却反复触发组合，怎样把状态读取推迟到布局或绘制阶段？	move	03-ui/05-compose.md	Q7	高频状态只影响位移却反复触发组合，怎样把状态读取推迟到布局或绘制阶段？	保留原题证据标注	15-ui/04-compose.md#Q7	executor	migrated
15-ui/04-compose.md	Q8	列表插入一行后输入状态跑到别的行，Lazy 列表的 key 应如何选择？	todo		a9c98c6dda411d78	列表插入一行后输入状态跑到别的行，Lazy 列表的 key 应如何选择？	move	03-ui/05-compose.md	Q8	列表插入一行后输入状态跑到别的行，Lazy 列表的 key 应如何选择？	保留原题证据标注	15-ui/04-compose.md#Q8	executor	migrated
15-ui/04-compose.md	Q9	协程因界面重组反复启动或资源未释放，三个 Effect 的生命周期边界是什么？	todo		097a6d6a4d0c8d35	协程因界面重组反复启动或资源未释放，三个 Effect 的生命周期边界是什么？	move	03-ui/05-compose.md	Q9	协程因界面重组反复启动或资源未释放，三个 Effect 的生命周期边界是什么？	保留原题证据标注	15-ui/04-compose.md#Q9	executor	migrated
15-ui/04-compose.md	Q10	Fragment 页面销毁后 Compose 内容仍占内存，ComposeView 的组合策略该怎样选？	todo		c5b5cc9f6fc404ad	Fragment 页面销毁后 Compose 内容仍占内存，ComposeView 的组合策略该怎样选？	move	03-ui/05-compose.md	Q10	Fragment 页面销毁后 Compose 内容仍占内存，ComposeView 的组合策略该怎样选？	保留原题证据标注	15-ui/04-compose.md#Q10	executor	migrated
15-ui/04-compose.md	Q11	Compose 页面嵌入旧 View 控件后变卡，AndroidView 的 update 应避免做什么？	todo		5035904f907412f6	Compose 页面嵌入旧 View 控件后变卡，AndroidView 的 update 应避免做什么？	move	03-ui/05-compose.md	Q11	Compose 页面嵌入旧 View 控件后变卡，AndroidView 的 update 应避免做什么？	保留原题证据标注	15-ui/04-compose.md#Q11	executor	migrated
15-ui/04-compose.md	Q12	自定义 Compose 宿主中的动画与界面更新不同步，Recomposer 为什么需要帧时钟？	todo		1c48be8e3ab648b4	自定义 Compose 宿主中的动画与界面更新不同步，Recomposer 为什么需要帧时钟？	move	03-ui/05-compose.md	Q12	自定义 Compose 宿主中的动画与界面更新不同步，Recomposer 为什么需要帧时钟？	保留原题证据标注	15-ui/04-compose.md#Q12	executor	migrated
15-ui/04-compose.md	Q13	Compose 页面滚动掉帧，应先用哪些工具区分重组、布局和绘制瓶颈？	todo		42ac6f6130ac6c67	Compose 页面滚动掉帧，应先用哪些工具区分重组、布局和绘制瓶颈？	move	03-ui/05-compose.md	Q13	Compose 页面滚动掉帧，应先用哪些工具区分重组、布局和绘制瓶颈？	保留原题证据标注	15-ui/04-compose.md#Q13	executor	migrated
15-ui/04-compose.md	Q14	把旧页面从 View 迁到 Compose 后出现主题、状态或返回键问题，迁移时要检查哪些边界？	todo		28010410221f4d77	把旧页面从 View 迁到 Compose 后出现主题、状态或返回键问题，迁移时要检查哪些边界？	move	03-ui/05-compose.md	Q14	把旧页面从 View 迁到 Compose 后出现主题、状态或返回键问题，迁移时要检查哪些边界？	保留原题证据标注	15-ui/04-compose.md#Q14	executor	migrated
15-ui/04-compose.md	Q15	同一页面混用 View 和 Compose 后尺寸与状态互相打架，怎样确定约束和状态的唯一来源？	todo		cfdcd965909b148b	同一页面混用 View 和 Compose 后尺寸与状态互相打架，怎样确定约束和状态的唯一来源？	move	03-ui/05-compose.md	Q15	同一页面混用 View 和 Compose 后尺寸与状态互相打架，怎样确定约束和状态的唯一来源？	保留原题证据标注	15-ui/04-compose.md#Q15	executor	migrated
15-ui/05-window-system.md	Q1	界面内容、位置或合成结果异常时，应用窗口分别由哪些层维护？	todo		1d06e091ffb4c1bb	界面内容、位置或合成结果异常时，应用窗口分别由哪些层维护？	move	03-ui/04-window-system.md	Q1	界面内容、位置或合成结果异常时，应用窗口分别由哪些层维护？	保留原题证据标注	15-ui/05-window-system.md#Q1	executor	migrated
15-ui/05-window-system.md	Q2	WindowManager.addView 抛 BadTokenException，缺失的 token 代表什么？	todo		4ca14974d448a9e1	WindowManager.addView 抛 BadTokenException，缺失的 token 代表什么？	move	03-ui/04-window-system.md	Q2	WindowManager.addView 抛 BadTokenException，缺失的 token 代表什么？	保留原题证据标注	15-ui/05-window-system.md#Q2	executor	migrated
15-ui/05-window-system.md	Q3	悬浮窗 addView 返回失败码时，怎样沿 addWindow 校验顺序定位？	todo		f9355067d69c69ec	悬浮窗 addView 返回失败码时，怎样沿 addWindow 校验顺序定位？	move	03-ui/04-window-system.md	Q3	悬浮窗 addView 返回失败码时，怎样沿 addWindow 校验顺序定位？	保留原题证据标注	15-ui/05-window-system.md#Q3	executor	migrated
15-ui/05-window-system.md	Q4	窗口 relayout 后界面没有立即重绘，relayoutWindow 返回什么、遍历何时执行？	todo		998f1b3c0850a3b0	窗口 relayout 后界面没有立即重绘，relayoutWindow 返回什么、遍历何时执行？	move	03-ui/04-window-system.md	Q4	窗口 relayout 后界面没有立即重绘，relayoutWindow 返回什么、遍历何时执行？	保留原题证据标注	15-ui/05-window-system.md#Q4	executor	migrated
15-ui/05-window-system.md	Q5	修改状态栏或返回键行为时，为什么要找 WindowManagerPolicy 而非 server/wm？	todo		a059f40948968671	修改状态栏或返回键行为时，为什么要找 WindowManagerPolicy 而非 server/wm？	move	03-ui/04-window-system.md	Q5	修改状态栏或返回键行为时，为什么要找 WindowManagerPolicy 而非 server/wm？	保留原题证据标注	15-ui/05-window-system.md#Q5	executor	migrated
15-ui/05-window-system.md	Q6	窗口 token 合法但显示层级或可见性异常，WindowState、WindowToken、DisplayContent 各管什么？	todo		318f64111eb175e7	窗口 token 合法但显示层级或可见性异常，WindowState、WindowToken、DisplayContent 各管什么？	move	03-ui/04-window-system.md	Q6	窗口 token 合法但显示层级或可见性异常，WindowState、WindowToken、DisplayContent 各管什么？	保留原题证据标注	15-ui/05-window-system.md#Q6	executor	migrated
15-ui/05-window-system.md	Q7	普通 View 调整 z 序无效但 SurfaceView 可以置顶，窗口与 View 的层级由谁决定？	todo		6928cec92e4e1e2d	普通 View 调整 z 序无效但 SurfaceView 可以置顶，窗口与 View 的层级由谁决定？	move	03-ui/04-window-system.md	Q7	普通 View 调整 z 序无效但 SurfaceView 可以置顶，窗口与 View 的层级由谁决定？	保留原题证据标注	15-ui/05-window-system.md#Q7	executor	migrated
15-ui/05-window-system.md	Q8	系统栏或输入法遮挡内容时，Insets 从哪些来源计算并传给应用？	todo		6ca0a6b5fc201425	系统栏或输入法遮挡内容时，Insets 从哪些来源计算并传给应用？	move	03-ui/04-window-system.md	Q8	系统栏或输入法遮挡内容时，Insets 从哪些来源计算并传给应用？	保留原题证据标注	15-ui/05-window-system.md#Q8	executor	migrated
15-ui/05-window-system.md	Q9	沉浸式页面用 setSystemUiVisibility 后行为不稳定，WindowInsetsController 多了什么能力？	todo		da74dd5a43119b1e	沉浸式页面用 setSystemUiVisibility 后行为不稳定，WindowInsetsController 多了什么能力？	move	03-ui/04-window-system.md	Q9	沉浸式页面用 setSystemUiVisibility 后行为不稳定，WindowInsetsController 多了什么能力？	保留原题证据标注	15-ui/05-window-system.md#Q9	executor	migrated
15-ui/05-window-system.md	Q10	调用 hide 后内容没有马上扩展，系统栏 Insets 为什么要等后续帧变化？	todo		dda17c999c0b0835	调用 hide 后内容没有马上扩展，系统栏 Insets 为什么要等后续帧变化？	move	03-ui/04-window-system.md	Q10	调用 hide 后内容没有马上扩展，系统栏 Insets 为什么要等后续帧变化？	保留原题证据标注	15-ui/05-window-system.md#Q10	executor	migrated
15-ui/05-window-system.md	Q11	切换配置后页面有时回调、有时重建，Activity 的分界条件是什么？	todo		0665035b2e66c868	切换配置后页面有时回调、有时重建，Activity 的分界条件是什么？	move	03-ui/04-window-system.md	Q11	切换配置后页面有时回调、有时重建，Activity 的分界条件是什么？	保留原题证据标注	15-ui/05-window-system.md#Q11	executor	migrated
15-ui/05-window-system.md	Q12	分屏或折叠改变窗口大小但没触发 Configuration，应用为何仍会重新布局？	todo		e1f14bab4df3b96c	分屏或折叠改变窗口大小但没触发 Configuration，应用为何仍会重新布局？	move	03-ui/04-window-system.md	Q12	分屏或折叠改变窗口大小但没触发 Configuration，应用为何仍会重新布局？	保留原题证据标注	15-ui/05-window-system.md#Q12	executor	migrated
15-ui/05-window-system.md	Q13	输入法弹出后页面缩放卡顿或被平移，adjustResize、adjustPan、adjustNothing 如何影响窗口？	todo		f2bbe90c824e06f0	输入法弹出后页面缩放卡顿或被平移，adjustResize、adjustPan、adjustNothing 如何影响窗口？	move	03-ui/04-window-system.md	Q13	输入法弹出后页面缩放卡顿或被平移，adjustResize、adjustPan、adjustNothing 如何影响窗口？	保留原题证据标注	15-ui/05-window-system.md#Q13	executor	migrated
15-ui/05-window-system.md	Q14	多窗口中的 Activity 看起来小于任务区域，ActivityRecord 边界与 letterbox 分别表示什么？	todo		45684fa632d5dbb1	多窗口中的 Activity 看起来小于任务区域，ActivityRecord 边界与 letterbox 分别表示什么？	move	03-ui/04-window-system.md	Q14	多窗口中的 Activity 看起来小于任务区域，ActivityRecord 边界与 letterbox 分别表示什么？	保留原题证据标注	15-ui/05-window-system.md#Q14	executor	migrated
15-ui/05-window-system.md	Q15	窗口不显示或黑屏时，怎样依次检查窗口记录、frame 与 SurfaceFlinger layer？	todo		a897db3f6d3798b0	窗口不显示或黑屏时，怎样依次检查窗口记录、frame 与 SurfaceFlinger layer？	move	03-ui/04-window-system.md	Q15	窗口不显示或黑屏时，怎样依次检查窗口记录、frame 与 SurfaceFlinger layer？	保留原题证据标注	15-ui/05-window-system.md#Q15	executor	migrated
15-ui/05-window-system.md	Q16	窗口添加失败与 Surface 丢失都表现为空白，应用侧症状和恢复责任有什么不同？	todo		681bb52c282a08e6	窗口添加失败与 Surface 丢失都表现为空白，应用侧症状和恢复责任有什么不同？	move	03-ui/04-window-system.md	Q16	窗口添加失败与 Surface 丢失都表现为空白，应用侧症状和恢复责任有什么不同？	保留原题证据标注	15-ui/05-window-system.md#Q16	executor	migrated
15-ui/05-window-system.md	Q17	键盘动画结束后页面才跳动，如何用 WindowInsetsAnimation 同步布局？	todo		c5fddea3af7d78e0	键盘动画结束后页面才跳动，如何用 WindowInsetsAnimation 同步布局？	move	03-ui/04-window-system.md	Q17	键盘动画结束后页面才跳动，如何用 WindowInsetsAnimation 同步布局？	保留原题证据标注	15-ui/05-window-system.md#Q17	executor	migrated
15-ui/06-aaos-ui.md	Q1	收到“车机页面改不动”的需求后，如何判断应改应用、SystemUI、CarService 还是车辆层？	todo		aadd9171a1bf0900	收到“车机页面改不动”的需求后，如何判断应改应用、SystemUI、CarService 还是车辆层？	move	03-ui/06-aaos-ui.md	Q1	收到“车机页面改不动”的需求后，如何判断应改应用、SystemUI、CarService 还是车辆层？	保留原题证据标注	15-ui/06-aaos-ui.md#Q1	executor	migrated
15-ui/06-aaos-ui.md	Q2	应用需要读取车辆状态时，CarService 与 car-lib 分别承担什么角色？	todo		10c8b24e714feb35	应用需要读取车辆状态时，CarService 与 car-lib 分别承担什么角色？	move	03-ui/06-aaos-ui.md	Q2	应用需要读取车辆状态时，CarService 与 car-lib 分别承担什么角色？	保留原题证据标注	15-ui/06-aaos-ui.md#Q2	executor	migrated
15-ui/06-aaos-ui.md	Q3	车机桌面需要随驾驶状态和多显示变化，为什么 Launcher 不只是普通桌面应用？	todo		ed4a1ce6f8dca432	车机桌面需要随驾驶状态和多显示变化，为什么 Launcher 不只是普通桌面应用？	move	03-ui/06-aaos-ui.md	Q3	车机桌面需要随驾驶状态和多显示变化，为什么 Launcher 不只是普通桌面应用？	保留原题证据标注	15-ui/06-aaos-ui.md#Q3	executor	migrated
15-ui/06-aaos-ui.md	Q4	车载功能用模板应用还是原生 Activity 实现，怎样按功能和合规成本选路线？	todo		68db46273085ecaa	车载功能用模板应用还是原生 Activity 实现，怎样按功能和合规成本选路线？	move	03-ui/06-aaos-ui.md	Q4	车载功能用模板应用还是原生 Activity 实现，怎样按功能和合规成本选路线？	保留原题证据标注	15-ui/06-aaos-ui.md#Q4	executor	migrated
15-ui/06-aaos-ui.md	Q5	Car App 应用已安装却没出现在宿主列表，CarAppService 清单还缺哪些声明？	todo		3acdbb93030603cb	Car App 应用已安装却没出现在宿主列表，CarAppService 清单还缺哪些声明？	move	03-ui/06-aaos-ui.md	Q5	Car App 应用已安装却没出现在宿主列表，CarAppService 清单还缺哪些声明？	保留原题证据标注	15-ui/06-aaos-ui.md#Q5	executor	migrated
15-ui/06-aaos-ui.md	Q6	同一 Android 版本的车辆支持能力不同，Car App API level 为什么不能用 SDK 版本替代？	todo		d8440f0da2874cf5	同一 Android 版本的车辆支持能力不同，Car App API level 为什么不能用 SDK 版本替代？	move	03-ui/06-aaos-ui.md	Q6	同一 Android 版本的车辆支持能力不同，Car App API level 为什么不能用 SDK 版本替代？	保留原题证据标注	15-ui/06-aaos-ui.md#Q6	executor	migrated
15-ui/06-aaos-ui.md	Q7	模板应用传入 Action 后按钮没显示，宿主渲染与 Template 契约怎样约束结果？	todo		74dbeaad726f9f19	模板应用传入 Action 后按钮没显示，宿主渲染与 Template 契约怎样约束结果？	move	03-ui/06-aaos-ui.md	Q7	模板应用传入 Action 后按钮没显示，宿主渲染与 Template 契约怎样约束结果？	保留原题证据标注	15-ui/06-aaos-ui.md#Q7	executor	migrated
15-ui/06-aaos-ui.md	Q8	副驾屏上的应用拿不到座位信息，occupant zone 如何关联座位、显示和用户？	todo		1b36abdcbed68c9c	副驾屏上的应用拿不到座位信息，occupant zone 如何关联座位、显示和用户？	move	03-ui/06-aaos-ui.md	Q8	副驾屏上的应用拿不到座位信息，occupant zone 如何关联座位、显示和用户？	保留原题证据标注	15-ui/06-aaos-ui.md#Q8	executor	migrated
15-ui/06-aaos-ui.md	Q9	后排操作影响了驾驶员的数据，车机多用户下哪些状态必须隔离？	todo		c78483228bbe7dc3	后排操作影响了驾驶员的数据，车机多用户下哪些状态必须隔离？	move	03-ui/06-aaos-ui.md	Q9	后排操作影响了驾驶员的数据，车机多用户下哪些状态必须隔离？	保留原题证据标注	15-ui/06-aaos-ui.md#Q9	executor	migrated
15-ui/06-aaos-ui.md	Q10	调用 DisplayManager 关闭车机屏幕后状态不一致，屏幕实际由什么电源策略控制？	todo		fbf81a39507bf78f	调用 DisplayManager 关闭车机屏幕后状态不一致，屏幕实际由什么电源策略控制？	move	03-ui/06-aaos-ui.md	Q10	调用 DisplayManager 关闭车机屏幕后状态不一致，屏幕实际由什么电源策略控制？	保留原题证据标注	15-ui/06-aaos-ui.md#Q10	executor	migrated
15-ui/06-aaos-ui.md	Q11	车机夜间模式跟车辆灯光变化不同步，日夜状态由谁提供给应用？	todo		465f99cbbf2109b6	车机夜间模式跟车辆灯光变化不同步，日夜状态由谁提供给应用？	move	03-ui/06-aaos-ui.md	Q11	车机夜间模式跟车辆灯光变化不同步，日夜状态由谁提供给应用？	保留原题证据标注	15-ui/06-aaos-ui.md#Q11	executor	migrated
15-ui/06-aaos-ui.md	Q12	应用收不到旋钮或自定义按键事件，车机输入事件经什么系统通道分发？	todo		f3cc74bac859bd6d	应用收不到旋钮或自定义按键事件，车机输入事件经什么系统通道分发？	move	03-ui/06-aaos-ui.md	Q12	应用收不到旋钮或自定义按键事件，车机输入事件经什么系统通道分发？	保留原题证据标注	15-ui/06-aaos-ui.md#Q12	executor	migrated
15-ui/06-aaos-ui.md	Q13	导航地图无法显示到仪表屏，cluster 服务与普通 Activity 有何区别？	todo		cbee63fee4dbe1eb	导航地图无法显示到仪表屏，cluster 服务与普通 Activity 有何区别？	move	03-ui/06-aaos-ui.md	Q13	导航地图无法显示到仪表屏，cluster 服务与普通 Activity 有何区别？	保留原题证据标注	15-ui/06-aaos-ui.md#Q13	executor	migrated
15-ui/06-aaos-ui.md	Q14	Android Auto 投影启动后原生应用不可见或失焦，二者如何共存？	todo		fd351826904859ef	Android Auto 投影启动后原生应用不可见或失焦，二者如何共存？	move	03-ui/06-aaos-ui.md	Q14	Android Auto 投影启动后原生应用不可见或失焦，二者如何共存？	保留原题证据标注	15-ui/06-aaos-ui.md#Q14	executor	migrated
15-ui/06-aaos-ui.md	Q15	车机调试时 UX 限制被放开，如何用服务状态与特性开关确认测试环境？	todo		04c122b71a367a32	车机调试时 UX 限制被放开，如何用服务状态与特性开关确认测试环境？	move	03-ui/06-aaos-ui.md	Q15	车机调试时 UX 限制被放开，如何用服务状态与特性开关确认测试环境？	保留原题证据标注	15-ui/06-aaos-ui.md#Q15	executor	migrated
15-ui/07-driving-safety.md	Q1	车速刚超过零就锁死所有界面，为什么应用不能自行硬编码驾驶限制？	todo		8a104ca4403c981f	车速刚超过零就锁死所有界面，为什么应用不能自行硬编码驾驶限制？	move	03-ui/07-driving-safety.md	Q1	车速刚超过零就锁死所有界面，为什么应用不能自行硬编码驾驶限制？	保留原题证据标注	15-ui/07-driving-safety.md#Q1	executor	migrated
15-ui/07-driving-safety.md	Q2	车辆从驻车进入行驶后 UI 未切换，驾驶状态是怎样从车辆信号推导出来的？	todo		4bdf80972c142776	车辆从驻车进入行驶后 UI 未切换，驾驶状态是怎样从车辆信号推导出来的？	move	03-ui/07-driving-safety.md	Q2	车辆从驻车进入行驶后 UI 未切换，驾驶状态是怎样从车辆信号推导出来的？	保留原题证据标注	15-ui/07-driving-safety.md#Q2	executor	migrated
15-ui/07-driving-safety.md	Q3	同一车机在不同车型限制不同，UX Restrictions 映射表如何表达差异？	todo		e9fbd2a7ffd5ab79	同一车机在不同车型限制不同，UX Restrictions 映射表如何表达差异？	move	03-ui/07-driving-safety.md	Q3	同一车机在不同车型限制不同，UX Restrictions 映射表如何表达差异？	保留原题证据标注	15-ui/07-driving-safety.md#Q3	executor	migrated
15-ui/07-driving-safety.md	Q4	配置设了 no_video 却仍要求分心优化，uxr 与 baseline 的关系是什么？	todo		fda63f0f4a7e7c7e	配置设了 no_video 却仍要求分心优化，uxr 与 baseline 的关系是什么？	move	03-ui/07-driving-safety.md	Q4	配置设了 no_video 却仍要求分心优化，uxr 与 baseline 的关系是什么？	保留原题证据标注	15-ui/07-driving-safety.md#Q4	executor	migrated
15-ui/07-driving-safety.md	Q5	车型切换后限制配置未生效，restriction mode 为什么需要独立于驾驶状态？	todo		48754dda8668791e	车型切换后限制配置未生效，restriction mode 为什么需要独立于驾驶状态？	move	03-ui/07-driving-safety.md	Q5	车型切换后限制配置未生效，restriction mode 为什么需要独立于驾驶状态？	保留原题证据标注	15-ui/07-driving-safety.md#Q5	executor	migrated
15-ui/07-driving-safety.md	Q6	页面只在 onCreate 读取 UX 限制，行驶后仍可操作，应用应监听什么？	todo		e4ab14bc21be59a5	页面只在 onCreate 读取 UX 限制，行驶后仍可操作，应用应监听什么？	move	03-ui/07-driving-safety.md	Q6	页面只在 onCreate 读取 UX 限制，行驶后仍可操作，应用应监听什么？	保留原题证据标注	15-ui/07-driving-safety.md#Q6	executor	migrated
15-ui/07-driving-safety.md	Q7	Car App 在行驶中无法启动，清单里的 distractionOptimized 声明有什么作用？	todo		1b8923842be87a0a	Car App 在行驶中无法启动，清单里的 distractionOptimized 声明有什么作用？	move	03-ui/07-driving-safety.md	Q7	Car App 在行驶中无法启动，清单里的 distractionOptimized 声明有什么作用？	保留原题证据标注	15-ui/07-driving-safety.md#Q7	executor	migrated
15-ui/07-driving-safety.md	Q8	升级后车机进入全限制状态，配置读取失败时系统为何采用安全兜底？	todo		19b67703c6606af9	升级后车机进入全限制状态，配置读取失败时系统为何采用安全兜底？	move	03-ui/07-driving-safety.md	Q8	升级后车机进入全限制状态，配置读取失败时系统为何采用安全兜底？	保留原题证据标注	15-ui/07-driving-safety.md#Q8	executor	migrated
15-ui/07-driving-safety.md	Q9	行驶中需要开放语音设置入口，哪些界面可以通过配置豁免 UX 限制？	todo		3f1b3895ae6f77fa	行驶中需要开放语音设置入口，哪些界面可以通过配置豁免 UX 限制？	move	03-ui/07-driving-safety.md	Q9	行驶中需要开放语音设置入口，哪些界面可以通过配置豁免 UX 限制？	保留原题证据标注	15-ui/07-driving-safety.md#Q9	executor	migrated
15-ui/07-driving-safety.md	Q10	副驾触屏被锁或后排屏输入异常，显示触控设置与输入类型声明如何配合？	todo		a608cecf5ed71b51	副驾触屏被锁或后排屏输入异常，显示触控设置与输入类型声明如何配合？	move	03-ui/07-driving-safety.md	Q10	副驾触屏被锁或后排屏输入异常，显示触控设置与输入类型声明如何配合？	保留原题证据标注	15-ui/07-driving-safety.md#Q10	executor	migrated
15-ui/07-driving-safety.md	Q11	车辆行驶状态变化后页面仍保留旧控件，应用应怎样处理限制更新？	todo		6036b3ec93974bcd	车辆行驶状态变化后页面仍保留旧控件，应用应怎样处理限制更新？	move	03-ui/07-driving-safety.md	Q11	车辆行驶状态变化后页面仍保留旧控件，应用应怎样处理限制更新？	保留原题证据标注	15-ui/07-driving-safety.md#Q11	executor	migrated
15-ui/07-driving-safety.md	Q12	驾驶时视频、长文本或复杂交互被禁用，限制依据是什么、界面应如何降级？	todo		fc082965c201214b	驾驶时视频、长文本或复杂交互被禁用，限制依据是什么、界面应如何降级？	move	03-ui/07-driving-safety.md	Q12	驾驶时视频、长文本或复杂交互被禁用，限制依据是什么、界面应如何降级？	保留原题证据标注	15-ui/07-driving-safety.md#Q12	executor	migrated
15-ui/07-driving-safety.md	Q13	驾驶员需要操作高频功能却不应盯屏，语音和物理控件各解决什么风险？	todo		5c2e57ef816a2b5f	驾驶员需要操作高频功能却不应盯屏，语音和物理控件各解决什么风险？	move	03-ui/07-driving-safety.md	Q13	驾驶员需要操作高频功能却不应盯屏，语音和物理控件各解决什么风险？	保留原题证据标注	15-ui/07-driving-safety.md#Q13	executor	migrated
15-ui/07-driving-safety.md	Q14	UX 限制功能通过了驻车测试却在路测失效，怎样按配置到交互构造验证？	todo		6d0d5459293b99cc	UX 限制功能通过了驻车测试却在路测失效，怎样按配置到交互构造验证？	move	03-ui/07-driving-safety.md	Q14	UX 限制功能通过了驻车测试却在路测失效，怎样按配置到交互构造验证？	保留原题证据标注	15-ui/07-driving-safety.md#Q14	executor	migrated
15-ui/07-driving-safety.md	Q15	倒车影像、车速显示和音量限制同时影响页面时，如何纳入 UI 安全设计？	todo		c800c679ad5ffceb	倒车影像、车速显示和音量限制同时影响页面时，如何纳入 UI 安全设计？	move	03-ui/07-driving-safety.md	Q15	倒车影像、车速显示和音量限制同时影响页面时，如何纳入 UI 安全设计？	保留原题证据标注	15-ui/07-driving-safety.md#Q15	executor	migrated
15-ui/08-ui-debugging.md	Q1	遇到白屏、黑屏或卡顿时，为什么应先分层归因再抓帧？	todo		37eb743cd8f71c4e	遇到白屏、黑屏或卡顿时，为什么应先分层归因再抓帧？	move	03-ui/08-ui-debugging.md	Q1	遇到白屏、黑屏或卡顿时，为什么应先分层归因再抓帧？	保留原题证据标注	15-ui/08-ui-debugging.md#Q1	executor	migrated
15-ui/08-ui-debugging.md	Q2	应用页面完全没出来，怎样从窗口建立、frame 到图层逐步判定？	todo		89deb219590279a3	应用页面完全没出来，怎样从窗口建立、frame 到图层逐步判定？	move	03-ui/08-ui-debugging.md	Q2	应用页面完全没出来，怎样从窗口建立、frame 到图层逐步判定？	保留原题证据标注	15-ui/08-ui-debugging.md#Q2	executor	migrated
15-ui/08-ui-debugging.md	Q3	冷启动白屏数秒，如何把首帧前的初始化阶段拆开定位？	todo		7c230502dfb797c5	冷启动白屏数秒，如何把首帧前的初始化阶段拆开定位？	move	03-ui/08-ui-debugging.md	Q3	冷启动白屏数秒，如何把首帧前的初始化阶段拆开定位？	保留原题证据标注	15-ui/08-ui-debugging.md#Q3	executor	migrated
15-ui/08-ui-debugging.md	Q4	透明主题页面看似黑屏，怎样区分窗口未创建与窗口有界但没有内容？	todo		fa6731721d7d974d	透明主题页面看似黑屏，怎样区分窗口未创建与窗口有界但没有内容？	move	03-ui/08-ui-debugging.md	Q4	透明主题页面看似黑屏，怎样区分窗口未创建与窗口有界但没有内容？	保留原题证据标注	15-ui/08-ui-debugging.md#Q4	executor	migrated
15-ui/08-ui-debugging.md	Q5	帧时间超预算或用户仍感觉掉帧，怎样区分 UI 线程、渲染线程和合成侧？	todo		a8294a17188aba0d	帧时间超预算或用户仍感觉掉帧，怎样区分 UI 线程、渲染线程和合成侧？	move	03-ui/08-ui-debugging.md	Q5	帧时间超预算或用户仍感觉掉帧，怎样区分 UI 线程、渲染线程和合成侧？	保留原题证据标注	15-ui/08-ui-debugging.md#Q5	executor	migrated
15-ui/08-ui-debugging.md	Q6	需要判断是哪个窗口迟交帧，gfxinfo、SurfaceFlinger 与 Perfetto 各提供什么证据？	todo		2d7bf443ce6056c4	需要判断是哪个窗口迟交帧，gfxinfo、SurfaceFlinger 与 Perfetto 各提供什么证据？	move	03-ui/08-ui-debugging.md	Q6	需要判断是哪个窗口迟交帧，gfxinfo、SurfaceFlinger 与 Perfetto 各提供什么证据？	保留原题证据标注	15-ui/08-ui-debugging.md#Q6	executor	migrated
15-ui/08-ui-debugging.md	Q7	ViewRootImpl 没有执行绘制时，是否能从框架诊断字段找到跳过原因？	todo		a51d31cea3976a01	ViewRootImpl 没有执行绘制时，是否能从框架诊断字段找到跳过原因？	move	03-ui/08-ui-debugging.md	Q7	ViewRootImpl 没有执行绘制时，是否能从框架诊断字段找到跳过原因？	保留原题证据标注	15-ui/08-ui-debugging.md#Q7	executor	migrated
15-ui/08-ui-debugging.md	Q8	局部数据变化造成大范围重绘和掉帧，如何判断失效范围并缩小成本？	todo		7fc6bd3d2ca29eee	局部数据变化造成大范围重绘和掉帧，如何判断失效范围并缩小成本？	move	03-ui/08-ui-debugging.md	Q8	局部数据变化造成大范围重绘和掉帧，如何判断失效范围并缩小成本？	保留原题证据标注	15-ui/08-ui-debugging.md#Q8	executor	migrated
15-ui/08-ui-debugging.md	Q9	刘海、圆角或系统栏压住按钮，怎样按 Insets 调整内容与点击区域？	todo		e37e8fe96275942a	刘海、圆角或系统栏压住按钮，怎样按 Insets 调整内容与点击区域？	move	03-ui/08-ui-debugging.md	Q9	刘海、圆角或系统栏压住按钮，怎样按 Insets 调整内容与点击区域？	保留原题证据标注	15-ui/08-ui-debugging.md#Q9	executor	migrated
15-ui/08-ui-debugging.md	Q10	用户点击后长期无响应并出现输入超时，主线程阻塞如何造成这两类现象？	todo		e8d077756e9606bf	用户点击后长期无响应并出现输入超时，主线程阻塞如何造成这两类现象？	move	03-ui/08-ui-debugging.md	Q10	用户点击后长期无响应并出现输入超时，主线程阻塞如何造成这两类现象？	保留原题证据标注	15-ui/08-ui-debugging.md#Q10	executor	migrated
15-ui/08-ui-debugging.md	Q11	页面渲染卡顿并伴随内存上涨，怎样区分分配、纹理与缓冲区问题？	todo		89d57a9199b32f57	页面渲染卡顿并伴随内存上涨，怎样区分分配、纹理与缓冲区问题？	move	03-ui/08-ui-debugging.md	Q11	页面渲染卡顿并伴随内存上涨，怎样区分分配、纹理与缓冲区问题？	保留原题证据标注	15-ui/08-ui-debugging.md#Q11	executor	migrated
15-ui/08-ui-debugging.md	Q12	SurfaceView 区域变黑或偏移，如何分别确认图层、位置和 buffer？	todo		557685b3ecef5f2b	SurfaceView 区域变黑或偏移，如何分别确认图层、位置和 buffer？	move	03-ui/08-ui-debugging.md	Q12	SurfaceView 区域变黑或偏移，如何分别确认图层、位置和 buffer？	保留原题证据标注	15-ui/08-ui-debugging.md#Q12	executor	migrated
15-ui/08-ui-debugging.md	Q13	车机同一页面在主屏和副驾屏大小不同，怎样检查显示配置与窗口几何？	todo		9011642f8fc81d25	车机同一页面在主屏和副驾屏大小不同，怎样检查显示配置与窗口几何？	move	03-ui/08-ui-debugging.md	Q13	车机同一页面在主屏和副驾屏大小不同，怎样检查显示配置与窗口几何？	保留原题证据标注	15-ui/08-ui-debugging.md#Q13	executor	migrated
15-ui/08-ui-debugging.md	Q14	车机屏幕熄灭但应用进程仍运行，如何判断是否由电源策略控制？	todo		2d314f64448bac59	车机屏幕熄灭但应用进程仍运行，如何判断是否由电源策略控制？	move	03-ui/08-ui-debugging.md	Q14	车机屏幕熄灭但应用进程仍运行，如何判断是否由电源策略控制？	保留原题证据标注	15-ui/08-ui-debugging.md#Q14	executor	migrated
15-ui/08-ui-debugging.md	Q15	同类 UI 缺陷反复回归，怎样把视觉与状态问题变成可重复验证的检查？	todo		475d428e9d13b208	同类 UI 缺陷反复回归，怎样把视觉与状态问题变成可重复验证的检查？	move	03-ui/08-ui-debugging.md	Q15	同类 UI 缺陷反复回归，怎样把视觉与状态问题变成可重复验证的检查？	保留原题证据标注	15-ui/08-ui-debugging.md#Q15	executor	migrated
16-project-architecture/01-应用进程启动与全局服务生命周期.md	Q1	在这个 Launcher 项目中，VehicleService 从进程启动到车辆服务可用的完整链路是什么，它如何与首页 Activity 的启动时序协作，为什么由 MainService 管理其生命周期？	todo		54f580042beafebb	在这个 Launcher 项目中，VehicleService 从进程启动到车辆服务可用的完整链路是什么，它如何与首页 Activity 的启动时序协作，为什么由 MainService 管理其生命周期？	move	OUT:knowledge-base/career/work-project-analysis/01-launcher-vehicle-service.md	Q1	在这个 Launcher 项目中，VehicleService 从进程启动到车辆服务可用的完整链路是什么，它如何与首页 Activity 的启动时序协作，为什么由 MainService 管理其生命周期？	保留原题证据标注	16-project-architecture/01-应用进程启动与全局服务生命周期.md#Q1	executor	migrated
17-car-app/01-Launcher.md	Q1	从职责与架构看，AAOS 的 `CarLauncher` 与手机上的 AOSP `Launcher3` 有什么异同？	todo		2280b90fa07d46bd	从职责与架构看，AAOS 的 `CarLauncher` 与手机上的 AOSP `Launcher3` 有什么异同？	move	10-aaos/06-car-launcher.md	Q1	从职责与架构看，AAOS 的 `CarLauncher` 与手机上的 AOSP `Launcher3` 有什么异同？	保留原题证据标注	17-car-app/01-Launcher.md#Q1	executor	migrated
17-car-app/01-Launcher.md	Q2	CarLauncher是什么时候启动的？被谁拉起的？	todo		e3b0c44298fc1c14	CarLauncher是什么时候启动的？被谁拉起的？	remove-duplicate	01-architecture/02-system-boot.md	Q42		启动册 HOME 解析题已覆盖	17-car-app/01-Launcher.md#Q2	executor	migrated
17-car-app/01-Launcher.md	Q3	AAOS `CarLauncher` 如何构造应用网格条目？	todo		bc37ac1396237826	AAOS `CarLauncher` 如何构造应用网格条目？	move	10-aaos/06-car-launcher.md	Q2	AAOS `CarLauncher` 如何构造应用网格条目？	保留原题证据标注	17-car-app/01-Launcher.md#Q3	executor	migrated
17-car-app/01-Launcher.md	Q4	在 AAOS 13 中，点击普通应用图标后，启动请求怎样到达目标 Activity？	todo		feae7e5ac8916dbf	在 AAOS 13 中，点击普通应用图标后，启动请求怎样到达目标 Activity？	move	10-aaos/06-car-launcher.md	Q3	在 AAOS 13 中，点击普通应用图标后，启动请求怎样到达目标 Activity？	保留原题证据标注	17-car-app/01-Launcher.md#Q4	executor	migrated
17-car-app/01-Launcher.md	Q5	AAOS Launcher 设置 `FLAG_ACTIVITY_NEW_TASK` 后，系统是否一定新建任务？	todo		04545503a6be0d1c	AAOS Launcher 设置 `FLAG_ACTIVITY_NEW_TASK` 后，系统是否一定新建任务？	move	03-ui/01-activity.md	Q26	AAOS Launcher 设置 `FLAG_ACTIVITY_NEW_TASK` 后，系统是否一定新建任务？	保留原题证据标注	17-car-app/01-Launcher.md#Q5	executor	migrated
17-car-app/01-Launcher.md	Q6	从 Launcher 点击图标时，为什么目标进程已存活仍可能创建新的 Activity？	todo		447bffbbf4f30de9	从 Launcher 点击图标时，为什么目标进程已存活仍可能创建新的 Activity？	move	03-ui/01-activity.md	Q27	从 Launcher 点击图标时，为什么目标进程已存活仍可能创建新的 Activity？	保留原题证据标注	17-car-app/01-Launcher.md#Q6	executor	migrated
18-build-system/01-product-config.md	Q1	在 AOSP/AAOS 构建中，Product、Device/Board 和 lunch 构建变体分别决定什么？	todo		af9dfec13dbd50fe	在 AOSP/AAOS 构建中，Product、Device/Board 和 lunch 构建变体分别决定什么？	move	13-build-system/01-product-config.md	Q1	在 AOSP/AAOS 构建中，Product、Device/Board 和 lunch 构建变体分别决定什么？	保留原题证据标注	18-build-system/01-product-config.md#Q1	executor	migrated
18-build-system/01-product-config.md	Q2	`source build/envsetup.sh`、`lunch`、`AndroidProducts.mk` 和 `COMMON_LUNCH_CHOICES` 如何共同确定构建目标？	todo		39843d172fbdaaa9	`source build/envsetup.sh`、`lunch`、`AndroidProducts.mk` 和 `COMMON_LUNCH_CHOICES` 如何共同确定构建目标？	move	13-build-system/01-product-config.md	Q2	`source build/envsetup.sh`、`lunch`、`AndroidProducts.mk` 和 `COMMON_LUNCH_CHOICES` 如何共同确定构建目标？	保留原题证据标注	18-build-system/01-product-config.md#Q2	executor	migrated
18-build-system/01-product-config.md	Q3	`:=`、`+=` 和产品配置的单值/列表变量应如何理解？	todo		81cd92cdabc81d2c	`:=`、`+=` 和产品配置的单值/列表变量应如何理解？	move	13-build-system/01-product-config.md	Q3	`:=`、`+=` 和产品配置的单值/列表变量应如何理解？	保留原题证据标注	18-build-system/01-product-config.md#Q3	executor	migrated
18-build-system/01-product-config.md	Q4	`inherit-product` 如何合并产品配置，何时可用 `inherit-product-if-exists`？	todo		578742ca989d05ea	`inherit-product` 如何合并产品配置，何时可用 `inherit-product-if-exists`？	move	13-build-system/01-product-config.md	Q4	`inherit-product` 如何合并产品配置，何时可用 `inherit-product-if-exists`？	保留原题证据标注	18-build-system/01-product-config.md#Q4	executor	migrated
18-build-system/01-product-config.md	Q5	`PRODUCT_COPY_FILES` 的源路径和目标路径分别表示什么，适合复制哪些文件？	todo		cf2d7695666abb53	`PRODUCT_COPY_FILES` 的源路径和目标路径分别表示什么，适合复制哪些文件？	move	13-build-system/01-product-config.md	Q5	`PRODUCT_COPY_FILES` 的源路径和目标路径分别表示什么，适合复制哪些文件？	保留原题证据标注	18-build-system/01-product-config.md#Q5	executor	migrated
18-build-system/01-product-config.md	Q6	`PRODUCT_PACKAGE_OVERLAYS` 与 `DEVICE_PACKAGE_OVERLAYS` 的职责是什么，为什么 overlay 通常按源码路径组织？	todo		1cc8a27b8f40e6cc	`PRODUCT_PACKAGE_OVERLAYS` 与 `DEVICE_PACKAGE_OVERLAYS` 的职责是什么，为什么 overlay 通常按源码路径组织？	move	13-build-system/01-product-config.md	Q6	`PRODUCT_PACKAGE_OVERLAYS` 与 `DEVICE_PACKAGE_OVERLAYS` 的职责是什么，为什么 overlay 通常按源码路径组织？	保留原题证据标注	18-build-system/01-product-config.md#Q6	executor	migrated
18-build-system/01-product-config.md	Q7	`PRODUCT_PACKAGES` 如何控制产品安装模块，如何从产品中移除 Contacts 应用？	todo		67ff6735385a6c30	`PRODUCT_PACKAGES` 如何控制产品安装模块，如何从产品中移除 Contacts 应用？	move	13-build-system/01-product-config.md	Q7	`PRODUCT_PACKAGES` 如何控制产品安装模块，如何从产品中移除 Contacts 应用？	保留原题证据标注	18-build-system/01-product-config.md#Q7	executor	migrated
18-build-system/01-product-config.md	Q8	Soong 模块安装到哪个分区由什么决定，怎样确认它进入了哪个镜像？	todo		9a467f3d831a0a7f	Soong 模块安装到哪个分区由什么决定，怎样确认它进入了哪个镜像？	move	13-build-system/01-product-config.md	Q8	Soong 模块安装到哪个分区由什么决定，怎样确认它进入了哪个镜像？	保留原题证据标注	18-build-system/01-product-config.md#Q8	executor	migrated
18-build-system/01-product-config.md	Q9	`PRODUCT_DEVICE`、`BoardConfig.mk` 和 `PRODUCT_NAME` 的关系是什么？	todo		0ab70434b3267a62	`PRODUCT_DEVICE`、`BoardConfig.mk` 和 `PRODUCT_NAME` 的关系是什么？	move	13-build-system/01-product-config.md	Q9	`PRODUCT_DEVICE`、`BoardConfig.mk` 和 `PRODUCT_NAME` 的关系是什么？	保留原题证据标注	18-build-system/01-product-config.md#Q9	executor	migrated
18-build-system/01-product-config.md	Q10	从执行 `lunch` 到 Soong/Kati 开始编译，产品配置大致经过哪些阶段？	todo		a8268c52160bd4ea	从执行 `lunch` 到 Soong/Kati 开始编译，产品配置大致经过哪些阶段？	move	13-build-system/01-product-config.md	Q10	从执行 `lunch` 到 Soong/Kati 开始编译，产品配置大致经过哪些阶段？	保留原题证据标注	18-build-system/01-product-config.md#Q10	executor	migrated
18-build-system/01-product-config.md	Q11	新增 AAOS Product 时，`AndroidProducts.mk` 与产品 `.mk` 文件各负责什么？	todo		dd31929b1348fce9	新增 AAOS Product 时，`AndroidProducts.mk` 与产品 `.mk` 文件各负责什么？	move	13-build-system/01-product-config.md	Q11	新增 AAOS Product 时，`AndroidProducts.mk` 与产品 `.mk` 文件各负责什么？	保留原题证据标注	18-build-system/01-product-config.md#Q11	executor	migrated
18-build-system/01-product-config.md	Q12	新增产品配置时，如何从已有 AAOS 模拟器产品继承而不误认为它是“车机硬件板”？	todo		b9367d34f0f5b629	新增产品配置时，如何从已有 AAOS 模拟器产品继承而不误认为它是“车机硬件板”？	move	13-build-system/01-product-config.md	Q12	新增产品配置时，如何从已有 AAOS 模拟器产品继承而不误认为它是“车机硬件板”？	保留原题证据标注	18-build-system/01-product-config.md#Q12	executor	migrated
18-build-system/01-product-config.md	Q13	AAOS/AOSP 的 `user`、`userdebug` 和 `eng` 构建变体会怎样影响模块标签与调试属性？	todo		247890f38bc4b65c	AAOS/AOSP 的 `user`、`userdebug` 和 `eng` 构建变体会怎样影响模块标签与调试属性？	move	13-build-system/01-product-config.md	Q13	AAOS/AOSP 的 `user`、`userdebug` 和 `eng` 构建变体会怎样影响模块标签与调试属性？	保留原题证据标注	18-build-system/01-product-config.md#Q13	executor	migrated
18-build-system/01-product-config.md	Q14	定制 Product 时，常见 `PRODUCT_*` 变量分别应在哪类决策中使用？	todo		33751fe56be660dd	定制 Product 时，常见 `PRODUCT_*` 变量分别应在哪类决策中使用？	move	13-build-system/01-product-config.md	Q14	定制 Product 时，常见 `PRODUCT_*` 变量分别应在哪类决策中使用？	保留原题证据标注	18-build-system/01-product-config.md#Q14	executor	migrated
18-build-system/02-soong-modules.md	Q1	AAOS 构建中的 Soong 和 Soong 模块分别是什么？	done	Soong	6430a5354292f675	AAOS 构建中的 Soong 和 Soong 模块分别是什么？	move	13-build-system/02-soong-modules.md	Q1	AAOS 构建中的 Soong 和 Soong 模块分别是什么？	保留原题证据标注	18-build-system/02-soong-modules.md#Q1	executor	migrated
18-build-system/02-soong-modules.md	Q2	AAOS 中预编译模块与可执行模块分别有哪些应用场景？	todo		0b9f7a3488a29ce9	AAOS 中预编译模块与可执行模块分别有哪些应用场景？	move	13-build-system/02-soong-modules.md	Q2	AAOS 中预编译模块与可执行模块分别有哪些应用场景？	保留原题证据标注	18-build-system/02-soong-modules.md#Q2	executor	migrated
18-build-system/02-soong-modules.md	Q3	AAOS 项目什么时候需要新增或修改 Android.bp，模块声明与产品打包如何区分？	todo		8f53ece08a73eb4e	AAOS 项目什么时候需要新增或修改 Android.bp，模块声明与产品打包如何区分？	move	13-build-system/02-soong-modules.md	Q3	AAOS 项目什么时候需要新增或修改 Android.bp，模块声明与产品打包如何区分？	保留原题证据标注	18-build-system/02-soong-modules.md#Q3	executor	migrated
18-build-system/02-soong-modules.md	Q4	以 NsrVehicleService/Android.bp 为例，如何逐项解读 Soong 属性、依赖与 APK 安装形态？	todo		8b04d8c2cf7f21fc	以 NsrVehicleService/Android.bp 为例，如何逐项解读 Soong 属性、依赖与 APK 安装形态？	move	13-build-system/02-soong-modules.md	Q4	以 NsrVehicleService/Android.bp 为例，如何逐项解读 Soong 属性、依赖与 APK 安装形态？	保留原题证据标注	18-build-system/02-soong-modules.md#Q4	executor	migrated
18-build-system/02-soong-modules.md	Q5	读 build/make/core/version_defaults.mk 判断项目基于哪个 Android 版本时，TP1A、REL 和末尾 include 的 version_util.mk 分别起什么作用？	todo		7df831032a98ce45	读 build/make/core/version_defaults.mk 判断项目基于哪个 Android 版本时，TP1A、REL 和末尾 include 的 version_util.mk 分别起什么作用？	move	13-build-system/02-soong-modules.md	Q5	读 build/make/core/version_defaults.mk 判断项目基于哪个 Android 版本时，TP1A、REL 和末尾 include 的 version_util.mk 分别起什么作用？	保留原题证据标注	18-build-system/02-soong-modules.md#Q5	executor	migrated
18-build-system/02-soong-modules.md	Q6	system/core/init/Android.bp 中的 defaults、soong_config_module_type 和构建变量如何改变模块配置？	learning	Android.bp	d6ee3334cff642ed	system/core/init/Android.bp 中的 defaults、soong_config_module_type 和构建变量如何改变模块配置？	move	13-build-system/02-soong-modules.md	Q6	system/core/init/Android.bp 中的 defaults、soong_config_module_type 和构建变量如何改变模块配置？	保留原题证据标注	18-build-system/02-soong-modules.md#Q6	executor	migrated
18-build-system/02-soong-modules.md	Q7	init_first_stage 与 init_second_stage 在 system/core/init/Android.bp 中如何区分源码、链接方式和安装目标？	todo		5864e92200f044e9	init_first_stage 与 init_second_stage 在 system/core/init/Android.bp 中如何区分源码、链接方式和安装目标？	move	13-build-system/02-soong-modules.md	Q7	init_first_stage 与 init_second_stage 在 system/core/init/Android.bp 中如何区分源码、链接方式和安装目标？	保留原题证据标注	18-build-system/02-soong-modules.md#Q7	executor	migrated
18-build-system/02-soong-modules.md	Q8	system/core/init/Android.bp 如何构建 init 测试、主机校验工具和生成文件？	todo		275fd7933969090d	system/core/init/Android.bp 如何构建 init 测试、主机校验工具和生成文件？	move	13-build-system/02-soong-modules.md	Q8	system/core/init/Android.bp 如何构建 init 测试、主机校验工具和生成文件？	保留原题证据标注	18-build-system/02-soong-modules.md#Q8	executor	migrated
18-build-system/02-soong-modules.md	Q9	阅读 system/core/init/Android.bp 时，源码变量、libinit、phony 模块和 init_second_stage 如何组成模块依赖图？	todo		70a31de5fd00ea8d	阅读 system/core/init/Android.bp 时，源码变量、libinit、phony 模块和 init_second_stage 如何组成模块依赖图？	move	13-build-system/02-soong-modules.md	Q9	阅读 system/core/init/Android.bp 时，源码变量、libinit、phony 模块和 init_second_stage 如何组成模块依赖图？	保留原题证据标注	18-build-system/02-soong-modules.md#Q9	executor	migrated
18-build-system/02-soong-modules.md	Q10	我现在会写Android.bp，说说写完之后有什么用是怎么生效的？	todo		e3b0c44298fc1c14	我现在会写Android.bp，说说写完之后有什么用是怎么生效的？	remove-duplicate	13-build-system/02-soong-modules.md	Q10		原 Q11 已覆盖声明→构建动作链路	18-build-system/02-soong-modules.md#Q10	executor	migrated
18-build-system/02-soong-modules.md	Q11	在 AAOS 构建中，Soong、Make/Kati、Ninja、Android.bp/Android.mk 和 m 各自承担什么角色，模块声明又怎样流转为构建动作？	todo		021af07180730bad	在 AAOS 构建中，Soong、Make/Kati、Ninja、Android.bp/Android.mk 和 m 各自承担什么角色，模块声明又怎样流转为构建动作？	move	13-build-system/02-soong-modules.md	Q10	在 AAOS 构建中，Soong、Make/Kati、Ninja、Android.bp/Android.mk 和 m 各自承担什么角色，模块声明又怎样流转为构建动作？	保留原题证据标注	18-build-system/02-soong-modules.md#Q11	executor	migrated
18-build-system/02-soong-modules.md	Q12	在 AAOS 产品中新增 C/C++ 命令行程序时，`cc_binary`、`PRODUCT_PACKAGES` 和 `m <模块名>` 分别做什么？	todo		9460ff4dbaf947b6	在 AAOS 产品中新增 C/C++ 命令行程序时，`cc_binary`、`PRODUCT_PACKAGES` 和 `m <模块名>` 分别做什么？	move	13-build-system/02-soong-modules.md	Q11	在 AAOS 产品中新增 C/C++ 命令行程序时，`cc_binary`、`PRODUCT_PACKAGES` 和 `m <模块名>` 分别做什么？	保留原题证据标注	18-build-system/02-soong-modules.md#Q12	executor	migrated
18-build-system/02-soong-modules.md	Q13	什么时候使用 `cc_prebuilt_binary` 导入 ELF，为什么不能把宿主机 Linux 程序直接塞进 AAOS？	todo		5105360bcb4bddd4	什么时候使用 `cc_prebuilt_binary` 导入 ELF，为什么不能把宿主机 Linux 程序直接塞进 AAOS？	move	13-build-system/02-soong-modules.md	Q12	什么时候使用 `cc_prebuilt_binary` 导入 ELF，为什么不能把宿主机 Linux 程序直接塞进 AAOS？	保留原题证据标注	18-build-system/02-soong-modules.md#Q13	executor	migrated
18-build-system/02-soong-modules.md	Q14	C/C++ 动态库、静态库和使用者模块之间如何声明依赖与安装？	todo		7f8fbaf5ffb76ea1	C/C++ 动态库、静态库和使用者模块之间如何声明依赖与安装？	move	13-build-system/02-soong-modules.md	Q13	C/C++ 动态库、静态库和使用者模块之间如何声明依赖与安装？	保留原题证据标注	18-build-system/02-soong-modules.md#Q14	executor	migrated
18-build-system/02-soong-modules.md	Q15	使用 `cc_prebuilt_library_shared` 时，如何保证 `.so` 的架构、文件名和头文件导出相互匹配？	todo		d515d4d6206406cf	使用 `cc_prebuilt_library_shared` 时，如何保证 `.so` 的架构、文件名和头文件导出相互匹配？	move	13-build-system/02-soong-modules.md	Q14	使用 `cc_prebuilt_library_shared` 时，如何保证 `.so` 的架构、文件名和头文件导出相互匹配？	保留原题证据标注	18-build-system/02-soong-modules.md#Q15	executor	migrated
18-build-system/02-soong-modules.md	Q16	Java 源码如何声明为可安装的设备侧可执行 JAR，运行时为什么还需要 `app_process`？	todo		b724bbebe9603f7a	Java 源码如何声明为可安装的设备侧可执行 JAR，运行时为什么还需要 `app_process`？	move	13-build-system/02-soong-modules.md	Q15	Java 源码如何声明为可安装的设备侧可执行 JAR，运行时为什么还需要 `app_process`？	保留原题证据标注	18-build-system/02-soong-modules.md#Q16	executor	migrated
18-build-system/02-soong-modules.md	Q17	`java_library` 与 `java_import` 的区别是什么，源码库和预编译 JAR 怎样供另一个模块使用？	todo		32ab45686e28ebe5	`java_library` 与 `java_import` 的区别是什么，源码库和预编译 JAR 怎样供另一个模块使用？	move	13-build-system/02-soong-modules.md	Q16	`java_library` 与 `java_import` 的区别是什么，源码库和预编译 JAR 怎样供另一个模块使用？	保留原题证据标注	18-build-system/02-soong-modules.md#Q17	executor	migrated
18-build-system/02-soong-modules.md	Q18	Java 的 `installable`、`product_specific` 和 `PRODUCT_PACKAGES` 分别控制什么？	todo		52661a6d68dc94be	Java 的 `installable`、`product_specific` 和 `PRODUCT_PACKAGES` 分别控制什么？	move	13-build-system/02-soong-modules.md	Q17	Java 的 `installable`、`product_specific` 和 `PRODUCT_PACKAGES` 分别控制什么？	保留原题证据标注	18-build-system/02-soong-modules.md#Q18	executor	migrated
18-build-system/02-soong-modules.md	Q19	产品已安装一个可执行文件时，它的共享库依赖是否还需要单独加入 `PRODUCT_PACKAGES`？	todo		3927f42539c6d169	产品已安装一个可执行文件时，它的共享库依赖是否还需要单独加入 `PRODUCT_PACKAGES`？	move	13-build-system/02-soong-modules.md	Q18	产品已安装一个可执行文件时，它的共享库依赖是否还需要单独加入 `PRODUCT_PACKAGES`？	保留原题证据标注	18-build-system/02-soong-modules.md#Q19	executor	migrated
18-build-system/02-soong-modules.md	Q20	如何验证新增加的 Soong 模块从源码定义到设备运行的完整链路？	todo		d81b492198303fa5	如何验证新增加的 Soong 模块从源码定义到设备运行的完整链路？	move	13-build-system/02-soong-modules.md	Q19	如何验证新增加的 Soong 模块从源码定义到设备运行的完整链路？	保留原题证据标注	18-build-system/02-soong-modules.md#Q20	executor	migrated
18-build-system/02-soong-modules.md	Q21	Android 的 `user`、`userdebug` 和 `eng` 构建变体有什么区别，车机调试和验收该怎么选？	todo		ae6beed8f69d7a03	Android 的 `user`、`userdebug` 和 `eng` 构建变体有什么区别，车机调试和验收该怎么选？	move	13-build-system/02-soong-modules.md	Q20	Android 的 `user`、`userdebug` 和 `eng` 构建变体有什么区别，车机调试和验收该怎么选？	保留原题证据标注	18-build-system/02-soong-modules.md#Q21	executor	migrated
18-build-system/02-soong-modules.md	Q22	Make 与 Android.bp 的变量赋值、引用和条件语法有何区别？	todo		c0aa2ba450323760	Make 与 Android.bp 的变量赋值、引用和条件语法有何区别？	move	13-build-system/02-soong-modules.md	Q21	Make 与 Android.bp 的变量赋值、引用和条件语法有何区别？	保留原题证据标注	18-build-system/02-soong-modules.md#Q22	executor	migrated
18-build-system/02-soong-modules.md	Q23	如何结合 Android 13 源码判断项目的 `adb root` 权限和实际能力？	todo		73ae2f90e7b4ad25	如何结合 Android 13 源码判断项目的 `adb root` 权限和实际能力？	move	13-build-system/02-soong-modules.md	Q22	如何结合 Android 13 源码判断项目的 `adb root` 权限和实际能力？	保留原题证据标注	18-build-system/02-soong-modules.md#Q23	executor	migrated
18-build-system/02-soong-modules.md	Q24	应用要在 Android 源码树中编译时，怎样判断 `platform_apis`、签名、特权身份和安装分区该如何配置？	todo		cbcc3caab95ad214	应用要在 Android 源码树中编译时，怎样判断 `platform_apis`、签名、特权身份和安装分区该如何配置？	move	13-build-system/02-soong-modules.md	Q23	应用要在 Android 源码树中编译时，怎样判断 `platform_apis`、签名、特权身份和安装分区该如何配置？	保留原题证据标注	18-build-system/02-soong-modules.md#Q24	executor	migrated
18-build-system/03-android-kernel-build.md	Q1	为什么定制 AAOS 模拟器内核时，不能只选相同的 Linux 主版本或随意使用 `gki_defconfig`？	todo		611a9f72f5e55d38	为什么定制 AAOS 模拟器内核时，不能只选相同的 Linux 主版本或随意使用 `gki_defconfig`？	move	13-build-system/05-android-kernel-build.md	Q1	为什么定制 AAOS 模拟器内核时，不能只选相同的 Linux 主版本或随意使用 `gki_defconfig`？	保留原题证据标注	18-build-system/03-android-kernel-build.md#Q1	executor	migrated
18-build-system/03-android-kernel-build.md	Q2	如何确定与 AAOS 13 模拟器预编译内核匹配的源码版本？	todo		93a62053339b4874	如何确定与 AAOS 13 模拟器预编译内核匹配的源码版本？	move	13-build-system/05-android-kernel-build.md	Q2	如何确定与 AAOS 13 模拟器预编译内核匹配的源码版本？	保留原题证据标注	18-build-system/03-android-kernel-build.md#Q2	executor	migrated
18-build-system/03-android-kernel-build.md	Q3	为什么应从目标预编译内核提取 `.config`，而不是拼凑 defconfig？	todo		4a7284e6105570c0	为什么应从目标预编译内核提取 `.config`，而不是拼凑 defconfig？	move	13-build-system/05-android-kernel-build.md	Q3	为什么应从目标预编译内核提取 `.config`，而不是拼凑 defconfig？	保留原题证据标注	18-build-system/03-android-kernel-build.md#Q3	executor	migrated
18-build-system/03-android-kernel-build.md	Q4	AAOS 13 内核案例中的 `ARCH`、`LLVM`、`LLVM_IAS` 和 `PATH` 各控制什么？	todo		4e581f38eaf142a3	AAOS 13 内核案例中的 `ARCH`、`LLVM`、`LLVM_IAS` 和 `PATH` 各控制什么？	move	13-build-system/05-android-kernel-build.md	Q4	AAOS 13 内核案例中的 `ARCH`、`LLVM`、`LLVM_IAS` 和 `PATH` 各控制什么？	保留原题证据标注	18-build-system/03-android-kernel-build.md#Q4	executor	migrated
18-build-system/03-android-kernel-build.md	Q5	`make olddefconfig` 和 `make -jN` 在内核构建流程中各自解决什么问题？	todo		c38d0d64d620b4a1	`make olddefconfig` 和 `make -jN` 在内核构建流程中各自解决什么问题？	move	13-build-system/05-android-kernel-build.md	Q5	`make olddefconfig` 和 `make -jN` 在内核构建流程中各自解决什么问题？	保留原题证据标注	18-build-system/03-android-kernel-build.md#Q5	executor	migrated
18-build-system/03-android-kernel-build.md	Q6	在内核源码树内添加自定义驱动时，源码、Kconfig、Makefile 与 `.config` 如何关联？	todo		2b7da4f5967cb440	在内核源码树内添加自定义驱动时，源码、Kconfig、Makefile 与 `.config` 如何关联？	move	13-build-system/05-android-kernel-build.md	Q6	在内核源码树内添加自定义驱动时，源码、Kconfig、Makefile 与 `.config` 如何关联？	保留原题证据标注	18-build-system/03-android-kernel-build.md#Q6	executor	migrated
18-build-system/03-android-kernel-build.md	Q7	将自编译内核交给模拟器启动时，如何确认替换的是实际运行的内核？	todo		3feaf953eb24ecbf	将自编译内核交给模拟器启动时，如何确认替换的是实际运行的内核？	move	13-build-system/05-android-kernel-build.md	Q7	将自编译内核交给模拟器启动时，如何确认替换的是实际运行的内核？	保留原题证据标注	18-build-system/03-android-kernel-build.md#Q7	executor	migrated
18-build-system/03-android-kernel-build.md	Q8	为什么内核和 `.ko` 模块需要来自匹配的构建配置与源码版本？	todo		45e6380636a0a8dc	为什么内核和 `.ko` 模块需要来自匹配的构建配置与源码版本？	move	13-build-system/05-android-kernel-build.md	Q8	为什么内核和 `.ko` 模块需要来自匹配的构建配置与源码版本？	保留原题证据标注	18-build-system/03-android-kernel-build.md#Q8	executor	migrated
18-build-system/03-android-kernel-build.md	Q9	更换内核后出现黑屏、adb offline 或启动循环时，如何区分配置、版本和模拟器状态问题？	todo		25340631b6cfa6d9	更换内核后出现黑屏、adb offline 或启动循环时，如何区分配置、版本和模拟器状态问题？	move	13-build-system/05-android-kernel-build.md	Q9	更换内核后出现黑屏、adb offline 或启动循环时，如何区分配置、版本和模拟器状态问题？	保留原题证据标注	18-build-system/03-android-kernel-build.md#Q9	executor	migrated
18-build-system/03-android-kernel-build.md	Q10	为什么 `emulator -show-kernel` 常用于捕获内核早期日志，设备运行后还可用哪些证据验证？	todo		617260785b31d7fc	为什么 `emulator -show-kernel` 常用于捕获内核早期日志，设备运行后还可用哪些证据验证？	move	13-build-system/05-android-kernel-build.md	Q10	为什么 `emulator -show-kernel` 常用于捕获内核早期日志，设备运行后还可用哪些证据验证？	保留原题证据标注	18-build-system/03-android-kernel-build.md#Q10	executor	migrated
18-build-system/03-android-kernel-build.md	Q11	编译 Linux 内核时，`libelf`、`dwarves/pahole`、`flex`、`bison` 等主机依赖解决什么问题？	todo		1140a14da1b779e5	编译 Linux 内核时，`libelf`、`dwarves/pahole`、`flex`、`bison` 等主机依赖解决什么问题？	move	13-build-system/05-android-kernel-build.md	Q11	编译 Linux 内核时，`libelf`、`dwarves/pahole`、`flex`、`bison` 等主机依赖解决什么问题？	保留原题证据标注	18-build-system/03-android-kernel-build.md#Q11	executor	migrated
18-build-system/03-android-kernel-build.md	Q12	为什么编译 Android 平台不等于编译内核，Android Common Kernel 应怎样单独构建？	todo		c15dd59592376db5	为什么编译 Android 平台不等于编译内核，Android Common Kernel 应怎样单独构建？	move	13-build-system/05-android-kernel-build.md	Q12	为什么编译 Android 平台不等于编译内核，Android Common Kernel 应怎样单独构建？	保留原题证据标注	18-build-system/03-android-kernel-build.md#Q12	executor	migrated
18-build-system/04-linux-kernel-drivers.md	Q1	AAOS 中 Linux 内核驱动位于系统栈的什么位置，应用是否通常直接读写硬件？	todo		63d6d4c5e9d17ee1	AAOS 中 Linux 内核驱动位于系统栈的什么位置，应用是否通常直接读写硬件？	move	12-platform-native/02-driver-runtime.md	Q1	AAOS 中 Linux 内核驱动位于系统栈的什么位置，应用是否通常直接读写硬件？	保留原题证据标注	18-build-system/04-linux-kernel-drivers.md#Q1	executor	migrated
18-build-system/04-linux-kernel-drivers.md	Q2	用户态调用 `open`、`read` 或 `write` 后，VFS 如何把操作分发到设备驱动？	todo		d977bf52fff2fa36	用户态调用 `open`、`read` 或 `write` 后，VFS 如何把操作分发到设备驱动？	move	12-platform-native/02-driver-runtime.md	Q2	用户态调用 `open`、`read` 或 `write` 后，VFS 如何把操作分发到设备驱动？	保留原题证据标注	18-build-system/04-linux-kernel-drivers.md#Q2	executor	migrated
18-build-system/04-linux-kernel-drivers.md	Q3	`struct file`、文件描述符、`struct inode` 和 `file_operations` 各是什么关系？	todo		1d6940c5095169bd	`struct file`、文件描述符、`struct inode` 和 `file_operations` 各是什么关系？	move	12-platform-native/02-driver-runtime.md	Q3	`struct file`、文件描述符、`struct inode` 和 `file_operations` 各是什么关系？	保留原题证据标注	18-build-system/04-linux-kernel-drivers.md#Q3	executor	migrated
18-build-system/04-linux-kernel-drivers.md	Q4	字符设备的主设备号、次设备号和 `/dev` 节点各负责标识什么？	todo		051ad6b399d1bd7b	字符设备的主设备号、次设备号和 `/dev` 节点各负责标识什么？	move	12-platform-native/02-driver-runtime.md	Q4	字符设备的主设备号、次设备号和 `/dev` 节点各负责标识什么？	保留原题证据标注	18-build-system/04-linux-kernel-drivers.md#Q4	executor	migrated
18-build-system/04-linux-kernel-drivers.md	Q5	字符设备 `open` 到 `release` 的生命周期应如何设计？	todo		4a07281ec608667a	字符设备 `open` 到 `release` 的生命周期应如何设计？	move	12-platform-native/02-driver-runtime.md	Q5	字符设备 `open` 到 `release` 的生命周期应如何设计？	保留原题证据标注	18-build-system/04-linux-kernel-drivers.md#Q5	executor	migrated
18-build-system/04-linux-kernel-drivers.md	Q6	为什么驱动不能直接解引用用户传入的指针，`copy_from_user` 与 `copy_to_user` 如何使用？	todo		7afd819708dbabfa	为什么驱动不能直接解引用用户传入的指针，`copy_from_user` 与 `copy_to_user` 如何使用？	move	12-platform-native/02-driver-runtime.md	Q6	为什么驱动不能直接解引用用户传入的指针，`copy_from_user` 与 `copy_to_user` 如何使用？	保留原题证据标注	18-build-system/04-linux-kernel-drivers.md#Q6	executor	migrated
18-build-system/04-linux-kernel-drivers.md	Q7	驱动访问 MMIO 寄存器时，为什么不应把固定物理地址强转成指针后直接读写？	todo		822fad5e7816fa05	驱动访问 MMIO 寄存器时，为什么不应把固定物理地址强转成指针后直接读写？	move	12-platform-native/02-driver-runtime.md	Q7	驱动访问 MMIO 寄存器时，为什么不应把固定物理地址强转成指针后直接读写？	保留原题证据标注	18-build-system/04-linux-kernel-drivers.md#Q7	executor	migrated
18-build-system/04-linux-kernel-drivers.md	Q8	`ioctl` 和 `mmap` 什么时候适合用于设备接口，它们增加了哪些设计责任？	todo		8b68e08998125228	`ioctl` 和 `mmap` 什么时候适合用于设备接口，它们增加了哪些设计责任？	move	12-platform-native/02-driver-runtime.md	Q8	`ioctl` 和 `mmap` 什么时候适合用于设备接口，它们增加了哪些设计责任？	保留原题证据标注	18-build-system/04-linux-kernel-drivers.md#Q8	executor	migrated
18-build-system/04-linux-kernel-drivers.md	Q9	Linux 内核的 `list_head`、`hlist` 和红黑树分别适合什么数据组织？	todo		cdb68d60a4bae245	Linux 内核的 `list_head`、`hlist` 和红黑树分别适合什么数据组织？	move	12-platform-native/02-driver-runtime.md	Q9	Linux 内核的 `list_head`、`hlist` 和红黑树分别适合什么数据组织？	保留原题证据标注	18-build-system/04-linux-kernel-drivers.md#Q9	executor	migrated
18-build-system/04-linux-kernel-drivers.md	Q10	`obj-y`、`obj-m` 与 Kconfig 的 `bool`、`tristate` 如何决定驱动是内建还是模块？	todo		d51c13c7d4c307b4	`obj-y`、`obj-m` 与 Kconfig 的 `bool`、`tristate` 如何决定驱动是内建还是模块？	move	13-build-system/06-kernel-modules.md	Q1	`obj-y`、`obj-m` 与 Kconfig 的 `bool`、`tristate` 如何决定驱动是内建还是模块？	保留原题证据标注	18-build-system/04-linux-kernel-drivers.md#Q10	executor	migrated
18-build-system/04-linux-kernel-drivers.md	Q11	外部内核模块（out-of-tree module）如何利用内核 Kbuild 编译，为什么主机编译器路径不能照搬？	todo		cf8458e5a2f791c2	外部内核模块（out-of-tree module）如何利用内核 Kbuild 编译，为什么主机编译器路径不能照搬？	move	13-build-system/06-kernel-modules.md	Q2	外部内核模块（out-of-tree module）如何利用内核 Kbuild 编译，为什么主机编译器路径不能照搬？	保留原题证据标注	18-build-system/04-linux-kernel-drivers.md#Q11	executor	migrated
18-build-system/04-linux-kernel-drivers.md	Q12	`.ko` 构建成功后，为什么还不能断定它能在 AAOS 设备上加载？	todo		d0ddf1d28cfae7f4	`.ko` 构建成功后，为什么还不能断定它能在 AAOS 设备上加载？	move	13-build-system/06-kernel-modules.md	Q3	`.ko` 构建成功后，为什么还不能断定它能在 AAOS 设备上加载？	保留原题证据标注	18-build-system/04-linux-kernel-drivers.md#Q12	executor	migrated
18-build-system/04-linux-kernel-drivers.md	Q13	为什么 `/dev/hello` 不一定会随着驱动注册自动出现，驱动卸载时又应如何处理？	todo		ac1ddd1027d8d65d	为什么 `/dev/hello` 不一定会随着驱动注册自动出现，驱动卸载时又应如何处理？	move	12-platform-native/02-driver-runtime.md	Q10	为什么 `/dev/hello` 不一定会随着驱动注册自动出现，驱动卸载时又应如何处理？	保留原题证据标注	18-build-system/04-linux-kernel-drivers.md#Q13	executor	migrated
18-build-system/04-linux-kernel-drivers.md	Q14	用用户态小程序验证字符驱动时，测试程序的 ABI 与驱动读写协议要核对什么？	todo		c58797b8ab5e42f9	用用户态小程序验证字符驱动时，测试程序的 ABI 与驱动读写协议要核对什么？	move	12-platform-native/02-driver-runtime.md	Q11	用用户态小程序验证字符驱动时，测试程序的 ABI 与驱动读写协议要核对什么？	保留原题证据标注	18-build-system/04-linux-kernel-drivers.md#Q14	executor	migrated
18-build-system/04-linux-kernel-drivers.md	Q15	修改字符驱动后，如何组织重新构建、部署、验证和清理？	todo		443e2dff2c9a5081	修改字符驱动后，如何组织重新构建、部署、验证和清理？	move	13-build-system/06-kernel-modules.md	Q4	修改字符驱动后，如何组织重新构建、部署、验证和清理？	保留原题证据标注	18-build-system/04-linux-kernel-drivers.md#Q15	executor	migrated
18-build-system/05-android-executables.md	Q1	Android 中的可执行文件、ELF、Soong 模块名和设备路径分别是什么？	todo		b3ddadb0da8eab34	Android 中的可执行文件、ELF、Soong 模块名和设备路径分别是什么？	keep	13-build-system/03-android-executables.md	Q1	Android 中的可执行文件、ELF、Soong 模块名和设备路径分别是什么？	保留原题证据标注	18-build-system/05-android-executables.md#Q1	executor	migrated
18-build-system/05-android-executables.md	Q2	Android 启动时执行的 `/init` 是什么，为什么源码里有两个 init？	todo		7e1c3ab36e937e90	Android 启动时执行的 `/init` 是什么，为什么源码里有两个 init？	keep	13-build-system/03-android-executables.md	Q2	Android 启动时执行的 `/init` 是什么，为什么源码里有两个 init？	保留原题证据标注	18-build-system/05-android-executables.md#Q2	executor	migrated
18-build-system/05-android-executables.md	Q3	源码编译的可执行文件和预编译可执行文件有什么区别？	todo		268d0d664d0b9243	源码编译的可执行文件和预编译可执行文件有什么区别？	keep	13-build-system/03-android-executables.md	Q3	源码编译的可执行文件和预编译可执行文件有什么区别？	保留原题证据标注	18-build-system/05-android-executables.md#Q3	executor	migrated
18-build-system/05-android-executables.md	Q4	`.so`、静态库、Java JAR 和 APK 都是可执行文件吗？	todo		97581efb1f822f7f	`.so`、静态库、Java JAR 和 APK 都是可执行文件吗？	keep	13-build-system/03-android-executables.md	Q4	`.so`、静态库、Java JAR 和 APK 都是可执行文件吗？	保留原题证据标注	18-build-system/05-android-executables.md#Q4	executor	migrated
18-build-system/05-android-executables.md	Q5	构建、打进系统镜像和运行可执行文件分别由什么控制？	todo		d3b2c0ddde6f9637	构建、打进系统镜像和运行可执行文件分别由什么控制？	keep	13-build-system/03-android-executables.md	Q5	构建、打进系统镜像和运行可执行文件分别由什么控制？	保留原题证据标注	18-build-system/05-android-executables.md#Q5	executor	migrated
18-build-system/05-android-executables.md	Q6	Android 可执行文件存在却无法运行，应该先查什么？	todo		0ed1b05bdebbb90a	Android 可执行文件存在却无法运行，应该先查什么？	keep	13-build-system/03-android-executables.md	Q6	Android 可执行文件存在却无法运行，应该先查什么？	保留原题证据标注	18-build-system/05-android-executables.md#Q6	executor	migrated
18-build-system/06-android-system-images.md	Q1	`system.img`、整机 ROM、`target_files.zip` 和 OTA 包分别是什么？	todo		db72cfeee4a147ff	`system.img`、整机 ROM、`target_files.zip` 和 OTA 包分别是什么？	keep	13-build-system/04-android-system-images.md	Q1	`system.img`、整机 ROM、`target_files.zip` 和 OTA 包分别是什么？	保留原题证据标注	18-build-system/06-android-system-images.md#Q1	executor	migrated
18-build-system/06-android-system-images.md	Q2	ramdisk 会打包进哪个启动镜像，Android 12 和 Android 13 设备有何区别？	todo		45f96fd48a611f78	ramdisk 会打包进哪个启动镜像，Android 12 和 Android 13 设备有何区别？	keep	13-build-system/04-android-system-images.md	Q2	ramdisk 会打包进哪个启动镜像，Android 12 和 Android 13 设备有何区别？	保留原题证据标注	18-build-system/06-android-system-images.md#Q2	executor	migrated
18-build-system/06-android-system-images.md	Q3	哪些文件会进入 `system.img`，模块编译成功后为什么可能不在里面？	todo		4057a4bcf4578485	哪些文件会进入 `system.img`，模块编译成功后为什么可能不在里面？	keep	13-build-system/04-android-system-images.md	Q3	哪些文件会进入 `system.img`，模块编译成功后为什么可能不在里面？	保留原题证据标注	18-build-system/06-android-system-images.md#Q3	executor	migrated
18-build-system/06-android-system-images.md	Q4	`super.img` 和 `system.img` 有什么关系，Android 13 何时生成 `super.img`？	todo		6783f9c583e135cc	`super.img` 和 `system.img` 有什么关系，Android 13 何时生成 `super.img`？	keep	13-build-system/04-android-system-images.md	Q4	`super.img` 和 `system.img` 有什么关系，Android 13 何时生成 `super.img`？	保留原题证据标注	18-build-system/06-android-system-images.md#Q4	executor	migrated
18-build-system/06-android-system-images.md	Q5	如何只构建 `system.img`，如何构建当前产品的整套镜像？	todo		46434d35b3e40afa	如何只构建 `system.img`，如何构建当前产品的整套镜像？	keep	13-build-system/04-android-system-images.md	Q5	如何只构建 `system.img`，如何构建当前产品的整套镜像？	保留原题证据标注	18-build-system/06-android-system-images.md#Q5	executor	migrated
18-build-system/06-android-system-images.md	Q6	镜像构建失败、镜像过大或改动没有生效时如何排查？	todo		4c67e547f2f9b75a	镜像构建失败、镜像过大或改动没有生效时如何排查？	keep	13-build-system/04-android-system-images.md	Q6	镜像构建失败、镜像过大或改动没有生效时如何排查？	保留原题证据标注	18-build-system/06-android-system-images.md#Q6	executor	migrated
18-build-system/06-android-system-images.md	Q7	如何判断 `system.img` 的文件系统格式和稀疏格式？	todo		4eba6116541056b8	如何判断 `system.img` 的文件系统格式和稀疏格式？	keep	13-build-system/04-android-system-images.md	Q7	如何判断 `system.img` 的文件系统格式和稀疏格式？	保留原题证据标注	18-build-system/06-android-system-images.md#Q7	executor	migrated
18-build-system/06-android-system-images.md	Q8	`system.img`、`super.img` 和 OTA 包应该怎样刷入设备？	todo		7479380498e083ce	`system.img`、`super.img` 和 OTA 包应该怎样刷入设备？	keep	13-build-system/04-android-system-images.md	Q8	`system.img`、`super.img` 和 OTA 包应该怎样刷入设备？	保留原题证据标注	18-build-system/06-android-system-images.md#Q8	executor	migrated
