old_path	old_q	new_path	new_q	title
01-architecture/01-system-architecture.md	Q1	01-architecture/01-system-architecture.md	Q1	Android 的五层架构怎么理解？各层中的典型对象都有什么？
01-architecture/01-system-architecture.md	Q2	01-architecture/01-system-architecture.md	Q2	Android 五层架构之间是通过什么方式通信的，可以跨层通信吗？
01-architecture/01-system-architecture.md	Q3	01-architecture/01-system-architecture.md	Q3	Android 实际工作场景中都有哪些架构问题？如何定位架构问题？
01-architecture/01-system-architecture.md	Q4	01-architecture/01-system-architecture.md	Q4	Android 架构层级与进程是什么关系？一个应用进程都包含哪些层级的代码？了解这些有什么用？
01-architecture/01-system-architecture.md	Q5	01-architecture/01-system-architecture.md	Q5	Android 进程与线程有什么区别，同一应用为什么会使用多个进程？
01-architecture/01-system-architecture.md	Q6	01-architecture/01-system-architecture.md	Q6	16 KB 页大小、Mainline 模块化、VNDK 废弃——这三个近年架构边界分别改变了什么？
01-architecture/01-system-architecture.md	Q7	01-architecture/01-system-architecture.md	Q7	判断一台 Android 17 设备的运行时行为，为什么要同时核对五个版本维度，而不是只看系统版本号？
01-architecture/01-system-architecture.md	Q8	01-architecture/01-system-architecture.md	Q8	"Treble 的""框架与 vendor 解耦""靠什么机制保证？GSI 为什么能当验证载体？"
01-architecture/01-system-architecture.md	Q9	01-architecture/01-system-architecture.md	Q9	Android 的进程回收架构由哪些角色组成？杀、冻、压分别是谁在做什么？
01-architecture/01-system-architecture.md	Q10	01-architecture/01-system-architecture.md	Q10	一个 Android 应用进程内部有哪几类固定线程角色？一次点击到上屏经过哪些线程？
01-architecture/01-system-architecture.md	Q11	01-architecture/01-system-architecture.md	Q11	应用的所有请求都需要经过 Android 的五层架构吗？可以跨层通信吗？
01-architecture/01-system-architecture.md	Q12	01-architecture/01-system-architecture.md	Q12	"Android 说的""原生库""指什么？""原生""（native）在这里是什么意思？"
01-architecture/01-system-architecture.md	Q13	01-architecture/01-system-architecture.md	Q13	"C/C++ 编写的组件都属于""原生库与 ART 层""吗？"
01-architecture/01-system-architecture.md	Q14	01-architecture/01-system-architecture.md	Q14	HAL 的实现代码是 Java 还是 C/C++？框架与 HAL 之间为什么用 Binder 而不是 JNI？
01-architecture/01-system-architecture.md	Q15	01-architecture/01-system-architecture.md	Q15	框架服务之间所说的“原生 Binder”是什么，和 Java Binder、hwbinder 有何区别？
01-architecture/01-system-architecture.md	Q16	01-architecture/01-system-architecture.md	Q16	Android 平台组件主要用哪些语言实现，AIDL 和 HIDL 又是什么？
01-architecture/01-system-architecture.md	Q17	01-architecture/01-system-architecture.md	Q17	"system_server 里有 C++ 代码吗？""system_server 的原生部分""指什么？"
01-architecture/01-system-architecture.md	Q18	01-architecture/01-system-architecture.md	Q18	system_server 引入了哪些 so 库？如何拿到权威清单？
01-architecture/02-system-boot.md	Q1	01-architecture/02-system-boot.md	Q1	[learning] [tags:系统启动] Android 设备从上电到桌面可交互，启动链经过哪些阶段？
01-architecture/02-system-boot.md	Q2	01-architecture/02-system-boot.md	Q2	[done] [tags:系统启动,init] init 进程的 main.cpp 是被谁拉起的，如何拉起的？
01-architecture/02-system-boot.md	Q3	01-architecture/02-system-boot.md	Q3	"[tags:系统启动] verified boot（AVB）是怎么保证""启动运行的代码没有被篡改""的？"
01-architecture/02-system-boot.md	Q4	01-architecture/02-system-boot.md	Q4	内核怎样启动第一个用户态进程 `/init`？为什么这个过程不是 fork？
01-architecture/02-system-boot.md	Q5	01-architecture/02-system-boot.md	Q5	[tags:系统启动] 内核把控制权交给 init 的那一刻，系统精确处于什么状态？
01-architecture/02-system-boot.md	Q6	01-architecture/02-system-boot.md	Q6	[tags:系统启动] Android init 进程怎么理解？都做了什么？
01-architecture/02-system-boot.md	Q7	01-architecture/02-system-boot.md	Q7	[tags:系统启动] init 为什么要在启动中途 execv 自己两次？三个阶段各自做什么？
01-architecture/02-system-boot.md	Q8	01-architecture/02-system-boot.md	Q8	`/dev`、`/proc`、`/sys` 三个伪文件系统分别提供什么信息？init 为什么要先挂载它们？
01-architecture/02-system-boot.md	Q9	01-architecture/02-system-boot.md	Q9	[tags:系统启动] GKI 时代，为什么内核模块要放在 vendor ramdisk 里而不是编进内核？
01-architecture/02-system-boot.md	Q10	01-architecture/02-system-boot.md	Q10	[tags:系统启动] fstab 是什么？init 第一阶段怎么按它挂载分区？
01-architecture/02-system-boot.md	Q11	01-architecture/02-system-boot.md	Q11	Android 启动时如何装载 SELinux 策略？预编译策略校验失败时怎样回退？
01-architecture/02-system-boot.md	Q12	01-architecture/02-system-boot.md	Q12	[tags:系统启动] init 的属性服务是怎么工作的？为什么系统里到处都在用属性？
01-architecture/02-system-boot.md	Q13	01-architecture/02-system-boot.md	Q13	[tags:系统启动] .rc 文件怎么理解？
01-architecture/02-system-boot.md	Q14	01-architecture/02-system-boot.md	Q14	init 第二阶段主循环如何处理事件？每轮只执行一条命令有什么作用？
01-architecture/02-system-boot.md	Q15	01-architecture/02-system-boot.md	Q15	[tags:系统启动] ueventd 是怎么把空的 /dev 填满的？
01-architecture/02-system-boot.md	Q16	01-architecture/02-system-boot.md	Q16	[tags:系统启动] init 是怎么把一个服务进程拉起来的？Service::Start 里有哪些容易忽略的细节？
01-architecture/02-system-boot.md	Q17	01-architecture/02-system-boot.md	Q17	[tags:系统启动] init.rc 的 service 块还有哪些关键选项？class_start/class_stop/class_reset 有什么区别？
01-architecture/02-system-boot.md	Q18	01-architecture/02-system-boot.md	Q18	[tags:系统启动] APEX 在启动链的哪一步激活？APEX 损坏时设备表现成什么样？
01-architecture/02-system-boot.md	Q19	01-architecture/02-system-boot.md	Q20	[tags:系统启动] Zygote 是怎么被拉起的？启动后依次做什么？
01-architecture/02-system-boot.md	Q20	01-architecture/02-system-boot.md	Q21	[tags:系统启动] Zygote 的 preload 到底预加载了哪些东西？为什么所有应用进程能直接共享？
01-architecture/02-system-boot.md	Q21	01-architecture/02-system-boot.md	Q22	[tags:系统启动] Zygote preload 用开机成本换取什么？删减预加载清单或使用 lazy preload 分别要注意什么？
01-architecture/02-system-boot.md	Q22	01-architecture/02-system-boot.md	Q19	[tags:系统启动] Zygote 在 Android 进程模型里扮演什么角色？为什么应用进程要用 fork 而不是各自独立启动？
01-architecture/02-system-boot.md	Q23	01-architecture/02-system-boot.md	Q23	"[tags:系统启动] Zygote 的 fork 模型有哪些硬约束？""zygote 本体没有 Binder""是怎么来的？"
01-architecture/02-system-boot.md	Q24	01-architecture/02-system-boot.md	Q24	"[tags:系统启动] USAP 池与""厂商预启动""是什么关系？为什么 trace 里没看到 fork 不能证明系统预启动了应用？"
01-architecture/02-system-boot.md	Q25	01-architecture/02-system-boot.md	Q25	[tags:系统启动] 主 Zygote 和次 Zygote 怎么分工？preload 与 USAP 池各有什么坑？
01-architecture/02-system-boot.md	Q26	01-architecture/02-system-boot.md	Q26	[tags:系统启动] USAP 为什么默认关闭？开启前要确认什么？开了以后还能用 PostFork trace 诊断吗？
01-architecture/02-system-boot.md	Q27	01-architecture/02-system-boot.md	Q27	[tags:系统启动] fork 派生模型的内核成本省在哪？16 KB 页会改变 COW 的什么？
01-architecture/02-system-boot.md	Q28	01-architecture/02-system-boot.md	Q28	[tags:系统启动] App Zygote（ZygotePreload）适合什么场景？它和系统 Zygote 的预加载边界怎么分？
01-architecture/02-system-boot.md	Q29	01-architecture/02-system-boot.md	Q29	[tags:系统启动] 普通应用进程是怎么诞生的？它和 system_server 的诞生路径差在哪？
01-architecture/02-system-boot.md	Q30	01-architecture/02-system-boot.md	Q30	[tags:系统启动] Android 13 的 systemReady 回调怎样协调 system_server 服务就绪与当前用户启动？
01-architecture/02-system-boot.md	Q31	01-architecture/02-system-boot.md	Q31	AAOS 在标准 Android 启动链的哪三个挂点接入车机服务、SystemUI 与 HOME？
01-architecture/02-system-boot.md	Q32	01-architecture/02-system-boot.md	Q32	AAOS 的 CarService APK 启动后怎样连接 VHAL、初始化车机服务并注册 Binder 接口？
01-architecture/02-system-boot.md	Q33	01-architecture/02-system-boot.md	Q33	AAOS 的 CarSystemUI 怎样通过 AppComponentFactory 接入车机组件？
01-architecture/02-system-boot.md	Q34	01-architecture/02-system-boot.md	Q34	AAOS 的 CarLauncher 怎样用 TaskView 嵌入地图任务？
01-architecture/02-system-boot.md	Q35	01-architecture/02-system-boot.md	Q35	[tags:系统启动] 误删或禁用了桌面应用，设备开机会怎样？FallbackHome 是干什么的？
01-architecture/02-system-boot.md	Q36	01-architecture/02-system-boot.md	Q36	"[tags:系统启动] 开机动画由谁拉起、怎么退出？""开机动画卡死不退出""这个经典回归怎么查？"
01-architecture/02-system-boot.md	Q37	01-architecture/02-system-boot.md	Q37	[tags:系统启动] FBE 设备重启后、用户还没输锁屏密码，闹钟类应用怎么才能正常响？LOCKED_BOOT_COMPLETED 和 BOOT_COMPLETED 是什么关系？
01-architecture/02-system-boot.md	Q38	01-architecture/02-system-boot.md	Q38	[tags:系统启动] 开机广播 BOOT_COMPLETED 有时收不到、有时收到就 ANR——它的送达条件、超时和限制到底是什么？
01-architecture/02-system-boot.md	Q39	01-architecture/02-system-boot.md	Q39	[tags:系统启动] webview_zygote 是什么？应用声明 isolatedProcess 的服务跑在什么进程里？
01-architecture/02-system-boot.md	Q40	01-architecture/02-system-boot.md	Q40	[tags:系统启动] 服务崩溃后 init 的 Reap 裁决按什么顺序处理？哪些情况会放大成整机重启？
01-architecture/02-system-boot.md	Q41	01-architecture/02-system-boot.md	Q41	[tags:系统启动] 设备反复重启进不了桌面（boot loop）——init 对关键服务反复崩溃的判据是什么？adb 不可用时怎么拿到上一次崩溃的日志？
01-architecture/02-system-boot.md	Q42	01-architecture/02-system-boot.md	Q42	"[tags:系统启动] 设备""突然重启/黑屏""，怎么从日志快速判断死在哪一层——内核、init、Zygote 还是 system_server？"
01-architecture/02-system-boot.md	Q43	01-architecture/02-system-boot.md	Q43	[tags:系统启动] AAOS 13 的 headless system user 模式下，AMS 为什么不从 systemReady 直接启动 user 0 的桌面？
01-architecture/02-system-boot.md	Q44	01-architecture/02-system-boot.md	Q44	[tags:系统启动] AAOS 13 启动 HOME 时，PackageManager 怎样决定是否运行 CarLauncher，进程又怎样进入 Activity？
01-architecture/02-system-boot.md	Q45	01-architecture/02-system-boot.md	Q45	[tags:系统启动] HOME Activity 已启动后，Android 13 还要满足哪些条件才设置 sys.boot_completed？
01-architecture/03-system-server.md	Q1	01-architecture/04-system-server.md	Q1	`system_server` 进程都包含哪些层级的代码？了解这些有什么用？
01-architecture/03-system-server.md	Q2	01-architecture/04-system-server.md	Q2	"system_server 是怎么被创建并启动到""服务就绪""的？"
01-architecture/03-system-server.md	Q3	01-architecture/04-system-server.md	Q3	system_server 的四波装配顺序为什么改不得？BootPhase 阶段事件解决了什么问题？
01-architecture/03-system-server.md	Q4	01-architecture/04-system-server.md	Q4	启动一个 Activity 到底是 AMS 还是 ATMS 在负责？目标进程由谁创建？
01-architecture/03-system-server.md	Q5	01-architecture/04-system-server.md	Q5	system_server 把多个系统服务放在同一进程，Watchdog 与 init 怎样降低这种单点故障的影响？
01-architecture/03-system-server.md	Q6	01-architecture/04-system-server.md	Q6	设备正常使用中因 system_server Watchdog 软重启时，默认超时阈值是多少，怎样从日志定位卡住的线程？
01-architecture/03-system-server.md	Q7	01-architecture/04-system-server.md	Q7	system_server 崩溃后，系统靠什么恢复？
01-architecture/03-system-server.md	Q8	01-architecture/04-system-server.md	Q8	在 system_server 里写代码和读代码各有哪些纪律？
01-architecture/03-system-server.md	Q9	01-architecture/04-system-server.md	Q9	AMS 的双锁模型（`mGlobalLock` 与 `mProcLock`）如何工作？为什么 OOM adj 全量更新仍要同时持两把锁？
01-architecture/03-system-server.md	Q10	01-architecture/04-system-server.md	Q10	WindowManagerService 与 SurfaceFlinger 如何分工？界面不更新时怎样区分两侧的问题？
01-architecture/03-system-server.md	Q11	01-architecture/04-system-server.md	Q11	AMS 双锁设计怎样改善并发？锁优先级提升和竞争观测分别意味着什么？
01-architecture/04-binder.md	Q1	01-architecture/03-binder.md	Q1	"Binder 的整体架构由哪几部分组成？""一次拷贝""到底省在哪里？"
01-architecture/04-binder.md	Q2	01-architecture/03-binder.md	Q2	"为什么""Binder 单次调用可以安全传接近 1MB""是错误结论？"
01-architecture/04-binder.md	Q3	01-architecture/03-binder.md	Q3	Binder 相关的约 1 MiB、4 MiB、600 KiB、300 KiB 和 1000 ms 分别是什么限制或诊断值？
01-architecture/04-binder.md	Q4	01-architecture/03-binder.md	Q4	普通 AIDL、Stable AIDL 与 HIDL 在接口稳定性和传输模型上有什么区别？
01-architecture/04-binder.md	Q5	01-architecture/03-binder.md	Q5	AIDL 生成的 Stub、Proxy 与 Binder 事务如何连接客户端和服务端？
01-architecture/04-binder.md	Q6	01-architecture/03-binder.md	Q6	Android 为什么以 Binder 作为常用 IPC，而不是所有场景都用 socket 或共享内存？
01-architecture/04-binder.md	Q7	01-architecture/03-binder.md	Q7	Android IPC 应怎样按层选型？为什么一条实际链路经常组合多种机制？
01-architecture/04-binder.md	Q8	01-architecture/03-binder.md	Q8	oneway 调用到底保证了什么、没保证什么？`BR_TRANSACTION_COMPLETE` 代表服务端执行完成吗？
01-architecture/04-binder.md	Q9	01-architecture/03-binder.md	Q9	oneway 事务在驱动里如何排队？异步空间紧张时调用方会看到什么？
01-architecture/04-binder.md	Q10	01-architecture/03-binder.md	Q10	"""Binder 线程池默认 15 个线程""该怎么准确理解？怎样判断服务端真的发生了线程池饥饿？"
01-architecture/04-binder.md	Q11	01-architecture/03-binder.md	Q11	大数据跨进程传输应该如何设计？`writeBlob` 的 16KiB 分界、`SharedMemory.setProtect()` 和 FMQ 各自的边界是什么？
01-architecture/04-binder.md	Q12	01-architecture/03-binder.md	Q12	多进程应用的共享内存与消息传递各有什么取舍？
01-architecture/04-binder.md	Q13	01-architecture/03-binder.md	Q13	AIDL 的 `in`、`out`、`inout` 参数方向怎样影响传输成本，什么时候该避免 `inout`？
01-architecture/04-binder.md	Q14	01-architecture/03-binder.md	Q14	跨进程 Bundle 中的自定义 Parcelable 为什么会在读取时抛 `ClassNotFoundException`，怎样避免相关 Parcel 错误？
01-architecture/04-binder.md	Q15	01-architecture/03-binder.md	Q15	冻结状态、扩展错误、AIDL trace 和 Perfetto Binder 事件分别能证明什么？
01-architecture/04-binder.md	Q16	01-architecture/03-binder.md	Q16	`RecordedTransaction` 能做什么？为什么不能当线上常驻监控？
01-architecture/04-binder.md	Q17	01-architecture/03-binder.md	Q17	排查 Binder 问题有哪些实用工具？驱动调试节点在新内核上从哪里读？
01-architecture/04-binder.md	Q18	01-architecture/03-binder.md	Q18	怎么确认某个 Binder/AIDL 服务在设备上注册了？`service call` 能做什么？
01-architecture/04-binder.md	Q19	01-architecture/03-binder.md	Q19	"tombstone 里 ""RefBase: object ... with strong count 1 deleted. Double owned?"" 是什么错？"
01-architecture/05-hal.md	Q1	01-architecture/05-hal.md	Q1	Android HAL 有哪些运行形态？Treble 如何约束 system 与 vendor 的兼容关系？
01-architecture/05-hal.md	Q2	01-architecture/05-hal.md	Q2	如何确认设备上的 HIDL 或 AIDL HAL 是否运行并注册？
01-architecture/05-hal.md	Q3	01-architecture/05-hal.md	Q3	HAL 服务反复崩溃时如何定位？客户端怎样感知？如何取得 HAL 的调试信息？
01-architecture/06-art-runtime.md	Q1	01-architecture/06-art-runtime.md	Q1	Android 中的 ART 如何理解？
01-architecture/06-art-runtime.md	Q2	01-architecture/06-art-runtime.md	Q17	常用的 dalvik.vm.* 调试属性有哪些？为什么改了不重启就不生效？
01-architecture/06-art-runtime.md	Q3	01-architecture/06-art-runtime.md	Q18	"怎么在设备上验证/触发 AOT 编译？""装了 baseline profile""如何确认真的生效？"
01-architecture/06-art-runtime.md	Q4	01-architecture/06-art-runtime.md	Q19	oatdump 和 dexlist 是干什么的？
01-architecture/06-art-runtime.md	Q5	01-architecture/06-art-runtime.md	Q20	ART 的崩溃在 tombstone 里长什么样？Perfetto 里 GC/JIT 线程的轨道怎么读？
01-architecture/06-art-runtime.md	Q6	01-architecture/06-art-runtime.md	Q2	类加载的 define、verify、initialize 三步各做什么？loadClass 与 Class.forName 的差别落在哪一步？
01-architecture/06-art-runtime.md	Q7	01-architecture/06-art-runtime.md	Q3	ART 怎么加速跨 ClassLoader 的类查找？DelegateLastClassLoader 的查找顺序特殊在哪？自定义加载器会失去什么？
01-architecture/06-art-runtime.md	Q8	01-architecture/06-art-runtime.md	Q4	DEX 文件里如何定位一个类？Startup Profile 的 DEX 布局优化为什么能加快启动、从哪个 AGP 版本默认开启？
01-architecture/06-art-runtime.md	Q9	01-architecture/06-art-runtime.md	Q5	Boot Image 的 .art/.oat/.vdex 各存什么？进程间怎么共享、怎么判断共享是否被打破？
01-architecture/06-art-runtime.md	Q10	01-architecture/06-art-runtime.md	Q6	设备如何选择 boot image 的位置？odrefresh 什么时候触发重建？
01-architecture/06-art-runtime.md	Q11	01-architecture/06-art-runtime.md	Q7	应用侧可用哪几种编译过滤器？speed-profile 没有 profile 时会发生什么？
01-architecture/06-art-runtime.md	Q12	01-architecture/06-art-runtime.md	Q8	"pm.dexopt.* 各场景的默认过滤器是什么？""安装后第一次启动慢""的完整链路怎么解释？"
01-architecture/06-art-runtime.md	Q13	01-architecture/06-art-runtime.md	Q9	AOT 编译产物何时失效？vdex 记录的验证信息怎么被复用？
01-architecture/06-art-runtime.md	Q14	01-architecture/06-art-runtime.md	Q10	ART 的反优化有哪些触发场景？单帧反优化如何执行、怎么判断健康度？
01-architecture/06-art-runtime.md	Q15	01-architecture/06-art-runtime.md	Q11	"""云端下发 profile""等于""云端编译""吗？Android 编译策略的演进主线是什么？"
01-architecture/06-art-runtime.md	Q16	01-architecture/06-art-runtime.md	Q12	Android 17 ART 的分代 Concurrent Mark-Compact 与 userfaultfd 是什么关系？启用条件是什么，为什么不能承诺所有应用都降低暂停时间？
01-architecture/06-art-runtime.md	Q17	01-architecture/06-art-runtime.md	Q13	Profile、DM、SDM、SDC 四类文件分别解决什么问题？各自的版本边界是什么？
01-architecture/06-art-runtime.md	Q18	01-architecture/06-art-runtime.md	Q14	安装一个带 SDM 的应用时，系统怎样决定跳过本机 dex2oat？SDM 无效或缺失会怎样？
01-architecture/06-art-runtime.md	Q19	01-architecture/06-art-runtime.md	Q15	"运行时怎么使用 SDM 里的云端 AOT 代码？为什么""SDM 文件存在""不能证明应用在执行其中的机器码？"
01-architecture/06-art-runtime.md	Q20	01-architecture/06-art-runtime.md	Q16	"SDM 能省掉安装期的哪些工作？为什么不能照搬""安装时间减少 40%–60%""这类百分比？"
01-architecture/07-jni.md	Q1	01-architecture/07-jni.md	Q1	Android 中 JNI 连接了哪两类代码？ART 在调用 native 方法时做什么？
01-architecture/07-jni.md	Q2	01-architecture/07-jni.md	Q2	Android JNI 静态注册和动态注册有什么区别？应该如何选择？
01-architecture/07-jni.md	Q3	01-architecture/07-jni.md	Q3	native 崩溃日志只有 `pc 0x… libfoo.so` 时，怎样定位源码行？线上包没有 tombstone 时怎么办？
01-architecture/07-jni.md	Q4	01-architecture/07-jni.md	Q4	JNI 中反复调用 `GetStringUTFChars` 或 `GetByteArrayElements` 后 Native Heap 线性增长，怎样确认并修复泄漏？
01-architecture/07-jni.md	Q5	01-architecture/07-jni.md	Q5	Android 的 `@FastNative` 和 `@CriticalNative` 分别减少什么调用开销？它们有哪些限制？
01-architecture/07-jni.md	Q6	01-architecture/07-jni.md	Q6	native 自建线程调用 `FindClass` 为什么可能找不到应用类？跨线程使用 JNI 引用要遵守什么规则？
01-architecture/07-jni.md	Q7	01-architecture/07-jni.md	Q7	`GetStringCritical` 返回的指针能否保存到函数调用之外？critical 区域有哪些限制？
01-architecture/07-jni.md	Q8	01-architecture/07-jni.md	Q8	`Get<Type>ArrayElements` 的三种 Release 模式有什么区别，修改后的数组应选哪一种？
01-architecture/08-package-management.md	Q1	01-architecture/08-package-management.md	Q1	商店上传的是 AAB，手机端最终安装的却是 APK：AAB 为什么不能直接安装，设备端 PackageInstaller 对 base/split APK 集合校验什么？
01-architecture/08-package-management.md	Q2	01-architecture/08-package-management.md	Q2	一次普通 APK 安装在 Package Manager 里分哪四个阶段执行？commit() 正常返回与安装完成是什么关系？
01-architecture/08-package-management.md	Q3	01-architecture/08-package-management.md	Q3	"Android 13 上安装 dexopt 由谁调度执行？为什么""安装会话失败""不能自动归因于 dex2oat？"
01-architecture/08-package-management.md	Q4	01-architecture/08-package-management.md	Q4	Android 13 的 PMS 已用 Computer 快照优化查询，这是否意味着包查询无锁？查询变慢时该怎么归因？
01-architecture/08-package-management.md	Q5	01-architecture/08-package-management.md	Q5	"APK Signature Scheme v4 与 IncFS 增量安装是什么关系？""边下载边安装""里存在""按需解密""吗？"
01-architecture/08-package-management.md	Q6	01-architecture/08-package-management.md	Q6	Staged install 与普通安装都是事务，为什么还需要跨重启的分阶段会话？就绪状态为什么要先持久化再通知 apexd？
01-architecture/08-package-management.md	Q7	01-architecture/08-package-management.md	Q7	"应用归档和""卸载但保留数据""差别在哪？Android 13 上能用平台 API 归档应用吗？"
01-architecture/08-package-management.md	Q8	01-architecture/08-package-management.md	Q8	多用户设备上归档一个应用，能回收的空间为什么常常只有缓存？归档对恢复后的启动性能有什么影响？
01-architecture/08-package-management.md	Q9	01-architecture/08-package-management.md	Q9	"用户点击已归档应用的图标后，从""类不存在""到""恢复安装""的系统链路怎么走？UNARCHIVAL_OK 表示恢复完成了吗？"
01-architecture/09-app-sandbox.md	Q1	01-architecture/09-app-sandbox.md	Q1	Android 中的 Sandbox 怎么理解？
01-architecture/09-app-sandbox.md	Q2	01-architecture/09-app-sandbox.md	Q2	应用沙箱依靠哪些机制实现？DAC、MAC、seccomp-BPF 分别是什么？
01-architecture/09-app-sandbox.md	Q3	01-architecture/09-app-sandbox.md	Q3	"DAC 和 MAC 都在做""放行/拒绝""，本质区别是什么？"
01-architecture/09-app-sandbox.md	Q4	01-architecture/09-app-sandbox.md	Q4	应用的 UID 是怎么分配的？u0_a199 这样的名字怎么换算成真实 UID？
01-architecture/09-app-sandbox.md	Q5	01-architecture/09-app-sandbox.md	Q5	同一应用在工作资料里数据完全隔离，ps 里看到 u0_a123 与 u10_a123——多用户下 UID 怎么分配？跨用户访问的合法路径是什么？
01-architecture/09-app-sandbox.md	Q6	01-architecture/09-app-sandbox.md	Q6	"""Fatal signal 31 (SIGSYS)"" 把进程直接杀死——seccomp 拦截系统调用时表现成什么样？怎么确认是哪个调用被拒？"
01-architecture/09-app-sandbox.md	Q7	01-architecture/09-app-sandbox.md	Q7	系统的 UID 段位有哪些？隔离进程、App Zygote、SDK 沙箱为什么各占一段？
01-architecture/09-app-sandbox.md	Q8	01-architecture/09-app-sandbox.md	Q8	Zygote fork 出应用进程时，UID 与 SELinux 域是在哪一步被设置的？
01-architecture/09-app-sandbox.md	Q9	01-architecture/09-app-sandbox.md	Q9	应用数据目录的隔离是怎么落到 Linux 文件权限上的？
01-architecture/09-app-sandbox.md	Q10	01-architecture/09-app-sandbox.md	Q10	两个应用通过 sharedUserId 共享 UID 后，就一定能互相访问吗？
01-architecture/09-app-sandbox.md	Q11	01-architecture/09-app-sandbox.md	Q11	isolatedProcess 的沙箱为什么更小？UID 在其中是怎么变的？
01-architecture/09-app-sandbox.md	Q12	01-architecture/09-app-sandbox.md	Q12	SDK 沙箱（Android 13）是什么？它的 UID 是怎么映射的？
01-architecture/09-app-sandbox.md	Q13	01-architecture/09-app-sandbox.md	Q13	为什么框架的权限检查都用 getCallingUid 而不是 PID？
01-architecture/09-app-sandbox.md	Q14	01-architecture/09-app-sandbox.md	Q14	SELinux 完全是 Linux 内核的机制吗？
01-architecture/09-app-sandbox.md	Q15	01-architecture/09-app-sandbox.md	Q15	MAC 层的拒绝（如应用读 /dev/ttyS0 被 avc denied）是 Linux 内核行为还是 Android 上层行为？
01-architecture/09-app-sandbox.md	Q16	01-architecture/09-app-sandbox.md	Q16	service_manager 类的 avc 拒绝（如 find audio 被拒）也是内核判的吗？
01-architecture/10-permissions.md	Q1	01-architecture/10-permissions.md	Q1	Android 的 `android.permission.*` 是什么机制，权限检查发生在哪一层？
01-architecture/10-permissions.md	Q2	01-architecture/10-permissions.md	Q2	Android 应用权限与 SELinux、Linux UID/GID 分别控制什么？它们怎样互补？
01-architecture/10-permissions.md	Q3	01-architecture/10-permissions.md	Q3	Android 为什么需要 Framework 权限？部分权限怎样通过 UID/GID 影响内核访问？
01-architecture/11-selinux.md	Q1	01-architecture/11-selinux.md	Q1	[done] [tags:SELinux] Android SELinux 是什么？它补上了 Android 哪类访问控制缺口？
01-architecture/11-selinux.md	Q2	01-architecture/11-selinux.md	Q2	[done] SELinux 的判定机制分哪几步？一次访问是怎么被放行或拒绝的？
01-architecture/11-selinux.md	Q3	01-architecture/11-selinux.md	Q3	Android SELinux 原理？以及代码实现？
01-architecture/11-selinux.md	Q4	01-architecture/11-selinux.md	Q4	[done] 作为上层应用开发者，SELinux的实际应用场景都是什么？
01-architecture/11-selinux.md	Q5	01-architecture/11-selinux.md	Q5	作为framework开发者，SELinux的实际应用场景都是什么？
01-architecture/11-selinux.md	Q6	01-architecture/11-selinux.md	Q6	[done] 一条 avc 日志里 pid、uid、name、scontext、tcontext、permissive 各字段分别由谁拼出？
01-architecture/11-selinux.md	Q7	01-architecture/11-selinux.md	Q7	读不到 `/sys` 节点、打不开 `/dev` 设备或跨进程访问失败时，怎样确认 SELinux 拒绝并选择正确处理方式？
01-architecture/11-selinux.md	Q8	01-architecture/11-selinux.md	Q8	OTA 后首次启动因 SELinux 策略编译变慢，怎样判断预编译策略校验为何失配？
01-architecture/11-selinux.md	Q9	01-architecture/11-selinux.md	Q9	allow 规则到底该写在哪个文件？为什么在 public/*.te 里加规则会被编译拒绝？
01-architecture/11-selinux.md	Q10	01-architecture/11-selinux.md	Q10	新设备节点仍显示 `unlabeled` 时，file_contexts 如何匹配路径并决定标签？
01-architecture/11-selinux.md	Q11	01-architecture/11-selinux.md	Q11	新增一个系统属性，SELinux 侧要改哪几处？
01-architecture/11-selinux.md	Q12	01-architecture/11-selinux.md	Q12	新 Binder、HIDL 或 AIDL HAL 服务注册被拒时，服务名如何映射到安全类型？
01-architecture/11-selinux.md	Q13	01-architecture/11-selinux.md	Q13	三方应用直读自研驱动节点撞上 `neverallow` 时，怎样调整能力暴露路径？
01-architecture/11-selinux.md	Q14	01-architecture/11-selinux.md	Q14	vendor sepolicy 改动似乎未生效、同名 `.te` 顺序难判断或升级平台后 avc 暴增，怎样检查策略组织与版本兼容？
01-architecture/11-selinux.md	Q15	01-architecture/11-selinux.md	Q15	"service_manager find 被拒时，SELinux 为什么不抛异常而是把应用打崩？——""静默 null""链路与文件类拒绝的差异"
01-architecture/11-selinux.md	Q16	01-architecture/11-selinux.md	Q16	"从 ServiceManager.getService(""audio"") 到策略拒绝，binder 两侧完整经过了哪些代码？"
01-architecture/11-selinux.md	Q17	01-architecture/11-selinux.md	Q17	tclass=service_manager 的 avc 拒绝为什么在 dmesg 里搜不到？两类 avc 日志各走哪条路径？
01-architecture/11-selinux.md	Q18	01-architecture/11-selinux.md	Q18	SELinux 运行时会读 .te 或 service_contexts 文件吗？策略与映射分别何时进入内存？
01-architecture/11-selinux.md	Q19	01-architecture/11-selinux.md	Q19	"厂商 App""点哪崩哪、重启即复崩""，如何一步步把根因定位到 SELinux 策略缺失？"
01-architecture/11-selinux.md	Q20	01-architecture/11-selinux.md	Q20	Android 13 AOSP 的普通应用域为什么能 find audio 服务？属性批量授权怎样起作用？
01-architecture/11-selinux.md	Q21	01-architecture/11-selinux.md	Q21	作为 SELinux 开发者，修复一条 service_manager find 拒绝的完整流程是什么？
01-architecture/11-selinux.md	Q22	01-architecture/11-selinux.md	Q22	策略里确实发生了拒绝，avc 日志却一条都没有——dontaudit 的静音机制与排查方法是什么？
01-architecture/11-selinux.md	Q23	01-architecture/11-selinux.md	Q23	neverallow 与运行时拒绝是什么关系？服务落到 `default_android_service` 类型后注册失败该怎么解？
01-architecture/11-selinux.md	Q24	01-architecture/11-selinux.md	Q24	ioctl 权限加了 allow 还是被拒（avc 里 ioctlcmd=0x...）——SELinux 对 ioctl 的双层授权怎么补？
01-architecture/11-selinux.md	Q25	01-architecture/11-selinux.md	Q25	新增设备节点或 HAL 执行外部程序撞 neverallow 编译失败——两大典型场景与最小权限原则的解法是什么？
01-architecture/11-selinux.md	Q26	01-architecture/11-selinux.md	Q26	SELinux 三种工作模式怎么切换？发布版为什么必须 Enforcing？调试用的宽容模式有哪几种开法？
01-architecture/11-selinux.md	Q27	01-architecture/11-selinux.md	Q27	策略改完如何快速编译与验证？audit2allow 的正确用法是什么？
01-architecture/11-selinux.md	Q28	01-architecture/11-selinux.md	Q28	avc 里的 tcontext=audio_service 是指 audioserver 进程吗？
02-app-framework/01-four-components.md	Q1	02-app-framework/01-four-components.md	Q1	Android 四大组件分别承担什么职责？
02-app-framework/01-four-components.md	Q2	02-app-framework/01-four-components.md	Q2	Activity 从 startActivity 到显示界面，启动链路和生命周期怎样串起来？
02-app-framework/01-four-components.md	Q3	02-app-framework/01-four-components.md	Q3	Service 的 started 和 bound 两种启动方式有什么区别？Service 为什么不等于子线程？
02-app-framework/01-four-components.md	Q4	02-app-framework/01-four-components.md	Q4	BroadcastReceiver 怎样接收广播？为什么 onReceive() 里不应做耗时工作？
02-app-framework/01-four-components.md	Q5	02-app-framework/01-four-components.md	Q5	ContentProvider 如何完成跨进程数据访问？它与直接访问数据库有什么区别？
02-app-framework/01-four-components.md	Q6	02-app-framework/01-four-components.md	Q6	面试中怎样概括四大组件的生命周期与执行边界？
02-app-framework/02-handler-looper.md	Q1	02-app-framework/02-handler-looper.md	Q1	Handler、Looper、MessageQueue 和 Message 如何配合把工作交给目标线程？
02-app-framework/02-handler-looper.md	Q2	02-app-framework/02-handler-looper.md	Q2	为什么普通子线程里直接创建 Handler 会失败，怎样正确准备工作线程消息队列？
02-app-framework/02-handler-looper.md	Q3	02-app-framework/02-handler-looper.md	Q3	非静态内部类 Handler 为什么可能让已销毁的 Activity 继续存活？
02-app-framework/02-handler-looper.md	Q4	02-app-framework/02-handler-looper.md	Q4	`HandlerThread` 与普通线程池分别适合什么消息处理需求？
02-app-framework/02-handler-looper.md	Q5	02-app-framework/02-handler-looper.md	Q5	Binder 工作线程里用 `Looper.myLooper()` 创建 Handler 会发生什么？
02-app-framework/02-handler-looper.md	Q6	02-app-framework/02-handler-looper.md	Q6	Android 17 的 DeliQueue 优化了消息处理链条的哪一段，为什么它不能让界面绘制或业务回调自动变快？
02-app-framework/02-handler-looper.md	Q7	02-app-framework/02-handler-looper.md	Q7	应用要满足什么条件才会启用 DeliQueue？怎样在同一台设备上做出可信的 A/B 对照？
02-app-framework/02-handler-looper.md	Q8	02-app-framework/02-handler-looper.md	Q8	"DeliQueue 用什么结构替代""一把锁加一条有序链表""？排序成本转移到了哪里？"
02-app-framework/02-handler-looper.md	Q9	02-app-framework/02-handler-looper.md	Q9	DeliQueue 为什么禁止在并发路径上复用全局 Message 池？
02-app-framework/02-handler-looper.md	Q10	02-app-framework/02-handler-looper.md	Q10	"官方把 Android 17 的新队列称为""无锁 MessageQueue""，这意味着 MessageQueue 里没有任何锁、CAS 一定比锁快吗？"
02-app-framework/02-handler-looper.md	Q11	02-app-framework/02-handler-looper.md	Q11	把依赖 MessageQueue 内部结构的代码迁移到 Android 17 时要注意什么？
02-app-framework/03-content-provider.md	Q1	02-app-framework/04-content-provider.md	Q1	进程启动时 ContentProvider 为什么早于 `Application.onCreate()` 初始化？`initOrder` 能保证什么？
02-app-framework/03-content-provider.md	Q2	02-app-framework/04-content-provider.md	Q2	跨进程查询如何返回 Cursor？为什么 `moveToNext()` 仍可能走 Binder？大结果集该怎样分页？
02-app-framework/03-content-provider.md	Q3	02-app-framework/04-content-provider.md	Q3	ContentProvider 的 10 秒、20 秒和 3 秒分别计什么？所有 Provider 操作都有 10 秒超时吗？
02-app-framework/03-content-provider.md	Q4	02-app-framework/04-content-provider.md	Q4	`applyBatch()` 天然是事务吗？ContentProvider 的 Binder 线程池怎样会被拖垮？
02-app-framework/04-parcel.md	Q1	02-app-framework/03-parcel.md	Q1	Java 对象在 Android 进程间传递时，`Parcelable` 与 `Serializable` 应怎样选择？
02-app-framework/04-parcel.md	Q2	02-app-framework/03-parcel.md	Q2	Parcelable 对象如何通过 Parcel 写入并恢复？
02-app-framework/05-collections-annotations.md	Q1	02-app-framework/05-collections-annotations.md	Q1	小规模整数键映射为什么可以考虑 `SparseArray`，它的主要取舍是什么？
02-app-framework/05-collections-annotations.md	Q2	02-app-framework/05-collections-annotations.md	Q2	Android 的 `@DrawableRes` 等资源注解会在运行时验证资源类型吗？
02-app-framework/05-collections-annotations.md	Q3	02-app-framework/05-collections-annotations.md	Q3	Android 的 `@IntDef` 怎样表达一组允许的整数值，它能否强制输入合法？
02-app-framework/06-private-space.md	Q1	02-app-framework/06-private-space.md	Q1	厂商应用锁、Private Space、AAOS App Lock 与应用内鉴权分别保护什么？误认会导致什么问题？
02-app-framework/06-private-space.md	Q2	02-app-framework/06-private-space.md	Q2	普通 App 能探测 Private Space 吗？默认 Launcher 如何接入，受哪些权限约束？
02-app-framework/06-private-space.md	Q3	02-app-framework/06-private-space.md	Q3	Private Space 锁定后跨空间读取 `content://` 失败，能否判定 URI 授权被撤销？长任务应怎样处理？
02-app-framework/07-mvp-architecture.md	Q1	02-app-framework/07-mvp-architecture.md	Q1	Android MVP 中 Model、View 和 Presenter 各自负责什么？
02-app-framework/07-mvp-architecture.md	Q2	02-app-framework/07-mvp-architecture.md	Q2	MVP 中 Presenter 如何通过接口解耦 View 与 Model？
02-app-framework/07-mvp-architecture.md	Q3	02-app-framework/07-mvp-architecture.md	Q3	多个 UI 模块应共用一个 Presenter，还是拆成多个 MVP 组合？
02-app-framework/07-mvp-architecture.md	Q4	02-app-framework/07-mvp-architecture.md	Q4	登录模块的 MVP 契约怎样表达输入和结果？
02-app-framework/07-mvp-architecture.md	Q5	02-app-framework/07-mvp-architecture.md	Q5	MVP 中异步请求、页面销毁和内存泄漏应如何协调？
02-app-framework/07-mvp-architecture.md	Q6	02-app-framework/07-mvp-architecture.md	Q6	MVP 是否更容易单元测试？`BaseActivity` 和 `BasePresenter` 有什么取舍？
02-app-framework/08-app-thread-ipc-stability.md	Q1	02-app-framework/08-app-thread-ipc-stability.md	Q1	线程快照里出现大量 WAITING 状态的 `Thread-N` 线程，能据此判定线程泄漏并强杀这些线程吗？
02-app-framework/08-app-thread-ipc-stability.md	Q2	02-app-framework/08-app-thread-ipc-stability.md	Q2	按 Android 13 源码，Java 线程退出时 ART 会清空 `Thread` 的 `target` 与 `ThreadLocal` 字段吗？已终止的 `Thread` 被静态集合持有时为什么会滞留对象？
02-app-framework/08-app-thread-ipc-stability.md	Q3	02-app-framework/08-app-thread-ipc-stability.md	Q3	`/proc/self/status` 的 `Threads`、`/proc/self/task`、Java `Thread` 快照与组件指标各能回答什么？`ThreadGroup.activeCount()` 能当硬限流依据吗？
02-app-framework/08-app-thread-ipc-stability.md	Q4	02-app-framework/08-app-thread-ipc-stability.md	Q4	raw joinable pthread 退出后，为什么 `/proc` 和线程快照都看不到它，但 Native 内存仍可能增长？监控要覆盖哪些事件？
02-app-framework/08-app-thread-ipc-stability.md	Q5	02-app-framework/08-app-thread-ipc-stability.md	Q5	“每条线程默认占 1 MiB 内存”和“线程与 FD 同步增长说明每条线程占一个 FD”这两个推断错在哪？
02-app-framework/08-app-thread-ipc-stability.md	Q6	02-app-framework/08-app-thread-ipc-stability.md	Q6	`activeCount` 小于 `poolSize`、或大量一次性延迟任务被取消后内存仍不降，能得出 worker 泄漏的结论吗？应分别怎么处理？
02-app-framework/08-app-thread-ipc-stability.md	Q7	02-app-framework/08-app-thread-ipc-stability.md	Q7	排查“协程数量持续上涨”时，如何区分协程泄漏与线程泄漏？`GlobalScope` 的边界是什么？
02-app-framework/08-app-thread-ipc-stability.md	Q8	02-app-framework/08-app-thread-ipc-stability.md	Q8	协程的 `cancel()` 为什么不保证立即停止？`Dispatchers.limitedParallelism(1)` 是跨挂起点的互斥锁吗？
02-app-framework/08-app-thread-ipc-stability.md	Q9	02-app-framework/08-app-thread-ipc-stability.md	Q9	一次同步 Binder 调用失败时，为什么不能凭一个 Java 异常断言“服务端没有执行”？排查时应分别记录哪三个结果？
02-app-framework/08-app-thread-ipc-stability.md	Q10	02-app-framework/08-app-thread-ipc-stability.md	Q10	调用 framework 管理类需要到处 `catch (RemoteException)` 吗？服务端 `onTransact()` 抛出的异常如何回到客户端？
02-app-framework/08-app-thread-ipc-stability.md	Q11	02-app-framework/08-app-thread-ipc-stability.md	Q11	驱动返回 `FAILED_TRANSACTION` 时 Java 层如何选异常？小 Parcel 调用失败却抛 `DeadObjectException` 合理吗？
02-app-framework/08-app-thread-ipc-stability.md	Q12	02-app-framework/08-app-thread-ipc-stability.md	Q12	`linkToDeath()` 的注册与回调之间存在哪些竞态？死亡回调里应该做什么、不该做什么？
02-app-framework/08-app-thread-ipc-stability.md	Q13	02-app-framework/08-app-thread-ipc-stability.md	Q13	给自有 AIDL 客户端包装层计时，耗时包含哪些阶段？为什么普通应用不能指望全局 Binder 拦截点？
02-app-framework/08-app-thread-ipc-stability.md	Q14	02-app-framework/08-app-thread-ipc-stability.md	Q14	ANR trace 显示主线程停在 `BinderProxy.transactNative`，接下来怎样补全证据链？
02-app-framework/08-app-thread-ipc-stability.md	Q15	02-app-framework/08-app-thread-ipc-stability.md	Q15	Android 17 的 Keystore 密钥配额规则是什么？Android 13 设备上有这条配额吗？达到上限后旧密钥还能用吗？
02-app-framework/08-app-thread-ipc-stability.md	Q16	02-app-framework/08-app-thread-ipc-stability.md	Q16	哪些设计会让 Keystore alias 数量持续增长？passkey 是否计入本应用的配额？
02-app-framework/08-app-thread-ipc-stability.md	Q17	02-app-framework/08-app-thread-ipc-stability.md	Q17	Keystore 故障只看异常消息为什么分类不准？应按什么组合分类？
02-app-framework/08-app-thread-ipc-stability.md	Q18	02-app-framework/08-app-thread-ipc-stability.md	Q18	配额耗尽导致登录失败时，为什么“清空 Keystore 后重试”最危险？正确的恢复顺序是什么？
02-app-framework/08-app-thread-ipc-stability.md	Q19	02-app-framework/08-app-thread-ipc-stability.md	Q19	为什么不能在 `containsAlias()` 返回 false 后直接 `generateKey()`？多进程应用如何保证 alias 状态一致？
02-app-framework/08-app-thread-ipc-stability.md	Q20	02-app-framework/08-app-thread-ipc-stability.md	Q20	应用侧如何盘点自己的 alias 数量？target SDK 从 36 升到 37 前要做什么准备？
02-app-framework/08-app-thread-ipc-stability.md	Q21	02-app-framework/08-app-thread-ipc-stability.md	Q21	线程停在 `futex_wait` 就应该去找 Java 持锁者吗？Java 锁等待在 Android 17 上有几条不同路径？
02-app-framework/09-defect-main-thread-async.md	Q1	02-app-framework/09-defect-main-thread-async.md	Q1	车载应用在主线程调用 getProperty、Car.createCar 这类车服接口，为什么是本仓库最大性能病灶？症状有哪几种形态？
02-app-framework/09-defect-main-thread-async.md	Q2	02-app-framework/09-defect-main-thread-async.md	Q2	"对 getProperty 这类高频属性读取，""事件缓存直读 + 异步补拉""的修复范式怎样设计？（SIR-5459）"
02-app-framework/09-defect-main-thread-async.md	Q3	02-app-framework/09-defect-main-thread-async.md	Q3	"Car.createCar 与 getCarManager 这类连接级初始化，为什么用""专用线程池 + 代数守卫""修复？（SIR-5994）"
02-app-framework/09-defect-main-thread-async.md	Q4	02-app-framework/09-defect-main-thread-async.md	Q4	写车辆属性为什么要用专用串行 HandlerThread，而不能直接使用普通多线程池？（SIR-5983）
02-app-framework/09-defect-main-thread-async.md	Q5	02-app-framework/09-defect-main-thread-async.md	Q5	"""runOnUiThread { 慢调用 }""错在哪？列表类加载的正确范式是什么？（SIR-6629）"
02-app-framework/09-defect-main-thread-async.md	Q6	02-app-framework/09-defect-main-thread-async.md	Q6	同一仓库并存的四种主线程 Binder 修复范式，分别适用于什么场景？如何选择？
02-app-framework/09-defect-main-thread-async.md	Q7	02-app-framework/09-defect-main-thread-async.md	Q7	"把同步 Binder 调用异步化，除了""挪线程""还必须连带处理哪些事？"
02-app-framework/09-defect-main-thread-async.md	Q8	02-app-framework/09-defect-main-thread-async.md	Q8	BroadcastReceiver.onReceive 里处理耗时清理为什么会 ANR？后台化时要补哪两个配套？（SIR-6008）
02-app-framework/09-defect-main-thread-async.md	Q9	02-app-framework/09-defect-main-thread-async.md	Q9	"""数据量小时没事""的同步代码，怎样在五千联系人规模下变成 ANR？（SIR-983）"
02-app-framework/09-defect-main-thread-async.md	Q10	02-app-framework/09-defect-main-thread-async.md	Q10	除了 getProperty，属性注册（registerCallback）与 getCarManager 为什么也禁止主线程调用？（SIR-6325）
02-app-framework/09-defect-main-thread-async.md	Q11	02-app-framework/09-defect-main-thread-async.md	Q11	"""乐观更新 + 延迟反馈兜底""与真实回调并存时，延迟任务必须怎么处理？（SIR-3241、SIR-8205）"
02-app-framework/09-defect-main-thread-async.md	Q12	02-app-framework/09-defect-main-thread-async.md	Q12	"异步事件驱动的""当前状态""，如何防止过期事件覆盖新状态？（SIR-6613）"
02-app-framework/09-defect-main-thread-async.md	Q13	02-app-framework/09-defect-main-thread-async.md	Q13	重复旧值回调为什么能冲掉状态机？去重应该放在哪一层？（SIR-1440）
02-app-framework/09-defect-main-thread-async.md	Q14	02-app-framework/09-defect-main-thread-async.md	Q14	协议广播是全局的、不带请求方标识时，如何把回调圈进自己的事务？（SIR-7075）
02-app-framework/09-defect-main-thread-async.md	Q15	02-app-framework/09-defect-main-thread-async.md	Q15	Fragment 中所有异步回调触达点，标准防线是什么？（SIR-2886）
02-app-framework/09-defect-main-thread-async.md	Q16	02-app-framework/09-defect-main-thread-async.md	Q16	Fragment + 成员 Handler 在 uiMode 高频重建场景下，完整的加固组合是什么？（SIR-8545）
02-app-framework/09-defect-main-thread-async.md	Q17	02-app-framework/09-defect-main-thread-async.md	Q17	多线程共享集合的并发容器如何选型？（SIR-2104）
02-app-framework/09-defect-main-thread-async.md	Q18	02-app-framework/09-defect-main-thread-async.md	Q18	状态变化回调（onCheckedChange/onStateChanged）里为什么禁止反查外部缓存状态？（SIR-5737）
02-app-framework/09-defect-main-thread-async.md	Q19	02-app-framework/09-defect-main-thread-async.md	Q19	同一 UI 状态有多个事件源时，怎样避免时序竞态导致的偶现错乱？（SIR-8259）
02-app-framework/09-defect-main-thread-async.md	Q20	02-app-framework/09-defect-main-thread-async.md	Q20	首次联网 NTP 校时后状态栏时钟要等约一分钟才跳变，为什么问题出在刷新源依赖了另一个视图的顺带信号，且平台控件自身也不重新对齐？（SIR-7156）
02-app-framework/09-defect-main-thread-async.md	Q21	02-app-framework/09-defect-main-thread-async.md	Q21	防抖放在什么位置安全，什么位置会吞掉真实请求？（SIR-6525）
02-app-framework/09-defect-main-thread-async.md	Q22	02-app-framework/09-defect-main-thread-async.md	Q22	"超时兜底的取消必须遵守什么纪律？什么样的""超时重试""是死循环模板？（SIR-6525、SIR-4087）"
02-app-framework/09-defect-main-thread-async.md	Q23	02-app-framework/09-defect-main-thread-async.md	Q23	"""乐观更新""的边界在哪里？为什么数据层必须等事实源确认？（SIR-5468）"
02-app-framework/09-defect-main-thread-async.md	Q24	02-app-framework/09-defect-main-thread-async.md	Q24	一次性提示、一次性标志的生命周期管理原则是什么？（SIR-4602）
02-app-framework/09-defect-main-thread-async.md	Q25	02-app-framework/09-defect-main-thread-async.md	Q25	"依赖外部服务初始化的 UI 状态，如何应对""服务慢启动丢查询""的时序竞态？（SIR-6170）"
02-app-framework/09-defect-main-thread-async.md	Q26	02-app-framework/09-defect-main-thread-async.md	Q26	"长驻进程对车服属性的订阅为什么会""静默失效""？订阅链路异步初始化必须配哪三件套？（SIR-5446）"
02-app-framework/09-defect-main-thread-async.md	Q27	02-app-framework/09-defect-main-thread-async.md	Q27	蓝牙来电挂断后浮窗 1.56s 才消失，时延预算被异步链路的哪几段吃掉？终态事件该怎么走？（SIR-2617）
03-ui/01-activity.md	Q1	03-ui/01-activity.md	Q2	Activity 执行到 onResume 后界面还没出现，首帧前后经历了哪些阶段？
03-ui/01-activity.md	Q2	03-ui/01-activity.md	Q3	Android 内存紧张时哪些应用进程更容易被系统回收？
03-ui/01-activity.md	Q3	03-ui/01-activity.md	Q5	`FLAG_ACTIVITY_NEW_TASK`、`SINGLE_TOP` 与 `CLEAR_TOP` 如何改变 Activity 启动？
03-ui/01-activity.md	Q4	03-ui/01-activity.md	Q1	Activity 从创建到前后台切换时，常见生命周期回调顺序是什么？
03-ui/01-activity.md	Q5	03-ui/01-activity.md	Q6	Launcher Activity 的 Intent Filter 应声明什么？
03-ui/01-activity.md	Q6	03-ui/01-activity.md	Q7	Intent Filter 中的 action、category 与 data 分别匹配什么？
03-ui/01-activity.md	Q7	03-ui/01-activity.md	Q8	隐式 Intent 如何通过 Intent Filter 找到可启动的 Activity？
03-ui/01-activity.md	Q8	03-ui/01-activity.md	Q9	启动页该等 `onWindowFocusChanged()` 还是首帧回调再关闭？
03-ui/01-activity.md	Q9	03-ui/01-activity.md	Q10	setContentView 后应用内容为什么不直接成为窗口根 View？
03-ui/01-activity.md	Q10	03-ui/01-activity.md	Q11	在 onCreate 里读取根 View 宽高得到 0，应该等到哪个时机？
03-ui/01-activity.md	Q11	03-ui/01-activity.md	Q12	旋转屏幕或切换深色模式后，Activity 为什么有时回调、有时重建？
03-ui/01-activity.md	Q12	03-ui/01-activity.md	Q13	进程被系统回收后页面状态丢失，onSaveInstanceState 哪些内容需要自己保存？
03-ui/01-activity.md	Q13	03-ui/01-activity.md	Q14	详情页返回后直接退出应用，是否由 `singleTask` 清理了返回栈？
03-ui/01-activity.md	Q14	03-ui/01-activity.md	Q15	Activity 复用后收到新 Intent，为什么 `getIntent()` 仍是旧值？
03-ui/01-activity.md	Q15	03-ui/01-activity.md	Q16	跨应用启动后 Activity 跑进了意外的任务栈，`taskAffinity` 与 `allowTaskReparenting` 起什么作用？
03-ui/01-activity.md	Q16	03-ui/01-activity.md	Q17	Activity 切换时短暂看到前后两个页面，窗口动画期间发生了什么？
03-ui/01-activity.md	Q17	03-ui/01-activity.md	Q18	启动指标显示首帧很快但页面仍是骨架，首帧与 reportFullyDrawn 分别表示什么？
03-ui/01-activity.md	Q18	03-ui/01-activity.md	Q19	应用退到后台后收到 `onTrimMemory()`，哪些状态可以释放？
03-ui/01-activity.md	Q19	03-ui/01-activity.md	Q20	车机多用户、多显示时页面显示在错误屏幕，Activity 归属由什么决定？
03-ui/01-activity.md	Q20	03-ui/01-activity.md	Q21	Activity 生命周期回调里哪些时序操作容易造成白屏、旧界面更新或闪烁？
03-ui/01-activity.md	Q21	03-ui/01-activity.md	Q22	Fragment 返回后旧 View 仍被观察者更新，视图生命周期该怎么绑定？
03-ui/01-activity.md	Q22	03-ui/01-activity.md	Q23	切换 Fragment 页面后状态与内存表现不同，`show/hide`、`replace`、ViewPager2 有什么差别？
03-ui/01-activity.md	Q23	03-ui/01-activity.md	Q24	网络回调在 `onSaveInstanceState()` 后提交 Fragment 事务导致崩溃，三个 commit 方法有何边界？
03-ui/01-activity.md	Q24	03-ui/01-activity.md	Q25	共享 ViewModel 后页面重建却不刷新或旧 View 泄漏，作用域与观察者应绑定谁？
03-ui/01-activity.md	Q25	03-ui/01-activity.md	Q4	`startActivity()` 如何在任务选择与 Activity 实例复用之间作出决定？
03-ui/01-activity.md	Q26	03-ui/01-activity.md	Q26	AAOS Launcher 设置 `FLAG_ACTIVITY_NEW_TASK` 后，系统是否一定新建任务？
03-ui/01-activity.md	Q27	03-ui/01-activity.md	Q27	从 Launcher 点击图标时，为什么目标进程已存活仍可能创建新的 Activity？
03-ui/02-view.md	Q1	03-ui/02-view.md	Q2	自定义 View 首次显示时为什么要先 measure、再 layout、最后 draw？
03-ui/02-view.md	Q2	03-ui/02-view.md	Q1	Android View 与 ViewGroup 分别表示什么？
03-ui/02-view.md	Q3	03-ui/02-view.md	Q3	Android View 动画、帧动画和属性动画分别改变什么？
03-ui/02-view.md	Q4	03-ui/02-view.md	Q4	自定义 View 尺寸为 0 或被截断，MeasureSpec 的 mode 和 size 如何约束结果？
03-ui/02-view.md	Q5	03-ui/02-view.md	Q5	可滚动 ViewGroup 内容很长却自身尺寸异常，父尺寸与子尺寸应怎样分别计算？
03-ui/02-view.md	Q6	03-ui/02-view.md	Q6	自定义 ViewGroup 里的子 View 已创建却不显示，`layout()` 与 `onLayout()` 各负责什么？
03-ui/02-view.md	Q7	03-ui/02-view.md	Q7	内容更新后画面没变或位置错了，该调用 `requestLayout()` 还是 `invalidate()`？
03-ui/02-view.md	Q8	03-ui/02-view.md	Q8	硬件加速后修改绘制数据却仍显示旧内容，为什么必须显式 `invalidate()`？
03-ui/02-view.md	Q9	03-ui/02-view.md	Q9	只 `invalidate()` 一个小 View 却感觉整块区域重绘，脏区实际如何传播？
03-ui/02-view.md	Q10	03-ui/02-view.md	Q10	动画中的 View 突然盖住兄弟控件，`dispatchDraw()` 的绘制顺序何时会变化？
03-ui/02-view.md	Q11	03-ui/02-view.md	Q11	子 View 需要画到父容器外却被裁掉，`clipChildren` 与 `clipToPadding` 分别该怎么设？
03-ui/02-view.md	Q12	03-ui/02-view.md	Q12	自定义 View 滚动时持续掉帧，`onDraw()` 中分配对象会造成什么开销？
03-ui/02-view.md	Q13	03-ui/02-view.md	Q13	复杂页面测量耗时高，深层 View 嵌套为什么会放大遍历成本？
03-ui/02-view.md	Q14	03-ui/02-view.md	Q14	旋转、透明度或阴影动画卡顿，View 的三种 Layer 类型该如何取舍？
03-ui/02-view.md	Q15	03-ui/02-view.md	Q15	视频控件旋转后出现黑区或层级异常，`SurfaceView` 与 `TextureView` 应该怎么选？
03-ui/02-view.md	Q16	03-ui/02-view.md	Q16	只想移动一个 View 却触发复杂动画，`ViewPropertyAnimator` 与 `ObjectAnimator` 适用场景是什么？
03-ui/02-view.md	Q17	03-ui/02-view.md	Q17	改变布局参数后界面瞬间跳变，`LayoutAnimation` 与 `TransitionManager` 哪个能动画化尺寸变化？
03-ui/02-view.md	Q18	03-ui/02-view.md	Q18	自定义 View 重建后状态没恢复，为什么 `onSaveInstanceState()` 可能根本没被调用？
03-ui/02-view.md	Q19	03-ui/02-view.md	Q19	`onCreate()` 中 `post()` 后能读到尺寸，但 `doOnPreDraw` 时机又不同，二者该怎么选？
03-ui/02-view.md	Q20	03-ui/02-view.md	Q20	`View.setTag()` 和 keyed tag 适合存什么，如何避免资源键错误与引用泄漏？
03-ui/02-view.md	Q21	03-ui/02-view.md	Q21	`LAYER_TYPE_SOFTWARE`、`LAYER_TYPE_HARDWARE` 与 `Canvas.saveLayer()` 三者最容易被怎样混淆，为什么 SurfaceFlinger 看不到独立 software View layer？
03-ui/02-view.md	Q22	03-ui/02-view.md	Q22	`SurfaceView` 的“独立”具体独立在哪里，带来哪些收益，又有哪些不保证？
03-ui/02-view.md	Q23	03-ui/02-view.md	Q23	Z-below 的 `SurfaceView` 为什么要在宿主窗口“挖洞”，`mDrawFinished` 置位后能证明什么、不能证明什么？
03-ui/02-view.md	Q24	03-ui/02-view.md	Q24	`surfaceDestroyed()` 返回后 Producer 还在写旧 Surface 会怎样，正确的停止协议是什么？
03-ui/02-view.md	Q25	03-ui/02-view.md	Q25	TextureView 的一次可见更新要经过哪两套队列与哪些环节，为什么 Producer 已 queue 不代表画面已更新？
03-ui/02-view.md	Q26	03-ui/02-view.md	Q26	TextureView 的额外成本是什么形态，什么场景不合适，所有权上有哪些易错入口？
03-ui/02-view.md	Q27	03-ui/02-view.md	Q27	`GLSurfaceView` 的两种 render mode 节奏由什么决定，GLThread 独立后哪些责任没有被隔离？
03-ui/03-resources.md	Q1	03-ui/03-resources.md	Q1	新增资源目录后设备始终命中默认文件，限定符的匹配优先级和书写顺序是什么？
03-ui/03-resources.md	Q2	03-ui/03-resources.md	Q3	Drawable 的 intrinsic width 和 intrinsic height 表示什么？
03-ui/03-resources.md	Q3	03-ui/03-resources.md	Q4	常见 Drawable 类型各适合表达什么？
03-ui/03-resources.md	Q4	03-ui/03-resources.md	Q2	Android Drawable 表示什么，为什么它不等同于位图？
03-ui/03-resources.md	Q5	03-ui/03-resources.md	Q5	切回默认语言时因资源缺失崩溃，限定符变体应该怎样提供兜底？
03-ui/03-resources.md	Q6	03-ui/03-resources.md	Q6	旧版 Android 忽略了新加的资源限定符，如何判断它从哪个 API 级别生效？
03-ui/03-resources.md	Q7	03-ui/03-resources.md	Q7	系统切换深色模式后应用仍是浅色，资源、读取逻辑和主题分别要处理什么？
03-ui/03-resources.md	Q8	03-ui/03-resources.md	Q8	设备已进入深色模式但应用外观没变，应从资源、系统主题还是厂商定制层排查？
03-ui/03-resources.md	Q9	03-ui/03-resources.md	Q9	车机品牌要求固定配色时，为什么通常不跟随壁纸动态取色？
03-ui/03-resources.md	Q10	03-ui/03-resources.md	Q10	自定义主题颜色取错值但能编译，?attr 与 ?android:attr 的作用域差异是什么？
03-ui/03-resources.md	Q11	03-ui/03-resources.md	Q11	车厂希望不重编应用就替换资源，RRO 与编译期 overlay 的边界是什么？
03-ui/03-resources.md	Q12	03-ui/03-resources.md	Q12	用户调大字体后按钮文字溢出，dp、sp 与 fontScale 应如何配合？
03-ui/03-resources.md	Q13	03-ui/03-resources.md	Q13	分屏窗口变窄但资源布局没切换，为什么资源限定符不等同于窗口尺寸？
03-ui/03-resources.md	Q14	03-ui/03-resources.md	Q14	车机副驾屏布局、字号或密度与主屏不一致，应用应从哪个显示上下文取配置？
03-ui/03-resources.md	Q15	03-ui/03-resources.md	Q15	切换到阿拉伯语后控件方向错乱或部分字符串缺失，多语言和 RTL 资源要怎样组织？
03-ui/03-resources.md	Q16	03-ui/03-resources.md	Q17	某个 ViewBinding 字段在大屏变体上为空，layout 资源之间必须满足什么契约？
03-ui/03-resources.md	Q17	03-ui/03-resources.md	Q18	横竖屏或夜间模式切换后页面状态异常，何时让系统重建、何时自行处理 Configuration？
03-ui/03-resources.md	Q18	03-ui/03-resources.md	Q19	运行时配置看似正确但仍拿到错误图片，如何确认实际命中的资源变体？
03-ui/03-resources.md	Q19	03-ui/03-resources.md	Q16	ViewBinding 解决了什么问题，Fragment 中的 Binding 应在什么生命周期边界释放？
03-ui/03-resources.md	Q20	03-ui/03-resources.md	Q20	"Resources、ResourcesImpl、AssetManager 三层各持有什么？""旋转一次就新建一个 ResourcesImpl""为什么不成立？"
03-ui/03-resources.md	Q21	03-ui/03-resources.md	Q21	一次 Configuration 变更后，系统如何决定 Activity 是热派发 onConfigurationChanged 还是销毁重建？relaunch 等于冷启动吗？
03-ui/03-resources.md	Q22	03-ui/03-resources.md	Q22	android:configChanges 接管旋转后系统还做什么？Android 17 的 recreateOnConfigChanges 五类扩展为什么不能在 Android 13 上依赖？
03-ui/03-resources.md	Q23	03-ui/03-resources.md	Q23	"Resources 相关内存持续增长时，为什么""mResourceImpls 里的键变多""不能直接定性为泄漏？应该怎么取证？"
03-ui/04-window-system.md	Q1	03-ui/04-window-system.md	Q1	界面内容、位置或合成结果异常时，应用窗口分别由哪些层维护？
03-ui/04-window-system.md	Q2	03-ui/04-window-system.md	Q2	WindowManager.addView 抛 BadTokenException，缺失的 token 代表什么？
03-ui/04-window-system.md	Q3	03-ui/04-window-system.md	Q3	悬浮窗 addView 返回失败码时，怎样沿 addWindow 校验顺序定位？
03-ui/04-window-system.md	Q4	03-ui/04-window-system.md	Q4	窗口 relayout 后界面没有立即重绘，relayoutWindow 返回什么、遍历何时执行？
03-ui/04-window-system.md	Q5	03-ui/04-window-system.md	Q5	修改状态栏或返回键行为时，为什么要找 WindowManagerPolicy 而非 server/wm？
03-ui/04-window-system.md	Q6	03-ui/04-window-system.md	Q6	窗口 token 合法但显示层级或可见性异常，WindowState、WindowToken、DisplayContent 各管什么？
03-ui/04-window-system.md	Q7	03-ui/04-window-system.md	Q7	普通 View 调整 z 序无效但 SurfaceView 可以置顶，窗口与 View 的层级由谁决定？
03-ui/04-window-system.md	Q8	03-ui/04-window-system.md	Q8	系统栏或输入法遮挡内容时，Insets 从哪些来源计算并传给应用？
03-ui/04-window-system.md	Q9	03-ui/04-window-system.md	Q9	沉浸式页面用 setSystemUiVisibility 后行为不稳定，WindowInsetsController 多了什么能力？
03-ui/04-window-system.md	Q10	03-ui/04-window-system.md	Q10	调用 hide 后内容没有马上扩展，系统栏 Insets 为什么要等后续帧变化？
03-ui/04-window-system.md	Q11	03-ui/04-window-system.md	Q11	切换配置后页面有时回调、有时重建，Activity 的分界条件是什么？
03-ui/04-window-system.md	Q12	03-ui/04-window-system.md	Q12	分屏或折叠改变窗口大小但没触发 Configuration，应用为何仍会重新布局？
03-ui/04-window-system.md	Q13	03-ui/04-window-system.md	Q13	输入法弹出后页面缩放卡顿或被平移，adjustResize、adjustPan、adjustNothing 如何影响窗口？
03-ui/04-window-system.md	Q14	03-ui/04-window-system.md	Q14	多窗口中的 Activity 看起来小于任务区域，ActivityRecord 边界与 letterbox 分别表示什么？
03-ui/04-window-system.md	Q15	03-ui/04-window-system.md	Q15	窗口不显示或黑屏时，怎样依次检查窗口记录、frame 与 SurfaceFlinger layer？
03-ui/04-window-system.md	Q16	03-ui/04-window-system.md	Q16	窗口添加失败与 Surface 丢失都表现为空白，应用侧症状和恢复责任有什么不同？
03-ui/04-window-system.md	Q17	03-ui/04-window-system.md	Q17	键盘动画结束后页面才跳动，如何用 WindowInsetsAnimation 同步布局？
03-ui/04-window-system.md	Q18	03-ui/04-window-system.md	Q18	WMS.addWindow 返回成功后窗口就可见了吗？应用收到 BadTokenException 应该先查什么？
03-ui/04-window-system.md	Q19	03-ui/04-window-system.md	Q19	"WMS 的 android.display、android.anim、android.anim.lf 三条线程怎么分工？""线程分开了""为什么仍可能互相拖慢？"
03-ui/04-window-system.md	Q20	03-ui/04-window-system.md	Q20	ViewRootImpl.performTraversals 是每帧都跨进程调用 WMS 的 relayout 吗？命中哪些条件才会 relayout？
03-ui/05-compose.md	Q1	03-ui/05-compose.md	Q1	滚动列表时任意状态变化都让整页重组，Compose 的组合、布局、绘制各阶段怎样响应？
03-ui/05-compose.md	Q2	03-ui/05-compose.md	Q2	点击后 composable 持续重组甚至掉帧，为什么不能在组合函数体里直接写状态？
03-ui/05-compose.md	Q3	03-ui/05-compose.md	Q3	旋转屏幕后输入内容消失，remember 与 rememberSaveable 分别能保留什么？
03-ui/05-compose.md	Q4	03-ui/05-compose.md	Q4	滚动偏移每帧变化却只关心是否到达顶部，derivedStateOf 如何减少无用更新？
03-ui/05-compose.md	Q5	03-ui/05-compose.md	Q5	某个状态更新让大量 composable 重跑，不稳定参数会怎样影响跳过？
03-ui/05-compose.md	Q6	03-ui/05-compose.md	Q6	启用 strong skipping 后不稳定参数仍会重组吗？它改变了哪些跳过规则？
03-ui/05-compose.md	Q7	03-ui/05-compose.md	Q7	高频状态只影响位移却反复触发组合，怎样把状态读取推迟到布局或绘制阶段？
03-ui/05-compose.md	Q8	03-ui/05-compose.md	Q8	列表插入一行后输入状态跑到别的行，Lazy 列表的 key 应如何选择？
03-ui/05-compose.md	Q9	03-ui/05-compose.md	Q9	协程因界面重组反复启动或资源未释放，三个 Effect 的生命周期边界是什么？
03-ui/05-compose.md	Q10	03-ui/05-compose.md	Q10	Fragment 页面销毁后 Compose 内容仍占内存，ComposeView 的组合策略该怎样选？
03-ui/05-compose.md	Q11	03-ui/05-compose.md	Q11	Compose 页面嵌入旧 View 控件后变卡，AndroidView 的 update 应避免做什么？
03-ui/05-compose.md	Q12	03-ui/05-compose.md	Q12	自定义 Compose 宿主中的动画与界面更新不同步，Recomposer 为什么需要帧时钟？
03-ui/05-compose.md	Q13	03-ui/05-compose.md	Q13	Compose 页面滚动掉帧，应先用哪些工具区分重组、布局和绘制瓶颈？
03-ui/05-compose.md	Q14	03-ui/05-compose.md	Q14	把旧页面从 View 迁到 Compose 后出现主题、状态或返回键问题，迁移时要检查哪些边界？
03-ui/05-compose.md	Q15	03-ui/05-compose.md	Q15	同一页面混用 View 和 Compose 后尺寸与状态互相打架，怎样确定约束和状态的唯一来源？
03-ui/05-compose.md	Q16	03-ui/05-compose.md	Q16	普通 Compose 页面有自己的渲染引擎吗？`AndroidUiFrameClock` 的 Choreographer 回调与 ViewRootImpl 的 traversal 回调各做什么？
03-ui/05-compose.md	Q17	03-ui/05-compose.md	Q17	Compose 中同一状态被 composable 函数体、placement lambda 与 draw lambda 读取，状态变化分别触发什么？Recomposition 一定带来重绘吗？
03-ui/05-compose.md	Q18	03-ui/05-compose.md	Q18	Compose 的每个 LayoutNode 都对应一个 Android RenderNode 吗？`Modifier.graphicsLayer` 一定创建离屏纹理吗？
03-ui/05-compose.md	Q19	03-ui/05-compose.md	Q19	Compose 的 PausableComposition 分段执行的是什么工作？为什么它不能用来降低 GPU 负担？
03-ui/06-aaos-ui.md	Q1	03-ui/06-aaos-ui.md	Q1	收到“车机页面改不动”的需求后，如何判断应改应用、SystemUI、CarService 还是车辆层？
03-ui/06-aaos-ui.md	Q2	03-ui/06-aaos-ui.md	Q2	应用需要读取车辆状态时，CarService 与 car-lib 分别承担什么角色？
03-ui/06-aaos-ui.md	Q3	03-ui/06-aaos-ui.md	Q3	车机桌面需要随驾驶状态和多显示变化，为什么 Launcher 不只是普通桌面应用？
03-ui/06-aaos-ui.md	Q4	03-ui/06-aaos-ui.md	Q4	车载功能用模板应用还是原生 Activity 实现，怎样按功能和合规成本选路线？
03-ui/06-aaos-ui.md	Q5	03-ui/06-aaos-ui.md	Q5	Car App 应用已安装却没出现在宿主列表，CarAppService 清单还缺哪些声明？
03-ui/06-aaos-ui.md	Q6	03-ui/06-aaos-ui.md	Q6	同一 Android 版本的车辆支持能力不同，Car App API level 为什么不能用 SDK 版本替代？
03-ui/06-aaos-ui.md	Q7	03-ui/06-aaos-ui.md	Q7	模板应用传入 Action 后按钮没显示，宿主渲染与 Template 契约怎样约束结果？
03-ui/06-aaos-ui.md	Q8	03-ui/06-aaos-ui.md	Q8	副驾屏上的应用拿不到座位信息，occupant zone 如何关联座位、显示和用户？
03-ui/06-aaos-ui.md	Q9	03-ui/06-aaos-ui.md	Q9	后排操作影响了驾驶员的数据，车机多用户下哪些状态必须隔离？
03-ui/06-aaos-ui.md	Q10	03-ui/06-aaos-ui.md	Q10	调用 DisplayManager 关闭车机屏幕后状态不一致，屏幕实际由什么电源策略控制？
03-ui/06-aaos-ui.md	Q11	03-ui/06-aaos-ui.md	Q11	车机夜间模式跟车辆灯光变化不同步，日夜状态由谁提供给应用？
03-ui/06-aaos-ui.md	Q12	03-ui/06-aaos-ui.md	Q12	应用收不到旋钮或自定义按键事件，车机输入事件经什么系统通道分发？
03-ui/06-aaos-ui.md	Q13	03-ui/06-aaos-ui.md	Q13	导航地图无法显示到仪表屏，cluster 服务与普通 Activity 有何区别？
03-ui/06-aaos-ui.md	Q14	03-ui/06-aaos-ui.md	Q14	Android Auto 投影启动后原生应用不可见或失焦，二者如何共存？
03-ui/06-aaos-ui.md	Q15	03-ui/06-aaos-ui.md	Q15	车机调试时 UX 限制被放开，如何用服务状态与特性开关确认测试环境？
03-ui/06-aaos-ui.md	Q16	03-ui/06-aaos-ui.md	Q16	地图 Surface 的生命周期怎么管理？帧预算与可见区域有哪些约束？
03-ui/06-aaos-ui.md	Q17	03-ui/06-aaos-ui.md	Q17	CarSystemUI 或 TaskPanel 重启后界面空白、焦点或 rotary 失效，应检查哪些恢复与输入边界？
03-ui/06-aaos-ui.md	Q18	03-ui/06-aaos-ui.md	Q18	CarSystemUI 将依赖注入接到 platform SystemUI 时，CarSysUIComponent 与 OEM Module 的扩展边界是什么？
03-ui/07-driving-safety.md	Q1	03-ui/07-driving-safety.md	Q1	车速刚超过零就锁死所有界面，为什么应用不能自行硬编码驾驶限制？
03-ui/07-driving-safety.md	Q2	03-ui/07-driving-safety.md	Q2	车辆从驻车进入行驶后 UI 未切换，驾驶状态是怎样从车辆信号推导出来的？
03-ui/07-driving-safety.md	Q3	03-ui/07-driving-safety.md	Q3	同一车机在不同车型限制不同，UX Restrictions 映射表如何表达差异？
03-ui/07-driving-safety.md	Q4	03-ui/07-driving-safety.md	Q4	配置设了 no_video 却仍要求分心优化，uxr 与 baseline 的关系是什么？
03-ui/07-driving-safety.md	Q5	03-ui/07-driving-safety.md	Q5	车型切换后限制配置未生效，restriction mode 为什么需要独立于驾驶状态？
03-ui/07-driving-safety.md	Q6	03-ui/07-driving-safety.md	Q6	页面只在 onCreate 读取 UX 限制，行驶后仍可操作，应用应监听什么？
03-ui/07-driving-safety.md	Q7	03-ui/07-driving-safety.md	Q7	Car App 在行驶中无法启动，清单里的 distractionOptimized 声明有什么作用？
03-ui/07-driving-safety.md	Q8	03-ui/07-driving-safety.md	Q8	升级后车机进入全限制状态，配置读取失败时系统为何采用安全兜底？
03-ui/07-driving-safety.md	Q9	03-ui/07-driving-safety.md	Q9	行驶中需要开放语音设置入口，哪些界面可以通过配置豁免 UX 限制？
03-ui/07-driving-safety.md	Q10	03-ui/07-driving-safety.md	Q10	副驾触屏被锁或后排屏输入异常，显示触控设置与输入类型声明如何配合？
03-ui/07-driving-safety.md	Q11	03-ui/07-driving-safety.md	Q11	车辆行驶状态变化后页面仍保留旧控件，应用应怎样处理限制更新？
03-ui/07-driving-safety.md	Q12	03-ui/07-driving-safety.md	Q12	驾驶时视频、长文本或复杂交互被禁用，限制依据是什么、界面应如何降级？
03-ui/07-driving-safety.md	Q13	03-ui/07-driving-safety.md	Q13	驾驶员需要操作高频功能却不应盯屏，语音和物理控件各解决什么风险？
03-ui/07-driving-safety.md	Q14	03-ui/07-driving-safety.md	Q14	UX 限制功能通过了驻车测试却在路测失效，怎样按配置到交互构造验证？
03-ui/07-driving-safety.md	Q15	03-ui/07-driving-safety.md	Q15	倒车影像、车速显示和音量限制同时影响页面时，如何纳入 UI 安全设计？
03-ui/07-driving-safety.md	Q16	03-ui/07-driving-safety.md	Q16	驾驶分心限制（UXR）到底能禁什么？FULLY_RESTRICTED 的位标志清单是什么？
03-ui/07-driving-safety.md	Q17	03-ui/07-driving-safety.md	Q17	OEM 怎么定制分心限制规则？为什么改了 car_ux_restrictions_map.xml 没立即生效？
03-ui/07-driving-safety.md	Q18	03-ui/07-driving-safety.md	Q18	"行驶中打开应用被全屏遮罩挡住——系统怎么判定和阻断？""IDENTIFY_DISTRACTION 权限""是真的吗？"
03-ui/08-ui-debugging.md	Q1	03-ui/11-ui-debugging.md	Q1	遇到白屏、黑屏或卡顿时，为什么应先分层归因再抓帧？
03-ui/08-ui-debugging.md	Q2	03-ui/11-ui-debugging.md	Q2	应用页面完全没出来，怎样从窗口建立、frame 到图层逐步判定？
03-ui/08-ui-debugging.md	Q3	03-ui/11-ui-debugging.md	Q3	冷启动白屏数秒，如何把首帧前的初始化阶段拆开定位？
03-ui/08-ui-debugging.md	Q4	03-ui/11-ui-debugging.md	Q4	透明主题页面看似黑屏，怎样区分窗口未创建与窗口有界但没有内容？
03-ui/08-ui-debugging.md	Q5	03-ui/11-ui-debugging.md	Q5	帧时间超预算或用户仍感觉掉帧，怎样区分 UI 线程、渲染线程和合成侧？
03-ui/08-ui-debugging.md	Q6	03-ui/11-ui-debugging.md	Q6	需要判断是哪个窗口迟交帧，gfxinfo、SurfaceFlinger 与 Perfetto 各提供什么证据？
03-ui/08-ui-debugging.md	Q7	03-ui/11-ui-debugging.md	Q7	ViewRootImpl 没有执行绘制时，是否能从框架诊断字段找到跳过原因？
03-ui/08-ui-debugging.md	Q8	03-ui/11-ui-debugging.md	Q8	局部数据变化造成大范围重绘和掉帧，如何判断失效范围并缩小成本？
03-ui/08-ui-debugging.md	Q9	03-ui/11-ui-debugging.md	Q9	刘海、圆角或系统栏压住按钮，怎样按 Insets 调整内容与点击区域？
03-ui/08-ui-debugging.md	Q10	03-ui/11-ui-debugging.md	Q10	用户点击后长期无响应并出现输入超时，主线程阻塞如何造成这两类现象？
03-ui/08-ui-debugging.md	Q11	03-ui/11-ui-debugging.md	Q11	页面渲染卡顿并伴随内存上涨，怎样区分分配、纹理与缓冲区问题？
03-ui/08-ui-debugging.md	Q12	03-ui/11-ui-debugging.md	Q12	SurfaceView 区域变黑或偏移，如何分别确认图层、位置和 buffer？
03-ui/08-ui-debugging.md	Q13	03-ui/11-ui-debugging.md	Q13	车机同一页面在主屏和副驾屏大小不同，怎样检查显示配置与窗口几何？
03-ui/08-ui-debugging.md	Q14	03-ui/11-ui-debugging.md	Q14	车机屏幕熄灭但应用进程仍运行，如何判断是否由电源策略控制？
03-ui/08-ui-debugging.md	Q15	03-ui/11-ui-debugging.md	Q15	同类 UI 缺陷反复回归，怎样把视觉与状态问题变成可重复验证的检查？
03-ui/08-ui-debugging.md	Q16	03-ui/11-ui-debugging.md	Q16	Android Studio 预览 XML 资源时如何缩放画布？
03-ui/09-app-view-compose-practice.md	Q1	03-ui/08-app-view-compose-practice.md	Q1	列表 item 里的一个 TextView 改文字并调用 requestLayout()，为什么一次调用不等于一帧只做一轮完整测量布局，ViewRootImpl 是怎么合并和二次调度的？
03-ui/09-app-view-compose-practice.md	Q2	03-ui/08-app-view-compose-practice.md	Q3	压平一个首屏布局前应优先识别哪三类结构性成本，为什么 View.GONE 子节点被 measureChildren 跳过却仍建议延迟创建？
03-ui/09-app-view-compose-practice.md	Q3	03-ui/08-app-view-compose-practice.md	Q4	ViewStub、merge、include 分别解决什么问题，哪些误用会直接抛异常或让优化失效？
03-ui/09-app-view-compose-practice.md	Q4	03-ui/08-app-view-compose-practice.md	Q5	把布局解析挪到 AsyncLayoutInflater 后台线程后，为什么主线程仍可能出现 inflate 时间，哪些布局会回退到 UI 线程？
03-ui/09-app-view-compose-practice.md	Q5	03-ui/08-app-view-compose-practice.md	Q6	自定义 View 用缓存的期望尺寸跳过 onMeasure 计算，为什么只比较宽度 MeasureSpec 不够，onLayout 里只看 changed 参数会漏掉什么？
03-ui/09-app-view-compose-practice.md	Q6	03-ui/08-app-view-compose-practice.md	Q7	波形图这类持续刷新的自绘 View 应怎样组织绘制对象与失效调用，invalidate()、requestLayout()、postInvalidateOnAnimation() 各承担什么？
03-ui/09-app-view-compose-practice.md	Q7	03-ui/08-app-view-compose-practice.md	Q8	RecyclerView 稳定滑动中偶尔出现 onBindViewHolder 是否说明复用失效，ViewHolder 到底按什么顺序获取、哪些来源仍会 bind？
03-ui/09-app-view-compose-practice.md	Q8	03-ui/08-app-view-compose-practice.md	Q9	多个嵌套横向列表共享同一个 RecycledViewPool 时，viewType 应按什么原则划分，共享池会引入什么新风险？
03-ui/09-app-view-compose-practice.md	Q9	03-ui/08-app-view-compose-practice.md	Q10	高频局部刷新的列表为什么 notifyDataSetChanged 会卡，DiffUtil 的三个回调与 payload 各承担什么，ListAdapter 有哪些硬边界？
03-ui/09-app-view-compose-practice.md	Q10	03-ui/08-app-view-compose-practice.md	Q11	RecyclerView 的 GapWorker 预取运行在哪个线程，willCreateInTime/willBindInTime 怎么决定做不做，为什么预取正常下一帧仍可能长？
03-ui/09-app-view-compose-practice.md	Q11	03-ui/08-app-view-compose-practice.md	Q12	纵向 Feed 里嵌横向卡片列表时应怎样配置容器，setHasFixedSize(true) 的确切语义是什么？
03-ui/09-app-view-compose-practice.md	Q12	03-ui/08-app-view-compose-practice.md	Q13	LazyColumn 的 key 与 contentType 分别对应 RecyclerView 的什么概念，从 RecyclerView 迁移到 LazyColumn 应比较哪些指标？
03-ui/09-app-view-compose-practice.md	Q13	03-ui/08-app-view-compose-practice.md	Q14	Compose 状态在 Composable 函数体、placement lambda、draw lambda 与 graphicsLayer lambda 中被读取，变化后分别触发哪个阶段的工作？
03-ui/09-app-view-compose-practice.md	Q14	03-ui/08-app-view-compose-practice.md	Q15	Strong Skipping 默认开启后，List 这类 unstable 参数的 Composable 还能跳过吗，@Stable/@Immutable 注解还承担什么？
03-ui/09-app-view-compose-practice.md	Q15	03-ui/08-app-view-compose-practice.md	Q16	Compose 编译器报告里 skippable=1 且 unstable 数量下降，能据此宣布重组性能改善吗？各报告文件分别能回答什么？
03-ui/09-app-view-compose-practice.md	Q16	03-ui/08-app-view-compose-practice.md	Q17	remember(keys)、derivedStateOf、produceState 与 snapshotFlow 各适合什么场景，混用会出什么问题？
03-ui/09-app-view-compose-practice.md	Q17	03-ui/08-app-view-compose-practice.md	Q18	自定义 Modifier.Node 时 NodeChain 按什么规则复用、更新或替换节点，Element 的 equals 契约写错会怎样？
03-ui/09-app-view-compose-practice.md	Q18	03-ui/08-app-view-compose-practice.md	Q19	自定义 Modifier 只组合现有节点时，Modifier.composed 与 Modifier.Node 的运行成本和迁移边界是什么？
03-ui/09-app-view-compose-practice.md	Q19	03-ui/08-app-view-compose-practice.md	Q20	自定义 Compose Layout 里对同一个子节点用两组约束连续调用 measure() 会发生什么，单遍测量协议包含哪些约束？
03-ui/09-app-view-compose-practice.md	Q20	03-ui/08-app-view-compose-practice.md	Q21	Compose 节点上一帧测过的尺寸什么时候会被复用，@Stable 注解会影响布局缓存吗？
03-ui/09-app-view-compose-practice.md	Q21	03-ui/08-app-view-compose-practice.md	Q22	对 LazyColumn 或 BoxWithConstraints 查询 IntrinsicSize.Min 为什么会直接失败，固有尺寸查询的真实成本怎么评估？
03-ui/09-app-view-compose-practice.md	Q22	03-ui/08-app-view-compose-practice.md	Q23	padding + background + clickable 组合会创建几个 LayoutNode，调整 Modifier 顺序为什么属于行为变更而不是纯性能优化？
03-ui/09-app-view-compose-practice.md	Q23	03-ui/08-app-view-compose-practice.md	Q24	同样的 Compose Text(String) 在什么条件下走简化实现 ParagraphLayoutCache，哪些能力会让它改走 AnnotatedString 路径，段落缓存什么时候复用？
03-ui/09-app-view-compose-practice.md	Q24	03-ui/08-app-view-compose-practice.md	Q25	用 rememberTextMeasurer 在 drawWithCache 里绘制文本时，TextMeasurer 的缓存键包含哪些内容，容量怎么设置才合理？
03-ui/09-app-view-compose-practice.md	Q25	03-ui/08-app-view-compose-practice.md	Q26	自定义 Modifier.Node 的 onAttach、onDetach、onReset 与 coroutineScope 分别该承担什么生命周期工作？
03-ui/09-app-view-compose-practice.md	Q26	03-ui/08-app-view-compose-practice.md	Q2	首屏布局应如何选择 LinearLayout、FrameLayout 与 ConstraintLayout，怎样验证压平层级确有收益？
03-ui/10-app-compose-advanced-practice.md	Q1	03-ui/09-app-compose-advanced-practice.md	Q1	在后台线程读取 mutableStateOf 时读到的可能是哪个版本，Snapshot 按什么条件从状态记录链里选值？
03-ui/10-app-compose-advanced-practice.md	Q2	03-ui/09-app-compose-advanced-practice.md	Q2	takeSnapshot() 创建的只读视图为什么必须显式 dispose，不 dispose 会怎样？
03-ui/10-app-compose-advanced-practice.md	Q3	03-ui/09-app-compose-advanced-practice.md	Q3	两个并发 MutableSnapshot 修改同一个 StateObject，apply 冲突按什么规则合并，内置变更策略有什么区别？
03-ui/10-app-compose-advanced-practice.md	Q4	03-ui/09-app-compose-advanced-practice.md	Q4	两个 Snapshot 各改不同 State 都 apply 成功，跨对象业务约束仍可能被破坏——这是为什么，怎么防？
03-ui/10-app-compose-advanced-practice.md	Q5	03-ui/09-app-compose-advanced-practice.md	Q5	mutableStateOf 可以从工作线程读写吗，state.value++ 为什么仍可能丢更新，enter 为什么不能跨协程挂起点保留？
03-ui/10-app-compose-advanced-practice.md	Q6	03-ui/09-app-compose-advanced-practice.md	Q6	一次 state.value = x 写入后重组是怎么被安排的，为什么多次写入可能合并成一次重组？
03-ui/10-app-compose-advanced-practice.md	Q7	03-ui/09-app-compose-advanced-practice.md	Q7	AndroidView 把一个 View 接进 Compose 后由谁测量谁，Compose 状态变化什么时候会让这个 View 重新布局或重绘？
03-ui/10-app-compose-advanced-practice.md	Q8	03-ui/09-app-compose-advanced-practice.md	Q8	AndroidView 的 factory/update/onReset/onRelease 各自的调用时机与职责是什么，怎样避免 View 与 Compose 状态互相回写的反馈循环？
03-ui/10-app-compose-advanced-practice.md	Q9	03-ui/09-app-compose-advanced-practice.md	Q9	Lazy 列表里的 AndroidView 为什么必须提供非空 onReset 才能复用实例，onReset 之后 View 处于什么状态？
03-ui/10-app-compose-advanced-practice.md	Q10	03-ui/09-app-compose-advanced-practice.md	Q10	ComposeView 放进 RecyclerView 与放进 Fragment 各该用什么 ViewCompositionStrategy，为什么不要在 onViewRecycled 里 disposeComposition()？
03-ui/10-app-compose-advanced-practice.md	Q11	03-ui/09-app-compose-advanced-practice.md	Q11	"同一窗口里多个 ComposeView 是共享一个 Recomposer 还是各有一个，""每个 ComposeView 都很轻""为什么不成立？"
03-ui/10-app-compose-advanced-practice.md	Q12	03-ui/09-app-compose-advanced-practice.md	Q12	Compose 外层动画请求高帧率后，内嵌 AndroidView 里的视频为什么不会跟着提帧，混合树里帧率请求按什么边界传播？
03-ui/10-app-compose-advanced-practice.md	Q13	03-ui/09-app-compose-advanced-practice.md	Q13	View 属性动画里每个 tick 用 updateLayoutParams 改宽度为什么会持续掉帧，scaleX 这类变换属性能替代到什么程度？
03-ui/10-app-compose-advanced-practice.md	Q14	03-ui/09-app-compose-advanced-practice.md	Q14	Compose 里 Animatable、Transition 与 animate*AsState 的动画值逐帧更新时，重组范围由什么决定，主线程卡一下动画会怎样？
03-ui/10-app-compose-advanced-practice.md	Q15	03-ui/09-app-compose-advanced-practice.md	Q15	同一个 Animatable 被手势高频调用 snapTo 与 animateTo 有什么行为差异，Transition 在 1.12.0 的组合语义是什么？
03-ui/10-app-compose-advanced-practice.md	Q16	03-ui/09-app-compose-advanced-practice.md	Q16	AnimatedVisibility 退出动画期间旧内容还在组合里吗，AnimatedContent 快速切换为什么会同时保留多份内容？
03-ui/10-app-compose-advanced-practice.md	Q17	03-ui/09-app-compose-advanced-practice.md	Q17	共享元素过渡里 sharedElement 与 sharedBounds 怎么选，scaleToBounds 与 RemeasureToBounds 的成本差在哪？
03-ui/10-app-compose-advanced-practice.md	Q18	03-ui/09-app-compose-advanced-practice.md	Q18	"共享元素过渡的 Lookahead 布局是不是""第二次 GPU 渲染""，GraphicsLayer 是不是 Bitmap 缓存，元素数量有平台阈值吗？"
03-ui/10-app-compose-advanced-practice.md	Q19	03-ui/09-app-compose-advanced-practice.md	Q19	View.setRenderEffect 做模糊时 GPU 成本从哪来，它与窗口背景模糊是同一套机制吗？
03-ui/10-app-compose-advanced-practice.md	Q20	03-ui/09-app-compose-advanced-practice.md	Q20	RuntimeShader 更新 uniform 后画面不动是什么原因，AGSL 着色器的构造与使用有哪些硬约束？
03-ui/10-app-compose-advanced-practice.md	Q21	03-ui/09-app-compose-advanced-practice.md	Q21	按 Android 13 设备开发时，RuntimeColorFilter、RuntimeXfermode、getGpuHeadroom、HardwareBufferRenderer 这些效果相关 API 的可用状态是什么？
03-ui/10-app-compose-advanced-practice.md	Q22	03-ui/09-app-compose-advanced-practice.md	Q22	Compose 的 Canvas 没有独立 Surface，一次 drawRect 从 Kotlin 调用到 GPU 经过了哪几段，哪些绘制对象需要应用自己管理？
03-ui/10-app-compose-advanced-practice.md	Q23	03-ui/09-app-compose-advanced-practice.md	Q23	drawWithCache 缓存什么、什么时候失效，drawWithContent 里不调用 drawContent 会发生什么？
03-ui/10-app-compose-advanced-practice.md	Q24	03-ui/09-app-compose-advanced-practice.md	Q24	图表、粒子、手写这类持续绘制的场景什么时候该离开 Compose Canvas 转 SurfaceView，绘制回调的线程边界是什么？
03-ui/11-defect-ui-theme-fidelity.md	Q1	03-ui/10-defect-ui-theme-fidelity.md	Q1	深浅色双主题的车机应用里，UI 还原与主题适配类缺陷为什么能占到修复总量的三分之一？根因集中在哪几类形态？
03-ui/11-defect-ui-theme-fidelity.md	Q2	03-ui/10-defect-ui-theme-fidelity.md	Q2	布局里把 textColor 写成 #000000 这类硬编码色值，为什么浅色模式测试通过仍会在深色模式翻车？正确写法是什么？
03-ui/11-defect-ui-theme-fidelity.md	Q3	03-ui/10-defect-ui-theme-fidelity.md	Q3	"drawable 内写死深色半透明导致""白天有、黑夜无""的视觉元素，排查入口是什么？（SIR-7246）"
03-ui/11-defect-ui-theme-fidelity.md	Q4	03-ui/10-defect-ui-theme-fidelity.md	Q4	深色模式下弹窗整体仍是浅色配色，典型根因与修复路径是什么？（SIR-6620）
03-ui/11-defect-ui-theme-fidelity.md	Q5	03-ui/10-defect-ui-theme-fidelity.md	Q5	"""新增颜色必配 night 值""这条清单项依据的失败模式是什么？如何用流程兜底？"
03-ui/11-defect-ui-theme-fidelity.md	Q6	03-ui/10-defect-ui-theme-fidelity.md	Q6	夜间模式下无封面兜底图显示的仍是白天素材，最省事的修复方式是什么？（SIR-6224）
03-ui/11-defect-ui-theme-fidelity.md	Q7	03-ui/10-defect-ui-theme-fidelity.md	Q7	"用 getIdentifier 按""前缀 + 数值""拼资源名取图，为什么夜间帧图可能取错？怎样修复并控制风险？（3ba0d479）"
03-ui/11-defect-ui-theme-fidelity.md	Q8	03-ui/10-defect-ui-theme-fidelity.md	Q8	"多模块工程中，app 壳工程定义与公共库同名的 drawable，为什么会""劫持""库组件的交互态？（SIR-7514）"
03-ui/11-defect-ui-theme-fidelity.md	Q9	03-ui/10-defect-ui-theme-fidelity.md	Q9	"""按钮点击无视觉反馈""类缺陷的固定排查套路是什么？selector 还有哪些必查项？"
03-ui/11-defect-ui-theme-fidelity.md	Q10	03-ui/10-defect-ui-theme-fidelity.md	Q10	"selector 状态表复制上一行忘改资源，为什么会表现出""白天正常、黑夜异常""的功能假象？（SIR-6802）"
03-ui/11-defect-ui-theme-fidelity.md	Q11	03-ui/10-defect-ui-theme-fidelity.md	Q11	Activity 在 configChanges 里声明接管 uiMode 后，深浅色切换为什么会让界面停在旧主题？（SIR-6360）
03-ui/11-defect-ui-theme-fidelity.md	Q12	03-ui/10-defect-ui-theme-fidelity.md	Q12	WebView 加载的本地协议页为什么 values-night 管不到？标准适配方案是什么？（SIR-4568）
03-ui/11-defect-ui-theme-fidelity.md	Q13	03-ui/10-defect-ui-theme-fidelity.md	Q13	"弹出 Dialog 时为什么 Dock 栏等""别的窗口""也会被压暗？替代方案是什么？（SIR-6606）"
03-ui/11-defect-ui-theme-fidelity.md	Q14	03-ui/10-defect-ui-theme-fidelity.md	Q14	全屏应用手势退出时先闪一帧白底再露出桌面，根因与修复是什么？（SIR-6788）
03-ui/11-defect-ui-theme-fidelity.md	Q15	03-ui/10-defect-ui-theme-fidelity.md	Q15	界面顶部或四周露出异色色块，检查哪三处可以定位大多数案例？（SIR-7382）
03-ui/11-defect-ui-theme-fidelity.md	Q16	03-ui/10-defect-ui-theme-fidelity.md	Q16	"搜索结果列表写在 ConstraintLayout 里却用了 `layout_height=""match_parent""`，为什么界面只露出最后一行，约束布局里该写什么？"
03-ui/11-defect-ui-theme-fidelity.md	Q17	03-ui/10-defect-ui-theme-fidelity.md	Q17	带全屏遮罩的密码弹窗被键盘整体顶起、遮罩盖住状态栏，正确的避让方式是什么？（SIR-7359）
03-ui/11-defect-ui-theme-fidelity.md	Q18	03-ui/10-defect-ui-theme-fidelity.md	Q18	设计稿指定 450、550 这类非整百字重时，为什么仍可能无法还原？该怎样判断问题在规格还是字体？
03-ui/11-defect-ui-theme-fidelity.md	Q19	03-ui/10-defect-ui-theme-fidelity.md	Q19	快速连续切换深浅色导致屏幕出现灰色中间态，为什么要在入口防抖而不是处理重绘结果？（SIR-8546）
03-ui/11-defect-ui-theme-fidelity.md	Q20	03-ui/10-defect-ui-theme-fidelity.md	Q20	长歌名跑马灯滚动 3 遍才停，是哪个默认值造成的？（SIR-1477）
03-ui/11-defect-ui-theme-fidelity.md	Q21	03-ui/10-defect-ui-theme-fidelity.md	Q21	刻度进度条/滑块与 UI 或实际行为不符，有哪些典型的 off-by-one 形态？
03-ui/11-defect-ui-theme-fidelity.md	Q22	03-ui/10-defect-ui-theme-fidelity.md	Q22	回弹/复位动画从错误位置跳变，根因是什么？（SIR-6634）
03-ui/11-defect-ui-theme-fidelity.md	Q23	03-ui/10-defect-ui-theme-fidelity.md	Q23	多个界面滚动条样式不一、与设计稿不符，治理方案是什么？（SIR-7004）
03-ui/11-defect-ui-theme-fidelity.md	Q24	03-ui/10-defect-ui-theme-fidelity.md	Q24	图标颜色依赖主题色资源导致个别场景与设计稿不符，为什么修复反而要新增一份硬编码色值的专用资源？（SIR-7406）
03-ui/11-defect-ui-theme-fidelity.md	Q25	03-ui/10-defect-ui-theme-fidelity.md	Q25	设计稿版本混淆与需求变更，如何在流程上防回归？（SIR-4333、SIR-7849）
03-ui/11-defect-ui-theme-fidelity.md	Q26	03-ui/10-defect-ui-theme-fidelity.md	Q26	"需求或 SRS 变更后，为什么""删掉的没清干净、增量的没逐项落地""是同一类缺陷，验收该以什么为 checklist？"
03-ui/11-defect-ui-theme-fidelity.md	Q27	03-ui/10-defect-ui-theme-fidelity.md	Q27	业务代码里用 `uiMode == 19` 这类数值比较判断夜间模式再手动选颜色，为什么是黑白适配的反模式？正确写法是什么？
03-ui/11-defect-ui-theme-fidelity.md	Q28	03-ui/10-defect-ui-theme-fidelity.md	Q28	公共库同时存在新旧两套色板、硬编码引用散落各处时，怎样的重构顺序能保证旧色引用零残留？
03-ui/11-defect-ui-theme-fidelity.md	Q29	03-ui/10-defect-ui-theme-fidelity.md	Q29	"用 `ChangeSkinManager.getColorResource(""text_default_color"")` 这类按字符串资源名运行时取色的换肤框架，为什么要迁移到 `R.color` 常量引用？"
03-ui/11-defect-ui-theme-fidelity.md	Q30	03-ui/10-defect-ui-theme-fidelity.md	Q30	"页面确需避免主题切换时重建、必须在 configChanges 里保留 uiMode 时，要补什么才不会重演""停在旧主题""？"
03-ui/11-defect-ui-theme-fidelity.md	Q31	03-ui/10-defect-ui-theme-fidelity.md	Q31	布局声明了 `textFontWeight`，代码又对同一批文本 `setTypeface(Typeface.DEFAULT_BOLD)`，字重为什么会失控？应从哪几处收敛？
03-ui/11-defect-ui-theme-fidelity.md	Q32	03-ui/10-defect-ui-theme-fidelity.md	Q32	搜索方法收到空关键字时，怎样避免进入普通查询路径？
04-input/01-input-system.md	Q1	04-input/01-input-system.md	Q1	"一次点击""没有反应""，输入事件从硬件到 View 树要经过哪些阶段，排查时按什么顺序分段定位？"
04-input/01-input-system.md	Q2	04-input/01-input-system.md	Q2	"`MotionEvent.getEventTime()` 代表什么时间？为什么""eventTime 到回调结束""不等于端到端触摸延迟？"
04-input/01-input-system.md	Q3	04-input/01-input-system.md	Q3	窗口输入事件为什么走 AF_UNIX SOCK_SEQPACKET 套接字而不是 Binder？Binder 在输入路径里还承担什么？
04-input/01-input-system.md	Q4	04-input/01-input-system.md	Q4	InputDispatcher 中一条事件的 iq/oq/wq 三段队列如何迁移？`wq=1` 是否说明应用即将 ANR？
04-input/01-input-system.md	Q5	04-input/01-input-system.md	Q5	"输入 ANR 的 5 秒从哪个时刻开始计时？哪些配置会改变它？""无焦点窗口 ANR""又是什么？"
04-input/01-input-system.md	Q6	04-input/01-input-system.md	Q6	过期事件（stale event）的判定阈值是什么？它与 ANR 检查、事件丢弃是什么关系？
04-input/01-input-system.md	Q7	04-input/01-input-system.md	Q7	"""点到谁就永远给谁""成立吗？`DOWN` 之后哪些情况会改变触摸目标并产生 `ACTION_CANCEL`？"
04-input/01-input-system.md	Q8	04-input/01-input-system.md	Q8	`InputFilter`、`InputMonitor`（监视窗口）、无障碍按键过滤三类旁路拦截的权限边界分别是什么？普通应用能注册吗？
04-input/01-input-system.md	Q9	04-input/01-input-system.md	Q9	`Instrumentation`、`UiAutomation`、`adb shell input`、无障碍 `dispatchGesture()` 四类注入入口有什么差异？应用能用 source 判断事件是注入的吗？
04-input/01-input-system.md	Q10	04-input/01-input-system.md	Q10	触摸采样率 240 Hz 与屏幕刷新率 120 Hz 是什么关系？高采样率的价值由什么决定？
04-input/01-input-system.md	Q11	04-input/01-input-system.md	Q11	应用收到的 `MotionEvent` 为什么会包含历史样本？批处理在 Perfetto 上如何识别？
04-input/01-input-system.md	Q12	04-input/01-input-system.md	Q12	触摸重采样（resampling）以什么时间为目标？有哪些边界条件？
04-input/01-input-system.md	Q13	04-input/01-input-system.md	Q13	`requestUnbufferedDispatch` 与前缓冲渲染分别解决什么问题？轨迹预测（MotionPredictor）的可用边界是什么？
04-input/01-input-system.md	Q14	04-input/01-input-system.md	Q14	Choreographer 一帧内输入回调排在什么位置？缓冲与无缓冲的消费分支如何选择？
04-input/01-input-system.md	Q15	04-input/01-input-system.md	Q15	"边缘返回手势如何做到""先并行观察、条件成立再接管""？应用分别会看到什么？"
04-input/01-input-system.md	Q16	04-input/01-input-system.md	Q16	Predictive Back 的回调接口有哪几层？`android:enableOnBackInvokedCallback` 在不同版本语义有何差异？
04-input/01-input-system.md	Q17	04-input/01-input-system.md	Q17	"预测性返回为什么要求""进度阶段只做可撤销的视觉更新""？提交边界是什么？"
04-input/01-input-system.md	Q18	04-input/01-input-system.md	Q18	`setSystemGestureExclusionRects` 申请的排除区一定生效吗？限制是什么？
04-input/01-input-system.md	Q19	04-input/01-input-system.md	Q19	`VelocityTracker` 有哪些容易出错的使用细节？默认拟合策略是什么？
04-input/01-input-system.md	Q20	04-input/01-input-system.md	Q20	TouchSlop 与 Fling 速度阈值应该怎么取值？硬编码源码常量有什么问题？
04-input/01-input-system.md	Q21	04-input/01-input-system.md	Q21	`GestureDetector` 的 `onDown` 返回值为什么重要？长按与双击有哪些机制细节？
04-input/01-input-system.md	Q22	04-input/01-input-system.md	Q22	父子容器的手势冲突如何仲裁？`requestDisallowInterceptTouchEvent` 有什么边界？
04-input/01-input-system.md	Q23	04-input/01-input-system.md	Q23	`showSoftInput()` 返回 true 意味着什么？应用如何可靠确认软键盘可见？
04-input/01-input-system.md	Q24	04-input/01-input-system.md	Q24	软键盘显示慢，系统侧的完整链路和等待点是什么？3 秒重连阈值说明什么？
04-input/01-input-system.md	Q25	04-input/01-input-system.md	Q25	物理键盘按键从硬件到应用经过哪些阶段？按键重复（key repeat）由谁合成？
04-input/01-input-system.md	Q26	04-input/01-input-system.md	Q26	鼠标、触控板与触摸屏的事件语义有什么区别？指针捕获有哪些模式？
04-input/01-input-system.md	Q27	04-input/01-input-system.md	Q27	点击无响应时，WMS、InputFlinger 和应用各自可能的责任段是什么？
04-input/02-app-event-dispatch.md	Q1	04-input/02-app-event-dispatch.md	Q1	一次点击在应用内的完整方法调用链是什么？Activity、Window、DecorView、ViewGroup、View 各自负责什么？
04-input/02-app-event-dispatch.md	Q2	04-input/02-app-event-dispatch.md	Q2	`onTouchListener` 与 `onTouchEvent` 谁先执行？为什么 View 被 disable 后 onTouch 也收不到事件？
04-input/02-app-event-dispatch.md	Q3	04-input/02-app-event-dispatch.md	Q3	为什么 `ACTION_DOWN` 不返回 true，后续的 MOVE/UP 就都收不到了？
04-input/02-app-event-dispatch.md	Q4	04-input/02-app-event-dispatch.md	Q4	`onClick` 在哪个 action 里触发？`onTouch` 返回 true 后 onClick 还会执行吗？
04-input/02-app-event-dispatch.md	Q5	04-input/02-app-event-dispatch.md	Q5	长按的计时与取消由谁驱动？`onLongClick` 返回 false 时为什么 `UP` 还能触发 onClick？
04-input/02-app-event-dispatch.md	Q6	04-input/02-app-event-dispatch.md	Q6	一次手势里 `onInterceptTouchEvent` 会被调用多少次？什么情况下一次都不会被调用？
04-input/02-app-event-dispatch.md	Q7	04-input/02-app-event-dispatch.md	Q7	TextView 和 Button 都没设 listener，为什么 Button 有按压反馈而 TextView 点了没反应？
04-input/02-app-event-dispatch.md	Q8	04-input/02-app-event-dispatch.md	Q8	多指按下时 `getAction()` 和 `getActionMasked()` 有什么区别？action 值里的 index 怎么解读？
04-input/02-app-event-dispatch.md	Q9	04-input/02-app-event-dispatch.md	Q9	pointer id 和 pointer index 有什么区别？为什么滑动手势必须用 pointer id 跟踪手指？
04-input/02-app-event-dispatch.md	Q10	04-input/02-app-event-dispatch.md	Q10	`getX()` 与 `getRawX()` 有什么区别？多点触控时分别怎么取？
04-input/02-app-event-dispatch.md	Q11	04-input/02-app-event-dispatch.md	Q11	两根手指按在同一个 ViewGroup 的不同孩子上，事件怎么分发？什么情况下不拆分？
04-input/02-app-event-dispatch.md	Q12	04-input/02-app-event-dispatch.md	Q12	滑动冲突的经典场景有哪几类？外部拦截和内部拦截分别怎么做？
04-input/02-app-event-dispatch.md	Q13	04-input/02-app-event-dispatch.md	Q13	用 `scrollTo()` 实现跟随手指滑动时，为什么内容往反方向跑？惯性滚动怎么续？
04-input/02-app-event-dispatch.md	Q14	04-input/02-app-event-dispatch.md	Q14	收到 `ACTION_CANCEL` 时，应用必须清理哪些状态？
04-input/02-app-event-dispatch.md	Q15	04-input/02-app-event-dispatch.md	Q15	`filterTouchesWhenObscured` 防的是什么？开启后什么场景会误伤？
04-input/02-app-event-dispatch.md	Q16	04-input/02-app-event-dispatch.md	Q16	"滚轮、悬停这类""没有按下""的事件，View 层怎么接收？旋钮事件会走到哪里？"
04-input/02-app-event-dispatch.md	Q17	04-input/02-app-event-dispatch.md	Q17	软键盘打出的字为什么不会走 `onKeyDown`？文本是怎么进入 EditText 的？
04-input/02-app-event-dispatch.md	Q18	04-input/02-app-event-dispatch.md	Q18	物理返回键在 Activity 层的默认行为是什么？重写 `onKeyDown` 拦截 BACK 要注意什么？
04-input/02-app-event-dispatch.md	Q19	04-input/02-app-event-dispatch.md	Q19	"""按钮点了没反应""，应用侧的系统排查顺序是什么？"
04-input/02-app-event-dispatch.md	Q20	04-input/02-app-event-dispatch.md	Q20	控件太小点不中，不改布局怎么扩大它的可点击区域？
04-input/02-app-event-dispatch.md	Q21	04-input/02-app-event-dispatch.md	Q21	"""点击浮窗外部关闭浮窗""是什么机制？为什么拿不到外部点按的位置？"
04-input/03-input-reader.md	Q1	04-input/03-input-reader.md	Q1	一个触摸/按键事件从硬件到 InputReader 经过内核哪些环节？
04-input/03-input-reader.md	Q2	04-input/03-input-reader.md	Q2	`input_event` 的 type/code/value 各自什么语义？一帧触摸由哪些事件组成？
04-input/03-input-reader.md	Q3	04-input/03-input-reader.md	Q3	多点触控协议 Type A 与 Type B 有什么区别？Android 怎么判断驱动用的是哪种？
04-input/03-input-reader.md	Q4	04-input/03-input-reader.md	Q4	EventHub 怎么发现和增删设备？热插拔依赖什么机制？
04-input/03-input-reader.md	Q5	04-input/03-input-reader.md	Q5	Android 怎么判断一个 `/dev/input` 设备是触摸屏、键盘还是旋钮？
04-input/03-input-reader.md	Q6	04-input/03-input-reader.md	Q6	设备分类之后由谁来处理？mapper 族是怎么对应的？
04-input/03-input-reader.md	Q7	04-input/03-input-reader.md	Q7	触摸屏怎么绑定到具体哪块屏幕？车机仪表屏/副驾屏的触控为什么不能接反？
04-input/03-input-reader.md	Q8	04-input/03-input-reader.md	Q8	触摸坐标从驱动原始值到应用屏幕坐标经过哪些变换？
04-input/03-input-reader.md	Q9	04-input/03-input-reader.md	Q9	虚拟按键（virtual keys）是什么？怎么定义与排查？
04-input/03-input-reader.md	Q10	04-input/03-input-reader.md	Q10	旋钮作为 Linux 输入设备怎么接入？与 VHAL 旋钮是同一条链路吗？
04-input/03-input-reader.md	Q11	04-input/03-input-reader.md	Q11	"内核的按键重复与 Android 的 key repeat 是什么关系？为什么会""双份重复""？"
04-input/03-input-reader.md	Q12	04-input/03-input-reader.md	Q12	`SYN_DROPPED` 是什么？出现时系统会怎样、该查什么？
04-input/03-input-reader.md	Q13	04-input/03-input-reader.md	Q13	充电或特定充电器插入时触摸乱跳（鬼触摸），原因与对策链是什么？
04-input/03-input-reader.md	Q14	04-input/03-input-reader.md	Q14	边缘滑动断触、干手指没反应，是同一类问题吗？怎么分？
04-input/03-input-reader.md	Q15	04-input/03-input-reader.md	Q15	触控 IC 与驱动联调有哪些标准入口？
04-input/03-input-reader.md	Q16	04-input/03-input-reader.md	Q16	想看到触控 IC 的原始电容数据（热力图），有什么现成管道？
04-input/03-input-reader.md	Q17	04-input/03-input-reader.md	Q17	翻盖、皮套、耳机插拔这类开关（Switch）输入走哪条路？车机为什么不该用它传整车信号？
04-input/04-key-mapping.md	Q1	04-input/04-key-mapping.md	Q1	一条 KeyEvent 里 downTime、eventTime、scanCode、keyCode、metaState、repeatCount 分别是什么？为什么说按键信息有三层？
04-input/04-key-mapping.md	Q2	04-input/04-key-mapping.md	Q2	扫描码到按键码的映射文件按什么顺序查找？目录优先级是怎样的？
04-input/04-key-mapping.md	Q3	04-input/04-key-mapping.md	Q3	`.kl` 按键布局文件的语法是什么？flags 列能写什么？
04-input/04-key-mapping.md	Q4	04-input/04-key-mapping.md	Q4	`.kcm` 字符映射文件与 `.kl` 怎么分工？type 声明影响什么？
04-input/04-key-mapping.md	Q5	04-input/04-key-mapping.md	Q5	`.idc` 输入设备配置文件是干什么的？哪些场景必须配？
04-input/04-key-mapping.md	Q6	04-input/04-key-mapping.md	Q6	新增一个车机物理硬键，从内核到应用响应要改哪些地方？
04-input/04-key-mapping.md	Q7	04-input/04-key-mapping.md	Q7	为什么有的按键黑屏时能点亮屏幕？唤醒判定发生在哪一层？
04-input/04-key-mapping.md	Q8	04-input/04-key-mapping.md	Q8	方向盘按键接 Android 有哪两条路线？各自适合什么情况？
04-input/04-key-mapping.md	Q9	04-input/04-key-mapping.md	Q9	uinput 是什么？怎么用它创建一个虚拟按键设备？
04-input/04-key-mapping.md	Q10	04-input/04-key-mapping.md	Q10	蓝牙耳机的播放/暂停键为什么前台应用经常收不到？媒体键的路由有什么特殊之处？
04-input/04-key-mapping.md	Q11	04-input/04-key-mapping.md	Q11	"HOME 键为什么应用层拦不到？哪些按键会被系统""吃掉""？"
04-input/04-key-mapping.md	Q12	04-input/04-key-mapping.md	Q12	方向键在电视/车机这类无触摸设备上怎么移动焦点？应用要怎么配合？
04-input/04-key-mapping.md	Q13	04-input/04-key-mapping.md	Q13	`downTime` 和 `eventTime` 为什么分开？长按判定和 repeat 判定分别用哪个？
04-input/04-key-mapping.md	Q14	04-input/04-key-mapping.md	Q14	"fallback 合成键是什么机制？为什么按键没人处理时会""变成""另一个键？"
04-input/04-key-mapping.md	Q15	04-input/04-key-mapping.md	Q15	"""按了某个物理键没反应""或""按 A 出 B""，排查路径怎么走？"
04-input/04-key-mapping.md	Q16	04-input/04-key-mapping.md	Q16	"两个键同时按的组合逻辑（如截屏）在哪实现？要做""HOME+某键进工程模式""怎么定制？"
04-input/04-key-mapping.md	Q17	04-input/04-key-mapping.md	Q17	已弃用的 `ACTION_MULTIPLE` 表示什么？兼容代码还要考虑吗？
04-input/05-focus-multi-display.md	Q1	04-input/05-focus-multi-display.md	Q1	按键事件的目标窗口怎么确定？焦点的记账单位为什么是令牌而不是窗口句柄？
04-input/05-focus-multi-display.md	Q2	04-input/05-focus-multi-display.md	Q2	"窗口属性变化时焦点怎么重算？""焦点被别的窗口抢走""发生在什么条件下？"
04-input/05-focus-multi-display.md	Q3	04-input/05-focus-multi-display.md	Q3	一条触摸事件怎么选中目标窗口？命中测试按什么顺序？
04-input/05-focus-multi-display.md	Q4	04-input/05-focus-multi-display.md	Q4	"slippery 窗口是什么？""手指滑出窗口边界后事件跟出去""是怎么实现的？"
04-input/05-focus-multi-display.md	Q5	04-input/05-focus-multi-display.md	Q5	多指按下落在两个窗口上，窗口级触摸拆分怎么工作？
04-input/05-focus-multi-display.md	Q6	04-input/05-focus-multi-display.md	Q6	监视窗口（spy window / InputMonitor）有哪些真实用户？它与普通窗口接收事件有什么区别？
04-input/05-focus-multi-display.md	Q7	04-input/05-focus-multi-display.md	Q7	窗口级指针捕获（pointer capture）和应用级有什么关系？窗口失焦会怎样？
04-input/05-focus-multi-display.md	Q8	04-input/05-focus-multi-display.md	Q8	拖放（drag and drop）在框架层是怎么实现的？谁在驱动事件？
04-input/05-focus-multi-display.md	Q9	04-input/05-focus-multi-display.md	Q9	每块屏幕的焦点是独立的吗？`setFocusedDisplay` 改变什么？
04-input/05-focus-multi-display.md	Q10	04-input/05-focus-multi-display.md	Q10	触摸模式（touch mode）是什么？为什么旋钮/按键界面要关心它？
04-input/05-focus-multi-display.md	Q11	04-input/05-focus-multi-display.md	Q11	分发链上的误触抑制与事件分类组件是干什么的？没有分类硬件会怎样？
04-input/05-focus-multi-display.md	Q12	04-input/05-focus-multi-display.md	Q12	"""这个点被谁接走了""——事件流向的窗口级排查怎么做？"
04-input/05-focus-multi-display.md	Q13	04-input/05-focus-multi-display.md	Q13	"副驾屏/仪表屏的触摸""完全没反应""，分发侧有哪些可能原因？"
04-input/05-focus-multi-display.md	Q14	04-input/05-focus-multi-display.md	Q14	焦点请求是持久化的——这个语义会带来什么反直觉行为？
04-input/06-aaos-input.md	Q1	04-input/06-aaos-input.md	Q1	车机物理按键从按下到应用响应的完整链路是什么？
04-input/06-aaos-input.md	Q2	04-input/06-aaos-input.md	Q2	VHAL 的三个输入属性分别怎么定义？int32Values 各个位置是什么含义？
04-input/06-aaos-input.md	Q3	04-input/06-aaos-input.md	Q3	`InputHalService` 在转换时做了哪些加工与防御？
04-input/06-aaos-input.md	Q4	04-input/06-aaos-input.md	Q4	"`CarInputService` 收到按键后的分发顺序是什么？哪一步可能""吃掉""按键？"
04-input/06-aaos-input.md	Q5	04-input/06-aaos-input.md	Q5	语音键和通话键的长按逻辑在哪实现？短按/长按分别做什么？
04-input/06-aaos-input.md	Q6	04-input/06-aaos-input.md	Q6	"`CustomInputEvent` 是什么？为什么 OEM 自定义键""没人接收就直接丢弃""？"
04-input/06-aaos-input.md	Q7	04-input/06-aaos-input.md	Q7	"应用或系统服务怎么""捕获""车机按键？捕获的仲裁规则是什么？"
04-input/06-aaos-input.md	Q8	04-input/06-aaos-input.md	Q8	车机旋钮有哪两条接入链路？事件类型与消费方有什么区别？
04-input/06-aaos-input.md	Q9	04-input/06-aaos-input.md	Q9	RotaryService 是什么？为什么实现成无障碍服务？
04-input/06-aaos-input.md	Q10	04-input/06-aaos-input.md	Q10	旋钮交互的三种基本操作与直接操作模式分别是什么？
04-input/06-aaos-input.md	Q11	04-input/06-aaos-input.md	Q11	"旋转事件怎么决定""移动焦点还是滚动内容""？加速策略是什么？"
04-input/06-aaos-input.md	Q12	04-input/06-aaos-input.md	Q12	应用适配旋钮要遵守哪些布局契约？
04-input/06-aaos-input.md	Q13	04-input/06-aaos-input.md	Q13	仪表（cluster）屏能接收按键吗？两条路由分别是什么？
04-input/06-aaos-input.md	Q14	04-input/06-aaos-input.md	Q14	车机的输入法有什么特殊性？旋钮怎么输入文本？
04-input/06-aaos-input.md	Q15	04-input/06-aaos-input.md	Q15	车机输入有哪些专用调试命令？
04-input/06-aaos-input.md	Q16	04-input/06-aaos-input.md	Q16	"""旋钮/按键没反应""的车机分层排查怎么做？"
04-input/06-aaos-input.md	Q17	04-input/06-aaos-input.md	Q17	定制旋控体验前，RotaryService 有哪些内部机制必须知道？
04-input/07-input-diagnostics.md	Q1	04-input/07-input-diagnostics.md	Q1	`getevent` 有哪些参数？测触控上报率用哪个组合？
04-input/07-input-diagnostics.md	Q2	04-input/07-input-diagnostics.md	Q2	没有第三方工具时，`/proc/bus/input/devices` 和 sysfs 能回答什么问题？
04-input/07-input-diagnostics.md	Q3	04-input/07-input-diagnostics.md	Q3	`dumpsys input` 的输出怎么分段阅读？
04-input/07-input-diagnostics.md	Q4	04-input/07-input-diagnostics.md	Q4	`iq`/`oq`/`wq` 之外，dump 里的 RecentQueue、PendingEvent、AppSwitch 是什么？
04-input/07-input-diagnostics.md	Q5	04-input/07-input-diagnostics.md	Q5	`adb shell input` 命令族有哪些成员？各适合什么验证？
04-input/07-input-diagnostics.md	Q6	04-input/07-input-diagnostics.md	Q6	`input` 命令、uiautomator、Instrumentation、monkey 四种注入怎么选？
04-input/07-input-diagnostics.md	Q7	04-input/07-input-diagnostics.md	Q7	想在设备上构造一个虚拟输入设备做自动化，有什么现成命令？
04-input/07-input-diagnostics.md	Q8	04-input/07-input-diagnostics.md	Q8	Perfetto 里输入相关的轨道有哪些？怎么用它定位一次卡顿是输入侧还是渲染侧？
04-input/07-input-diagnostics.md	Q9	04-input/07-input-diagnostics.md	Q9	"输入 ANR 的""输入侧""证据链怎么取？"
04-input/07-input-diagnostics.md	Q10	04-input/07-input-diagnostics.md	Q10	"整机触摸""完全没反应""，通用 Android 设备上的分层决策树是什么？"
04-input/07-input-diagnostics.md	Q11	04-input/07-input-diagnostics.md	Q11	"""屏幕乱跳/自动乱点""（鬼触摸类）现场怎么取证才能定位到硬件还是软件？"
04-input/07-input-diagnostics.md	Q12	04-input/07-input-diagnostics.md	Q12	防误触（口袋模式、来电黑屏）是怎么实现的？车机的手套模式属于哪一层？
04-input/07-input-diagnostics.md	Q13	04-input/07-input-diagnostics.md	Q13	"自动化回归里输入相关的用例为什么""偶现不过""？注入侧有哪些稳定性坑？"
04-input/07-input-diagnostics.md	Q14	04-input/07-input-diagnostics.md	Q14	输入 ANR 的五类经典根因，各自的输入侧表象是什么？
04-input/07-input-diagnostics.md	Q15	04-input/07-input-diagnostics.md	Q15	复现一个输入问题，一次到位的采集清单是什么？
04-input/07-input-diagnostics.md	Q16	04-input/07-input-diagnostics.md	Q16	蓝牙/USB 外设（键鼠、手柄）接入后输入异常，排查入口有哪些？
04-input/07-input-diagnostics.md	Q17	04-input/07-input-diagnostics.md	Q17	"中文输入""丢字/字母被吞""怎么排查？组合输入的时序坑在哪？"
05-rendering/01-render-pipeline-vsync.md	Q1	05-rendering/01-render-pipeline-vsync.md	Q1	同一界面里普通 View、TextureView 视频、SurfaceView 地图各自的内容画到哪个 Surface 上，选型边界是什么？
05-rendering/01-render-pipeline-vsync.md	Q2	05-rendering/01-render-pipeline-vsync.md	Q3	"一次标准硬件加速窗口从 VSync 到上屏经过哪些环节？""syncAndDrawFrame() 已返回""能证明 GPU 画完了吗？"
05-rendering/01-render-pipeline-vsync.md	Q3	05-rendering/01-render-pipeline-vsync.md	Q4	一帧没有显示出来，如何用证据链区分是 App 没画、SurfaceFlinger 没合成，还是显示没翻转？
05-rendering/01-render-pipeline-vsync.md	Q4	05-rendering/01-render-pipeline-vsync.md	Q5	从 Android 3.0 到 Android 17，哪些版本节点真正改变了渲染性能模型？
05-rendering/01-render-pipeline-vsync.md	Q5	05-rendering/01-render-pipeline-vsync.md	Q6	同一台设备上 HWUI 何时走 SkiaGL、何时走 SkiaVulkan，由什么决定，怎么复现对比？
05-rendering/01-render-pipeline-vsync.md	Q6	05-rendering/01-render-pipeline-vsync.md	Q7	引入 BLAST 之后，BufferQueue 及其 slot 状态机还存在吗，三缓冲是固定的吗？
05-rendering/01-render-pipeline-vsync.md	Q7	05-rendering/01-render-pipeline-vsync.md	Q8	FPS 达到 60 就等于流畅吗，FPS、刷新率、present 间隔、输入延迟各度量什么？
05-rendering/01-render-pipeline-vsync.md	Q8	05-rendering/01-render-pipeline-vsync.md	Q9	MRR、ARR、VRR、LTPO 四个词分别指什么，最容易混淆的点在哪？
05-rendering/01-render-pipeline-vsync.md	Q9	05-rendering/01-render-pipeline-vsync.md	Q10	视频播放器如何用 Surface.setFrameRate 让系统选对刷新率，参数怎么选？
05-rendering/01-render-pipeline-vsync.md	Q10	05-rendering/01-render-pipeline-vsync.md	Q11	UI 内容的运动速度如何影响刷新率，Android 15 到 17 加了哪些速度类 API？
05-rendering/01-render-pipeline-vsync.md	Q11	05-rendering/01-render-pipeline-vsync.md	Q12	多个图层投票冲突时，SurfaceFlinger 如何裁决最终刷新率？
05-rendering/01-render-pipeline-vsync.md	Q12	05-rendering/01-render-pipeline-vsync.md	Q13	刷新率从 desired 到 active 要经过哪些状态，上线后用什么计数器验证切换生效？
05-rendering/01-render-pipeline-vsync.md	Q13	05-rendering/01-render-pipeline-vsync.md	Q2	说「VSync」时到底指哪个：VBlank、TE、HWC 回调，还是 App 收到的 VSync？
05-rendering/01-render-pipeline-vsync.md	Q14	05-rendering/01-render-pipeline-vsync.md	Q14	Android 17 的 VSync 预测由哪些组件组成，各组件的边界条件是什么？
05-rendering/01-render-pipeline-vsync.md	Q15	05-rendering/01-render-pipeline-vsync.md	Q15	App 与 SurfaceFlinger 的 VSync 唤醒点为何不在同一时刻，workDuration/readyDuration 如何参与计算？
05-rendering/01-render-pipeline-vsync.md	Q16	05-rendering/01-render-pipeline-vsync.md	Q16	Choreographer 一帧内按什么顺序执行回调，多次 post 为什么只请求一次 VSync？
05-rendering/01-render-pipeline-vsync.md	Q17	05-rendering/01-render-pipeline-vsync.md	Q17	Choreographer.doFrame 里除执行回调外还做哪些诊断，buffer stuffing 卡住后如何恢复？
05-rendering/01-render-pipeline-vsync.md	Q18	05-rendering/01-render-pipeline-vsync.md	Q18	frameTimeNanos、deadline、expectedPresentationTime、vsyncId 各是什么语义，线上如何采集？
05-rendering/01-render-pipeline-vsync.md	Q19	05-rendering/01-render-pipeline-vsync.md	Q19	UI 线程与 RenderThread 如何分工，什么情况下 UI 线程会被「晚解锁」拖住？
05-rendering/01-render-pipeline-vsync.md	Q20	05-rendering/01-render-pipeline-vsync.md	Q20	RenderThread 的 waitOnFences 在等什么，一帧缓冲池到底有几个 buffer？
05-rendering/01-render-pipeline-vsync.md	Q21	05-rendering/01-render-pipeline-vsync.md	Q21	什么样的属性动画能完全不经过 UI 线程运行，边界条件是什么？
05-rendering/01-render-pipeline-vsync.md	Q22	05-rendering/01-render-pipeline-vsync.md	Q22	「layer」在渲染语境里有哪几种含义，setLayerType 的三个值分别做什么？
05-rendering/01-render-pipeline-vsync.md	Q23	05-rendering/01-render-pipeline-vsync.md	Q23	没有设置 LAYER_TYPE_HARDWARE 的 View 什么情况下会被自动晋升成硬件层？
05-rendering/01-render-pipeline-vsync.md	Q24	05-rendering/01-render-pipeline-vsync.md	Q24	硬件层的成本模型是什么，Compose 的 graphicsLayer 对应什么语义？
05-rendering/01-render-pipeline-vsync.md	Q25	05-rendering/01-render-pipeline-vsync.md	Q25	开发者选项里的过度绘制颜色各代表什么，这个可视化是怎么实现的？
05-rendering/01-render-pipeline-vsync.md	Q26	05-rendering/01-render-pipeline-vsync.md	Q26	过度绘制该在哪个层面度量，为什么有些 overdraw 不值得优化？
05-rendering/01-render-pipeline-vsync.md	Q27	05-rendering/01-render-pipeline-vsync.md	Q27	常见的过度绘制来源有哪些，哪些修复手法是安全的？
05-rendering/01-render-pipeline-vsync.md	Q28	05-rendering/01-render-pipeline-vsync.md	Q28	TextView 的 measure/layout 何时走 BoringLayout、DynamicLayout、StaticLayout？
05-rendering/01-render-pipeline-vsync.md	Q29	05-rendering/01-render-pipeline-vsync.md	Q29	一次 TextView 绘制背后文本引擎做了什么，LayoutCache 为什么有时不命中？
05-rendering/01-render-pipeline-vsync.md	Q30	05-rendering/01-render-pipeline-vsync.md	Q30	PrecomputedText 预计算了什么、没预计算什么，setTextFuture 有什么坑？
05-rendering/01-render-pipeline-vsync.md	Q31	05-rendering/01-render-pipeline-vsync.md	Q31	不同类型的 Span 对 TextView 性能影响差别在哪，emoji 处理走哪条路径？
05-rendering/01-render-pipeline-vsync.md	Q32	05-rendering/01-render-pipeline-vsync.md	Q32	判定一个页面属于「标准 HWUI 页面」还是混合或独立管线，应该核对哪四个条件？
05-rendering/01-render-pipeline-vsync.md	Q33	05-rendering/01-render-pipeline-vsync.md	Q33	「软件渲染」和「离屏渲染」是同一维度的两种选择吗，常见路径如何按「生产方式 × 结果去向」分类？
05-rendering/01-render-pipeline-vsync.md	Q34	05-rendering/01-render-pipeline-vsync.md	Q34	关闭硬件加速后普通 View 树的一次绘制走什么链路，它与标准 HWUI 路径的本质差异是什么？
05-rendering/01-render-pipeline-vsync.md	Q35	05-rendering/01-render-pipeline-vsync.md	Q35	Surface.lockCanvas 的 lock、draw、post 三段各有哪些成本，「软件渲染不携带 fence」为什么是错的？
05-rendering/01-render-pipeline-vsync.md	Q36	05-rendering/01-render-pipeline-vsync.md	Q36	software Canvas 的小脏区更新为什么可能反而变慢，AAOS13 的 copyback 在什么条件下执行？
05-rendering/02-gpu-composition-display.md	Q1	05-rendering/02-gpu-composition-display.md	Q1	一帧从 UI 线程结束到屏幕显示要经过哪些彼此独立的完成边界？看到 GPU busy 升高时第一步应该确认什么？
05-rendering/02-gpu-composition-display.md	Q2	05-rendering/02-gpu-composition-display.md	Q2	"""第一次进入某个效果卡顿、第二次就流畅""能直接定性为 shader compilation jank 吗？Vulkan 用 SPIR-V 能消除它吗？"
05-rendering/02-gpu-composition-display.md	Q3	05-rendering/02-gpu-composition-display.md	Q3	已在 OpenGL ES 上稳定运行的项目，什么条件下才值得迁移到 Vulkan？
05-rendering/02-gpu-composition-display.md	Q4	05-rendering/02-gpu-composition-display.md	Q4	"Android 17 的 Vulkan 能力要求分哪几层？""设备是 Android 17 就可以跳过 capability query""为什么是错的？"
05-rendering/02-gpu-composition-display.md	Q5	05-rendering/02-gpu-composition-display.md	Q5	"ANGLE 是什么？Android 17 应用如何表达""想用 ANGLE""？表达后一定会用上吗？"
05-rendering/02-gpu-composition-display.md	Q6	05-rendering/02-gpu-composition-display.md	Q6	`SystemHealthManager.getGpuHeadroom()` 应该怎样正确调用？为什么不能放在 UI 线程或游戏 render loop 里？
05-rendering/02-gpu-composition-display.md	Q7	05-rendering/02-gpu-composition-display.md	Q8	"BufferQueue 的 slot 状态机里，""FREE""和""可以安全写入""是两个时间点吗？为什么 `releaseBuffer()` 不先等 fence signal？"
05-rendering/02-gpu-composition-display.md	Q8	05-rendering/02-gpu-composition-display.md	Q9	"""这个 Surface 是三缓冲的""在 Android 17 上为什么不是固定结论？"
05-rendering/02-gpu-composition-display.md	Q9	05-rendering/02-gpu-composition-display.md	Q10	标准 App Window 的 `dequeueBuffer()` 变长时，Android 17 有哪几种不同的等待原因？各返回什么？
05-rendering/02-gpu-composition-display.md	Q10	05-rendering/02-gpu-composition-display.md	Q11	"`queueBuffer()` 返回之后到画面显示之间还剩哪些步骤？""BufferTX 增加""能证明新内容被显示了吗？"
05-rendering/02-gpu-composition-display.md	Q11	05-rendering/02-gpu-composition-display.md	Q12	一张 1080×2400 的 RGBA_8888 buffer 能按 1080×2400×4 字节计算占用吗？跨进程传 GraphicBuffer 会复制像素吗？
05-rendering/02-gpu-composition-display.md	Q12	05-rendering/02-gpu-composition-display.md	Q7	acquire、release、present 三类 fence 分别约束什么？同一条 fence 为什么会有不同名字？
05-rendering/02-gpu-composition-display.md	Q13	05-rendering/02-gpu-composition-display.md	Q13	"Android 17 的 SurfaceFlinger 主循环为什么读成 commit/composite？""没有 composite slice""能判为丢帧吗？"
05-rendering/02-gpu-composition-display.md	Q14	05-rendering/02-gpu-composition-display.md	Q14	"SurfaceFlinger FrontEnd 的五个对象分别管什么？""transaction 已进入 RequestedLayerState / buffer 已 latch / display 已 present""三句话为什么不能互换？"
05-rendering/02-gpu-composition-display.md	Q15	05-rendering/02-gpu-composition-display.md	Q15	"`LocklessQueue` 的""无锁""到底覆盖 Android 17 SurfaceFlinger 的哪一段？它解决了什么、没解决什么？"
05-rendering/02-gpu-composition-display.md	Q16	05-rendering/02-gpu-composition-display.md	Q16	"SurfaceFlinger 的事务按 applyToken 分桶后，什么会让同一桶的后继事务全部停在队首？""NotReadyUnsignaled""是忽略 fence 吗？"
05-rendering/02-gpu-composition-display.md	Q17	05-rendering/02-gpu-composition-display.md	Q17	"HWC 的 validate 与 presentOrValidate 是什么关系？DEVICE composition 为什么不代表""零 GPU""？"
05-rendering/02-gpu-composition-display.md	Q18	05-rendering/02-gpu-composition-display.md	Q18	一个 RGBA_1010102 的 buffer 被误标成 sRGB 会怎样？`Dataspace` 和 `PixelFormat` 是一回事吗？
05-rendering/02-gpu-composition-display.md	Q19	05-rendering/02-gpu-composition-display.md	Q19	"""这个 layer 是 HDR""和""显示器当前运行在 HDR 输出模式""是一回事吗？输出色彩模式由谁决定？"
05-rendering/02-gpu-composition-display.md	Q20	05-rendering/02-gpu-composition-display.md	Q20	RenderEngine 在 GPU 合成路径上的 HDR tone mapping 有哪几条实现分支？看到 AGTM trace 能证明硬件没有做 tone mapping 吗？
05-rendering/02-gpu-composition-display.md	Q21	05-rendering/02-gpu-composition-display.md	Q21	应用想让一段 Ultra HDR 图片获得更多高光余量，正确做法是什么？Window 的 headroom 设置会影响 SurfaceView 吗？
05-rendering/02-gpu-composition-display.md	Q22	05-rendering/02-gpu-composition-display.md	Q22	"平均 FPS 达标为什么画面还可能""发颤""？queue-stuffing 如何放大延迟？Android 17 提供了什么新开关？"
05-rendering/02-gpu-composition-display.md	Q23	05-rendering/02-gpu-composition-display.md	Q23	"Swappy 的 Auto 模式是""90/45/30 FPS 三档阈值表""吗？它的提交链比一次 `eglSwapBuffers()` 多做了什么？"
05-rendering/02-gpu-composition-display.md	Q24	05-rendering/02-gpu-composition-display.md	Q24	只用 Choreographer 对齐节拍能提供完整 frame pacing 吗？frame-rate vote 与 pacing 是什么关系？
05-rendering/02-gpu-composition-display.md	Q25	05-rendering/02-gpu-composition-display.md	Q25	Android 17 的 `VK_EXT_present_timing` 能查询哪些显示阶段？设备是 Android 17 就一定能用吗？
05-rendering/02-gpu-composition-display.md	Q26	05-rendering/02-gpu-composition-display.md	Q26	"FrameTimeline 覆盖哪些出图路径？""App track 没有 slice""能证明应用没有提交 buffer 吗？"
05-rendering/02-gpu-composition-display.md	Q27	05-rendering/02-gpu-composition-display.md	Q27	FrameTimeline 的 surface_frame_token 和 display_frame_token 如何从应用到达 SurfaceFlinger？一个 token 对应多行记录该怎么处理？
05-rendering/02-gpu-composition-display.md	Q28	05-rendering/02-gpu-composition-display.md	Q28	SurfaceFrame 的 Actual end 和 DisplayFrame 的 Actual slice 分别在哪里结束？on_time_finish、present_type、prediction_type 各回答什么？
05-rendering/02-gpu-composition-display.md	Q29	05-rendering/02-gpu-composition-display.md	Q29	"SurfaceFrame 和 DisplayFrame 上的 gpu_composition 标志分别是什么粒度？""DisplayFrame gpu_composition=false""能证明应用没用 GPU 吗？"
05-rendering/02-gpu-composition-display.md	Q30	05-rendering/02-gpu-composition-display.md	Q30	FrameTracer 和 FrameTimeline 是同一个数据源吗？为什么不能把 frame_number 和 surface_frame_token 直接 join？
05-rendering/02-gpu-composition-display.md	Q31	05-rendering/02-gpu-composition-display.md	Q31	acquire fence、release fence、present fence 分别回答什么问题？queueBuffer 传输的是整帧像素吗？
05-rendering/02-gpu-composition-display.md	Q32	05-rendering/02-gpu-composition-display.md	Q32	queueBuffer、BufferTX、latch、present fence 四个信号各证明什么，为什么其中任何一个都不能单独当作「画面已显示」的证据？
05-rendering/02-gpu-composition-display.md	Q33	05-rendering/02-gpu-composition-display.md	Q33	标准 App Window 里 RenderThread queueBuffer 之后，buffer 是怎样变成 SurfaceFlinger 收到的事务的，为什么这条路径不复制整帧像素？
05-rendering/03-multi-window-foldable.md	Q1	05-rendering/03-multi-window-foldable.md	Q1	DisplayManagerService 在显示系统中管什么、不管什么？外接屏黑屏时 `dumpsys display` 里存在 LogicalDisplay 能证明什么？
05-rendering/03-multi-window-foldable.md	Q2	05-rendering/03-multi-window-foldable.md	Q2	开机卡在等默认显示时，DMS 在哪个启动 phase 等什么条件、超时多久、怎么定位卡点？
05-rendering/03-multi-window-foldable.md	Q3	05-rendering/03-multi-window-foldable.md	Q3	物理屏 hotplug 之后 DMS 这条链上发生什么？与 VirtualDisplay 的 token 创建有何不同？
05-rendering/03-multi-window-foldable.md	Q4	05-rendering/03-multi-window-foldable.md	Q4	DMS 为什么用 `mSyncRoot` 一把大锁？哪些慢工作已经被移出锁外？
05-rendering/03-multi-window-foldable.md	Q5	05-rendering/03-multi-window-foldable.md	Q5	`DisplayManager.DisplayListener` 与 Choreographer 的 VSync 是什么关系？双屏设备能拿到两路独立硬件 VSync 吗？
05-rendering/03-multi-window-foldable.md	Q6	05-rendering/03-multi-window-foldable.md	Q6	刷新率切换时 DMS、SurfaceFlinger 和应用各做什么？mode 变了 BufferQueue 会重建吗？
05-rendering/03-multi-window-foldable.md	Q7	05-rendering/03-multi-window-foldable.md	Q7	"屏幕上同时显示两块内容，怎么判断这是不是""多窗口""？"
05-rendering/03-multi-window-foldable.md	Q8	05-rendering/03-multi-window-foldable.md	Q8	同进程多窗口与跨进程窗口，各自共享什么、独立什么？
05-rendering/03-multi-window-foldable.md	Q9	05-rendering/03-multi-window-foldable.md	Q9	视频应用进入 PiP 后继续出帧，这条链路与全屏时相比变了什么？`setSeamlessResizeEnabled` 不设置会怎样？
05-rendering/03-multi-window-foldable.md	Q10	05-rendering/03-multi-window-foldable.md	Q10	PiP 应用何时设置 `setAutoEnterEnabled(true)`，如何避免暂停播放时仍自动进入？
05-rendering/03-multi-window-foldable.md	Q11	05-rendering/03-multi-window-foldable.md	Q11	PiP 与桌面窗口过渡期间，`WindowContainerTransaction`、`SurfaceControl.Transaction` 和应用 buffer 是三条怎样的输入？
05-rendering/03-multi-window-foldable.md	Q12	05-rendering/03-multi-window-foldable.md	Q12	分屏里的副窗口失去了焦点，它进入 `onStop()` 了吗？
05-rendering/03-multi-window-foldable.md	Q13	05-rendering/03-multi-window-foldable.md	Q13	折叠展开或多窗口 resize 时 Activity 何时重建？`recreateOnConfigChanges` 和 `ViewModel` 各管什么？
05-rendering/03-multi-window-foldable.md	Q14	05-rendering/03-multi-window-foldable.md	Q14	Edge-to-Edge 强制是哪个版本的行为？它改变渲染管线吗？
05-rendering/03-multi-window-foldable.md	Q15	05-rendering/03-multi-window-foldable.md	Q15	一个 `WindowInsets` 从 WMS 到 View 树经过哪些环节？listener 与 override 谁先执行、消费会挡住兄弟节点吗？
05-rendering/03-multi-window-foldable.md	Q16	05-rendering/03-multi-window-foldable.md	Q16	状态栏透明了，为什么不能直接推断 SurfaceFlinger 换成了 CLIENT composition？
05-rendering/03-multi-window-foldable.md	Q17	05-rendering/03-multi-window-foldable.md	Q17	"IME 弹出动画期间，`onProgress()` 回调和""逐帧 apply Insets""是一回事吗？"
05-rendering/03-multi-window-foldable.md	Q18	05-rendering/03-multi-window-foldable.md	Q18	折叠展开瞬间为什么会黑一下？500 ms 超时是什么？
05-rendering/03-multi-window-foldable.md	Q19	05-rendering/03-multi-window-foldable.md	Q19	DeviceState 从哪里来？display layout 配置在哪些文件、能配什么？
05-rendering/03-multi-window-foldable.md	Q20	05-rendering/03-multi-window-foldable.md	Q20	"折叠切换的两阶段具体是什么？为什么""合盖必休眠、展开必亮屏""不是平台保证？"
05-rendering/03-multi-window-foldable.md	Q21	05-rendering/03-multi-window-foldable.md	Q21	应用感知折叠姿态该用 FoldingFeature 还是 hinge angle 传感器？
05-rendering/03-multi-window-foldable.md	Q22	05-rendering/03-multi-window-foldable.md	Q22	SystemUI 折叠展开动画如何把传感器角度转成窗口变化，为什么不代表 App 每帧都出帧？
05-rendering/03-multi-window-foldable.md	Q23	05-rendering/03-multi-window-foldable.md	Q23	TaskSnapshot 里面装的是什么？Overview 卡片、live tile 和启动占位是同一个东西吗？
05-rendering/03-multi-window-foldable.md	Q24	05-rendering/03-multi-window-foldable.md	Q24	TaskSnapshot 什么时候被捕获？应用被冻结前会自动截图吗？
05-rendering/03-multi-window-foldable.md	Q25	05-rendering/03-multi-window-foldable.md	Q25	什么时候会得到主题色卡片而不是真实截图？`setRecentsScreenshotEnabled(false)` 与 `FLAG_SECURE` 有什么区别？
05-rendering/03-multi-window-foldable.md	Q26	05-rendering/03-multi-window-foldable.md	Q26	TaskSnapshot 在运行时如何缓存，磁盘上保存哪些文件？
05-rendering/03-multi-window-foldable.md	Q27	05-rendering/03-multi-window-foldable.md	Q27	如何估算 TaskSnapshot 的图形内存，像素格式和分辨率由什么决定？
05-rendering/03-multi-window-foldable.md	Q28	05-rendering/03-multi-window-foldable.md	Q28	点击 Overview 卡片回到应用走哪条路径？旧快照为什么不匹配时会不用？
05-rendering/04-graphics-api.md	Q1	05-rendering/04-graphics-api.md	Q1	EGL 的 EGLDisplay、EGLContext、EGLSurface 各管什么，「应用在用 GLES」能推断它写到哪个 Surface 吗？
05-rendering/04-graphics-api.md	Q2	05-rendering/04-graphics-api.md	Q2	AOSP 平台层在 eglSwapBuffers 里做哪些事，swap 耗时长能直接归因 GPU 慢吗？
05-rendering/04-graphics-api.md	Q3	05-rendering/04-graphics-api.md	Q3	ANGLE 在 Android 上如何分层，为什么不能把每个 GLES 调用一一映射成同名同数量的 Vulkan 命令？
05-rendering/04-graphics-api.md	Q4	05-rendering/04-graphics-api.md	Q4	ANGLE 路径上 swap 阶段做哪些工作，为什么 vkQueuePresentKHR 返回仍不能当作上屏证据？
05-rendering/04-graphics-api.md	Q5	05-rendering/04-graphics-api.md	Q5	Android 上 Vulkan 的 swapchain image 与 BufferQueue 是什么关系，acquire 与 present 如何与 ANativeWindow 的 fence 交接？
05-rendering/04-graphics-api.md	Q6	05-rendering/04-graphics-api.md	Q6	Vulkan 的 semaphore、fence、pipeline barrier 各解决什么问题，把 stage mask 一律放宽为 ALL_COMMANDS 会怎样？
05-rendering/04-graphics-api.md	Q7	05-rendering/04-graphics-api.md	Q7	Android 的 Vulkan present mode 集合与桌面 Vulkan 有何不同，选 MAILBOX 就一定时延最低吗？
05-rendering/04-graphics-api.md	Q8	05-rendering/04-graphics-api.md	Q8	HWUI 的 Vulkan 后端用什么 queue 结构，Android 13 与 Android 17 的描述有何差异，queue 数量能推导硬件并行吗？
05-rendering/04-graphics-api.md	Q9	05-rendering/04-graphics-api.md	Q9	ASurfaceControl_createFromWindow 创建的是什么，它与 parent window 的 BufferQueue 是什么关系？
05-rendering/04-graphics-api.md	Q10	05-rendering/04-graphics-api.md	Q10	ASurfaceTransaction 的原子性保证覆盖到哪里，OnCommit、OnComplete 与 API 36 的 OnBufferRelease 各能证明什么？
05-rendering/04-graphics-api.md	Q11	05-rendering/04-graphics-api.md	Q11	setBuffer 传入 acquire fence fd 后所有权归谁，API 29–35 与 API 36–37 的「buffer 可复用依据」为何不同？
05-rendering/04-graphics-api.md	Q12	05-rendering/04-graphics-api.md	Q12	HardwareBufferRenderer 适合什么问题，它与 lockHardwareCanvas 的边界在哪，AAOS13 上能用吗？
05-rendering/04-graphics-api.md	Q13	05-rendering/04-graphics-api.md	Q13	Jetpack WebGPU 是 Android 17 的系统组件吗？它与 WebView 里的 navigator.gpu 是同一条路径吗？
05-rendering/04-graphics-api.md	Q14	05-rendering/04-graphics-api.md	Q14	WebGPU 的 Core/Compatibility 与 Vulkan/OpenGLES 是同一组分类吗？使用 subgroup 这类能力前要查什么？
05-rendering/04-graphics-api.md	Q15	05-rendering/04-graphics-api.md	Q15	WebGPU 的 `surface.present()` 返回表示上屏了吗？`AndroidExternalSurface` 与 `AndroidEmbeddedExternalSurface` 差在哪？
05-rendering/05-graphic-stack-preload.md	Q1	05-rendering/05-graphic-stack-preload.md	Q1	Zygote 预加载碰了图形栈的哪些部分？nativePreloadAppProcessHALs 预加载的是缓冲区分配器吗？
05-rendering/05-graphic-stack-preload.md	Q2	05-rendering/05-graphic-stack-preload.md	Q2	Android 17 的 mapper 预加载为什么跳过 Gralloc 2/3？什么情况下直接 FATAL？
05-rendering/05-graphic-stack-preload.md	Q3	05-rendering/05-graphic-stack-preload.md	Q3	maybePreloadGraphicsDriver 把图形驱动预热到什么程度？ro.zygote.disable_gl_preload 关掉的是什么？
05-rendering/05-graphic-stack-preload.md	Q4	05-rendering/05-graphic-stack-preload.md	Q4	app 实际用的 GPU 驱动由谁决定？GraphicsEnvironment 的选择链优先级是什么？
05-rendering/05-graphic-stack-preload.md	Q5	05-rendering/05-graphic-stack-preload.md	Q5	Android 17 应用在 manifest 中请求 ANGLE 时，哪些设备会接受该偏好？
05-rendering/05-graphic-stack-preload.md	Q6	05-rendering/05-graphic-stack-preload.md	Q6	首帧开销里哪些是 Zygote 预加载帮不上的？HardwareRenderer.preload() 能提前什么？
05-rendering/06-camera-pipeline.md	Q1	05-rendering/06-camera-pipeline.md	Q1	Camera2 一次 capture request 的 preview、record、analysis 多路输出共用同一块 buffer 吗？收到 metadata 能证明图像输出就绪吗？
05-rendering/06-camera-pipeline.md	Q2	05-rendering/06-camera-pipeline.md	Q2	Camera 输出流的 BufferQueue 容量由什么决定？加大 maxBuffers 能解决消费慢吗？
05-rendering/06-camera-pipeline.md	Q3	05-rendering/06-camera-pipeline.md	Q3	Camera 输出 buffer 从 HAL 写入到消费方读取，fence 按什么顺序交接？HAL 没等 acquire fence 就出错返回时怎么办？
05-rendering/06-camera-pipeline.md	Q4	05-rendering/06-camera-pipeline.md	Q4	`Camera3BufferManager` 与 HAL buffer management 是同一个机制吗？`requestStreamBuffers()` 返回的 buffer 预先绑定某个 request 吗？
05-rendering/06-camera-pipeline.md	Q5	05-rendering/06-camera-pipeline.md	Q5	"`CONTROL_ENABLE_ZSL` 与应用自管 ZSL（ring buffer 加 reprocess）机制差在哪？为什么 ZSL 照片的回调顺序看起来""乱""？"
05-rendering/06-camera-pipeline.md	Q6	05-rendering/06-camera-pipeline.md	Q6	Camera 不同输出流的时间戳可以直接相减吗？Android 13 的 timestamp base 机制是怎样的？
05-rendering/07-media-playback.md	Q1	05-rendering/07-media-playback.md	Q1	用了 SurfaceView 的视频就一定走硬件 overlay 吗？怎么确认目标帧的实际合成路径？
05-rendering/07-media-playback.md	Q2	05-rendering/07-media-playback.md	Q2	"`MediaCodec.releaseOutputBuffer(index, renderTimestampNs)` 返回后帧就显示了吗？BufferQueue 怎样处理""还没到点""的帧？"
05-rendering/07-media-playback.md	Q3	05-rendering/07-media-playback.md	Q3	tunneled playback 需要哪些条件？AAOS13 源码里 sideband 是怎样建立的，`SIDEBAND` 与 `DEVICE` 有何不同？
05-rendering/07-media-playback.md	Q4	05-rendering/07-media-playback.md	Q4	Media3 的 ABR 会因为解码掉帧或视频 layer 不是 `DEVICE` 而降码率吗？1.10.1 的选档逻辑看什么？
05-rendering/07-media-playback.md	Q5	05-rendering/07-media-playback.md	Q5	"设备运行 Android 17 就能播放 VVC 吗？""平台支持""要拆成哪三层理解？"
05-rendering/07-media-playback.md	Q6	05-rendering/07-media-playback.md	Q6	"APV 是什么定位？""Android 支持 APV""包含哪几层含义？422-10 码流能保证解码输出还是 P210 吗？"
05-rendering/08-android-xr.md	Q1	05-rendering/08-android-xr.md	Q1	Android XR 兼容型应用、Jetpack XR、Unity/OpenXR 和投影眼镜应用分别怎样出图？
05-rendering/08-android-xr.md	Q2	05-rendering/08-android-xr.md	Q2	Android XR 空间环境的 80 MB、每块 10,000 vertices、200 m 和 1.5 m 分别表示什么？环境资产成本怎样估算？
05-rendering/08-android-xr.md	Q3	05-rendering/08-android-xr.md	Q3	Android XR 质量指南中的 11.1 ms、13.8 ms 和每眼分辨率怎样解读？启用 SpaceWarp 后是否还要每个显示帧都渲染？
05-rendering/09-app-image-page-rendering.md	Q1	05-rendering/09-app-image-page-rendering.md	Q1	"一张网络图片从发起到上屏要经过哪些阶段，为什么""图片库加载成功""的回调不能当作图片已可见的验收结论？"
05-rendering/09-app-image-page-rendering.md	Q2	05-rendering/09-app-image-page-rendering.md	Q2	4000 × 3000 的 ARGB_8888 图片解码后占多少像素内存？为什么压缩文件体积不能代表解码后内存，Bitmap 像素数据在各版本存在哪里？
05-rendering/09-app-image-page-rendering.md	Q3	05-rendering/09-app-image-page-rendering.md	Q3	用 BitmapFactory 把大文件解码到目标显示尺寸时，为什么要先 `inJustDecodeBounds` 读边界再按 2 的幂设置 `inSampleSize`？`inSampleSize` 传 3 会发生什么？
05-rendering/09-app-image-page-rendering.md	Q4	05-rendering/09-app-image-page-rendering.md	Q4	"ImageDecoder 的 ALLOCATOR_DEFAULT、SOFTWARE、SHARED_MEMORY、HARDWARE 四种分配器怎么选？为什么""默认一定返回 HARDWARE""是错的？"
05-rendering/09-app-image-page-rendering.md	Q5	05-rendering/09-app-image-page-rendering.md	Q5	"Hardware Bitmap 是""由 GPU 直接解码""吗？它的成本结构是什么，对它调用 `getPixel()` 会发生什么？"
05-rendering/09-app-image-page-rendering.md	Q6	05-rendering/09-app-image-page-rendering.md	Q6	长图、地图类需求为什么必须走 BitmapRegionDecoder 分块，而不是解码整图后裁切？AAOS13 上它的格式与并发边界是什么？
05-rendering/09-app-image-page-rendering.md	Q7	05-rendering/09-app-image-page-rendering.md	Q7	Choreographer.FrameCallback、JankStats、FrameMetrics、SurfaceControl.JankData 四类监控入口各自覆盖渲染路径的哪一段？为什么 `queueBuffer()` 返回不能证明该帧已显示？
05-rendering/09-app-image-page-rendering.md	Q8	05-rendering/09-app-image-page-rendering.md	Q8	"JankStats 的 `isJank`、API 31+ 的 `frameOverrunNanos` 与""冻结帧""为什么是三套不能合并的口径？服务端要分开保存哪些指标？"
05-rendering/09-app-image-page-rendering.md	Q9	05-rendering/09-app-image-page-rendering.md	Q9	在 Android 13 上 FrameMetrics 有哪些字段可用、哪些没有？`getMetric()` 读到不支持的指标返回什么，为什么各阶段时长不能相加去解释 `TOTAL_DURATION`？
05-rendering/09-app-image-page-rendering.md	Q10	05-rendering/09-app-image-page-rendering.md	Q10	Android 13 能用 `Choreographer.VsyncCallback` 拿到帧时间线吗？Android 17 材料描述的 buffer-stuffing recovery 在 Android 13 上存在吗？
05-rendering/09-app-image-page-rendering.md	Q11	05-rendering/09-app-image-page-rendering.md	Q11	"`FragmentTransaction.commit()` 返回后页面为什么常常还没开始创建 View？为什么 Fragment 切换卡顿经常""不在 doFrame 里""？"
05-rendering/09-app-image-page-rendering.md	Q12	05-rendering/09-app-image-page-rendering.md	Q12	`setReorderingAllowed(true)` 为什么被官方建议用于每个事务？它开启后哪些可观察行为会变？
05-rendering/09-app-image-page-rendering.md	Q13	05-rendering/09-app-image-page-rendering.md	Q13	Predictive Back 的开始、进度、取消、完成四类回调各该做什么？Android 13 设备上进度回调能拿到连续手势进度吗？
05-rendering/09-app-image-page-rendering.md	Q14	05-rendering/09-app-image-page-rendering.md	Q14	Fragment 的返回动画要按手势进度控制需要什么版本组合？为什么旧的 `Animation` 走不了这条路？
05-rendering/09-app-image-page-rendering.md	Q15	05-rendering/09-app-image-page-rendering.md	Q15	Navigation Compose 转场期间为什么离开页与进入页会同时参与组合与绘制？转场中 entry 的生命周期上限由什么决定？
05-rendering/09-app-image-page-rendering.md	Q16	05-rendering/09-app-image-page-rendering.md	Q16	"窗口尺寸类别的断点是多少？为什么不能按""平板/手机""或启动时记录的宽度决定布局？跨断点之内拖动窗口为什么仍持续产生布局成本？"
05-rendering/09-app-image-page-rendering.md	Q17	05-rendering/09-app-image-page-rendering.md	Q17	自适应布局为什么要把尺寸决策集中在页面入口、`BoxWithConstraints` 只用于组件级？窗格切换时怎么保住用户状态？
05-rendering/09-app-image-page-rendering.md	Q18	05-rendering/09-app-image-page-rendering.md	Q18	"调整窗口大小时""窗口几何、应用 buffer、显示呈现""为什么是三个时间点？`queueBuffer()` 按时返回能证明新尺寸画面已显示吗？"
05-rendering/09-app-image-page-rendering.md	Q19	05-rendering/09-app-image-page-rendering.md	Q19	Android 16/17 忽略固定方向限制的行为变化是什么？这条结论在 Android 13 设备上适用吗？
05-rendering/09-app-image-page-rendering.md	Q20	05-rendering/09-app-image-page-rendering.md	Q20	内容帧率、应用渲染速率与显示刷新率三个量有什么区别？ARR 能修复应用掉帧吗？
05-rendering/09-app-image-page-rendering.md	Q21	05-rendering/09-app-image-page-rendering.md	Q21	"应用表达帧率偏好的各 API 分别在哪个版本可用？""能力查询不可用""意味着设备不支持吗？"
05-rendering/09-app-image-page-rendering.md	Q22	05-rendering/09-app-image-page-rendering.md	Q22	"View 的帧率""投票""是怎样汇总的？为什么不该给根 View 长期请求 HIGH，触摸升帧又为什么默认保留？"
05-rendering/09-app-image-page-rendering.md	Q23	05-rendering/09-app-image-page-rendering.md	Q23	Android 17 材料描述的 SurfaceFlinger 帧率选择链在 Android 13 上是什么形态？`setFrameRate()` 调用成功能证明屏幕切到了目标刷新率吗？
05-rendering/09-app-image-page-rendering.md	Q24	05-rendering/09-app-image-page-rendering.md	Q24	CameraX `PreviewView` 与 Media3 `PlayerView` 默认选哪种 Surface 承载？什么条件会切到 TextureView，切换后要重新验证什么？
05-rendering/09-app-image-page-rendering.md	Q25	05-rendering/09-app-image-page-rendering.md	Q25	SurfaceView 黑屏时按什么顺序逐项排查？`setSecure(true)` 能当黑屏修复手段吗？
05-rendering/09-app-image-page-rendering.md	Q26	05-rendering/09-app-image-page-rendering.md	Q26	在 Compose 的 `AndroidView` 里包装 SurfaceView 或播放器时，哪些写法会导致重复切换 Surface 或资源泄漏？为什么重组不会自动重建 Surface？
05-rendering/10-app-media-hybrid-practice.md	Q1	05-rendering/10-app-media-hybrid-practice.md	Q1	Vulkan 应用首次绘制某个状态组合时卡顿，为什么增加图形队列和观察 `FrameMetrics.GPU_DURATION` 都无法解释或缓解它？
05-rendering/10-app-media-hybrid-practice.md	Q2	05-rendering/10-app-media-hybrid-practice.md	Q2	"标准 View/Compose 应用想降低""某效果第一次出现""的管线成本，哪些手段有效？为什么""冷启动绘制一个不可见的 1×1 View""和""加入 Baseline Profile""都不算 GPU 管线预热？"
05-rendering/10-app-media-hybrid-practice.md	Q3	05-rendering/10-app-media-hybrid-practice.md	Q3	"原生 Vulkan 引擎要求渲染线程永不现场编译管线，应怎样用管线创建缓存控制做""仅缓存查询""？返回 `VK_PIPELINE_COMPILE_REQUIRED` 之后到管线可用之前，任务调度与降级要满足什么条件？"
05-rendering/10-app-media-hybrid-practice.md	Q4	05-rendering/10-app-media-hybrid-practice.md	Q4	把 `vkGetPipelineCacheData()` 的结果存成文件、下次启动灌回 `pInitialData`：缓存文件该用什么身份校验和命名？哪些保存与失效做法会让缓存白白失效或把损坏数据反复交给驱动？
05-rendering/10-app-media-hybrid-practice.md	Q5	05-rendering/10-app-media-hybrid-practice.md	Q5	Flutter 的着色器已在构建期由 impellerc 编译打包，为什么设备上首次使用某个合成状态仍可能出现 Raster 尖峰？`FragmentProgram.fromAsset()` 的 await 和框架的 `ShaderWarmUp` 能当管线预热用吗？
05-rendering/10-app-media-hybrid-practice.md	Q6	05-rendering/10-app-media-hybrid-practice.md	Q6	"H5 页面里 `onPageFinished()` 已经回调，为什么仍不能把这一刻当成""首屏可用""？`onPageCommitVisible()`、`postVisualStateCallback()` 与页面自报的可用信号各适合回答什么问题？"
05-rendering/10-app-media-hybrid-practice.md	Q7	05-rendering/10-app-media-hybrid-practice.md	Q7	用 `WebViewCompat.startUpWebView()` 做异步启动初始化后，为什么回调到达前访问 WebView API 仍可能阻塞 UI 线程？两段式配置与多进程的数据目录后缀要注意什么顺序？
05-rendering/10-app-media-hybrid-practice.md	Q8	05-rendering/10-app-media-hybrid-practice.md	Q8	"预创建一个空白 WebView 与维护""用完归还""的 WebView 池，各自需要什么所有权与状态边界？`clearCache(true)` 与 `clearHistory()` 为什么不能当作""把页面清干净""？"
05-rendering/10-app-media-hybrid-practice.md	Q9	05-rendering/10-app-media-hybrid-practice.md	Q9	`addJavascriptInterface()` 注入对象的方法在哪个线程执行？页面包含第三方 iframe 时为什么校验当前 URL 不足以保护 Bridge？`evaluateJavascript()` 为什么不能用 `CountDownLatch` 改成同步等待？
05-rendering/10-app-media-hybrid-practice.md	Q10	05-rendering/10-app-media-hybrid-practice.md	Q10	"在 `shouldInterceptRequest()` 里接离线包：哪些边界会让实现""看起来没生效""或把加速变成安全问题？provider 的预取（prefetch）与离线拦截同时开启时，主 HTML 应该归谁管？"
05-rendering/10-app-media-hybrid-practice.md	Q11	05-rendering/10-app-media-hybrid-practice.md	Q11	"Media3 播放诊断里同时出现 `AsynchronousMediaCodecAdapter`、MediaCodec 异步模式、BufferQueue asyncMode 和 EGL swap interval——这四个""异步""分别在哪一层控制什么？把强制同步/异步 adapter 当常规优化合适吗？"
05-rendering/10-app-media-hybrid-practice.md	Q12	05-rendering/10-app-media-hybrid-practice.md	Q12	"把 Media3 的 dropped 计数与 skipped 计数加总成一个""丢帧率""、再把 `onRenderedFirstFrame()` 当作""用户看到首帧""的时刻，这两种读法错在哪？joining 的 5 秒窗口为什么不是首帧超时？"
05-rendering/10-app-media-hybrid-practice.md	Q13	05-rendering/10-app-media-hybrid-practice.md	Q13	"`MediaFormat.KEY_ALLOW_FRAME_DROP` 控制的是哪一层的丢帧？为什么 Media3 只在启用视频效果且条件命中时才写 0，而""怕掉帧就设 0""不是通用建议？"
05-rendering/10-app-media-hybrid-practice.md	Q14	05-rendering/10-app-media-hybrid-practice.md	Q14	"PlayerView 默认 `surface_type` 是 `surface_view`：普通视频优先 SurfaceView 的理由是什么？什么需求才值得换 TextureView？""用 TextureView 才能加视频特效""为什么不成立？"
05-rendering/10-app-media-hybrid-practice.md	Q15	05-rendering/10-app-media-hybrid-practice.md	Q15	CameraX 里 Preview 单独能开的分辨率，加上 ImageCapture、ImageAnalysis 后绑定失败——为什么逐个用例调参解决不了？`SessionConfig` 与 `isSessionConfigSupported()` 各解决什么？
05-rendering/10-app-media-hybrid-practice.md	Q16	05-rendering/10-app-media-hybrid-practice.md	Q16	ImageAnalysis 用默认的 `STRATEGY_KEEP_ONLY_LATEST` 时，Builder 里配置的队列深度为什么被忽略？什么时候才值得换 `STRATEGY_BLOCK_PRODUCER`？Analyzer 里漏调 `imageProxy.close()` 的后果会扩散到哪里？
05-rendering/10-app-media-hybrid-practice.md	Q17	05-rendering/10-app-media-hybrid-practice.md	Q17	"CameraX 1.6.1 里 `isZslSupported()` 返回 true 后，哪些条件仍会让一次拍照静默降级成普通拍照？""ZSL 缓存 3 帧""中的 3、9、1 三个数字分别约束什么？"
05-rendering/10-app-media-hybrid-practice.md	Q18	05-rendering/10-app-media-hybrid-practice.md	Q18	把 `PreviewView.ImplementationMode` 设为默认的 PERFORMANCE，能保证预览走 SurfaceView 吗？`getPreviewStreamState()` 报告 STREAMING 时画面已经可见了吗？
05-rendering/10-app-media-hybrid-practice.md	Q19	05-rendering/10-app-media-hybrid-practice.md	Q19	AppWidget 的 `updateAppWidget()` 已经返回，桌面为什么可能还没变？RemoteViews 传给宿主的是一棵 View 树吗？宿主执行 `apply()` 还是 `reapply()` 由谁决定？
05-rendering/10-app-media-hybrid-practice.md	Q20	05-rendering/10-app-media-hybrid-practice.md	Q20	"`partiallyUpdateAppWidget()` 第一次调用没有生效、`notifyAppWidgetViewDataChanged()` 被标弃用——这两种""更新不动/不能用""的正确解法分别是什么？集合项的更新成本应该花在哪个方法里？"
05-rendering/10-app-media-hybrid-practice.md	Q21	05-rendering/10-app-media-hybrid-practice.md	Q21	把 `updatePeriodMillis` 配成 1 分钟、往 RemoteViews 里塞一张相机原图，分别会撞上什么系统约束？`content://` 和 `file://` 的图片 URI 为什么待遇不同？
05-rendering/10-app-media-hybrid-practice.md	Q22	05-rendering/10-app-media-hybrid-practice.md	Q22	应用想接入系统取色：`ACTION_OPEN_EYE_DROPPER` 返回的 `EXTRA_COLOR` 是什么格式？secure 窗口区域的像素返回什么？接入要覆盖哪几条失败分支？Android 13 上有这个 API 吗？
05-rendering/10-app-media-hybrid-practice.md	Q23	05-rendering/10-app-media-hybrid-practice.md	Q23	调用方没有申请任何屏幕捕获权限，AOSP EyeDropper 内部却拿到了整屏截图——权限与隐私边界是怎样闭合的？它支持多显示器，等于支持把取色结果同步到另一台设备吗？
05-rendering/10-app-media-hybrid-practice.md	Q24	05-rendering/10-app-media-hybrid-practice.md	Q24	"EyeDropper 返回的 `0xFFRRGGBB` 能当成""这块屏幕该位置的物理颜色""来用吗？为什么把同一个整数同步到另一台设备后颜色看起来仍可能不同？它与 PixelCopy、MediaProjection 的适用边界差在哪？"
05-rendering/10-app-media-hybrid-practice.md	Q25	05-rendering/10-app-media-hybrid-practice.md	Q25	Flutter 3.32 stable+ 在 Android 上 Dart UI 工作与平台回调共用哪条线程？诊断卡顿前为什么要记录 engine revision 而不是只看 SDK 版本？
05-rendering/10-app-media-hybrid-practice.md	Q26	05-rendering/10-app-media-hybrid-practice.md	Q26	Flutter 的 RenderMode.surface、texture、image 三种 root 输出路径分别写入什么 Android 对象？FlutterActivity 默认如何选择？
05-rendering/10-app-media-hybrid-practice.md	Q27	05-rendering/10-app-media-hybrid-practice.md	Q27	Flutter 在 Android 上如何接入 VSync？Perfetto 中 PlatformVsync 已出现但 Dart 迟迟不跑时，应沿什么顺序检查？
05-rendering/10-app-media-hybrid-practice.md	Q28	05-rendering/10-app-media-hybrid-practice.md	Q28	Flutter 在 Android 上没有 Vulkan 时一定回退到 Skia 吗？Impeller 的 shader 与 pipeline cache 机制能消除所有卡顿吗？
05-rendering/10-app-media-hybrid-practice.md	Q29	05-rendering/10-app-media-hybrid-practice.md	Q29	Flutter 的 TLHC、HC、HCPP 三种 PlatformView 策略数据流差在哪？HCPP 需要什么条件才会真正生效？
05-rendering/10-app-media-hybrid-practice.md	Q30	05-rendering/10-app-media-hybrid-practice.md	Q30	WebView 渲染问题为什么必须同时记录平台版本与 provider 版本？provider 在 Android 13 中怎样装入宿主进程？
05-rendering/10-app-media-hybrid-practice.md	Q31	05-rendering/10-app-media-hybrid-practice.md	Q31	"标准 WebView 的网页像素怎样进入宿主窗口？""DrawAndSwapOnViz""能证明 App Window 已向 SurfaceFlinger 提交吗？"
05-rendering/10-app-media-hybrid-practice.md	Q32	05-rendering/10-app-media-hybrid-practice.md	Q32	WebView 的 SurfaceControl overlay 等于整页独立出图吗？Android 13 平台侧的开启条件是什么？
05-rendering/10-app-media-hybrid-practice.md	Q33	05-rendering/10-app-media-hybrid-practice.md	Q33	WebView 网页进入全屏靠什么协议？renderer 进程消失后原 WebView 实例还能复用吗？
05-rendering/11-gpu-diagnostics-tools.md	Q1	05-rendering/11-gpu-diagnostics-tools.md	Q1	想统计自有应用进程内 `libc.so` 的 `malloc` 被谁调用，PLT/GOT Hook 改写的是什么位置？为什么它注定覆盖不了所有 `malloc` 调用？
05-rendering/11-gpu-diagnostics-tools.md	Q2	05-rendering/11-gpu-diagnostics-tools.md	Q2	PLT Hook 命中不了目标时改用 Inline Hook，它的原理和三项实现难点是什么？ARM64 上为什么经常需要 branch island？
05-rendering/11-gpu-diagnostics-tools.md	Q3	05-rendering/11-gpu-diagnostics-tools.md	Q3	"""普通应用在 Android 上被禁止拥有 RWX 内存，所以 Inline Hook 在线上必然失败""——这个说法有依据吗？"
05-rendering/11-gpu-diagnostics-tools.md	Q4	05-rendering/11-gpu-diagnostics-tools.md	Q4	"Matrix、KOOM、Booster、LeakCanary 这类三方库应该按什么维度选型？""README 写支持某 API 级别""能证明什么？"
05-rendering/11-gpu-diagnostics-tools.md	Q5	05-rendering/11-gpu-diagnostics-tools.md	Q5	"一次 draw API 调用返回后，这一帧还要经过哪些时间节点？怎么用这些节点判断""是不是 GPU 瓶颈""？"
05-rendering/11-gpu-diagnostics-tools.md	Q6	05-rendering/11-gpu-diagnostics-tools.md	Q7	AGI Frame Profiler 是怎么把 GraphicsSpy 注入目标进程的？平台侧的注入条件是什么？
05-rendering/11-gpu-diagnostics-tools.md	Q7	05-rendering/11-gpu-diagnostics-tools.md	Q8	AGI 能直接捕获 OpenGL ES 应用吗？选 OpenGL on ANGLE 模式抓到的内容应该怎么理解？
05-rendering/11-gpu-diagnostics-tools.md	Q8	05-rendering/11-gpu-diagnostics-tools.md	Q6	`profileable` 和 `debuggable` 有什么区别？帧捕获工具为什么通常要求 debuggable，性能基线又该怎么取？
05-rendering/11-gpu-diagnostics-tools.md	Q9	05-rendering/11-gpu-diagnostics-tools.md	Q9	`dumpsys gpu --gpumem` 显示的每个进程 GPU 内存从哪里来？AAOS13 上这条链路的实现是什么样的？
05-rendering/11-gpu-diagnostics-tools.md	Q10	05-rendering/11-gpu-diagnostics-tools.md	Q10	Perfetto 里 `android.gpu.memory` 数据源和 ftrace 的 `gpu_mem/gpu_mem_total` 事件各提供什么？只开其中一个会缺什么？
05-rendering/11-gpu-diagnostics-tools.md	Q11	05-rendering/11-gpu-diagnostics-tools.md	Q11	`dumpsys gpu --gpustats` 里的统计和 GpuMem 是什么关系？这条链路在 Android 13 和 Android 17 之间有什么实现差异？
05-rendering/11-gpu-diagnostics-tools.md	Q12	05-rendering/11-gpu-diagnostics-tools.md	Q12	`dumpsys gpu --gpumem` 显示某进程 GPU 内存持续增长，下一步怎么定位？GpuMem、memtrack、DMA-BUF 几个数字能互相换算吗？
05-rendering/11-gpu-diagnostics-tools.md	Q13	05-rendering/11-gpu-diagnostics-tools.md	Q13	Android Performance Analyzer（APA）在工具链里处于什么位置？它和 Perfetto CLI、AGI 的分工边界是什么？
05-rendering/11-gpu-diagnostics-tools.md	Q14	05-rendering/11-gpu-diagnostics-tools.md	Q14	用 APA 录一份可信的系统 trace，录制配置和构建类型要注意什么？它注入的 Vulkan layer 会不会扰动结果？
05-rendering/11-gpu-diagnostics-tools.md	Q15	05-rendering/11-gpu-diagnostics-tools.md	Q15	"GAPS 这类工具判定""目标方法可达""分哪两个阶段？报告里的静态命中率能当执行率用吗？触达了目标方法能证明性能问题吗？"
05-rendering/11-gpu-diagnostics-tools.md	Q16	05-rendering/11-gpu-diagnostics-tools.md	Q16	Camera 的预览卡顿、拍照慢、录像丢帧、内存上涨四类问题分别要观测什么？HAL3 的 request/result 模型是什么形状？
05-rendering/11-gpu-diagnostics-tools.md	Q17	05-rendering/11-gpu-diagnostics-tools.md	Q17	Perfetto 里 Camera 相关的关键 slice 有哪些？`frame capture` 和 `Stream N: first full buffer` 分别能证明什么、不能证明什么？
05-rendering/11-gpu-diagnostics-tools.md	Q18	05-rendering/11-gpu-diagnostics-tools.md	Q18	用 SQL 量化 Camera 预览帧间隔时有哪些陷阱？怎么保证算出来的 fps 是可信的？
05-rendering/11-gpu-diagnostics-tools.md	Q19	05-rendering/11-gpu-diagnostics-tools.md	Q19	"Camera 预览链路上 consumer 持有 buffer 不还，会造成什么后果？`maxBuffers`、`maxImages` 和""固定三缓冲""分别是什么关系？"
05-rendering/11-gpu-diagnostics-tools.md	Q20	05-rendering/11-gpu-diagnostics-tools.md	Q20	Camera 拍照延迟怎么分段度量？`SENSOR_TIMESTAMP` 能直接和 `elapsedRealtimeNanos()` 相减吗？内存侧 `CameraMetadataNative` 为什么要单独看？
05-rendering/11-gpu-diagnostics-tools.md	Q21	05-rendering/11-gpu-diagnostics-tools.md	Q21	Winscope 是什么工具？在 Android 13 上它的采集形态和 Android 15+ 有什么本质区别？
05-rendering/11-gpu-diagnostics-tools.md	Q22	05-rendering/11-gpu-diagnostics-tools.md	Q22	读 Winscope 的 layer tree 前为什么要先判断出图拓扑？SurfaceView 和 TextureView 在 SurfaceFlinger 里分别长什么样？
05-rendering/11-gpu-diagnostics-tools.md	Q23	05-rendering/11-gpu-diagnostics-tools.md	Q23	用 Winscope 排查黑屏或几何错位时，正确的证据顺序是什么？requested 和 calculated 有什么区别？
05-rendering/11-gpu-diagnostics-tools.md	Q24	05-rendering/11-gpu-diagnostics-tools.md	Q24	Layout Inspector 能确认什么、不能确认什么？为什么开启 View 属性检查会重启前台 Activity？
05-rendering/11-gpu-diagnostics-tools.md	Q25	05-rendering/11-gpu-diagnostics-tools.md	Q25	普通应用能加载自己的 eBPF 程序吗？Android 平台的 BPF 程序是怎么进入内核的？
05-rendering/11-gpu-diagnostics-tools.md	Q26	05-rendering/11-gpu-diagnostics-tools.md	Q26	Android 的 CPU time-in-state 统计（timeInState）观测什么？它的 attach 点和 map 路径在 Android 13 与 17 之间有什么差异？
05-rendering/11-gpu-diagnostics-tools.md	Q27	05-rendering/11-gpu-diagnostics-tools.md	Q27	"`/sys/fs/bpf` 下能看到某个 BPF program，能说明它正在采集数据吗？怎么区分""加载成功""""attach 成功""和""有数据""三层？"
05-rendering/11-gpu-diagnostics-tools.md	Q28	05-rendering/11-gpu-diagnostics-tools.md	Q28	BPF 程序挂在与 ftrace 相同的 tracepoint 上，Perfetto 会显示 BPF 的聚合结果吗？Android 17 新增的几组 BPF 程序在 Android 13 上能用吗？
05-rendering/11-gpu-diagnostics-tools.md	Q29	05-rendering/11-gpu-diagnostics-tools.md	Q29	APK Analyzer 显示 `classes.dex` 变大了，为什么还要 R8 Configuration Analyzer？三类分数（shrinking/optimization/obfuscation）到底衡量什么？
05-rendering/11-gpu-diagnostics-tools.md	Q30	05-rendering/11-gpu-diagnostics-tools.md	Q30	R8 Configuration Analyzer 的报告怎么生成、重点看哪些字段？full mode 迁移后它应该放在哪一轮？CI 门禁怎么定？
06-storage/01-partitions.md	Q1	06-storage/01-partitions.md	Q1	Android 设备常见分区分别保存什么？哪些属于系统、引导、动态容器和用户数据？
06-storage/01-partitions.md	Q2	06-storage/01-partitions.md	Q2	Android 动态分区怎样把 `system`、`vendor` 等逻辑分区放进 `super`？它解决了什么容量问题？
06-storage/01-partitions.md	Q3	06-storage/01-partitions.md	Q3	Virtual A/B 与双份静态 A/B 分区有什么区别？OTA 快照写在哪里，何时回滚或合并？
06-storage/01-partitions.md	Q4	06-storage/01-partitions.md	Q4	Android 启动时谁把 `super` 里的逻辑分区映射并挂载？bootloader 会挂载 `super` 或 `/data` 吗？
06-storage/02-storage-io.md	Q1	06-storage/02-storage-io.md	Q1	一次应用文件 I/O 从 API 到闪存要经过哪些层，应用私有目录与共享存储的路径有什么区别？
06-storage/02-storage-io.md	Q2	06-storage/02-storage-io.md	Q2	eMMC 5.1 与 UFS 3.x/4.x 的性能差距来自哪里，为什么不能按版本号给设备设定固定毫秒阈值？
06-storage/02-storage-io.md	Q3	06-storage/02-storage-io.md	Q3	FBE 的 DE/CE 存储、metadata encryption 与 /metadata 分区各是什么，为什么不能把 dm-default-key 说成 FBE 的别名？
06-storage/02-storage-io.md	Q4	06-storage/02-storage-io.md	Q4	Virtual A/B 的快照与合并在 Android 11、12、13+ 有什么不同，OTA 期间前台 I/O 为什么变慢？
06-storage/02-storage-io.md	Q5	06-storage/02-storage-io.md	Q5	"""剩余空间还没满，写入就已经变慢了""，应该怎么解释？"
06-storage/02-storage-io.md	Q6	06-storage/02-storage-io.md	Q6	主线程停在 fsync() 上，怎么定位等待发生在哪一层？
06-storage/02-storage-io.md	Q7	06-storage/02-storage-io.md	Q7	ext4 的一次 fsync() 实际在等什么？
06-storage/02-storage-io.md	Q8	06-storage/02-storage-io.md	Q8	"f2fs 是怎么为闪存组织写入的，""f2fs 一定比 ext4 快""为什么不成立？"
06-storage/02-storage-io.md	Q9	06-storage/02-storage-io.md	Q9	Android 设备可选哪些 I/O 调度器，怎么确认实机实际用的是哪个？
06-storage/02-storage-io.md	Q10	06-storage/02-storage-io.md	Q10	Android 的前后台 I/O 优先级是怎么配置的，HighIoPriority 是不是把进程设成 RT class？
06-storage/02-storage-io.md	Q11	06-storage/02-storage-io.md	Q11	SQLite 的 F2FS batch atomic write 是怎么启用的，每个事务都会走它吗？
06-storage/02-storage-io.md	Q12	06-storage/02-storage-io.md	Q14	SharedPreferences.apply() 明明是异步写盘，为什么官方文档仍警告它可能造成 ANR？
06-storage/02-storage-io.md	Q13	06-storage/02-storage-io.md	Q15	SharedPreferences 首次 getXxx() 为什么可能卡住主线程，Android 13 与 Android 17 的加载线程实现有什么不同？
06-storage/02-storage-io.md	Q14	06-storage/02-storage-io.md	Q16	commit() 与 apply() 的差异是什么，一次有效写入在磁盘上做了什么？
06-storage/02-storage-io.md	Q15	06-storage/02-storage-io.md	Q17	哪些组件收尾点会触发 QueuedWork 等待，BroadcastReceiver 的完成回执为什么会被 SP 拖慢？
06-storage/02-storage-io.md	Q16	06-storage/02-storage-io.md	Q18	DataStore 的 edit() 返回意味着什么，它比 SharedPreferences 强在哪、仍然贵在哪？
06-storage/02-storage-io.md	Q17	06-storage/02-storage-io.md	Q19	多进程共享一个 DataStore 文件需要什么条件，它的跨进程一致性靠什么实现？
06-storage/02-storage-io.md	Q18	06-storage/02-storage-io.md	Q20	共享存储的读写为什么会牵扯 MediaProvider，应用私有目录也一样吗？
06-storage/02-storage-io.md	Q19	06-storage/02-storage-io.md	Q21	FUSE passthrough 是什么，direct file path 与 MediaStore 应该怎么选？
06-storage/02-storage-io.md	Q20	06-storage/02-storage-io.md	Q22	共享存储的版本断点有哪些，排查时为什么必须先确认设备首发版本？
06-storage/02-storage-io.md	Q21	06-storage/02-storage-io.md	Q23	FBE 加密会拖慢存储性能吗？
06-storage/02-storage-io.md	Q22	06-storage/02-storage-io.md	Q12	Android SharedPreferences 适合保存什么数据，如何读取一个键值？
06-storage/02-storage-io.md	Q23	06-storage/02-storage-io.md	Q13	SharedPreferences 如何写入数据并监听键值变化？
06-storage/03-app-io-storage-practice.md	Q1	06-storage/03-app-io-storage-practice.md	Q1	StrictMode 在开发期检测主线程 I/O 的能力边界是什么？I/O 切到工作线程后就安全了吗？
06-storage/03-app-io-storage-practice.md	Q2	06-storage/03-app-io-storage-practice.md	Q2	"MMKV 用 mmap 追加写，为什么""写入返回即已持久化、延迟稳定""不成立？"
06-storage/03-app-io-storage-practice.md	Q3	06-storage/03-app-io-storage-practice.md	Q3	`AtomicFile` 保护什么、不保护什么？多个写者并发写同一文件怎么办？
06-storage/03-app-io-storage-practice.md	Q4	06-storage/03-app-io-storage-practice.md	Q4	`content://` URI 和文件路径的本质区别是什么？跨重启继续访问选中的文档要做什么？
06-storage/03-app-io-storage-practice.md	Q5	06-storage/03-app-io-storage-practice.md	Q5	`DocumentFile.listFiles()` 之后的属性读取为什么是 N+1？大目录应该怎么查？
06-storage/03-app-io-storage-practice.md	Q6	06-storage/03-app-io-storage-practice.md	Q6	`ContentResolver` 打开大文件时 Binder 传了什么？管道描述符和普通文件描述符有什么行为差异？
06-storage/03-app-io-storage-practice.md	Q7	06-storage/03-app-io-storage-practice.md	Q11	WAL 给 SQLite 带来什么并发能力？`synchronous=NORMAL` 改变了什么持久性边界？
06-storage/03-app-io-storage-practice.md	Q8	06-storage/03-app-io-storage-practice.md	Q12	`-wal` 文件持续增长是什么原因？调小自动 checkpoint 阈值为什么没用？
06-storage/03-app-io-storage-practice.md	Q9	06-storage/03-app-io-storage-practice.md	Q13	列表查询慢时 CursorWindow 扮演什么角色？单行过宽和 `TransactionTooLargeException` 是一回事吗？
06-storage/03-app-io-storage-practice.md	Q10	06-storage/03-app-io-storage-practice.md	Q14	"""按会话过滤 + 按时间倒序""的消息查询该建什么索引？`EXPLAIN QUERY PLAN` 出现 SCAN 一定错吗？"
06-storage/03-app-io-storage-practice.md	Q11	06-storage/03-app-io-storage-practice.md	Q15	Room 遇到大表迁移该怎么设计？`fallbackToDestructiveMigration` 什么时候能用？
06-storage/03-app-io-storage-practice.md	Q12	06-storage/03-app-io-storage-practice.md	Q19	新 Kotlin 模块选 JSON 库为什么先对齐语义再比速度？Gson 的问题出在哪？
06-storage/03-app-io-storage-practice.md	Q13	06-storage/03-app-io-storage-practice.md	Q20	OkHttp 什么时候自动解压 gzip？手动设置 `Accept-Encoding` 之后行为怎么变？
06-storage/03-app-io-storage-practice.md	Q14	06-storage/03-app-io-storage-practice.md	Q21	`no-cache`、`no-store`、`private`、`s-maxage` 分别控制什么？304 验证怎么工作？
06-storage/03-app-io-storage-practice.md	Q15	06-storage/03-app-io-storage-practice.md	Q22	内存缓存、磁盘缓存、HTTP 缓存与权威数据源各负责什么？`cacheDir` 为什么不能当权威数据源？
06-storage/03-app-io-storage-practice.md	Q16	06-storage/03-app-io-storage-practice.md	Q23	`cacheDir` 里的文件会被系统怎么清理？墓碑和分组行为是什么？
06-storage/03-app-io-storage-practice.md	Q17	06-storage/03-app-io-storage-practice.md	Q24	离线优先的写操作为什么同时需要幂等键和服务端版本？本地变更和 Outbox 为什么必须同事务？
06-storage/03-app-io-storage-practice.md	Q18	06-storage/03-app-io-storage-practice.md	Q25	大图库列表为什么不能用不断增长的 OFFSET 翻页？应该用什么锚点？
06-storage/03-app-io-storage-practice.md	Q19	06-storage/03-app-io-storage-practice.md	Q26	MediaStore 的 version 与 generation 怎么配合做增量同步？删除记录怎么补偿？
06-storage/03-app-io-storage-practice.md	Q20	06-storage/03-app-io-storage-practice.md	Q27	向共享存储写媒体时 `IS_PENDING` 是干什么的？`DATA` 列为什么不能用于创建或移动？
06-storage/03-app-io-storage-practice.md	Q21	06-storage/03-app-io-storage-practice.md	Q28	媒体网格的缩略图该怎么加载？缓存键要包含什么？
06-storage/03-app-io-storage-practice.md	Q22	06-storage/03-app-io-storage-practice.md	Q29	Photo Picker 返回的 HDR 视频什么时候会被转成 SDR？应用怎么声明能力、怎么处理授权？
06-storage/03-app-io-storage-practice.md	Q23	06-storage/03-app-io-storage-practice.md	Q30	`NET_CAPABILITY_INTERNET`、`VALIDATED`、`NOT_METERED` 各证明什么？在 `onCapabilitiesChanged` 回调里重新查询有什么风险？
06-storage/03-app-io-storage-practice.md	Q24	06-storage/03-app-io-storage-practice.md	Q31	OkHttp 怎么判断连接可复用？响应体不关闭会怎样？
06-storage/03-app-io-storage-practice.md	Q25	06-storage/03-app-io-storage-practice.md	Q32	接入 HTTPDNS 后哪些安全检查不变？缓存键和回退策略怎么定？
06-storage/03-app-io-storage-practice.md	Q26	06-storage/03-app-io-storage-practice.md	Q33	弱网下统一延长超时、增加重试为什么不行？OkHttp 各超时参数覆盖哪一段？
06-storage/03-app-io-storage-practice.md	Q27	06-storage/03-app-io-storage-practice.md	Q34	OkHttp 的 `retryOnConnectionFailure` 和业务重试有什么区别？POST 失败后能直接重发吗？
06-storage/03-app-io-storage-practice.md	Q28	06-storage/03-app-io-storage-practice.md	Q35	HTTP/2 多路复用解决了什么、没解决什么？
06-storage/03-app-io-storage-practice.md	Q29	06-storage/03-app-io-storage-practice.md	Q36	HTTP/3/QUIC 相对 HTTP/2 改变了什么？0-RTT 为什么不能随便用？
06-storage/03-app-io-storage-practice.md	Q30	06-storage/03-app-io-storage-practice.md	Q37	gRPC 的 `Channel` 是什么？deadline 和 wait-for-ready 应该怎么设置？
06-storage/03-app-io-storage-practice.md	Q31	06-storage/03-app-io-storage-practice.md	Q38	gRPC 返回 `UNAVAILABLE` 就可以直接重试吗？收到响应首部之后呢？
06-storage/03-app-io-storage-practice.md	Q32	06-storage/03-app-io-storage-practice.md	Q39	"Android 17 的 ECH 生效链路是什么？""发送了 GREASE""能算 ECH 成功吗？"
06-storage/03-app-io-storage-practice.md	Q33	06-storage/03-app-io-storage-practice.md	Q7	SQLiteOpenHelper 负责什么，数据库版本升级应在哪里处理？
06-storage/03-app-io-storage-practice.md	Q34	06-storage/03-app-io-storage-practice.md	Q8	SQLite CRUD 查询如何避免把输入拼进 SQL 语句？
06-storage/03-app-io-storage-practice.md	Q35	06-storage/03-app-io-storage-practice.md	Q16	Android 应用中 GreenDAO 的 Entity、DAO、DaoMaster 与 DaoSession 如何分工？
06-storage/03-app-io-storage-practice.md	Q36	06-storage/03-app-io-storage-practice.md	Q17	greenDAO 实体常用注解与构建配置分别控制什么？
06-storage/03-app-io-storage-practice.md	Q37	06-storage/03-app-io-storage-practice.md	Q18	DaoSession 初始化后如何取得 DAO 并执行唯一条件查询？
06-storage/03-app-io-storage-practice.md	Q38	06-storage/03-app-io-storage-practice.md	Q9	Android SQLite 数据库文件通常保存在哪里，如何取得实际路径？
06-storage/03-app-io-storage-practice.md	Q39	06-storage/03-app-io-storage-practice.md	Q10	SQLite 事务提供什么保证，应用为何要把相关写操作放在同一事务？
07-memory/01-memory-management.md	Q1	07-memory/01-memory-management.md	Q1	"Android 进程的""内存""由哪些域组成？为什么""Java 堆没满，所以不会 OOM""不成立？"
07-memory/01-memory-management.md	Q2	07-memory/01-memory-management.md	Q2	"VSS/RSS/PSS/USS 各回答什么问题？为什么""PSS 连续上升""不等于泄漏？"
07-memory/01-memory-management.md	Q3	07-memory/01-memory-management.md	Q3	`MemFree` 很小说明系统异常吗？判断压力应看哪些指标？
07-memory/01-memory-management.md	Q4	07-memory/01-memory-management.md	Q4	"内存分配为什么会进入内核慢路径？判断""直接回收拖慢了线程""的证据如何取？"
07-memory/01-memory-management.md	Q5	07-memory/01-memory-management.md	Q5	DMA-BUF 的内存占用如何核算？ION 与 DMA-BUF Heaps 的版本边界是什么？
07-memory/01-memory-management.md	Q6	07-memory/01-memory-management.md	Q6	MemoryLimiter 与 PMGD 是什么机制？在 Android 13 设备上存在吗？
07-memory/01-memory-management.md	Q7	07-memory/01-memory-management.md	Q7	ART 堆由哪些 space 组成？Android 13 与 Android 17 的主移动空间实现有何差异？
07-memory/01-memory-management.md	Q8	07-memory/01-memory-management.md	Q8	"小对象分配的快路径与慢路径分别是什么？""TLAB 用尽就去拿堆全局锁""准确吗？"
07-memory/01-memory-management.md	Q9	07-memory/01-memory-management.md	Q9	"进入大对象空间（LOS）的条件是什么？""12 KiB 阈值""怎么理解？"
07-memory/01-memory-management.md	Q10	07-memory/01-memory-management.md	Q10	"一次 GC 有哪三种分类？`System.gc()` 是""强制全堆 GC""吗？"
07-memory/01-memory-management.md	Q11	07-memory/01-memory-management.md	Q11	分代回收如何工作？Android 13 与 Android 17 的分代实现有何不同？
07-memory/01-memory-management.md	Q12	07-memory/01-memory-management.md	Q12	Perfetto 里 GC 时间片与掉帧帧重叠，能判定 GC 导致掉帧吗？
07-memory/01-memory-management.md	Q13	07-memory/01-memory-management.md	Q13	`HeapTaskDaemon` 是什么？进程被冻结期间，ART 的维护任务会怎样？
07-memory/01-memory-management.md	Q14	07-memory/01-memory-management.md	Q14	`onTrimMemory()` 会触发 GC 或内核回收吗？Android 13 与 Android 14+ 的回调级别有什么差异？
07-memory/01-memory-management.md	Q15	07-memory/01-memory-management.md	Q15	MGLRU 开启后 lmkd 杀进程次数可能下降，这条因果链完整吗？
07-memory/01-memory-management.md	Q16	07-memory/01-memory-management.md	Q16	lmkd 与内核 OOM Killer 的分工是什么？lmkd 如何拿到进程优先级？
07-memory/01-memory-management.md	Q17	07-memory/01-memory-management.md	Q17	"`oom_score_adj` 的主要档位有哪些？为什么""进程有 Service 就不会被杀""不可靠？"
07-memory/01-memory-management.md	Q18	07-memory/01-memory-management.md	Q18	lmkd 的 PSI 新策略默认阈值是什么？PSI 唤醒后还会检查什么？
07-memory/01-memory-management.md	Q19	07-memory/01-memory-management.md	Q19	lmkd 选定候选后如何终止进程？有哪些保护与加速机制？
07-memory/01-memory-management.md	Q20	07-memory/01-memory-management.md	Q20	"进程""消失""有哪几类原因？如何用证据区分？"
07-memory/01-memory-management.md	Q21	07-memory/01-memory-management.md	Q21	"进程回收优先级 adj 的关键档位有哪些？""前台服务 adj 一定是 200""对吗？"
07-memory/01-memory-management.md	Q22	07-memory/01-memory-management.md	Q22	"OomAdjuster 算出的 adj 怎样交给 lmkd？""看到 am_kill 就是被 lmkd 杀了""对吗？"
07-memory/01-memory-management.md	Q23	07-memory/01-memory-management.md	Q23	v2 memory controller 的 `memory.low`/`high`/`max` 各自语义是什么？与 LMKD 的边界在哪里？
07-memory/01-memory-management.md	Q24	07-memory/01-memory-management.md	Q24	"Cached Apps Freezer 在系统里怎么实现？""冻结""与 SIGSTOP 差在哪？怎样确认设备真的发生了冻结？"
07-memory/01-memory-management.md	Q25	07-memory/01-memory-management.md	Q25	Cached App Freezer 的冻结流程与资格判断是什么？冻结期间进程内的 GC 会运行吗？
07-memory/01-memory-management.md	Q26	07-memory/01-memory-management.md	Q26	"冻结后 RSS 下降了，是谁做的？""应用页面回收""与 ART GC、内核规整有什么区别？"
07-memory/01-memory-management.md	Q27	07-memory/01-memory-management.md	Q27	向冻结进程发起同步与 oneway Binder 调用分别会发生什么？
07-memory/01-memory-management.md	Q28	07-memory/01-memory-management.md	Q28	Android 17 依据什么决定一个缓存进程能否被冻结？为什么写入 `cgroup.freeze=1` 不代表已经冻结？
07-memory/01-memory-management.md	Q29	07-memory/01-memory-management.md	Q29	16 KB 页从支持到强制的时间线是什么？未适配的应用在 Android 17 上会怎样？
07-memory/01-memory-management.md	Q30	07-memory/01-memory-management.md	Q30	App 内存优化的推进顺序是什么？为什么不能一上来就上对象池？
07-memory/01-memory-management.md	Q31	07-memory/01-memory-management.md	Q31	Bitmap 内存有哪些关键口径与手段？`recycle()` 该不该手动调？
07-memory/01-memory-management.md	Q32	07-memory/01-memory-management.md	Q32	16 KB Page Size 对应用意味着什么？Android 13 设备需要关心吗？
07-memory/02-reclaim-compression.md	Q1	07-memory/02-reclaim-compression.md	Q1	"看到 FinalizerDaemon 忙或文件描述符上涨时，GC、ReferenceQueueDaemon、FinalizerDaemon 与应用代码各自负责什么？为什么不能用""GC 发生过""证明资源已释放？"
07-memory/02-reclaim-compression.md	Q2	07-memory/02-reclaim-compression.md	Q2	"可终结对象的 FinalizerReference 为什么有""head 链表""与""queue""两套结构？`get()` 返回的 zombie 是什么含义？"
07-memory/02-reclaim-compression.md	Q3	07-memory/02-reclaim-compression.md	Q3	待处理引用如何从 GC 转移到 FinalizerDaemon？为什么进度计数器不能当队列长度读？
07-memory/02-reclaim-compression.md	Q4	07-memory/02-reclaim-compression.md	Q4	FinalizerWatchdogDaemon 判定超时的条件是什么？Android 13 与 Android 17 的判定方式有何差异？
07-memory/02-reclaim-compression.md	Q5	07-memory/02-reclaim-compression.md	Q5	`sun.misc.Cleaner`、`java.lang.ref.Cleaner` 与 `SystemCleaner` 三种 Cleaner 路径的执行线程与异常边界有何不同？
07-memory/02-reclaim-compression.md	Q6	07-memory/02-reclaim-compression.md	Q6	资源包装类怎样才能让 Cleaner 兜底真正生效？为什么清理动作不能捕获所有者？
07-memory/02-reclaim-compression.md	Q7	07-memory/02-reclaim-compression.md	Q7	CloseGuard 和 StrictMode 在资源泄漏排查中各自回答什么问题？
07-memory/02-reclaim-compression.md	Q8	07-memory/02-reclaim-compression.md	Q8	"终结队列堆积为什么会表现为""Java 堆不大、原生内存与文件描述符持续上涨""？"
07-memory/02-reclaim-compression.md	Q9	07-memory/02-reclaim-compression.md	Q9	定位终结积压时，线程栈、Perfetto、simpleperf 与堆转储各自能证明什么？
07-memory/02-reclaim-compression.md	Q10	07-memory/02-reclaim-compression.md	Q10	"order 描述什么？为什么""回收出了很多页""仍可能救不了高阶分配？"
07-memory/02-reclaim-compression.md	Q11	07-memory/02-reclaim-compression.md	Q11	直接回收与直接规整都会拖慢分配线程，两者的顺序和 PSI 计入方式是什么？
07-memory/02-reclaim-compression.md	Q12	07-memory/02-reclaim-compression.md	Q12	`vm.compaction_proactiveness` 等规整参数怎么理解？调参实验要遵守什么纪律？
07-memory/02-reclaim-compression.md	Q13	07-memory/02-reclaim-compression.md	Q13	"分析""应用重新打开变慢""时，为什么必须先确认原进程还在？用什么证据区分换入恢复与冷启动？"
07-memory/02-reclaim-compression.md	Q14	07-memory/02-reclaim-compression.md	Q14	匿名页为什么要换出到 ZRAM？页面在 ZRAM、后备设备与交换缓存三种位置时恢复成本差在哪？
07-memory/02-reclaim-compression.md	Q15	07-memory/02-reclaim-compression.md	Q15	Android 13 的 ZRAM 写回与 Android 17 引入的 mmd 有什么机制差异？写回会给进程带来什么保护？
07-memory/02-reclaim-compression.md	Q16	07-memory/02-reclaim-compression.md	Q16	"为什么""换出总量""预测不了 ZRAM 恢复延迟？预取能解决多少？"
07-memory/02-reclaim-compression.md	Q17	07-memory/02-reclaim-compression.md	Q17	ARM MTE 检测内存错误的原理是什么？为什么说它是概率性检测？
07-memory/02-reclaim-compression.md	Q18	07-memory/02-reclaim-compression.md	Q18	MTE 的 SYNC、ASYNC 与 ASYMM 三种模式在报告行为和适用场景上有什么差别？
07-memory/02-reclaim-compression.md	Q19	07-memory/02-reclaim-compression.md	Q19	Android 如何把 manifest 的 memtagMode 决策传给 Bionic 与 Scudo？运行时能改吗？
07-memory/02-reclaim-compression.md	Q20	07-memory/02-reclaim-compression.md	Q20	只设置 memtagMode 覆盖不了哪些内存？栈与全局变量 MTE 如何启用、怎么验证？
07-memory/02-reclaim-compression.md	Q21	07-memory/02-reclaim-compression.md	Q21	端侧推理的四种部署方式在内存归属与隔离强度上有什么差别？为什么推理进程不会自动获得优先级保护？
07-memory/02-reclaim-compression.md	Q22	07-memory/02-reclaim-compression.md	Q22	用 Binder 传推理输入为什么容易失败？1 MiB、64 KiB 各是什么边界？
07-memory/02-reclaim-compression.md	Q23	07-memory/02-reclaim-compression.md	Q23	"SharedMemory 的 setProtect、close 与""零拷贝""各有什么语义边界？"
07-memory/02-reclaim-compression.md	Q24	07-memory/02-reclaim-compression.md	Q24	图像帧、模型权重、结构化数据分别该走什么通道？CursorWindow 的默认大小是多少？
07-memory/02-reclaim-compression.md	Q25	07-memory/02-reclaim-compression.md	Q25	一次端侧生成式推理的内存由哪些部分组成？权重和 KV cache 怎么估算？
07-memory/02-reclaim-compression.md	Q26	07-memory/02-reclaim-compression.md	Q26	MTE 用 4 位标签管理 16 字节粒度的内存，为什么不能据此换算出固定 PSS 增量？评估 MTE 成本要看哪些指标？
07-memory/03-app-memory-stability.md	Q1	07-memory/03-app-memory-stability.md	Q1	"一条""内存不足""告警可能来自哪几类资源失败？哪些会抛出 Java `OutOfMemoryError`？"
07-memory/03-app-memory-stability.md	Q2	07-memory/03-app-memory-stability.md	Q2	ART 抛出 Java 堆 `OutOfMemoryError` 时错误文本能读出什么？为什么不能只凭文本断定泄漏？
07-memory/03-app-memory-stability.md	Q3	07-memory/03-app-memory-stability.md	Q3	"`android:largeHeap=""true""` 能解决 OOM 吗？它的真实作用与边界是什么？"
07-memory/03-app-memory-stability.md	Q4	07-memory/03-app-memory-stability.md	Q4	哪些 native 失败会转换成 Java `OutOfMemoryError`？普通 `malloc` 失败为什么不是 OOME？
07-memory/03-app-memory-stability.md	Q5	07-memory/03-app-memory-stability.md	Q5	`pthread_create` 失败抛出的 `OutOfMemoryError` 应该怎样解读？线程数治理从哪里入手？
07-memory/03-app-memory-stability.md	Q6	07-memory/03-app-memory-stability.md	Q6	"`mmap` 返回 `ENOMEM` 时，为什么""内存用完""只是原因之一？32 位与 64 位进程分别怎么排查？"
07-memory/03-app-memory-stability.md	Q7	07-memory/03-app-memory-stability.md	Q7	OOM 前的降级应该怎么做？为什么不能指望 `UncaughtExceptionHandler` 里的抢救？
07-memory/03-app-memory-stability.md	Q8	07-memory/03-app-memory-stability.md	Q8	`onRenderProcessGone()` 的契约是什么？`didCrash()` 返回 false 能断定页面 OOM 吗？
07-memory/03-app-memory-stability.md	Q9	07-memory/03-app-memory-stability.md	Q9	"renderer 退出后的恢复流程为什么不能只做""新建一个 WebView""？卡死与低内存策略怎么配？"
07-memory/03-app-memory-stability.md	Q10	07-memory/03-app-memory-stability.md	Q10	"线上监控""Native Heap""时，为什么单一曲线会自相矛盾？要同时保留哪些维度？"
07-memory/03-app-memory-stability.md	Q11	07-memory/03-app-memory-stability.md	Q11	`mallinfo` 为什么只能当趋势计数器？bionic 的 `mallinfo2` 与 glibc 有什么不同？
07-memory/03-app-memory-stability.md	Q12	07-memory/03-app-memory-stability.md	Q12	PLT hook 拦截 `malloc/free` 做内存账本，为什么容易得到错误结论？
07-memory/03-app-memory-stability.md	Q13	07-memory/03-app-memory-stability.md	Q13	heapprofd 能提供什么、看不到什么？AAOS13 与 Android 15+ 的接入条件有何不同？
07-memory/03-app-memory-stability.md	Q14	07-memory/03-app-memory-stability.md	Q14	`mallopt` 的 purge 能不能修复泄漏？Scudo、GWP-ASan、HWASan、MTE 各自查什么？
07-memory/03-app-memory-stability.md	Q15	07-memory/03-app-memory-stability.md	Q15	"自研 arena、图形与媒体内存为什么必须""另建账""？这类增长怎么定位？"
07-memory/03-app-memory-stability.md	Q16	07-memory/03-app-memory-stability.md	Q16	"线上 Native 内存监控的 L0–L3 分层怎么落地？判定""泄漏""的最终依据是什么？"
07-memory/03-app-memory-stability.md	Q17	07-memory/03-app-memory-stability.md	Q17	FD 监控要区分哪些维度？为什么 `/proc/self/fd` 只能算近似快照？
07-memory/03-app-memory-stability.md	Q18	07-memory/03-app-memory-stability.md	Q18	"`RLIMIT_NOFILE` 与 `FD_SETSIZE` 是两条什么边界？""打开 FD 超过 1024 就会崩溃""错在哪里？"
07-memory/03-app-memory-stability.md	Q19	07-memory/03-app-memory-stability.md	Q19	fdsan 与 fdtrack 分别解决什么问题？为什么都不能当线上采集 SDK？
07-memory/03-app-memory-stability.md	Q20	07-memory/03-app-memory-stability.md	Q20	做 FD 事件采集（Hook）时，事件表为什么必须带 generation？实现上要处理哪些坑？
07-memory/03-app-memory-stability.md	Q21	07-memory/03-app-memory-stability.md	Q21	跨 JNI 边界的 FD 所有权协议要写清哪些内容？为什么不能按 readlink 目标决定 close？
07-memory/03-app-memory-stability.md	Q22	07-memory/03-app-memory-stability.md	Q22	FD 证据与 OOM、ANR、Native Crash 的关系是什么？哪些推论是越界？
07-memory/03-app-memory-stability.md	Q23	07-memory/03-app-memory-stability.md	Q23	FD 接近上限时应采取什么动作？fatal handler 里为什么只能写预生成摘要？
07-memory/03-app-memory-stability.md	Q24	07-memory/03-app-memory-stability.md	Q24	"Java 堆看起来健康、Native 内存却持续上涨，logcat 偶见 ""BinderProxy leak?""——这是什么泄漏？怎么确认与避免？"
07-memory/03-app-memory-stability.md	Q25	07-memory/03-app-memory-stability.md	Q25	"LeakCanary 报 Handler 持有 Activity、应用主线程""只处理异步消息""式卡死——Handler 体系有哪些经典泄漏与卡死模式？"
07-memory/04-app-memory-practice.md	Q1	07-memory/04-app-memory-practice.md	Q1	只看 `Runtime.maxMemory()` 和一次堆曲线就判断 Java 堆健康，为什么不可靠？应该比较哪些信号？
07-memory/04-app-memory-practice.md	Q2	07-memory/04-app-memory-practice.md	Q2	`LruCache` 的 `sizeOf` 计量和 `trimToSize` 行为有哪些边界？Android 14 之后应响应哪些 `onTrimMemory` 等级？
07-memory/04-app-memory-practice.md	Q3	07-memory/04-app-memory-practice.md	Q3	大 JSON 响应、一次性读大文件把堆峰值顶上去时，按什么顺序处理？`Sequence` 一定更省内存吗？
07-memory/04-app-memory-practice.md	Q4	07-memory/04-app-memory-practice.md	Q4	什么对象适合池化？为什么把短命小对象池化反而可能增加老年代压力？
07-memory/04-app-memory-practice.md	Q5	07-memory/04-app-memory-practice.md	Q5	内存抖动在 Perfetto 和分配记录里长什么样？为什么一次堆转储定位不了抖动？
07-memory/04-app-memory-practice.md	Q6	07-memory/04-app-memory-practice.md	Q6	Compose 页面退出后 Composition 仍存活、或重组阶段反复分配，分别怎么定位与处理？
07-memory/04-app-memory-practice.md	Q7	07-memory/04-app-memory-practice.md	Q7	"页面销毁后 heap dump 里对象仍可达，能直接下""内存泄漏""结论吗？"
07-memory/04-app-memory-practice.md	Q8	07-memory/04-app-memory-practice.md	Q8	监听器、回调和协程为什么必须在同一生命周期内注册与注销？
07-memory/04-app-memory-practice.md	Q9	07-memory/04-app-memory-practice.md	Q9	Context 引用、JNI global reference 和带 `close()` 协议的资源分别怎么避免泄漏？
07-memory/04-app-memory-practice.md	Q10	07-memory/04-app-memory-practice.md	Q10	用 heap dump 分析泄漏时 retained size、dominator 和 shortest path 怎么配合？修复点通常在哪里？
07-memory/04-app-memory-practice.md	Q11	07-memory/04-app-memory-practice.md	Q11	"LeakCanary 的工作流程是什么？""Library Leak"" 和 leak signature 应该怎么对待？"
07-memory/04-app-memory-practice.md	Q12	07-memory/04-app-memory-practice.md	Q12	`dumpsys meminfo` 的 Native Heap 增长可能来自哪几类映射？AAOS13 按什么规则归类？
07-memory/04-app-memory-practice.md	Q13	07-memory/04-app-memory-practice.md	Q13	"heapprofd 的启动机制和采样结果怎么解读？""采样间隔 4096""意味着每个分配都被记录吗？"
07-memory/04-app-memory-practice.md	Q14	07-memory/04-app-memory-practice.md	Q14	`.so` 库的内存要从哪三个维度拆开？各看什么指标、做什么动作？
07-memory/04-app-memory-practice.md	Q15	07-memory/04-app-memory-practice.md	Q15	`maps` 里的 `[anon:libwebview reservation]` 是什么？64 位进程为什么常见约 1 GiB 的 VSS 增量？
07-memory/04-app-memory-practice.md	Q16	07-memory/04-app-memory-practice.md	Q16	"对 ART 的 `dalvik-*` 空间做 `munmap`、长期持有 JNI 临界区指针，这些""压内存""手段为什么不成立？"
07-memory/04-app-memory-practice.md	Q17	07-memory/04-app-memory-practice.md	Q17	Bitmap 记账该用 `getByteCount` 还是 `getAllocationByteCount`？解码前怎么避免按原始尺寸分配像素？
07-memory/04-app-memory-practice.md	Q18	07-memory/04-app-memory-practice.md	Q18	Android 8.0 之后 Bitmap 像素存在哪？原生堆上升时怎么区分 Bitmap 分配与 JNI 泄漏？
07-memory/04-app-memory-practice.md	Q19	07-memory/04-app-memory-practice.md	Q19	Hardware Bitmap 什么时候必须避开？判断依据是什么？
07-memory/04-app-memory-practice.md	Q20	07-memory/04-app-memory-practice.md	Q20	统一解码入口的大图监控应该记录什么？为什么验收要比较峰值而不是平均值？
07-memory/04-app-memory-practice.md	Q21	07-memory/04-app-memory-practice.md	Q21	把模块拆到独立进程能减少应用内存吗？为什么 RSS 不能相加？
07-memory/04-app-memory-practice.md	Q22	07-memory/04-app-memory-practice.md	Q22	`android:largeHeap` 的作用范围和设备档位是什么关系？开启前要确认什么？
07-memory/04-app-memory-practice.md	Q23	07-memory/04-app-memory-practice.md	Q23	32 位应用迁移 64 位要检查什么？迁移能解决所有内存问题吗？
07-memory/04-app-memory-practice.md	Q24	07-memory/04-app-memory-practice.md	Q24	"端侧推理的内存为什么必须分阶段采样？一次""加载完成""的快照会漏掉什么？"
07-memory/04-app-memory-practice.md	Q25	07-memory/04-app-memory-practice.md	Q25	权重用只读 `mmap` 加载后 RSS 远小于文件大小，这说明什么？可以一直依赖吗？
07-memory/04-app-memory-practice.md	Q26	07-memory/04-app-memory-practice.md	Q26	"用 `availMem` 或""模型文件 × 1.5""判断设备能不能跑模型为什么不成立？应该用什么代替？"
07-memory/04-app-memory-practice.md	Q27	07-memory/04-app-memory-practice.md	Q27	"切换模型时""先加载新的再释放旧的""有什么代价？推理资源的正确释放顺序是什么？"
07-memory/04-app-memory-practice.md	Q28	07-memory/04-app-memory-practice.md	Q28	推理各阶段采样应读哪些字段？`VmRSS` 与 `VmHWM` 能互相替代吗？
07-memory/04-app-memory-practice.md	Q29	07-memory/04-app-memory-practice.md	Q29	线上内存监控的 PSS、RSS、Java Heap 与 native allocator 指标各能回答什么？`getProcessMemoryInfo()` 有什么限制？
07-memory/04-app-memory-practice.md	Q30	07-memory/04-app-memory-practice.md	Q30	线上内存告警为什么不能用跨设备固定百分比？告警要组合哪些信号才有排查价值？
07-memory/04-app-memory-practice.md	Q31	07-memory/04-app-memory-practice.md	Q31	Android 15/17 的 `ProfilingManager` 与 OOM/anomaly 触发器是什么？Android 13 应用能用吗？产物怎么治理？
07-memory/04-app-memory-practice.md	Q32	07-memory/04-app-memory-practice.md	Q32	"同样是""内存上涨""，弹窗泄漏、相机帧分配与图片解码三条曲线为什么结论完全不同？"
08-network/01-network-framework.md	Q1	08-network/01-network-framework.md	Q1	"ConnectivityManager 报告""已连接""意味着什么？为什么 isConnected() 被废弃？"
08-network/01-network-framework.md	Q2	08-network/01-network-framework.md	Q2	"默认网络怎么选出来？为什么连上新 Wi-Fi 会""自己切回去""？"
08-network/01-network-framework.md	Q3	08-network/01-network-framework.md	Q3	"应用怎么把流量固定到某个网络？有哪些""绑不住""的例外？"
08-network/01-network-framework.md	Q4	08-network/01-network-framework.md	Q4	Android 的 DNS 解析走哪条链路？Private DNS 是什么？
08-network/01-network-framework.md	Q5	08-network/01-network-framework.md	Q5	"Android 的策略路由怎么组织？""一张网卡一个路由表""对应用意味着什么？"
08-network/01-network-framework.md	Q6	08-network/01-network-framework.md	Q6	车机以太网在 Android 里是什么形态？与 Wi-Fi/蜂窝在框架里同权吗？
08-network/01-network-framework.md	Q7	08-network/01-network-framework.md	Q7	网络切换瞬间，旧网络上的套接字会怎样？应用该怎么写重连？
08-network/01-network-framework.md	Q8	08-network/01-network-framework.md	Q8	dumpsys connectivity 排查网络问题先看什么？
08-network/01-network-framework.md	Q9	08-network/01-network-framework.md	Q9	"VALIDATED 探测是怎么做的？私网-only 环境永远""未验证""，应用该怎么判断可用性？"
08-network/01-network-framework.md	Q10	08-network/01-network-framework.md	Q10	"一条底层链路要怎么才能变成""框架可见的网络""？NetworkAgent 扮演什么角色？"
08-network/01-network-framework.md	Q11	08-network/01-network-framework.md	Q11	"应用发出 NetworkRequest 之后，""网络""是怎么被拉起来的？"
08-network/01-network-framework.md	Q12	08-network/01-network-framework.md	Q12	netd 在网络管理面还管什么？带宽控制怎么实现？
08-network/01-network-framework.md	Q13	08-network/01-network-framework.md	Q13	"按流量计费的网络，应用该怎么适配？""连着 Wi-Fi""为什么不可信？"
08-network/01-network-framework.md	Q14	08-network/01-network-framework.md	Q14	"Android 的系统代理体系怎么工作？为什么""设了代理抓不到包""？"
08-network/01-network-framework.md	Q15	08-network/01-network-framework.md	Q15	验证探测地址本身不可达会怎样？这个地址能改吗？
08-network/01-network-framework.md	Q16	08-network/01-network-framework.md	Q16	"网络相关的系统权限阶梯是什么？OEM 应用为什么""改不动""网络设置？"
08-network/01-network-framework.md	Q17	08-network/01-network-framework.md	Q17	Connectivity 属于 Mainline 模块，ConnectivityService 跑在哪个进程？网络验证卡住时是 system_server 在发 HTTP 探测吗？
08-network/01-network-framework.md	Q18	08-network/01-network-framework.md	Q18	Wi-Fi 已连接且 NetworkCapabilities 里有 NET_CAPABILITY_INTERNET，为什么应用还是上不了网？一个网络能同时 available 又 blocked 吗？
08-network/01-network-framework.md	Q19	08-network/01-network-framework.md	Q19	NetworkMonitor 验证失败会宣布 Wi-Fi 断开吗？PARTIAL_CONNECTIVITY 是普通应用能用的常量吗？
08-network/01-network-framework.md	Q20	08-network/01-network-framework.md	Q20	"""Wi-Fi 60 分 + validated 40 分 = 100 分，比蜂窝 90 分高所以选 Wi-Fi""——这个打分模型对吗？系统实际怎么排序？"
08-network/01-network-framework.md	Q21	08-network/01-network-framework.md	Q21	registerDefaultNetworkCallback、registerNetworkCallback、requestNetwork 三者怎么选？为什么不能在 onAvailable 里同步调 getNetworkCapabilities()？
08-network/01-network-framework.md	Q22	08-network/01-network-framework.md	Q22	Wi-Fi 切到蜂窝后默认网络回调已收到新网络，为什么已有 TCP 连接还是断了？应用该怎么处理？
08-network/02-cellular-wireless.md	Q1	08-network/02-cellular-wireless.md	Q1	APN 配置从哪里来？类型有哪些、各干什么用？
08-network/02-cellular-wireless.md	Q2	08-network/02-cellular-wireless.md	Q2	Android 12 起蜂窝数据栈重写后的模型是什么？
08-network/02-cellular-wireless.md	Q3	08-network/02-cellular-wireless.md	Q3	"数据开关有哪几层？""某个应用被禁网""是怎么回事？"
08-network/02-cellular-wireless.md	Q4	08-network/02-cellular-wireless.md	Q4	"""信号满格但没网""怎么验证到系统层？"
08-network/02-cellular-wireless.md	Q5	08-network/02-cellular-wireless.md	Q5	热点与网络共享在车机上怎么做？有哪些配额问题？
08-network/02-cellular-wireless.md	Q6	08-network/02-cellular-wireless.md	Q6	Wi-Fi 的编程面有哪些？扫描节流是什么坑？
08-network/02-cellular-wireless.md	Q7	08-network/02-cellular-wireless.md	Q7	"Network Security Config 管什么？""cleartext 被禁""怎么按域放行？"
08-network/02-cellular-wireless.md	Q8	08-network/02-cellular-wireless.md	Q8	网络切换后请求批量失败，网络库层面怎么治理？
08-network/02-cellular-wireless.md	Q9	08-network/02-cellular-wireless.md	Q9	QUIC/HTTP3 在 Android 上怎么落地？什么场景值得上？
08-network/02-cellular-wireless.md	Q10	08-network/02-cellular-wireless.md	Q10	"证书校验与 pinning 在""十年生命周期""的车机上有什么特殊的坑？"
08-network/02-cellular-wireless.md	Q11	08-network/02-cellular-wireless.md	Q11	双卡设备的默认数据卡（DDS）切换，应用会感知到什么？
08-network/02-cellular-wireless.md	Q12	08-network/02-cellular-wireless.md	Q12	"车机信号图标""5G""怎么判？为什么显示 5G 时查数据制式还是 LTE？"
08-network/02-cellular-wireless.md	Q13	08-network/02-cellular-wireless.md	Q13	车机怎么接车厂/企业级 Wi-Fi（802.1X）？证书怎么下发与续期？
08-network/02-cellular-wireless.md	Q14	08-network/02-cellular-wireless.md	Q14	modem/RIL 崩溃重启后，数据连接会怎样？应用怎么表现？
08-network/02-cellular-wireless.md	Q15	08-network/02-cellular-wireless.md	Q15	信号强度怎么量化？业务自适应（如视频降码率）该拿什么做依据？
08-network/02-cellular-wireless.md	Q16	08-network/02-cellular-wireless.md	Q16	车辆驶过园区多个 Wi-Fi AP 之间漫游，应用会感知到什么？
08-network/02-cellular-wireless.md	Q17	08-network/02-cellular-wireless.md	Q17	5G 网络切片（S-NSSAI）在 Android 上怎么用？车机 TSP 能靠它保障吗？
08-network/02-cellular-wireless.md	Q18	08-network/02-cellular-wireless.md	Q18	"TelephonyManager 这类""同步""查询 API 背后跨了哪些进程？RemoteException 能说明 Modem 坏了吗？"
08-network/02-cellular-wireless.md	Q19	08-network/02-cellular-wireless.md	Q19	RIL 发出一条 radio 请求后怎么把响应对回原调用？Android 13 连 Radio HAL 用 AIDL 还是 HIDL？
08-network/02-cellular-wireless.md	Q20	08-network/02-cellular-wireless.md	Q20	同样是 Telephony 查询 API，为什么 getAllCellInfo 几乎瞬时、requestCellInfoUpdate 慢且限频、部分特权 API 还可能长时间阻塞？
08-network/02-cellular-wireless.md	Q21	08-network/02-cellular-wireless.md	Q21	一次信号强度变化经 TelephonyRegistry 怎样扇出到应用？同一 callback 反复注册会怎样？
08-network/02-cellular-wireless.md	Q22	08-network/02-cellular-wireless.md	Q22	"""蜂窝有信号但应用无网""时，Telephony 与 Connectivity 各管哪一段？DATA_CONNECTED 能说明能上互联网吗？"
08-network/02-cellular-wireless.md	Q23	08-network/02-cellular-wireless.md	Q23	"多卡代码里的 physical slot、phoneId、eSIM port、subscriptionId 是一回事吗？DSDS 设备""另一张卡一定周期性掉信号""吗？"
08-network/02-cellular-wireless.md	Q24	08-network/02-cellular-wireless.md	Q24	车机怎么在城市运营商热点间自动切换？Passpoint 是什么？
08-network/02-cellular-wireless.md	Q25	08-network/02-cellular-wireless.md	Q25	蜂窝空闲时第一个包为什么慢？频繁小包上报的电量代价怎么算？
08-network/02-cellular-wireless.md	Q26	08-network/02-cellular-wireless.md	Q26	无地面网络的区域怎么办？卫星直连（NTN）在 Android 上什么形态？
08-network/03-app-network-constraints.md	Q1	08-network/04-app-network-constraints.md	Q1	"Doze/App Standby 对网络做了什么？""设备息屏后长连接断了""该怎么归因？"
08-network/03-app-network-constraints.md	Q2	08-network/04-app-network-constraints.md	Q2	同步/下载任务的网络时机为什么应该交给 WorkManager 而不是自己判断？
08-network/03-app-network-constraints.md	Q3	08-network/04-app-network-constraints.md	Q3	线上 HTTPS 校验失败怎么分类诊断？车机有什么特有的坑？
08-network/03-app-network-constraints.md	Q4	08-network/04-app-network-constraints.md	Q4	IPv6 双栈下 socket 编程有哪些坑？
08-network/03-app-network-constraints.md	Q5	08-network/04-app-network-constraints.md	Q5	车机的 eSIM（下载式 SIM）在 Android 侧怎么工作？联网扮演什么角色？
08-network/03-app-network-constraints.md	Q6	08-network/04-app-network-constraints.md	Q6	应用层连接竞速（Happy Eyeballs 思想）怎么落地？
08-network/03-app-network-constraints.md	Q7	08-network/04-app-network-constraints.md	Q7	应用的网络指标监控应该埋哪些点才算体系？
08-network/03-app-network-constraints.md	Q8	08-network/04-app-network-constraints.md	Q8	HTTP 客户端的重试与幂等，系统化设计怎么做？
08-network/03-app-network-constraints.md	Q9	08-network/04-app-network-constraints.md	Q9	"为什么在主线程发网络请求会抛 NetworkOnMainThreadException？""release 版不抛""是真的吗？"
08-network/03-app-network-constraints.md	Q10	08-network/04-app-network-constraints.md	Q10	INTERNET 与 ACCESS_NETWORK_STATE 两个权限到底各管什么？
08-network/03-app-network-constraints.md	Q11	08-network/04-app-network-constraints.md	Q11	"TrafficStats 能统计什么？车机上""按业务分账""怎么实现？"
08-network/03-app-network-constraints.md	Q12	08-network/04-app-network-constraints.md	Q12	TLS 1.3 的 0-RTT 为什么有重放风险？车控场景怎么处理？
08-network/03-app-network-constraints.md	Q13	08-network/04-app-network-constraints.md	Q13	自研连接池的池 key 应该包含什么？少了哪一项就会跨网复用失败？
08-network/03-app-network-constraints.md	Q14	08-network/04-app-network-constraints.md	Q14	HTTP 缓存与条件请求怎么用？车机上省流量的正确姿势是什么？
08-network/04-transport-protocols.md	Q1	08-network/03-transport-protocols.md	Q1	TCP 是字节流没有消息边界，车云二进制协议怎么定界？
08-network/04-transport-protocols.md	Q2	08-network/03-transport-protocols.md	Q2	"车控指令偶尔""一顿一顿""延迟 40ms，跟 Nagle 算法有什么关系？"
08-network/04-transport-protocols.md	Q3	08-network/03-transport-protocols.md	Q3	TCP 自带的 keepalive 能用来做连接存活检测吗？
08-network/04-transport-protocols.md	Q4	08-network/03-transport-protocols.md	Q4	"""PC 浏览器 HTTPS 正常、车机/App 握手失败""——证书链不完整事故怎么定位？"
08-network/04-transport-protocols.md	Q5	08-network/03-transport-protocols.md	Q5	Linux/Android 的 TCP 拥塞控制是什么？应用层能利用什么结论？
08-network/04-transport-protocols.md	Q6	08-network/03-transport-protocols.md	Q6	自定义二进制协议的字节序与版本兼容怎么设计？
08-network/04-transport-protocols.md	Q7	08-network/03-transport-protocols.md	Q7	车云通道怎么选型——MQTT、HTTP(S)、私有 TCP/QUIC 各适合什么？
08-network/04-transport-protocols.md	Q8	08-network/03-transport-protocols.md	Q8	"车机开热点后""部分网站打不开""，为什么可能是网段冲突？"
08-network/04-transport-protocols.md	Q9	08-network/03-transport-protocols.md	Q9	"""连接还在但对方已经没了""——TCP 半开连接怎么发现与处理？"
08-network/04-transport-protocols.md	Q10	08-network/03-transport-protocols.md	Q10	DNS 劫持有哪些形态？HTTPDNS 为什么能防，怎么防得彻底？
08-network/04-transport-protocols.md	Q11	08-network/03-transport-protocols.md	Q11	HTTP/2 的多路复用与队头阻塞——什么场景该用、什么场景反而不划算？
08-network/04-transport-protocols.md	Q12	08-network/03-transport-protocols.md	Q12	业务拆成多条连接后，消息乱序怎么设计保序？
08-network/04-transport-protocols.md	Q13	08-network/03-transport-protocols.md	Q13	对端一直不 read 数据，本端的 send 会怎样？TCP 流量控制怎么工作？
08-network/04-transport-protocols.md	Q14	08-network/03-transport-protocols.md	Q14	高频小信号上报选 UDP 还是 TCP/MQTT？UDP 的坑在哪？
08-network/04-transport-protocols.md	Q15	08-network/03-transport-protocols.md	Q15	"车机大量短连接后""新连接建不出来""——TIME_WAIT 累积是怎么回事？"
08-network/04-transport-protocols.md	Q16	08-network/03-transport-protocols.md	Q16	"""网关 ping 不通但配好 IP 了""——二层（ARP）排查怎么做？"
08-network/05-vpn.md	Q1	08-network/06-vpn.md	Q1	VpnService 的数据面原理是什么？为什么说一个系统同时只有一个活跃 VPN？
08-network/05-vpn.md	Q2	08-network/06-vpn.md	Q2	"Builder 的 addAddress/addRoute/addDnsServer 各决定什么？""DNS 泄漏""是怎么发生的？"
08-network/05-vpn.md	Q3	08-network/06-vpn.md	Q3	VPN 应用自己连服务器为什么必须 protect()？漏掉的典型场景是什么？
08-network/05-vpn.md	Q4	08-network/06-vpn.md	Q4	分应用 VPN 怎么配？有哪些互相矛盾与不自洽的坑？
08-network/05-vpn.md	Q5	08-network/06-vpn.md	Q5	always-on 与 lockdown 是什么？对 VPN 应用有什么强制要求？
08-network/05-vpn.md	Q6	08-network/06-vpn.md	Q6	平台级 VPN（Ikev2VpnProfile/VpnManager）与自研 VpnService 怎么选？
08-network/05-vpn.md	Q7	08-network/06-vpn.md	Q7	车机上 VPN 与多 APN/多网卡怎么共存？谁的路由优先？
08-network/05-vpn.md	Q8	08-network/06-vpn.md	Q8	VPN 应用的常见故障怎么按生命周期归位？
08-network/05-vpn.md	Q9	08-network/06-vpn.md	Q9	VPN 的配置存哪里、诊断看哪里？
08-network/05-vpn.md	Q10	08-network/06-vpn.md	Q10	"VPN 隧道下""小包通、大包不通""——tun MTU 与分片黑洞怎么破？"
08-network/06-multi-apn-veth.md	Q1	08-network/05-multi-apn-veth.md	Q2	Android 里多个 APN 在底层长什么样？框架怎么管理？
08-network/06-multi-apn-veth.md	Q2	08-network/05-multi-apn-veth.md	Q3	"""虚拟网卡→物理蜂窝网卡""的隔离拓扑怎么读？为什么要引入 veth？"
08-network/06-multi-apn-veth.md	Q3	08-network/05-multi-apn-veth.md	Q4	应用怎么把流量绑定到指定网卡？Java 层 Network 绑定与内核 SO_BINDTODEVICE 是两套什么机制？
08-network/06-multi-apn-veth.md	Q4	08-network/05-multi-apn-veth.md	Q5	veth + SNAT 的数据路径里，SNAT 解决什么？为什么虚拟网关地址固定、物理地址可变？
08-network/06-multi-apn-veth.md	Q5	08-network/05-multi-apn-veth.md	Q6	"多 APN 下 DNS 为什么会""串""？私网域名的解析怎么保证走私网 DNS？"
08-network/06-multi-apn-veth.md	Q6	08-network/05-multi-apn-veth.md	Q7	"""解析成功但业务不通""在多 APN 环境怎么定位？"
08-network/06-multi-apn-veth.md	Q7	08-network/05-multi-apn-veth.md	Q8	双公网链路（双卡双通）怎么做无缝切换？
08-network/06-multi-apn-veth.md	Q8	08-network/05-multi-apn-veth.md	Q1	车机上网有哪两种形态？本项目属于哪种？
08-network/06-multi-apn-veth.md	Q9	08-network/05-multi-apn-veth.md	Q9	多 APN 私网隔离的安全设计要点是什么？
08-network/06-multi-apn-veth.md	Q10	08-network/05-multi-apn-veth.md	Q10	排查这类多网卡车机网络，随身工具箱有哪些？
08-network/06-multi-apn-veth.md	Q11	08-network/05-multi-apn-veth.md	Q11	多 APN 的配置从哪里下发？OEM 定制走哪条链？
08-network/06-multi-apn-veth.md	Q12	08-network/05-multi-apn-veth.md	Q12	"车机流量怎么管""用量与超限""？流量策略在哪一层生效？"
08-network/06-multi-apn-veth.md	Q13	08-network/05-multi-apn-veth.md	Q13	蜂窝走向 IPv6-only，车机的 v4 私网服务怎么办？CLAT 是什么？
08-network/06-multi-apn-veth.md	Q14	08-network/05-multi-apn-veth.md	Q14	OTA/地图包这类大文件下载，网络策略怎么设计才不踩坑？
08-network/06-multi-apn-veth.md	Q15	08-network/05-multi-apn-veth.md	Q15	车云 MQTT 通道（TSP/EMQX 类）怎么设计才能在弱网与休眠下不丢指令？
08-network/06-multi-apn-veth.md	Q16	08-network/05-multi-apn-veth.md	Q16	APN 激活失败怎么按错误码排查？
08-network/06-multi-apn-veth.md	Q17	08-network/05-multi-apn-veth.md	Q17	多业务要二层隔离时，VLAN 子接口在 Android 侧怎么落地？
08-network/06-multi-apn-veth.md	Q18	08-network/05-multi-apn-veth.md	Q18	"连接正常但业务数据""莫名其妙被改""——NAT/ALG 会破坏私有协议吗？"
08-network/06-multi-apn-veth.md	Q19	08-network/05-multi-apn-veth.md	Q19	手机想直连家里的车机（两端都在 NAT 后），怎么打洞？
08-network/07-vehicle-network.md	Q1	08-network/07-vehicle-network.md	Q1	整车 E/E 架构里有哪些网络域？Android 座舱在其中管什么、不管什么？
08-network/07-vehicle-network.md	Q2	08-network/07-vehicle-network.md	Q2	车载以太网骨干与 IT 以太网的差异是什么？为什么需要 TSN 和 gPTP？
08-network/07-vehicle-network.md	Q3	08-network/07-vehicle-network.md	Q3	整车的时间同步分几层？Android 侧管哪一段？
08-network/07-vehicle-network.md	Q4	08-network/07-vehicle-network.md	Q4	从独立 TBOX 到中央计算，Android 的网络形态怎么变？
08-network/07-vehicle-network.md	Q5	08-network/07-vehicle-network.md	Q5	跨域路由与隔离的设计原则是什么？
08-network/07-vehicle-network.md	Q6	08-network/07-vehicle-network.md	Q6	车内的服务发现怎么做？mDNS 在车机上有什么坑？
08-network/07-vehicle-network.md	Q7	08-network/07-vehicle-network.md	Q7	车机的流量统计与计费在系统层怎么做？
08-network/07-vehicle-network.md	Q8	08-network/07-vehicle-network.md	Q8	能不能让 Wi-Fi 和蜂窝同时用起来做下载加速？多路径怎么管？
08-network/07-vehicle-network.md	Q9	08-network/07-vehicle-network.md	Q9	无 GMS 的车机，长连接与推送怎么设计？
08-network/07-vehicle-network.md	Q10	08-network/07-vehicle-network.md	Q10	车端的远程运维与诊断通道怎么设计？
08-network/07-vehicle-network.md	Q11	08-network/07-vehicle-network.md	Q11	"车机""同时连 Wi-Fi 又开热点""（STA+AP 并发）怎么实现？出口怎么选？"
08-network/07-vehicle-network.md	Q12	08-network/07-vehicle-network.md	Q12	车辆下电/休眠后，网络还活着吗？远程控车为什么设计在常供电域？
08-network/07-vehicle-network.md	Q13	08-network/07-vehicle-network.md	Q13	mDNS/SSDP 收不到包，除了 AP 隔离还有什么开关？
08-network/07-vehicle-network.md	Q14	08-network/07-vehicle-network.md	Q14	乘员热点看视频时车控指令延迟暴涨——bufferbloat 怎么破？
08-network/08-vehicle-security.md	Q1	08-network/08-vehicle-security.md	Q1	车机的网络攻击面有哪些？按通道怎么盘点？
08-network/08-vehicle-security.md	Q2	08-network/08-vehicle-security.md	Q2	远程控车指令走了 TLS，为什么还要应用层签名与防重放？
08-network/08-vehicle-security.md	Q3	08-network/08-vehicle-security.md	Q3	"传输安全基线是什么？""私网 APN""为什么也要加密？"
08-network/08-vehicle-security.md	Q4	08-network/08-vehicle-security.md	Q4	固件与配置下发的校验怎么做？怎么防降级？
08-network/08-vehicle-security.md	Q5	08-network/08-vehicle-security.md	Q5	量产车机上哪些调试接口必须治理？
08-network/08-vehicle-security.md	Q6	08-network/08-vehicle-security.md	Q6	网络入侵的检测与响应在车端怎么落地？
08-network/08-vehicle-security.md	Q7	08-network/08-vehicle-security.md	Q7	车端的信任锚（根证书）体系怎么管理？
08-network/08-vehicle-security.md	Q8	08-network/08-vehicle-security.md	Q8	近场三通道（Wi-Fi 热点、蓝牙、USB）各自的加固清单是什么？
08-network/09-network-diagnostics.md	Q1	08-network/10-network-diagnostics.md	Q1	Android 上抓包需要什么权限？user 版设备为什么抓不了？
08-network/09-network-diagnostics.md	Q2	08-network/10-network-diagnostics.md	Q2	tcpdump -i any 抓出来的包为什么没有以太网头？过滤器怎么写才不吃亏？
08-network/09-network-diagnostics.md	Q3	08-network/10-network-diagnostics.md	Q3	ip/ss 工具族在车机上分别看什么？
08-network/09-network-diagnostics.md	Q4	08-network/10-network-diagnostics.md	Q4	拿不到 root 的量产车机，网络问题怎么取证？
08-network/09-network-diagnostics.md	Q5	08-network/10-network-diagnostics.md	Q5	Perfetto/ftrace 能看到哪些网络轨迹？
08-network/09-network-diagnostics.md	Q6	08-network/10-network-diagnostics.md	Q6	ping/traceroute 的结果怎么读才不会误判？
08-network/09-network-diagnostics.md	Q7	08-network/10-network-diagnostics.md	Q7	车机上没有 dig/nslookup，DNS 问题怎么查？
08-network/09-network-diagnostics.md	Q8	08-network/10-network-diagnostics.md	Q8	车机网络的弱网/异常场景怎么在台架上造出来？
08-network/09-network-diagnostics.md	Q9	08-network/10-network-diagnostics.md	Q9	radio log、tcpdump、应用埋点三个时间轴对不齐，怎么对齐？
08-network/09-network-diagnostics.md	Q10	08-network/10-network-diagnostics.md	Q10	带宽怎么实测？iperf3 的用法与测速陷阱有哪些？
08-network/10-app-network-practice.md	Q1	08-network/09-app-network-practice.md	Q1	OkHttp 的自定义 `Dns.lookup()` 在什么时机执行，为什么不能在这个同步回调里现场发起 HTTPDNS 网络请求？
08-network/10-app-network-practice.md	Q2	08-network/09-app-network-practice.md	Q2	生产日志里没有出现 OkHttp 的 `dnsStart` 事件，能断定自定义解析模块没有生效吗？
08-network/10-app-network-practice.md	Q3	08-network/09-app-network-practice.md	Q3	HTTPDNS 的缓存键里为什么必须带网络标识？网络切换后旧网络的解析结果还能用吗？
08-network/10-app-network-practice.md	Q4	08-network/09-app-network-practice.md	Q4	HTTPDNS 缓存记录的 TTL、时钟基准与磁盘快照应该怎么处理？
08-network/10-app-network-practice.md	Q5	08-network/09-app-network-practice.md	Q5	用 HTTPDNS 替换系统解析后，Private DNS、VPN 与企业分域解析的边界是什么？
08-network/10-app-network-practice.md	Q6	08-network/09-app-network-practice.md	Q6	"把 HTTPS URL 改写成 IP 直连、或让 HTTPDNS 只返回一个""最优 IP""，分别破坏了 OkHttp 与 TLS 的什么机制？"
08-network/10-app-network-practice.md	Q7	08-network/09-app-network-practice.md	Q7	"应用看到的默认网络是哪两层决策的结果？为什么不能用一个自定义""网络分数""复刻系统选网？"
08-network/10-app-network-practice.md	Q8	08-network/09-app-network-practice.md	Q8	"Wi-Fi 信号变差后系统为什么不立刻切换？应用能只用 RSSI 判断""该切网了""吗？"
08-network/10-app-network-practice.md	Q9	08-network/09-app-network-practice.md	Q9	网络切换发生时，应用应该做什么、不该做什么？怎么度量一次切换对业务的影响？
08-network/10-app-network-practice.md	Q10	08-network/09-app-network-practice.md	Q10	OEM 设备上的 Wi-Fi 选网行为与 AOSP 不同，怎么分层取证而不是按机型印象下结论？
08-network/10-app-network-practice.md	Q11	08-network/09-app-network-practice.md	Q11	想用 HTTP/3 提升切网后的连接恢复，OkHttp 直接升级够吗？QUIC 连接迁移的边界在哪？
08-network/10-app-network-practice.md	Q12	08-network/09-app-network-practice.md	Q12	`TRANSPORT_SATELLITE` 与缺少 `NET_CAPABILITY_NOT_BANDWIDTH_CONSTRAINED` 是什么关系？低数据模式按哪个判断？
08-network/10-app-network-practice.md	Q13	08-network/09-app-network-practice.md	Q13	约束网络（如卫星）下，请求应该怎么分级？重试在什么条件下才有意义？
08-network/10-app-network-practice.md	Q14	08-network/09-app-network-practice.md	Q14	FCM 的 `bandwidth_constrained_ok` 与 `restricted_satellite_ok` 各承诺什么？为什么不能给所有推送开启？
08-network/10-app-network-practice.md	Q15	08-network/09-app-network-practice.md	Q15	Android 17 的运营商流媒体速率上限怎么读、怎么接入 ABR？双卡设备要注意什么？
08-network/10-app-network-practice.md	Q16	08-network/09-app-network-practice.md	Q16	Android 17 的本地网络访问限制覆盖哪些流量？权限被拒后怎么归因？
08-network/10-app-network-practice.md	Q17	08-network/09-app-network-practice.md	Q17	Android 移动数据语境下的 quota 是限速还是限总量？几类容易混淆的配额概念怎么分？
08-network/10-app-network-practice.md	Q18	08-network/09-app-network-practice.md	Q18	一条接口上限规则从 `NetworkPolicyManagerService` 到内核经历了什么？warning 为什么不会拒绝流量？
08-network/10-app-network-practice.md	Q19	08-network/09-app-network-practice.md	Q19	"套餐流量超过强制上限后，手机上会依次发生什么？""延后提醒""影响什么？"
08-network/10-app-network-practice.md	Q20	08-network/09-app-network-practice.md	Q20	应用侧怎么观察并适配 Data Saver 与计量网络？
08-network/10-app-network-practice.md	Q21	08-network/09-app-network-practice.md	Q21	"""移动数据变慢/用不了""的排查顺序是什么？"
08-network/10-app-network-practice.md	Q22	08-network/09-app-network-practice.md	Q22	Android 17 让 RFCOMM `BluetoothSocket.read()` 返回 -1 的生效条件是什么？-1 能证明远端正常断开吗？
08-network/10-app-network-practice.md	Q23	08-network/09-app-network-practice.md	Q23	蓝牙长连接的读循环、关闭取消与消息分帧应该怎么治理？
08-network/10-app-network-practice.md	Q24	08-network/09-app-network-practice.md	Q24	断线归因事件与重连预算应该怎么设计，才不会出现旧事件覆盖新连接、重连风暴？
08-network/10-app-network-practice.md	Q25	08-network/09-app-network-practice.md	Q25	NFC 标签读取、HCE 与 off-host 卡模拟的区别是什么？一条 SELECT AID 怎么决定去哪？
08-network/10-app-network-practice.md	Q26	08-network/09-app-network-practice.md	Q26	"HCE 交易""只有首个 APDU 慢""和""每个 APDU 都慢""分别查什么？`processCommandApdu()` 的线程约束是什么？"
08-network/10-app-network-practice.md	Q27	08-network/09-app-network-practice.md	Q27	targetSdk 升到 37 后 NFC 标签不再拉起 Activity，可能踩了哪些 Android 17 适配点？
08-network/10-app-network-practice.md	Q28	08-network/09-app-network-practice.md	Q28	HCE 的性能优化能优化到哪一层？怎么证明优化有效而不是碰运气？
08-network/10-app-network-practice.md	Q29	08-network/09-app-network-practice.md	Q29	Retrofit 怎样把带注解的 Java 接口变成 HTTP 请求？
08-network/10-app-network-practice.md	Q30	08-network/09-app-network-practice.md	Q30	Retrofit 的接口方法如何表达查询参数与表单请求，为什么不应在 UI 回调里直接拼完整 URL？
09-audio/01-aosp-audio.md	Q1	09-audio/01-aosp-audio.md	Q1	"audioserver 为什么独立成进程？里面固定跑哪些服务，AAudioService 为什么是""条件启动""？"
09-audio/01-aosp-audio.md	Q2	09-audio/01-aosp-audio.md	Q2	audioserver 或音频 HAL 崩溃后系统怎样恢复？应用侧会观察到什么？
09-audio/01-aosp-audio.md	Q3	09-audio/01-aosp-audio.md	Q3	一条流从 AudioAttributes 到具体设备，路由决策在哪完成？两个策略引擎差在哪？
09-audio/01-aosp-audio.md	Q4	09-audio/01-aosp-audio.md	Q4	Android 13 的 audio_policy_configuration.xml 四个顶层标签各描述什么？
09-audio/01-aosp-audio.md	Q5	09-audio/01-aosp-audio.md	Q5	Android 14 引入 AIDL Audio HAL 后，HIDL 与 AIDL 的接口边界怎么理解？
09-audio/01-aosp-audio.md	Q6	09-audio/01-aosp-audio.md	Q6	AudioFlinger 按输出 flags 选混音线程，分支是什么？deep_buffer 为什么没有专属线程类？
09-audio/01-aosp-audio.md	Q7	09-audio/01-aosp-audio.md	Q7	Direct 与 Offload 输出接受音轨的约束，和传统混音差在哪？
09-audio/01-aosp-audio.md	Q8	09-audio/01-aosp-audio.md	Q8	一条流最终音量由哪几层叠加？铃声静音模式为什么只静一部分流？
09-audio/01-aosp-audio.md	Q9	09-audio/01-aosp-audio.md	Q9	音效链以什么为单位组织？session 效果与设备级效果差在哪？
09-audio/01-aosp-audio.md	Q10	09-audio/01-aosp-audio.md	Q10	AudioTrack 的 MODE_STATIC 与 MODE_STREAM 差在哪？什么场景选 STATIC？
09-audio/01-aosp-audio.md	Q11	09-audio/01-aosp-audio.md	Q11	录音路径与播放路径怎么对称？哪些控制不归 AudioFlinger 管？
09-audio/01-aosp-audio.md	Q12	09-audio/01-aosp-audio.md	Q12	dumpsys media.audio_flinger 与 dumpsys audio 分别回答什么问题？
09-audio/01-aosp-audio.md	Q13	09-audio/01-aosp-audio.md	Q13	MixerThread 一个混音周期内部经过哪几块缓冲？
09-audio/01-aosp-audio.md	Q14	09-audio/01-aosp-audio.md	Q14	MixerThread 的 prepareTracks_l 如何准备每条待混音音轨？
09-audio/01-aosp-audio.md	Q15	09-audio/01-aosp-audio.md	Q15	FastMixer 和普通混音线程怎么协作？MonoPipe/NBAIO 是什么？
09-audio/01-aosp-audio.md	Q16	09-audio/01-aosp-audio.md	Q16	"普通混音线程上音轨采样率与输出不一致会被拒绝吗？""混音器只接受不超过输出 2 倍采样率""的说法对吗？"
09-audio/01-aosp-audio.md	Q17	09-audio/01-aosp-audio.md	Q17	AAudio MMAP 路径的共享缓冲内部是什么结构？服务端由哪些组件组成？
09-audio/01-aosp-audio.md	Q18	09-audio/01-aosp-audio.md	Q18	AudioTrack.getTimestamp() 返回的帧位置和时间怎样解释？什么时候拿不到？
09-audio/01-aosp-audio.md	Q19	09-audio/01-aosp-audio.md	Q19	"无声问题想确认""系统内部哪一段开始没数据""，AudioFlinger 有什么抓音手段？"
09-audio/02-phone-audio-focus.md	Q1	09-audio/02-phone-audio-focus.md	Q1	调用 requestAudioFocus() 之后，系统里发生了什么？焦点栈是怎么仲裁的？
09-audio/02-phone-audio-focus.md	Q2	09-audio/02-phone-audio-focus.md	Q2	"收到 AUDIOFOCUS_LOSS_TRANSIENT_CAN_DUCK 该怎么表现？焦点丢失后能""自己恢复""吗？"
09-audio/02-phone-audio-focus.md	Q3	09-audio/02-phone-audio-focus.md	Q3	音量滑条调的到底是什么？AudioAttributes 与旧 stream type 什么关系？
09-audio/02-phone-audio-focus.md	Q4	09-audio/02-phone-audio-focus.md	Q4	ACTION_AUDIO_BECOMING_NOISY 什么时候广播？该怎么用？
09-audio/02-phone-audio-focus.md	Q5	09-audio/02-phone-audio-focus.md	Q5	通话/语音类应用怎么选路由？setCommunicationDevice 与老的 setSpeakerphoneOn 什么关系？
09-audio/02-phone-audio-focus.md	Q6	09-audio/02-phone-audio-focus.md	Q6	两个应用同时录音，谁拿到声音？
09-audio/02-phone-audio-focus.md	Q7	09-audio/02-phone-audio-focus.md	Q7	麦克风隐私指示与后台录音限制是怎么叠加的？
09-audio/03-aaos-audio.md	Q1	09-audio/03-aaos-audio.md	Q1	车机音频架构比手机多了哪些车载层？AudioControl HAL 和 car_audio_configuration.xml 各负责什么？
09-audio/03-aaos-audio.md	Q2	09-audio/03-aaos-audio.md	Q2	car_audio_configuration.xml 的结构如何组织？Android 13 能解析哪些版本？
09-audio/03-aaos-audio.md	Q3	09-audio/03-aaos-audio.md	Q3	CarAudioContext 为什么把几十种 usage 归并成 13 个 context？哪些子系统以它为键？
09-audio/03-aaos-audio.md	Q4	09-audio/03-aaos-audio.md	Q4	CarAudioService 怎样把 context 路由到 bus？静态 XML 与动态 AudioMix 各负责什么？
09-audio/03-aaos-audio.md	Q5	09-audio/03-aaos-audio.md	Q5	多音区下应用的播放路由和焦点分别怎样归属？落错区怎么查？
09-audio/03-aaos-audio.md	Q6	09-audio/03-aaos-audio.md	Q6	音量组增益经过哪条调用链？它与 AudioFlinger 流音量有什么区别？
09-audio/03-aaos-audio.md	Q7	09-audio/03-aaos-audio.md	Q7	物理音量键怎么知道该调哪个区、哪个组？
09-audio/03-aaos-audio.md	Q8	09-audio/03-aaos-audio.md	Q8	"车机焦点裁决与手机""栈式""行为差在哪？矩阵怎么工作？"
09-audio/03-aaos-audio.md	Q9	09-audio/03-aaos-audio.md	Q9	焦点请求什么时候返回 DELAYED？应用该怎么处理？
09-audio/03-aaos-audio.md	Q10	09-audio/03-aaos-audio.md	Q10	ducking 由谁执行？被压低的是哪些设备？
09-audio/03-aaos-audio.md	Q11	09-audio/03-aaos-audio.md	Q11	"车机的 mute 与""音量调零""、AudioFlinger master mute 差在哪？"
09-audio/03-aaos-audio.md	Q12	09-audio/03-aaos-audio.md	Q12	车外系统（雷达、ECU）的声音怎样进入 Android 焦点裁决？
09-audio/03-aaos-audio.md	Q13	09-audio/03-aaos-audio.md	Q13	CarAudioZonesValidator 会拒绝哪些非法配置？多音区无声怎样排查？
09-audio/03-aaos-audio.md	Q14	09-audio/03-aaos-audio.md	Q14	Android 13 的 AudioControl HAL 版本分别提供什么能力？哪些功能受接口版本限制？
09-audio/03-aaos-audio.md	Q15	09-audio/03-aaos-audio.md	Q15	"Android 13 的车机音频有哪些""还做不到""？哪些要等 14+？"
09-audio/04-audio-latency.md	Q1	09-audio/04-audio-latency.md	Q1	48 kHz 下 240 帧的缓冲区就是 5 ms 输出延迟吗？设备声明低延迟能证明当前路由够快吗？
09-audio/04-audio-latency.md	Q2	09-audio/04-audio-latency.md	Q2	一条 AudioTrack 从创建到出声，控制面和数据面分别走哪里？为什么每个缓冲区并不会各经过一次 Binder？
09-audio/04-audio-latency.md	Q3	09-audio/04-audio-latency.md	Q3	应用请求低延迟轨却被降级为普通混音，AudioFlinger 按什么条件接纳 FAST？为什么默认只有 7 条应用快速音轨？
09-audio/04-audio-latency.md	Q4	09-audio/04-audio-latency.md	Q4	用 AAudio 写的应用一定绕过 AudioFlinger 吗？请求 EXCLUSIVE 后实际得到 SHARED 又说明什么？
09-audio/04-audio-latency.md	Q5	09-audio/04-audio-latency.md	Q5	低延迟音频回调应避免什么？xrun 计数增长就一定是缓冲区太小吗？
09-audio/04-audio-latency.md	Q6	09-audio/04-audio-latency.md	Q6	长音频播放什么时候值得启用 offload？怎样确认实际走了 offload？
09-audio/04-audio-latency.md	Q7	09-audio/04-audio-latency.md	Q7	怎样验证 offload 的省电收益？为什么发布开关要按功能组合拆分？
09-audio/04-audio-latency.md	Q8	09-audio/04-audio-latency.md	Q8	AudioTrack.write(WRITE_BLOCKING) 返回后，数据到哪了？为什么可能只写入一部分？
09-audio/04-audio-latency.md	Q9	09-audio/04-audio-latency.md	Q9	AudioTrack 要立即停止时该用 stop() 吗？静态模式的短音效怎样重播？
09-audio/04-audio-latency.md	Q10	09-audio/04-audio-latency.md	Q10	SoundPool 适合什么声音？为什么 load() 完成前调用 play() 可能无声？
09-audio/04-audio-latency.md	Q11	09-audio/04-audio-latency.md	Q11	AAudio 调缓冲时，framesPerBurst、buffer size 和 capacity 各是什么关系？怎样用 xrun 找到合适缓冲？
09-audio/05-bluetooth-audio.md	Q1	09-audio/05-bluetooth-audio.md	Q1	用 LDAC 或 aptX 时，为什么不能按编解码器名称套固定延迟？必须经蓝牙出声的产品该怎样验证？
09-audio/05-bluetooth-audio.md	Q2	09-audio/05-bluetooth-audio.md	Q2	LE Audio 使用 7.5 ms LC3 帧时，为什么不能据此推出端到端延迟是 20–40 ms？
09-audio/05-bluetooth-audio.md	Q3	09-audio/05-bluetooth-audio.md	Q3	LE Audio 单播 CIS/CIG 与广播 BIS/BIG 在可靠性和扩展性上有什么区别？
09-audio/05-bluetooth-audio.md	Q4	09-audio/05-bluetooth-audio.md	Q4	手机有音频 DSP，LE Audio 编码就一定由硬件 offload 吗？怎样判断它对功耗的影响？
09-audio/05-bluetooth-audio.md	Q5	09-audio/05-bluetooth-audio.md	Q5	普通 Android 应用能控制 LE Audio 的哪些部分，哪些能力不能当作公开应用接口？
09-audio/05-bluetooth-audio.md	Q6	09-audio/05-bluetooth-audio.md	Q6	助听设备使用 ASHA 或 HAP 时，为什么不能把 HAP 描述成“用 BLE 替代 Classic ASHA”？
09-audio/05-bluetooth-audio.md	Q7	09-audio/05-bluetooth-audio.md	Q7	经典蓝牙耳机播放 A2DP 音乐时来电切到 HFP/SCO，为什么会短暂无声或仍从扬声器出声？
09-audio/05-bluetooth-audio.md	Q8	09-audio/05-bluetooth-audio.md	Q8	蓝牙耳机与手机的音量不同步时，怎样判断是 AVRCP 绝对音量映射还是本地音量控制问题？
09-audio/06-audio-decisions.md	Q1	09-audio/06-audio-decisions.md	Q1	用户点击车机按钮播放 100 ms 音效，为什么不能先问“该用哪个播放器”？
09-audio/06-audio-decisions.md	Q2	09-audio/06-audio-decisions.md	Q2	点击音效与音乐“混声、压低、暂停、拒绝”分别是哪层决定的？
09-audio/06-audio-decisions.md	Q3	09-audio/06-audio-decisions.md	Q3	媒体正在播放时，一个普通 `SYSTEM_SOUND` 点击音默认会抢焦还是共存？
09-audio/06-audio-decisions.md	Q4	09-audio/06-audio-decisions.md	Q4	为什么“焦点授予”仍可能无声，“焦点失败”却可能听见声？
09-audio/06-audio-decisions.md	Q5	09-audio/06-audio-decisions.md	Q5	车机界面里的“当前音源”与 AudioFocusInfo 的“当前持焦者”为什么不一定相同？
09-audio/06-audio-decisions.md	Q6	09-audio/06-audio-decisions.md	Q6	FM 收音机等 Android 外部音源如何参与焦点，是否必须把模拟/数字音频送进 AudioFlinger？
09-audio/07-focus-api.md	Q1	09-audio/07-focus-api.md	Q1	应用要开始一段声音，AudioManager、AudioAttributes、AudioFocusRequest 各负责什么？
09-audio/07-focus-api.md	Q2	09-audio/07-focus-api.md	Q2	如何写一个与播放器解耦、能用于短时音效的焦点控制器？
09-audio/07-focus-api.md	Q3	09-audio/07-focus-api.md	Q3	媒体应用收到 loss、transient loss、duckable loss 时，何时恢复？
09-audio/07-focus-api.md	Q4	09-audio/07-focus-api.md	Q4	车机焦点被拒或延迟时，应用界面应如何呈现？
09-audio/08-focus-flow.md	Q1	09-audio/08-focus-flow.md	Q1	应用调用 requestAudioFocus 后，谁真正管理焦点？为什么同时出现 AudioManager、AudioService 和 CarAudioService？
09-audio/08-focus-flow.md	Q2	09-audio/08-focus-flow.md	Q2	为什么不能把手机焦点栈与 AAOS 焦点矩阵混为一谈？
09-audio/08-focus-flow.md	Q3	09-audio/08-focus-flow.md	Q3	焦点请求的 clientId、监听器、UID、package 和 AudioAttributes 在跨进程过程中各有什么用？
09-audio/08-focus-flow.md	Q4	09-audio/08-focus-flow.md	Q4	一次短音效先返回 GRANTED，随后媒体没有停，是谁“没处理焦点”？
09-audio/09-car-focus.md	Q1	09-audio/09-car-focus.md	Q1	CarAudioContext 与 AudioAttributes.usage 为什么都要有，矩阵又怎样查？
09-audio/09-car-focus.md	Q2	09-audio/09-car-focus.md	Q2	默认矩阵说 CONCURRENT，为什么新请求还是可能让旧媒体失焦？
09-audio/09-car-focus.md	Q3	09-audio/09-car-focus.md	Q3	车机同时有音乐、导航、点击音三名请求者，为什么不能只查两两矩阵中的一格？
09-audio/09-car-focus.md	Q4	09-audio/09-car-focus.md	Q4	同一辆车主驾听音乐、副驾播视频，为什么副驾请求通常不抢主驾焦点？
09-audio/09-car-focus.md	Q5	09-audio/09-car-focus.md	Q5	焦点何时 DELAYED，为什么短点击声不应排队？
09-audio/10-routing-volume.md	Q1	09-audio/10-routing-volume.md	Q1	焦点获准之后，是什么把 `USAGE_ASSISTANCE_SONIFICATION` 送到某个 bus？
09-audio/10-routing-volume.md	Q2	09-audio/10-routing-volume.md	Q2	`car_audio_configuration.xml` 与 `audio_policy_configuration.xml` 为什么不能互相代替？
09-audio/10-routing-volume.md	Q3	09-audio/10-routing-volume.md	Q3	车机的“媒体音量”到底调什么，为什么同一只扬声器上的两种声不一定能单独 duck？
09-audio/10-routing-volume.md	Q4	09-audio/10-routing-volume.md	Q4	“音源在副驾屏，却从主驾扬声器出声”应按什么顺序查？
09-audio/11-playback-hal.md	Q1	09-audio/11-playback-hal.md	Q1	点击音与音乐用什么 API 播放，为什么“申请到焦点”仍不等于“播放器准备好了”？
09-audio/11-playback-hal.md	Q2	09-audio/11-playback-hal.md	Q2	Audio HAL 与 AudioControl HAL 听起来很像，职责如何划分？
09-audio/11-playback-hal.md	Q3	09-audio/11-playback-hal.md	Q3	音乐和导航已经“并发持焦”，什么时候在 Android 混合，什么时候在车载 DSP 混合？
09-audio/11-playback-hal.md	Q4	09-audio/11-playback-hal.md	Q4	为什么“duck 指令发了，媒体却没变小”要查 HAL 版本和配置？
09-audio/12-diagnostics.md	Q1	09-audio/12-diagnostics.md	Q1	要证明“点击音与媒体如何共存”，最少应设计哪些对照实验？
09-audio/12-diagnostics.md	Q2	09-audio/12-diagnostics.md	Q2	一次点击无声，怎样按层定位，而不是马上改 SoundPool 或 HAL？
09-audio/12-diagnostics.md	Q3	09-audio/12-diagnostics.md	Q3	哪些 dumpsys 能分别回答焦点、路由与混音问题？
09-audio/12-diagnostics.md	Q4	09-audio/12-diagnostics.md	Q4	播放器确实 STARTED、焦点 GRANTED，为什么要检查“音效 usage 与焦点 usage 不一致”？
09-audio/12-diagnostics.md	Q5	09-audio/12-diagnostics.md	Q5	“音乐被压低却没有 Android 播放器请求焦点”还应查哪里？
09-audio/12-diagnostics.md	Q6	09-audio/12-diagnostics.md	Q6	AAOS 13 文档与网上新版文章对不上时，先核哪些版本边界？
09-audio/13-defect-bluetooth-mechanisms.md	Q1	09-audio/13-defect-bluetooth-mechanisms.md	Q1	"副蓝牙自动回连执行期间，用户点击""刷新""发起设备扫描为什么会立即无响应？正确的打断与补偿方案是什么？（SIR-7390）"
09-audio/13-defect-bluetooth-mechanisms.md	Q2	09-audio/13-defect-bluetooth-mechanisms.md	Q2	车机前后排耳机两路蓝牙连接已占满时，点击第三台已配对设备为什么静默无响应？资源满载时的置换连接应该怎么做？（SIR-8556）
09-audio/13-defect-bluetooth-mechanisms.md	Q3	09-audio/13-defect-bluetooth-mechanisms.md	Q3	"切换已配对蓝牙设备时，""先 disconnect 旧设备、固定延时 160ms 再 connect 新设备""为什么经常要反复切换才能成功？（SIR-3261）"
09-audio/13-defect-bluetooth-mechanisms.md	Q4	09-audio/13-defect-bluetooth-mechanisms.md	Q4	"点击已配对蓝牙设备发起连接时，哪些代码形态会把用户的点击""静默吞掉""？连接入口应该如何设计兜底？（SIR-1435）"
09-audio/13-defect-bluetooth-mechanisms.md	Q5	09-audio/13-defect-bluetooth-mechanisms.md	Q5	蓝牙开关状态保存在 UI 层静态变量（如 Constant.BT_ON）会造成什么失步？状态应该收敛到哪里？（SIR-1003）
09-audio/13-defect-bluetooth-mechanisms.md	Q6	09-audio/13-defect-bluetooth-mechanisms.md	Q6	"反复开关蓝牙后，开关""显示关闭、再点击无法开启""的死锁是怎样形成的？（SIR-8679）"
09-audio/13-defect-bluetooth-mechanisms.md	Q7	09-audio/13-defect-bluetooth-mechanisms.md	Q7	前后排蓝牙耳机同时连接时来电双方无声，为什么不能等协议栈自己恢复？连接失败的重试逻辑应该怎么设计？（SIR-4601）
09-audio/13-defect-bluetooth-mechanisms.md	Q8	09-audio/13-defect-bluetooth-mechanisms.md	Q8	"已配对设备重新出现在可配对扫描列表里，为什么排查方向应是""配对调用次数""而不是""列表过滤""？（SIR-5800）"
09-audio/13-defect-bluetooth-mechanisms.md	Q9	09-audio/13-defect-bluetooth-mechanisms.md	Q9	界面 Fragment 在销毁时注销了单例蓝牙 Manager 的公共广播接收器，会造成什么后果？注销范围应如何对齐生命周期？（SIR-6206）
09-audio/13-defect-bluetooth-mechanisms.md	Q10	09-audio/13-defect-bluetooth-mechanisms.md	Q10	"蓝牙管理类单例在 A 进程初始化、B 进程调用 getInstance()，为什么拿到的是""能编译但行为错误""的空副本？跨进程共享这类状态的正确姿势是什么？（SIR-2463，提交 aa9f9d8d）"
09-audio/13-defect-bluetooth-mechanisms.md	Q11	09-audio/13-defect-bluetooth-mechanisms.md	Q11	"多设备蓝牙场景下，把 HFP 连接状态广播里的 EXTRA_STATE 直接当全局连接状态，为什么会误判？""事件触发 + 状态回查""的正确结构是什么？（SIR-8400，提交 781a6000）"
09-audio/13-defect-bluetooth-mechanisms.md	Q12	09-audio/13-defect-bluetooth-mechanisms.md	Q12	"PBAP 联系人拉取分""listing 拿数量""和""pullPhonebook 拉数据""两步，为什么第二步不能重新查询""当前主设备""？（SIR-8209）"
09-audio/13-defect-bluetooth-mechanisms.md	Q13	09-audio/13-defect-bluetooth-mechanisms.md	Q13	"iPhone 未授权联系人同步时，界面为什么可能一直显示进度条和""同步完成""？协议层进度与业务层结果应该如何分层？（SIR-5889）"
09-audio/13-defect-bluetooth-mechanisms.md	Q14	09-audio/13-defect-bluetooth-mechanisms.md	Q14	"通讯录同步完成显示 4999 条而不是 5000 条，为什么""差一条""不一定是边界问题？（SIR-5977）"
09-audio/13-defect-bluetooth-mechanisms.md	Q15	09-audio/13-defect-bluetooth-mechanisms.md	Q15	PBAP 把本机号码占位条目计入 vCard 请求时，为什么只有一位联系人的同步会卡住？
09-audio/13-defect-bluetooth-mechanisms.md	Q16	09-audio/13-defect-bluetooth-mechanisms.md	Q16	PBAP 联系人只有姓名、没有电话号码时，为什么同步后会变成空白？转换规则应如何处理？
09-audio/13-defect-bluetooth-mechanisms.md	Q17	09-audio/13-defect-bluetooth-mechanisms.md	Q17	"联系人有多个号码时按号码搜索只能命中第一个，这类""取 first""式访问的正确写法是什么？（SIR-8321）"
09-audio/13-defect-bluetooth-mechanisms.md	Q18	09-audio/13-defect-bluetooth-mechanisms.md	Q18	阿拉伯文联系人姓名和电话号码拼在同一段文本里，为什么号码会被反向显示？拼串时应该怎么处理？（SIR-6370）
09-audio/13-defect-bluetooth-mechanisms.md	Q19	09-audio/13-defect-bluetooth-mechanisms.md	Q19	两份联系人仓库并存、PBAP 下载完成后双写，会酿成什么结构性问题？修复为什么是合并仓库而不是补双写一致性？（SIR-7487，提交 7b7efe27）
09-audio/13-defect-bluetooth-mechanisms.md	Q20	09-audio/13-defect-bluetooth-mechanisms.md	Q20	蓝牙重连后通讯录重新同步，为什么同步完成前来电的弹窗永远拿不到姓名？数据到达后还差哪一步？（VIR-36）
09-audio/13-defect-bluetooth-mechanisms.md	Q21	09-audio/13-defect-bluetooth-mechanisms.md	Q21	"用户取消联系人授权后再重新授权，收藏和最近通话为什么不显示也恢复不了？""缓存式状态成员""的更新纪律是什么？（SIR-2203、SIR-2872）"
09-audio/13-defect-bluetooth-mechanisms.md	Q22	09-audio/13-defect-bluetooth-mechanisms.md	Q22	手机侧只是打开了音乐 APP 什么都没点，dock 栏媒体信息为什么会被蓝牙音乐覆盖？多音源下媒体 UI 应以什么为准绳？（SIR-6045）
09-audio/13-defect-bluetooth-mechanisms.md	Q23	09-audio/13-defect-bluetooth-mechanisms.md	Q23	焦点闸门已经拦住蓝牙音乐的信息更新，dock 栏为什么仍在两种音源间来回切换？（SIR-6290）
09-audio/13-defect-bluetooth-mechanisms.md	Q24	09-audio/13-defect-bluetooth-mechanisms.md	Q24	"音频焦点被抢占后蓝牙音乐已暂停，播放按钮为什么还显示""可播放""？门控分支丢弃事件时应如何取舍？（SIR-7909）"
09-audio/13-defect-bluetooth-mechanisms.md	Q25	09-audio/13-defect-bluetooth-mechanisms.md	Q25	"蓝牙音乐暂停后再点播放、上一曲、下一曲，为什么弹出""音频使用中，无法播放""？一个焦点查询函数的空集合分支错在哪？（SIR-7383）"
09-audio/13-defect-bluetooth-mechanisms.md	Q26	09-audio/13-defect-bluetooth-mechanisms.md	Q26	"手机互联（carlink）断开后，dock 栏为什么会显示蓝牙音乐的异常媒体信息？""无音源""判定应如何维护？（SIR-8019）"
09-audio/13-defect-bluetooth-mechanisms.md	Q27	09-audio/13-defect-bluetooth-mechanisms.md	Q27	收到 A2DP 或 AVRCP 任一 profile 连接成功的广播就立即分配音频源并切换通路，为什么耳机可能无声？多 profile 的时序绑定原则是什么？（SIR-4193）
09-audio/13-defect-bluetooth-mechanisms.md	Q28	09-audio/13-defect-bluetooth-mechanisms.md	Q28	"LIN 滚轮拨动一次切歌却跳过两首，这类""动作翻倍""的机制根源是什么？接入新硬件信号前应先确认什么？（SIR-5836）"
09-audio/13-defect-bluetooth-mechanisms.md	Q29	09-audio/13-defect-bluetooth-mechanisms.md	Q29	"蓝牙已连接、联系人同步中，收藏和最近通话页却仍显示""去连接""控件——主线程状态回调里 postValue 引入了什么乱序窗口，重连时还要补什么？（SIR-6509）"
09-audio/13-defect-bluetooth-mechanisms.md	Q30	09-audio/13-defect-bluetooth-mechanisms.md	Q30	两路蓝牙通话来回切换时偶现自动切回上一路，为什么应用多发的一条 hold 指令是根源？切换这类异步操作要配哪些状态管理？（SIR-7375）
09-audio/13-defect-bluetooth-mechanisms.md	Q31	09-audio/13-defect-bluetooth-mechanisms.md	Q31	"第一路通话接通后拨打第二路，Telecom 暂时报出 active 加 dialing 时，浮窗为什么不能直接切成""呼叫中""？（SIR-8071）"
09-audio/13-defect-bluetooth-mechanisms.md	Q32	09-audio/13-defect-bluetooth-mechanisms.md	Q32	并发通话的联系人兜底显示为什么不能把姓名和号码分开缓存？怎样保证两者属于同一次拨号？（SIR-6815）
10-aaos/01-aaos-app-dev.md	Q1	13-aaos/05-aaos-app-dev.md	Q1	Android Auto 与 AAOS 的应用运行位置和 UI 绘制责任有什么不同？性能问题为什么要先确认代码在哪执行？
10-aaos/01-aaos-app-dev.md	Q2	13-aaos/05-aaos-app-dev.md	Q2	Car App Library 模板应用的冷启动怎样避免阻塞 `onGetTemplate()`？
10-aaos/01-aaos-app-dev.md	Q3	13-aaos/05-aaos-app-dev.md	Q3	Car App Library 模板刷新、五步配额和内容上限怎样协同工作？
10-aaos/01-aaos-app-dev.md	Q4	13-aaos/05-aaos-app-dev.md	Q4	车载媒体应用应由哪些媒体组件提供数据和播放状态？Car App Library 模板与传统媒体服务是什么关系？
10-aaos/01-aaos-app-dev.md	Q5	13-aaos/05-aaos-app-dev.md	Q5	导航语音怎样选择车载音频焦点？定位与扬声器时延怎样分别取证？
10-aaos/02-vehicle-links.md	Q1	13-aaos/01-vehicle-links.md	Q1	Android 车机九类端到端链路分别包含哪些典型场景？
10-aaos/02-vehicle-links.md	Q2	13-aaos/01-vehicle-links.md	Q2	怎样区分车机链路中的通信方式与系统层次边界？
10-aaos/02-vehicle-links.md	Q3	13-aaos/01-vehicle-links.md	Q3	车机链路故障时，怎样用场景图确定取证位置？
10-aaos/03-car-services.md	Q1	13-aaos/02-car-services.md	Q1	AAOS CarService 除车辆属性、电源和音频外，还包含哪些服务，怎样按职责建立全景？
10-aaos/03-car-services.md	Q2	13-aaos/02-car-services.md	Q2	"CarMediaService 管什么？""开机恢复上次媒体源""是怎么实现的？媒体应用要注意什么？"
10-aaos/03-car-services.md	Q3	13-aaos/02-car-services.md	Q3	"CarBluetoothService 管什么？""上车自动连蓝牙""的触发条件是什么？应用还能配优先级吗？"
10-aaos/03-car-services.md	Q4	13-aaos/02-car-services.md	Q4	CarTelemetryService 是干什么的？为什么三方应用用不了？
10-aaos/03-car-services.md	Q5	13-aaos/02-car-services.md	Q5	"CarDiagnosticService 暴露什么数据？为什么""实现了也不一定有""？"
10-aaos/03-car-services.md	Q6	13-aaos/02-car-services.md	Q6	车机版的 bugreport 服务和标准 BugreportManager 有什么区别？
10-aaos/03-car-services.md	Q7	13-aaos/02-car-services.md	Q7	"CarDevicePolicyService 管什么？""驾驶中限制拨出电话""是它做的吗？"
10-aaos/03-car-services.md	Q8	13-aaos/02-car-services.md	Q8	CarStorageMonitoringService 还能用吗？
10-aaos/03-car-services.md	Q9	13-aaos/02-car-services.md	Q9	CarProjectionService 是干什么的？手机互联（CarPlay/CarLife 类）方案和它什么关系？
10-aaos/03-car-services.md	Q10	13-aaos/02-car-services.md	Q10	CarWatchdog 怎么管第三方应用的磁盘写入？地图与媒体应用最容易超限的模式是什么？
10-aaos/03-car-services.md	Q11	13-aaos/02-car-services.md	Q11	挂 R 后倒车影像出得慢甚至黑屏——CarEvsService 的触发链有哪两条？延迟差在哪？
10-aaos/03-car-services.md	Q12	13-aaos/02-car-services.md	Q12	"仪表相关接口抛 ""Service is not enabled""、cluster UI 停更但不崩——ClusterHomeService 的机制要点是什么？"
10-aaos/04-vhal-integration.md	Q1	13-aaos/03-vhal-integration.md	Q1	CarPropertyService 为什么会对属性读写抛出 `not writable at areaId` 或 `SecurityException`？属性访问要通过哪些检查？
10-aaos/04-vhal-integration.md	Q2	13-aaos/03-vhal-integration.md	Q2	VHAL 进程死亡后 CarService 为什么会重启？重启期间哪些状态会丢失，如何排查反复重启？
10-aaos/04-vhal-integration.md	Q3	13-aaos/03-vhal-integration.md	Q3	连续属性上报频率与订阅结果为什么可能和应用请求不同？VHAL 对订阅、VUR 和可用性恢复有什么契约？
10-aaos/04-vhal-integration.md	Q4	13-aaos/03-vhal-integration.md	Q4	HIDL VHAL 迁移到 AIDL VHAL 后，批量 get/set、大数据传输和错误处理要适配哪些接口契约？
10-aaos/05-car-power-users.md	Q1	13-aaos/04-car-power-users.md	Q1	AAOS 进入关机或挂起状态时，电源回调与 completion future 对应用有什么约束？
10-aaos/05-car-power-users.md	Q2	13-aaos/04-car-power-users.md	Q2	AAOS 应用读取和订阅 VHAL 属性时，怎样处理同步调用、更新率和 Android 版本差异？
10-aaos/05-car-power-users.md	Q3	13-aaos/04-car-power-users.md	Q3	AAOS headless system user 如何工作？驾驶员切换、初始用户选择和失败状态分别是什么？
10-aaos/05-car-power-users.md	Q4	13-aaos/04-car-power-users.md	Q4	AAOS 多用户下，OEM 早启动服务应选 system、foreground 还是 visible 用户作用域？如何判断服务实例消失或重复？
10-aaos/06-car-launcher.md	Q1	13-aaos/06-car-launcher.md	Q1	从职责与架构看，AAOS 的 `CarLauncher` 与手机上的 AOSP `Launcher3` 有什么异同？
10-aaos/06-car-launcher.md	Q2	13-aaos/06-car-launcher.md	Q2	AAOS `CarLauncher` 如何构造应用网格条目？
10-aaos/06-car-launcher.md	Q3	13-aaos/06-car-launcher.md	Q3	在 AAOS 13 中，点击普通应用图标后，启动请求怎样到达目标 Activity？
10-aaos/06-car-launcher.md	Q4	13-aaos/06-car-launcher.md	Q4	CarLauncher 的 TaskView 地图出现返回后空白、启动失败或触摸异常时，应检查哪些已知修复点？
10-aaos/07-defect-state-cache-startup.md	Q1	13-aaos/09-defect-state-cache-startup.md	Q1	单例 object 的 init 块在应用启动极早期执行 mkdirs 落盘，为什么会卡住整个开机？（SIR-8227）
10-aaos/07-defect-state-cache-startup.md	Q2	13-aaos/09-defect-state-cache-startup.md	Q2	为未就绪的用户存储加门控时，读路径与写路径为什么要区别对待？各分支如何设计？
10-aaos/07-defect-state-cache-startup.md	Q3	13-aaos/09-defect-state-cache-startup.md	Q3	"""触碰即执行""的静态初始化代码，应按什么标准审查？"
10-aaos/07-defect-state-cache-startup.md	Q4	13-aaos/09-defect-state-cache-startup.md	Q4	AAOS 上 SystemUI 新增了 `android.car.permission.*` 特权权限却开机启动异常，而相关代码一行没改，问题出在哪？
10-aaos/07-defect-state-cache-startup.md	Q5	13-aaos/09-defect-state-cache-startup.md	Q5	状态机函数里的提前 return 为什么是清理逻辑的盲区？（SIR-6185）
10-aaos/07-defect-state-cache-startup.md	Q6	13-aaos/09-defect-state-cache-startup.md	Q6	"承载流程的浮窗和页面级弹窗，如何保证""一定有关闭的触发点""？"
10-aaos/07-defect-state-cache-startup.md	Q7	13-aaos/09-defect-state-cache-startup.md	Q7	同一功能的弹窗存在两个入口宿主时，为什么会各弹一份？防重状态应建在哪里？
10-aaos/07-defect-state-cache-startup.md	Q8	13-aaos/09-defect-state-cache-startup.md	Q8	"同一入口快速连点导致目标页被重复创建压栈（多次点击弹出多个界面）时，为什么""跳转锁 + launchMode""要成对使用，跳转锁又为什么不能按定时器解锁？"
10-aaos/07-defect-state-cache-startup.md	Q9	13-aaos/09-defect-state-cache-startup.md	Q9	以 callback 对象为 key 的暂存 map 用覆盖写，为什么会永久丢失先注册的属性组？（SIR-7936/7938）
10-aaos/07-defect-state-cache-startup.md	Q10	13-aaos/09-defect-state-cache-startup.md	Q10	命令端与渲染端生命周期解耦时，渲染启动命令被静默丢弃如何根治？（SIR-7922）
10-aaos/07-defect-state-cache-startup.md	Q11	13-aaos/09-defect-state-cache-startup.md	Q11	手势/动画的退出路径状态复位，必须覆盖哪些东西？漏了会怎样？（SIR-6044）
10-aaos/07-defect-state-cache-startup.md	Q12	13-aaos/09-defect-state-cache-startup.md	Q12	"设备""断开/移除""只做断连不解绑数据，为什么列表会残留图标或分类错误？（SIR-7499、SIR-6786）"
10-aaos/07-defect-state-cache-startup.md	Q13	13-aaos/09-defect-state-cache-startup.md	Q13	"""凭空弹出上个会话的确认弹窗""，残留状态的排查起点是什么？（SIR-5749）"
10-aaos/07-defect-state-cache-startup.md	Q14	13-aaos/09-defect-state-cache-startup.md	Q14	"""请求-回执""式开关在异常路径上锁死或半同步，如何补齐状态机？（SIR-2032、SIR-5722）"
10-aaos/07-defect-state-cache-startup.md	Q15	13-aaos/09-defect-state-cache-startup.md	Q15	"""覆盖层 + 禁用控件""的防抖设计为什么会死锁成""显示关闭、点击无响应""？（SIR-8679）"
10-aaos/07-defect-state-cache-startup.md	Q16	13-aaos/09-defect-state-cache-startup.md	Q16	"""乐观更新 + 超时回弹""的开关，回弹发生时为什么联动区域会脱节？（SIR-8669）"
10-aaos/07-defect-state-cache-startup.md	Q17	13-aaos/09-defect-state-cache-startup.md	Q17	首次操作就误触发安全拦截，同步读取车辆信号的缓存语义坑在哪？（SIR-5788）
10-aaos/07-defect-state-cache-startup.md	Q18	13-aaos/09-defect-state-cache-startup.md	Q18	上一次连接失败的广播为什么会污染新弹窗？防线应设在哪里？（SIR-6386）
10-aaos/07-defect-state-cache-startup.md	Q19	13-aaos/09-defect-state-cache-startup.md	Q19	界面销毁时替单例 Manager 注销广播，为什么会导致设备在两个列表同时显示？（SIR-6206）
10-aaos/07-defect-state-cache-startup.md	Q20	13-aaos/09-defect-state-cache-startup.md	Q20	"展示""当前值""却显示旧值，闭包捕获与循环外变量这两种形态如何识别与修复？（SIR-7167、SIR-6611）"
10-aaos/07-defect-state-cache-startup.md	Q21	13-aaos/09-defect-state-cache-startup.md	Q21	界面关闭/开关关闭后仍显示分组标题与入口，条件渲染要覆盖哪些部分？（SIR-6742）
10-aaos/07-defect-state-cache-startup.md	Q22	13-aaos/09-defect-state-cache-startup.md	Q22	派生 UI 状态（拨号键可用性）的计算逻辑完全正确，却因刷新调用挂错位置、漏挂一条路径而永久置灰，刷新时机该怎么核对？
10-aaos/07-defect-state-cache-startup.md	Q23	13-aaos/09-defect-state-cache-startup.md	Q23	缓存列表与系统真实状态失步导致列表错乱，两层防御分别是什么？（SIR-8398、SIR-8671）
10-aaos/07-defect-state-cache-startup.md	Q24	13-aaos/09-defect-state-cache-startup.md	Q24	底层上报的设备名可能为空时，列表为什么渲染出空白条目、且与重复条目在界面上无法区分，渲染层要怎么处理？
10-aaos/07-defect-state-cache-startup.md	Q25	13-aaos/09-defect-state-cache-startup.md	Q25	多进程共用的单例工具类对文件做了内存缓存，另一进程写入后本进程读到旧值，如何最低成本修复？根治方向是什么？
10-aaos/07-defect-state-cache-startup.md	Q26	13-aaos/09-defect-state-cache-startup.md	Q26	"Kotlin 循环里命中条件就写裸 `return`，为什么会让""首次配对的耳机被显示成后排""？暴露了哪两类混淆？"
10-aaos/07-defect-state-cache-startup.md	Q27	13-aaos/09-defect-state-cache-startup.md	Q27	Android 页面用 pending 状态校验异步回显时，怎样避免条件反转与生命周期重放造成误判？
10-aaos/08-vehicle-signal-semantics.md	Q1	13-aaos/07-vehicle-signal-semantics.md	Q1	车控信号超时丢失时，为什么不能把 UI 显示值清零，正确做法是什么？（SIR-1486）
10-aaos/08-vehicle-signal-semantics.md	Q2	13-aaos/07-vehicle-signal-semantics.md	Q2	信号超时导致控件置灰时，为什么不应顺带把控件的值重置为默认值？（SIR-1494）
10-aaos/08-vehicle-signal-semantics.md	Q3	13-aaos/07-vehicle-signal-semantics.md	Q3	"充电状态信号超时后界面显示""充电枪已连接""而不是""充电异常""，问题出在哪、如何统一超时的状态语义？（SIR-1490）"
10-aaos/08-vehicle-signal-semantics.md	Q4	13-aaos/07-vehicle-signal-semantics.md	Q4	"信号丢失后的显示策略有冻结旧值、占位符""--""、异常态三种，面对具体信号应如何选择？"
10-aaos/08-vehicle-signal-semantics.md	Q5	13-aaos/07-vehicle-signal-semantics.md	Q5	"""无数据""与""数据为 0""为什么必须用不同的值表达？重置操作后为什么不应立刻回读信号？（SIR-1513）"
10-aaos/08-vehicle-signal-semantics.md	Q6	13-aaos/07-vehicle-signal-semantics.md	Q6	"为信号设计""超时丢失""内部标记时，为什么哨兵值不能落入协议真实值域？（SIR-1493）"
10-aaos/08-vehicle-signal-semantics.md	Q7	13-aaos/07-vehicle-signal-semantics.md	Q7	"状态回读值与命令常量比较导致置灰逻辑恒假，这种""状态域/命令域双编码""错误如何发生与防范？（SIR-7500）"
10-aaos/08-vehicle-signal-semantics.md	Q8	13-aaos/07-vehicle-signal-semantics.md	Q8	"多档位 CAN 协议存在""请求值=反馈值+1""偏移和""0 为 NoAction""怪癖时，换算规则应如何固化？"
10-aaos/08-vehicle-signal-semantics.md	Q9	13-aaos/07-vehicle-signal-semantics.md	Q9	"车速有效性这类""0=有效、1=无效""的反直觉协议值，如何在多个消费模块间保持语义一致？（SIR-7180）"
10-aaos/08-vehicle-signal-semantics.md	Q10	13-aaos/07-vehicle-signal-semantics.md	Q10	UI 内部值与协议单位不一致时（如滑条 0.1kW 档位、协议单位 W），下发链路会出什么错？换算应放在哪里？（SIR-5734）
10-aaos/08-vehicle-signal-semantics.md	Q11	13-aaos/07-vehicle-signal-semantics.md	Q11	协议值回读显示时，为什么必须先换算再钳位？（SIR-5973）
10-aaos/08-vehicle-signal-semantics.md	Q12	13-aaos/07-vehicle-signal-semantics.md	Q12	车控信号收发点的联调日志应该怎么设计，才能让单位或精度错误一眼可查？
10-aaos/08-vehicle-signal-semantics.md	Q13	13-aaos/07-vehicle-signal-semantics.md	Q13	超时恢复信号与业务数据信号是两个独立 CAN 帧时，恢复分支为什么不应主动读取关联缓存？（SIR-2084）
10-aaos/08-vehicle-signal-semantics.md	Q14	13-aaos/07-vehicle-signal-semantics.md	Q14	"处理""超时置位""类信号时，为什么恢复分支必须重读数据源？单向状态机缺陷如何避免？（SIR-326）"
10-aaos/08-vehicle-signal-semantics.md	Q15	13-aaos/07-vehicle-signal-semantics.md	Q15	两个关联信号各自驱动对方的状态位时会产生什么问题？合成状态的仲裁应怎么设计？（SIR-4569）
10-aaos/08-vehicle-signal-semantics.md	Q16	13-aaos/07-vehicle-signal-semantics.md	Q16	一个信号的超时分支顺手操作了另一个无关控件的可用性，这类耦合如何识别与避免？（SIR-1487）
10-aaos/08-vehicle-signal-semantics.md	Q17	13-aaos/07-vehicle-signal-semantics.md	Q17	CAN 信号中的无效值（如全 1 位）为什么会显示成合法数值？数值钳制应该怎么做？（SIR-1496）
10-aaos/08-vehicle-signal-semantics.md	Q18	13-aaos/07-vehicle-signal-semantics.md	Q18	"信号超时值或故障值到达时，为什么不能直接覆盖""最后一次有效值""缓存？（SIR-8124）"
10-aaos/08-vehicle-signal-semantics.md	Q19	13-aaos/07-vehicle-signal-semantics.md	Q19	"对接""设置类""车控信号时，为什么每个下发（Set）信号必须配套注册反馈（Feed）监听？（SIR-8578）"
10-aaos/08-vehicle-signal-semantics.md	Q20	13-aaos/07-vehicle-signal-semantics.md	Q20	同一驾驶模式的下发编码是经济=2、反馈编码是经济=1，两个方向编码不同时，常量应如何组织？（无单号提交）
10-aaos/08-vehicle-signal-semantics.md	Q21	13-aaos/07-vehicle-signal-semantics.md	Q21	CAN 协议改版把座椅加热档位值域从 0~3 整体平移到 1~4 时，代码要同步修改哪些点，漏改一处会怎样？（无单号提交）
10-aaos/08-vehicle-signal-semantics.md	Q22	13-aaos/07-vehicle-signal-semantics.md	Q22	3D 车模点击乐观推进把手加热档位、1 秒后延迟反馈兜底刷新时，为什么连点两次会停在 1 档？修复要做对哪两件事？（SIR-3241）
10-aaos/08-vehicle-signal-semantics.md	Q23	13-aaos/07-vehicle-signal-semantics.md	Q23	车控信号值下发给 3D 车模后一直显示 0.0，数据源与换算都查不出问题时，下一步应检查什么？（SIR-6771）
10-aaos/08-vehicle-signal-semantics.md	Q24	13-aaos/07-vehicle-signal-semantics.md	Q24	"SOC 超限提示条件写成 `currentSoc >= presetSoc` 时，什么场景会误弹""已超出""提示？如何避免这类边界比较错误？（SIR-1492）"
10-aaos/09-kanzi-state-sync.md	Q1	13-aaos/08-kanzi-state-sync.md	Q1	Kanzi 3D 车模作为纯被动渲染端，状态同步的基本责任如何划分？
10-aaos/09-kanzi-state-sync.md	Q2	13-aaos/08-kanzi-state-sync.md	Q2	SIR-1539 中，由 Gear 与 D_Desktop 两个属性联合表达的 D 档驻车界面，切回 P 档时为什么必须把两个属性成对复位？
10-aaos/09-kanzi-state-sync.md	Q3	13-aaos/08-kanzi-state-sync.md	Q3	SIR-3241 中一次物理点击导致渲染端以约 386ms 间隔重复上报同一按键事件时，防抖窗口应如何取值？
10-aaos/09-kanzi-state-sync.md	Q4	13-aaos/08-kanzi-state-sync.md	Q4	SIR-6283 中乐观更新叠加延迟反馈兜底时，车端真实回调到达后必须做什么？反馈校验失败时状态应对齐到哪个值？
10-aaos/09-kanzi-state-sync.md	Q5	13-aaos/08-kanzi-state-sync.md	Q5	"SIR-2178 中车控按钮""等底层回执再刷新 UI""会有什么后果？乐观更新加异步校验的完整结构是什么？"
10-aaos/09-kanzi-state-sync.md	Q6	13-aaos/08-kanzi-state-sync.md	Q6	"SIR-2860 中""点击后立即读属性回刷 UI""为什么是反模式？等待车端确认的正确结构是什么？"
10-aaos/09-kanzi-state-sync.md	Q7	13-aaos/08-kanzi-state-sync.md	Q7	SIR-6343 中 Android 侧显示正常的文本，为什么在 Kanzi 3D 车模上可能不渲染？跨端文本能力差异应在哪些环节治理？
10-aaos/09-kanzi-state-sync.md	Q8	13-aaos/08-kanzi-state-sync.md	Q8	SIR-6343 的 Emoji 清洗中，为什么必须按 Unicode code point 而不是按 char 处理？
10-aaos/09-kanzi-state-sync.md	Q9	13-aaos/08-kanzi-state-sync.md	Q9	SIR-8124 与 SIR-1662 中，给渲染端下发的枚举状态值和功能配置字，为什么要与渲染端的状态表、配置清单逐一核对？
10-aaos/09-kanzi-state-sync.md	Q10	13-aaos/08-kanzi-state-sync.md	Q10	"渲染端协议里""动作播完必须补发 Action=0，否则不生效""这类不成文的约定，为什么必须固化成命名常量与注释？"
10-aaos/09-kanzi-state-sync.md	Q11	13-aaos/08-kanzi-state-sync.md	Q11	"SIR-6711 中，状态机""进入某状态的副作用""散落在各事件迁移路径有什么风险？应如何组织？"
10-aaos/09-kanzi-state-sync.md	Q12	13-aaos/08-kanzi-state-sync.md	Q12	SIR-1656 中，界面选中态同时有本地点击与信号回灌两个来源时，派生字段如何维护才不失步？
10-aaos/09-kanzi-state-sync.md	Q13	13-aaos/08-kanzi-state-sync.md	Q13	SIR-3248 中，多进程共享数据加进程内缓存的结构里，写操作为什么会静默失败？缓存应放在什么定位？
10-aaos/09-kanzi-state-sync.md	Q14	13-aaos/08-kanzi-state-sync.md	Q14	SIR-4593 中，Android 侧与 Kanzi 渲染动画交接时，过早暂停渲染会怎样？
10-aaos/09-kanzi-state-sync.md	Q15	13-aaos/08-kanzi-state-sync.md	Q15	"面对""3D 车模某状态不刷新或残留""类缺陷，系统化的排查顺序是什么？"
10-aaos/09-kanzi-state-sync.md	Q16	13-aaos/08-kanzi-state-sync.md	Q16	SIR-4569 中，充电状态与充电枪连接状态由两个独立信号驱动时，为什么互相无条件覆写会冲掉对方的真实状态？应如何仲裁？
10-aaos/09-kanzi-state-sync.md	Q17	13-aaos/08-kanzi-state-sync.md	Q17	SIR-1662 中只在初始化代码里下发一次的渲染端配置字，若下发时 Kanzi 尚未连接会发生什么？这类一次性下发应如何设计时机？
10-aaos/09-kanzi-state-sync.md	Q18	13-aaos/08-kanzi-state-sync.md	Q18	SIR-6343 的过滤已在输入、保存、读取、发送四个环节布防，为什么 Setting 侧入口仍能把 Emoji 送进 3D 车模？防过滤被旁路的收口方式是什么？
11-platform-services/01-broadcast.md	Q1	10-platform-services/01-broadcast.md	Q1	Android 17 还有前台/后台两条广播队列吗？`FLAG_RECEIVER_FOREGROUND` 到底影响什么？
11-platform-services/01-broadcast.md	Q2	10-platform-services/01-broadcast.md	Q2	广播按什么粒度排队？系统最多同时向几个进程投递？
11-platform-services/01-broadcast.md	Q3	10-platform-services/01-broadcast.md	Q3	"哪些广播""发出即算投递成功""？缓存态应用的广播会怎样处理？"
11-platform-services/01-broadcast.md	Q4	10-platform-services/01-broadcast.md	Q4	广播 ANR 的计时从哪里开始？`goAsync()` 能把窗口延长多少？
11-platform-services/02-notifications.md	Q1	10-platform-services/02-notifications.md	Q1	调用 `NotificationManager.notify()` 返回后，系统已经完成哪些工作？通知何时才算发布或显示？
11-platform-services/02-notifications.md	Q2	10-platform-services/02-notifications.md	Q2	高频更新同一条通知时，为什么进度变化可能不显示？客户端和服务端限流如何判定？
11-platform-services/02-notifications.md	Q3	10-platform-services/02-notifications.md	Q3	通知渠道由谁控制？重复创建或删除后重建同一 ID，能绕过用户设置吗？
11-platform-services/02-notifications.md	Q4	10-platform-services/02-notifications.md	Q4	Android 13 及以上拒绝 `POST_NOTIFICATIONS` 后，还能调用 `notify()` 吗？通知会显示在哪里？
11-platform-services/02-notifications.md	Q5	10-platform-services/02-notifications.md	Q5	Android 17 如何限制通知自定义 `RemoteViews` 的内存？超过限制会怎样？
11-platform-services/02-notifications.md	Q6	10-platform-services/02-notifications.md	Q6	Android 17 想让进行中的通知成为 Live Update（promoted ongoing），只调用 `setRequestPromotedOngoing(true)` 够吗？
11-platform-services/03-location.md	Q1	10-platform-services/03-location.md	Q1	向 `LocationManager` 的 network provider 提交 `QUALITY_HIGH_ACCURACY` 请求，会自动切换到 GPS 吗？
11-platform-services/03-location.md	Q2	10-platform-services/03-location.md	Q2	`getLastKnownLocation()`、`getCurrentLocation()` 和 `requestLocationUpdates()` 的成本与保证有什么不同？
11-platform-services/03-location.md	Q3	10-platform-services/03-location.md	Q3	同一 `gps` provider 上同时有 1 秒与 30 秒两个注册，底层 GNSS 如何工作？请求怎样合并？
11-platform-services/03-location.md	Q4	10-platform-services/03-location.md	Q4	应用只有 coarse（大致位置）权限时，位置请求和回调结果会被系统怎样改写？
11-platform-services/03-location.md	Q5	10-platform-services/03-location.md	Q5	位置回调的 oneway Binder 投递为什么仍有背压？Executor 拥塞给系统带来什么额外成本？
11-platform-services/03-location.md	Q6	10-platform-services/03-location.md	Q6	`LocationManager.FUSED_PROVIDER` 与 Google Play services 的 `FusedLocationProviderClient` 有什么区别？
11-platform-services/04-biometrics.md	Q1	10-platform-services/04-biometrics.md	Q1	BiometricPrompt.authenticate() 很快返回，为什么不能说明传感器已经开始采集？请求依次经过哪些组件？
11-platform-services/04-biometrics.md	Q2	10-platform-services/04-biometrics.md	Q2	BiometricPrompt 认证进行中再次调用 authenticate()，旧请求会排队等待还是被替换？
11-platform-services/04-biometrics.md	Q3	10-platform-services/04-biometrics.md	Q3	BIOMETRIC_WEAK（Class 2）认证成功后，为什么拿不到可用于 Keystore 的 HardwareAuthToken？
11-platform-services/04-biometrics.md	Q4	10-platform-services/04-biometrics.md	Q4	HAL 已报告生物识别匹配成功，为什么应用的成功回调还要再等一会儿？
11-platform-services/04-biometrics.md	Q5	10-platform-services/04-biometrics.md	Q5	人脸与指纹同时可用时，Android 17 的 BiometricPrompt 会做特征融合吗？两种模态的启动顺序如何协调？
11-platform-services/05-aconfig-runtime.md	Q1	10-platform-services/05-aconfig-runtime.md	Q1	aconfig 标志运行时从哪里读取值，`purpose` 与 `storage` 分别代表什么？
11-platform-services/05-aconfig-runtime.md	Q2	10-platform-services/05-aconfig-runtime.md	Q2	设备端 aconfig 存储由谁初始化，Android 17 的文件格式有什么变化？
11-platform-services/05-aconfig-runtime.md	Q3	10-platform-services/05-aconfig-runtime.md	Q3	Android 17 的整数型 aconfig flag 处于什么阶段，应用代码能否直接读取？
11-platform-services/05-aconfig-runtime.md	Q4	10-platform-services/05-aconfig-runtime.md	Q4	`aflags` 是什么，如何在设备上查看或修改标志值？
11-platform-services/05-aconfig-runtime.md	Q5	10-platform-services/05-aconfig-runtime.md	Q5	自建 Android 镜像维护 aconfig flag 时，哪些运行期风险需要纳入流程？
11-platform-services/06-avf-virtualization.md	Q1	10-platform-services/06-avf-virtualization.md	Q1	Android 17 的 AVF 中，framework-virtualization、virtmgr、VirtualizationServiceInternal、crosvm、pKVM、pvmfw 和 Microdroid 分别负责什么？
11-platform-services/06-avf-virtualization.md	Q2	10-platform-services/06-avf-virtualization.md	Q2	Microdroid 提供什么运行能力，protected VM 能否直接使用 GPU 或 NPU 做通用推理？
11-platform-services/06-avf-virtualization.md	Q3	10-platform-services/06-avf-virtualization.md	Q3	pKVM 如何保护 protected VM 的私有内存？它保证什么，又不保证什么？
11-platform-services/06-avf-virtualization.md	Q4	10-platform-services/06-avf-virtualization.md	Q4	为什么只看 pVM 内 Perfetto 不足以解释性能问题，vCPU 与 VM exit 的成本来自哪里？
11-platform-services/07-ai-services.md	Q1	10-platform-services/07-ai-services.md	Q1	Android 设备上的 AI 能力可能由哪些层交付，应用选型时先判断什么？
11-platform-services/07-ai-services.md	Q2	10-platform-services/07-ai-services.md	Q2	Android 17 上 NNAPI 还能用吗？Neural Networks HAL 存在是否代表应用模型运行在 NPU 上？
11-platform-services/07-ai-services.md	Q3	10-platform-services/07-ai-services.md	Q3	应用通过 ML Kit GenAI 使用 AICore/Gemini Nano 时，必须处理哪些运行条件？
11-platform-services/07-ai-services.md	Q4	10-platform-services/07-ai-services.md	Q4	AppFunctions 的调用边界是什么？为什么实现回调时必须正确安排线程？
12-platform-native/01-kernel-gki.md	Q1	11-platform-native/01-kernel-gki.md	Q1	Android 公共内核是什么？量产设备都会使用吗？厂商会修改什么、为什么？
12-platform-native/01-kernel-gki.md	Q2	11-platform-native/01-kernel-gki.md	Q2	Android 17 的内核一定是 6.18 吗？KMI 稳定到底稳定了什么？
12-platform-native/01-kernel-gki.md	Q3	11-platform-native/01-kernel-gki.md	Q3	"""系统是 Android 17""能推出内核一定是 6.18 吗？内核版本边界怎么确认？"
12-platform-native/01-kernel-gki.md	Q4	11-platform-native/01-kernel-gki.md	Q4	内核有“进程”这个概念吗？内核为什么能运行？
12-platform-native/01-kernel-gki.md	Q5	11-platform-native/01-kernel-gki.md	Q5	怎么确认一台设备的内核版本、KMI 和功能开关？
12-platform-native/01-kernel-gki.md	Q6	11-platform-native/01-kernel-gki.md	Q6	怎么确认 GKI 内核里的 vendor hooks（厂商钩子）存在？
12-platform-native/01-kernel-gki.md	Q7	11-platform-native/01-kernel-gki.md	Q7	PSI 的 /proc/pressure 怎么读？dmesg 过滤有哪些实用姿势？
12-platform-native/01-kernel-gki.md	Q8	11-platform-native/01-kernel-gki.md	Q8	ramdisk、initramfs 和 rootfs 是什么关系？内核启动为什么需要它？
12-platform-native/01-kernel-gki.md	Q9	11-platform-native/01-kernel-gki.md	Q9	"Kernel 的 GKI 边界到底划在哪，""内核可升级""具体指什么？"
12-platform-native/01-kernel-gki.md	Q10	11-platform-native/01-kernel-gki.md	Q10	"内核里某个机制""存在""就能说明设备启用了吗？评估 Android 17 GKI 6.18 的调度与内存改动要满足哪三个条件？"
12-platform-native/01-kernel-gki.md	Q11	11-platform-native/01-kernel-gki.md	Q11	ARM64 的 KASLR、KPTI 与 Spectre 缓解各自保护什么？为什么 KPTI 是否生效不能靠 CPU 型号推断？
12-platform-native/02-driver-runtime.md	Q1	11-platform-native/02-driver-runtime.md	Q1	AAOS 中 Linux 内核驱动位于系统栈的什么位置，应用是否通常直接读写硬件？
12-platform-native/02-driver-runtime.md	Q2	11-platform-native/02-driver-runtime.md	Q2	用户态调用 `open`、`read` 或 `write` 后，VFS 如何把操作分发到设备驱动？
12-platform-native/02-driver-runtime.md	Q3	11-platform-native/02-driver-runtime.md	Q3	`struct file`、文件描述符、`struct inode` 和 `file_operations` 各是什么关系？
12-platform-native/02-driver-runtime.md	Q4	11-platform-native/02-driver-runtime.md	Q4	字符设备的主设备号、次设备号和 `/dev` 节点各负责标识什么？
12-platform-native/02-driver-runtime.md	Q5	11-platform-native/02-driver-runtime.md	Q5	字符设备 `open` 到 `release` 的生命周期应如何设计？
12-platform-native/02-driver-runtime.md	Q6	11-platform-native/02-driver-runtime.md	Q6	为什么驱动不能直接解引用用户传入的指针，`copy_from_user` 与 `copy_to_user` 如何使用？
12-platform-native/02-driver-runtime.md	Q7	11-platform-native/02-driver-runtime.md	Q7	驱动访问 MMIO 寄存器时，为什么不应把固定物理地址强转成指针后直接读写？
12-platform-native/02-driver-runtime.md	Q8	11-platform-native/02-driver-runtime.md	Q8	`ioctl` 和 `mmap` 什么时候适合用于设备接口，它们增加了哪些设计责任？
12-platform-native/02-driver-runtime.md	Q9	11-platform-native/02-driver-runtime.md	Q9	Linux 内核的 `list_head`、`hlist` 和红黑树分别适合什么数据组织？
12-platform-native/02-driver-runtime.md	Q10	11-platform-native/02-driver-runtime.md	Q10	为什么 `/dev/hello` 不一定会随着驱动注册自动出现，驱动卸载时又应如何处理？
12-platform-native/02-driver-runtime.md	Q11	11-platform-native/02-driver-runtime.md	Q11	用用户态小程序验证字符驱动时，测试程序的 ABI 与驱动读写协议要核对什么？
12-platform-native/03-binder-driver.md	Q1	11-platform-native/03-binder-driver.md	Q1	"Framework 侧说的 Binder""一次拷贝""，在内核里是靠哪两个动作共同成立的？"
12-platform-native/03-binder-driver.md	Q2	11-platform-native/03-binder-driver.md	Q2	一笔事务的 Binder buffer 如何分配与归还？空间不足时的行为是什么？
12-platform-native/03-binder-driver.md	Q3	11-platform-native/03-binder-driver.md	Q3	`drivers/android/binder.c` 里 `binder_alloc_buf` 为什么要在接收者的 `alloc` 里找缓冲区，找不到会怎样？
12-platform-native/03-binder-driver.md	Q4	11-platform-native/03-binder-driver.md	Q4	Binder 驱动的 `binder_proc`、`binder_thread`、`binder_node`、`binder_ref` 分别代表什么，谁引用谁？
12-platform-native/03-binder-driver.md	Q5	11-platform-native/03-binder-driver.md	Q5	"Framework 的一次 `ioctl` 到底传了什么，为什么用户态要把""待写数据""和""待读数据""塞进同一个结构体？"
12-platform-native/03-binder-driver.md	Q6	11-platform-native/03-binder-driver.md	Q6	"Binder 的引用计数与生命周期是怎样的，为什么会出现""对象已死但句柄还在""？"
12-platform-native/03-binder-driver.md	Q7	11-platform-native/03-binder-driver.md	Q7	进程退出时 Binder 的资源如何回收，`binder_flush` 与 `binder_release` 各负责什么？
12-platform-native/03-binder-driver.md	Q8	11-platform-native/03-binder-driver.md	Q8	`servicemanager`（`ServiceManager`）本身是怎么启动和承载的，它和普通服务有什么不同？
12-platform-native/03-binder-driver.md	Q9	11-platform-native/03-binder-driver.md	Q9	"从""一次拷贝""的角度看，Parcel 里传大对象时的拷贝次数会怎么变？"
12-platform-native/03-binder-driver.md	Q10	11-platform-native/03-binder-driver.md	Q10	诊断 Binder 问题时，官方工具与内核侧观测点各能回答什么问题？
12-platform-native/04-shared-memory.md	Q1	11-platform-native/04-shared-memory.md	Q1	"ashmem 的 pin/unpin 和普通共享内存有什么本质区别，""unpin 不释放""为什么反而是它的核心价值？"
12-platform-native/04-shared-memory.md	Q2	11-platform-native/04-shared-memory.md	Q2	ashmem 内存是怎么跨进程传递的，为什么必须借道 Binder？
12-platform-native/04-shared-memory.md	Q3	11-platform-native/04-shared-memory.md	Q3	Android 为什么在传统共享内存之外还需要 ashmem 这类机制，普通 `memfd_create` 不好用吗？
12-platform-native/04-shared-memory.md	Q4	11-platform-native/04-shared-memory.md	Q4	内存回收路径上，ashmem、ION 与 cgroup 各自负责哪一段？
12-platform-native/04-shared-memory.md	Q5	11-platform-native/04-shared-memory.md	Q5	ION 是什么，它为什么被 DMA-BUF heap 取代？
12-platform-native/04-shared-memory.md	Q6	11-platform-native/04-shared-memory.md	Q6	ION 分配一块 buffer 的内核流程大致是怎样的？
12-platform-native/04-shared-memory.md	Q7	11-platform-native/04-shared-memory.md	Q7	`dma_buf` 的 exporter / importer 两个角色分别是谁，谁在什么时候切换？
12-platform-native/04-shared-memory.md	Q8	11-platform-native/04-shared-memory.md	Q8	GKI 2.0 引入 DMA-BUF heap 的同时关闭了 `CONFIG_ION`，这中间的分界点在哪？
12-platform-native/04-shared-memory.md	Q9	11-platform-native/04-shared-memory.md	Q9	这几层机制的版本差异会让结论失效吗，跨版本迁移时该重新核对什么？
12-platform-native/04-shared-memory.md	Q10	11-platform-native/04-shared-memory.md	Q10	"排查""图形内存分配失败""时，按什么顺序区分是分配器、权限、还是内存不足？"
12-platform-native/05-bionic-linker.md	Q1	11-platform-native/05-bionic-linker.md	Q1	"Android 动态链接器为什么需要""命名空间""这种机制，glibc 的同名机制解决了什么不同的问题？"
12-platform-native/05-bionic-linker.md	Q2	11-platform-native/05-bionic-linker.md	Q2	命名空间的四种类型与两个附加标志分别是什么？
12-platform-native/05-bionic-linker.md	Q3	11-platform-native/05-bionic-linker.md	Q4	`is_accessible` 为什么有两个重载，路径可达与符号可见为什么必须分开判定？
12-platform-native/05-bionic-linker.md	Q4	11-platform-native/05-bionic-linker.md	Q5	"`dlopen` 加载一个库的查找流程分哪几步，为什么""用绝对路径""能过第一道却过不了第二道？"
12-platform-native/05-bionic-linker.md	Q5	11-platform-native/05-bionic-linker.md	Q6	"`dlopen_ext` 与 `dlopen` 在实现上差在哪，为什么这个差别会导致""库已加载""与""需要加载""两种路径？"
12-platform-native/05-bionic-linker.md	Q6	11-platform-native/05-bionic-linker.md	Q7	"命名空间之间是怎么建立""共享库""关系的，`shared_libs` 与 `allow_all_shared_libs` 有何区别？"
12-platform-native/05-bionic-linker.md	Q7	11-platform-native/05-bionic-linker.md	Q8	`dlsym` 的查找有两条路径吗，`RTLD_DEFAULT` 与 `RTLD_NEXT` 的差别是什么？
12-platform-native/05-bionic-linker.md	Q8	11-platform-native/05-bionic-linker.md	Q9	`ld.config` 是怎么产生的，设备上的哪个文件是真正生效的那份？
12-platform-native/05-bionic-linker.md	Q9	11-platform-native/05-bionic-linker.md	Q10	动态链接器自己是怎么被加载并完成自举的，`AT_BASE` 起到了什么作用？
12-platform-native/05-bionic-linker.md	Q10	11-platform-native/05-bionic-linker.md	Q3	`soinfo` 是什么，加载一个 so 时它记录了哪些关键字段？
12-platform-native/05-bionic-linker.md	Q11	11-platform-native/05-bionic-linker.md	Q11	库搜索的优先级顺序是怎样的，`LD_LIBRARY_PATH` 排第几？
12-platform-native/05-bionic-linker.md	Q12	11-platform-native/05-bionic-linker.md	Q12	`public.libraries.txt` 与命名空间的 `shared_libs` 是什么关系，APK 能加载的库由什么决定？
12-platform-native/05-bionic-linker.md	Q13	11-platform-native/05-bionic-linker.md	Q13	`greylist` 在命名空间可达性判定中处于什么位置，它现在还有效吗？
12-platform-native/05-bionic-linker.md	Q14	11-platform-native/05-bionic-linker.md	Q14	"链接器层面能观测到什么，排查""库加载失败""时应该按什么顺序收集信息？"
12-platform-native/05-bionic-linker.md	Q15	11-platform-native/05-bionic-linker.md	Q15	`Product` 分区的接口强制执行与链接器命名空间是什么关系，为什么 Android 11 要把它独立出来？
12-platform-native/05-bionic-linker.md	Q16	11-platform-native/05-bionic-linker.md	Q16	这几层机制的版本差异会让结论失效吗，跨版本迁移时必须重新核对什么？
12-platform-native/05-bionic-linker.md	Q17	11-platform-native/05-bionic-linker.md	Q17	"用 `dlopen` 加载一个不在白名单里的库，有哪些""看起来可行""实际上不行的绕法？"
12-platform-native/05-bionic-linker.md	Q18	11-platform-native/05-bionic-linker.md	Q18	Bionic 的 malloc 最终走到哪个分配器？为什么不同产品行为不同？
12-platform-native/05-bionic-linker.md	Q19	11-platform-native/05-bionic-linker.md	Q19	"linker namespace 怎么判定""这个库能不能加载""？报 not accessible 时按什么顺序排查？"
12-platform-native/05-bionic-linker.md	Q20	11-platform-native/05-bionic-linker.md	Q20	为什么说 Bionic 的符号解析全是急切的？一次 dlopen 的耗时应该归到哪些阶段？
12-platform-native/05-bionic-linker.md	Q21	11-platform-native/05-bionic-linker.md	Q21	VNDK 弃用后，framework 与 vendor 的原生库隔离靠什么维持？Android 17 的 16 KB 链接兼容开关有哪些取值？
12-platform-native/06-logd.md	Q1	11-platform-native/06-logd.md	Q1	一条 `Log.d()` 从调用到 logd 经过哪些步骤？native 级别过滤能省掉哪些成本？
12-platform-native/06-logd.md	Q2	11-platform-native/06-logd.md	Q2	Android 17 的普通日志风暴会因 logd socket 满而阻塞主线程吗？写入丢弃和缓冲区裁剪有什么区别？
12-platform-native/06-logd.md	Q3	11-platform-native/06-logd.md	Q3	`MyApp:V *:S` 和 `--regex` 在哪里过滤？如何减少 logd 发送给 logcat 的日志量？
12-platform-native/07-bpf.md	Q1	11-platform-native/07-bpf.md	Q1	为什么“内核支持 BPF”不能证明设备应用能使用？判定 BPF 可用要检查哪四项条件？
12-platform-native/07-bpf.md	Q2	11-platform-native/07-bpf.md	Q2	Android 镜像中存在 BPF 对象，为什么不代表设备正在采集？怎样沿 bpfloader 链路逐段确认？
12-platform-native/07-bpf.md	Q3	11-platform-native/07-bpf.md	Q3	BPF Arena 与普通键值 map 有什么不同？`BPF_MAP_TYPE_ARENA` 的地址和映射限制是什么？
12-platform-native/07-bpf.md	Q4	11-platform-native/07-bpf.md	Q4	怎样确认 Android 设备上的 sched_ext 调度器当前正在运行？full 与 partial 模式分别接管哪些任务，错误时怎样回退？
12-platform-native/07-bpf.md	Q5	11-platform-native/07-bpf.md	Q5	sched_ext 的 `select_cpu()`、`enqueue()` 和 `dispatch()` 怎样分工？任务最终从哪个 DSQ 被 CPU 执行？
12-platform-native/07-bpf.md	Q6	11-platform-native/07-bpf.md	Q6	sched_ext 怎样通过 CPU performance target 协同 schedutil？这个目标值能否直接证明关键任务性能提升？
12-platform-native/08-rust-native.md	Q1	11-platform-native/08-rust-native.md	Q1	Android 平台为什么引入 Rust？历史漏洞数据能说明什么，不能说明什么？
12-platform-native/08-rust-native.md	Q2	11-platform-native/08-rust-native.md	Q2	Android 平台的 Keystore2 等 Rust Binder 服务是否会经 JNI 和 C++ AIDL 中转？应怎样按组件判断语言边界？
12-platform-native/08-rust-native.md	Q3	11-platform-native/08-rust-native.md	Q3	Android Soong 为设备端 Rust 设置了哪些编译参数？每项显式值和省略行为是什么？
12-platform-native/08-rust-native.md	Q4	11-platform-native/08-rust-native.md	Q4	Rust Android 代码未声明 `#[global_allocator]` 时如何分配？Scudo 与 jemalloc 的适用边界是什么？
12-platform-native/08-rust-native.md	Q5	11-platform-native/08-rust-native.md	Q5	Android 设备构建使用 `panic=abort` 时，`catch_unwind` 为什么不能恢复 FFI 调用？错误应该怎样表达？
12-platform-native/08-rust-native.md	Q6	11-platform-native/08-rust-native.md	Q6	评估 Android Rust 系统服务性能时，怎样拆分 Binder、FFI、JNI 和运行时成本？
12-platform-native/09-app-native-stability.md	Q1	11-platform-native/09-app-native-stability.md	Q1	`android:memtagMode` 的四个值在记录口径上有什么区别？为什么事件记录里不能把 `default` 写成 `off`？
12-platform-native/09-app-native-stability.md	Q2	11-platform-native/09-app-native-stability.md	Q2	manifest 的 memtagMode 在什么时机生效？为什么不能用业务远程配置切换已运行进程的 MTE 模式？分批启用有哪些可行路径？
12-platform-native/09-app-native-stability.md	Q3	11-platform-native/09-app-native-stability.md	Q3	"GWP-ASan 的两层抽样怎么理解？""应用启用了 GWP-ASan""或配置 `always` 意味着所有 `malloc` 都受保护吗？"
12-platform-native/09-app-native-stability.md	Q4	11-platform-native/09-app-native-stability.md	Q4	Recoverable GWP-ASan 是什么？Android 13 上命中 GWP-ASan 会发生什么？两者行为差异有多大？
12-platform-native/09-app-native-stability.md	Q5	11-platform-native/09-app-native-stability.md	Q5	MTE 错误报告能不能靠吞掉 `SIGSEGV` 消除？应用崩溃采集器与 debuggerd 协作时要遵守什么边界？
12-platform-native/09-app-native-stability.md	Q6	11-platform-native/09-app-native-stability.md	Q6	启用 MTE 后崩溃率上升一定是坏事吗？性能收益该怎么评估？
12-platform-native/09-app-native-stability.md	Q7	11-platform-native/09-app-native-stability.md	Q7	PLT/GOT、Inline、Trap 三种 Native Hook 分别改写什么？同样是 Hook `malloc`，覆盖面差在哪？选型从哪里开始？
12-platform-native/09-app-native-stability.md	Q8	11-platform-native/09-app-native-stability.md	Q8	bionic linker 对 Native Hook 有哪些硬约束？PLT/GOT Hook 为什么不依赖 `RTLD_LAZY` 的延迟解析？
12-platform-native/09-app-native-stability.md	Q9	11-platform-native/09-app-native-stability.md	Q9	"PLT/GOT Hook 安装成功后，哪些调用仍然不会被拦截？为什么""改写成功""不等于""全覆盖""？"
12-platform-native/09-app-native-stability.md	Q10	11-platform-native/09-app-native-stability.md	Q10	AArch64 Inline Hook 难在哪里？搬迁指令、发布新指令和页大小各要注意什么？
12-platform-native/09-app-native-stability.md	Q11	11-platform-native/09-app-native-stability.md	Q11	代理函数的 ABI 约束和 Hook 的生命周期（停用、卸载、兼容）应如何设计？
12-platform-native/09-app-native-stability.md	Q12	11-platform-native/09-app-native-stability.md	Q12	Android 17 对 `System.load()` 加了什么约束？覆盖哪些加载入口？Android 13 上行为有何不同？
12-platform-native/09-app-native-stability.md	Q13	11-platform-native/09-app-native-stability.md	Q13	只读检查通过就代表库可信吗？可信发布至少需要哪四类校验？
12-platform-native/09-app-native-stability.md	Q14	11-platform-native/09-app-native-stability.md	Q14	发布状态机如何隔离半成品？`rename` 的原子性边界是什么？
12-platform-native/09-app-native-stability.md	Q15	11-platform-native/09-app-native-stability.md	Q15	"为什么""先 `fchmod` 设只读、再用已打开的 fd 写入""是可行的？文件设为 0400 后为什么仍可能被替换或删除？"
12-platform-native/09-app-native-stability.md	Q16	11-platform-native/09-app-native-stability.md	Q16	只读检查通过后，独立 `.so` 还可能因为什么加载失败？`UnsatisfiedLinkError` 应该按什么分类处理？
12-platform-native/09-app-native-stability.md	Q17	11-platform-native/09-app-native-stability.md	Q17	新版本原生库加载失败后如何回滚？为什么不能在运行中的进程里热切换原生库？
12-platform-native/09-app-native-stability.md	Q18	11-platform-native/09-app-native-stability.md	Q18	"""接入了一个 SDK""到底意味着什么？为什么""平均 20~40 个 SDK""这类数字不能当项目结论？"
12-platform-native/09-app-native-stability.md	Q19	11-platform-native/09-app-native-stability.md	Q19	SDK 的 `ContentProvider` 初始化发生在 `Application.onCreate()` 之前吗？Jetpack App Startup 能解决什么、不能解决什么？
12-platform-native/09-app-native-stability.md	Q20	11-platform-native/09-app-native-stability.md	Q20	"SDK 性能归因要遵守什么测量纪律？""启动变慢来自 SDK""的强证据是什么？"
12-platform-native/09-app-native-stability.md	Q21	11-platform-native/09-app-native-stability.md	Q21	"为什么同进程内没有可靠的""每 SDK PSS""？内存归因应该怎么做？"
12-platform-native/09-app-native-stability.md	Q22	11-platform-native/09-app-native-stability.md	Q22	Java 栈顶出现 SDK 类就能判定 Crash 属于 SDK 吗？为什么符号材料是上线条件而不是可选项？
12-platform-native/09-app-native-stability.md	Q23	11-platform-native/09-app-native-stability.md	Q23	SDK 的退出能力为什么要在接入时设计？应用自有接口和远程开关各自的边界是什么？
12-platform-native/09-app-native-stability.md	Q24	11-platform-native/09-app-native-stability.md	Q24	Android 17 上还能为新应用接入 SDK Runtime（`SdkSandbox`）吗？Android 14~16 的遗留路径要注意什么？
13-build-system/01-product-config.md	Q1	12-build-system/01-product-config.md	Q1	在 AOSP/AAOS 构建中，Product、Device/Board 和 lunch 构建变体分别决定什么？
13-build-system/01-product-config.md	Q2	12-build-system/01-product-config.md	Q2	`source build/envsetup.sh`、`lunch`、`AndroidProducts.mk` 和 `COMMON_LUNCH_CHOICES` 如何共同确定构建目标？
13-build-system/01-product-config.md	Q3	12-build-system/01-product-config.md	Q3	`:=`、`+=` 和产品配置的单值/列表变量应如何理解？
13-build-system/01-product-config.md	Q4	12-build-system/01-product-config.md	Q4	`inherit-product` 如何合并产品配置，何时可用 `inherit-product-if-exists`？
13-build-system/01-product-config.md	Q5	12-build-system/01-product-config.md	Q5	`PRODUCT_COPY_FILES` 的源路径和目标路径分别表示什么，适合复制哪些文件？
13-build-system/01-product-config.md	Q6	12-build-system/01-product-config.md	Q6	`PRODUCT_PACKAGE_OVERLAYS` 与 `DEVICE_PACKAGE_OVERLAYS` 的职责是什么，为什么 overlay 通常按源码路径组织？
13-build-system/01-product-config.md	Q7	12-build-system/01-product-config.md	Q7	`PRODUCT_PACKAGES` 如何控制产品安装模块，如何从产品中移除 Contacts 应用？
13-build-system/01-product-config.md	Q8	12-build-system/01-product-config.md	Q8	Soong 模块安装到哪个分区由什么决定，怎样确认它进入了哪个镜像？
13-build-system/01-product-config.md	Q9	12-build-system/01-product-config.md	Q9	`PRODUCT_DEVICE`、`BoardConfig.mk` 和 `PRODUCT_NAME` 的关系是什么？
13-build-system/01-product-config.md	Q10	12-build-system/01-product-config.md	Q10	从执行 `lunch` 到 Soong/Kati 开始编译，产品配置大致经过哪些阶段？
13-build-system/01-product-config.md	Q11	12-build-system/01-product-config.md	Q11	新增 AAOS Product 时，`AndroidProducts.mk` 与产品 `.mk` 文件各负责什么？
13-build-system/01-product-config.md	Q12	12-build-system/01-product-config.md	Q12	新增产品配置时，如何从已有 AAOS 模拟器产品继承而不误认为它是“车机硬件板”？
13-build-system/01-product-config.md	Q13	12-build-system/01-product-config.md	Q13	AAOS/AOSP 的 `user`、`userdebug` 和 `eng` 构建变体会怎样影响模块标签与调试属性？
13-build-system/01-product-config.md	Q14	12-build-system/01-product-config.md	Q14	定制 Product 时，常见 `PRODUCT_*` 变量分别应在哪类决策中使用？
13-build-system/01-product-config.md	Q15	12-build-system/01-product-config.md	Q15	性能测试应选什么构建变体，怎样避免把调试差异当成优化收益？
13-build-system/02-soong-modules.md	Q1	12-build-system/02-soong-modules.md	Q1	[done] [tags:Soong] AAOS 构建中的 Soong 和 Soong 模块分别是什么？
13-build-system/02-soong-modules.md	Q2	12-build-system/02-soong-modules.md	Q3	AAOS 中预编译模块与可执行模块分别有哪些应用场景？
13-build-system/02-soong-modules.md	Q3	12-build-system/02-soong-modules.md	Q4	AAOS 项目什么时候需要新增或修改 Android.bp，模块声明与产品打包如何区分？
13-build-system/02-soong-modules.md	Q4	12-build-system/02-soong-modules.md	Q5	以 NsrVehicleService/Android.bp 为例，如何逐项解读 Soong 属性、依赖与 APK 安装形态？
13-build-system/02-soong-modules.md	Q5	12-build-system/02-soong-modules.md	Q6	读 build/make/core/version_defaults.mk 判断项目基于哪个 Android 版本时，TP1A、REL 和末尾 include 的 version_util.mk 分别起什么作用？
13-build-system/02-soong-modules.md	Q6	12-build-system/02-soong-modules.md	Q7	[learning] [tags:Android.bp] system/core/init/Android.bp 中的 defaults、soong_config_module_type 和构建变量如何改变模块配置？
13-build-system/02-soong-modules.md	Q7	12-build-system/02-soong-modules.md	Q8	init_first_stage 与 init_second_stage 在 system/core/init/Android.bp 中如何区分源码、链接方式和安装目标？
13-build-system/02-soong-modules.md	Q8	12-build-system/02-soong-modules.md	Q9	system/core/init/Android.bp 如何构建 init 测试、主机校验工具和生成文件？
13-build-system/02-soong-modules.md	Q9	12-build-system/02-soong-modules.md	Q10	阅读 system/core/init/Android.bp 时，源码变量、libinit、phony 模块和 init_second_stage 如何组成模块依赖图？
13-build-system/02-soong-modules.md	Q10	12-build-system/02-soong-modules.md	Q2	在 AAOS 构建中，Soong、Make/Kati、Ninja、Android.bp/Android.mk 和 m 各自承担什么角色，模块声明又怎样流转为构建动作？
13-build-system/02-soong-modules.md	Q11	12-build-system/02-soong-modules.md	Q11	在 AAOS 产品中新增 C/C++ 命令行程序时，`cc_binary`、`PRODUCT_PACKAGES` 和 `m <模块名>` 分别做什么？
13-build-system/02-soong-modules.md	Q12	12-build-system/02-soong-modules.md	Q12	什么时候使用 `cc_prebuilt_binary` 导入 ELF，为什么不能把宿主机 Linux 程序直接塞进 AAOS？
13-build-system/02-soong-modules.md	Q13	12-build-system/02-soong-modules.md	Q13	C/C++ 动态库、静态库和使用者模块之间如何声明依赖与安装？
13-build-system/02-soong-modules.md	Q14	12-build-system/02-soong-modules.md	Q14	使用 `cc_prebuilt_library_shared` 时，如何保证 `.so` 的架构、文件名和头文件导出相互匹配？
13-build-system/02-soong-modules.md	Q15	12-build-system/02-soong-modules.md	Q15	Java 源码如何声明为可安装的设备侧可执行 JAR，运行时为什么还需要 `app_process`？
13-build-system/02-soong-modules.md	Q16	12-build-system/02-soong-modules.md	Q16	`java_library` 与 `java_import` 的区别是什么，源码库和预编译 JAR 怎样供另一个模块使用？
13-build-system/02-soong-modules.md	Q17	12-build-system/02-soong-modules.md	Q17	Java 的 `installable`、`product_specific` 和 `PRODUCT_PACKAGES` 分别控制什么？
13-build-system/02-soong-modules.md	Q18	12-build-system/02-soong-modules.md	Q18	产品已安装一个可执行文件时，它的共享库依赖是否还需要单独加入 `PRODUCT_PACKAGES`？
13-build-system/02-soong-modules.md	Q19	12-build-system/02-soong-modules.md	Q19	如何验证新增加的 Soong 模块从源码定义到设备运行的完整链路？
13-build-system/02-soong-modules.md	Q20	12-build-system/02-soong-modules.md	Q20	Android 的 `user`、`userdebug` 和 `eng` 构建变体有什么区别，车机调试和验收该怎么选？
13-build-system/02-soong-modules.md	Q21	12-build-system/02-soong-modules.md	Q21	Make 与 Android.bp 的变量赋值、引用和条件语法有何区别？
13-build-system/02-soong-modules.md	Q22	12-build-system/02-soong-modules.md	Q22	如何结合 Android 13 源码判断项目的 `adb root` 权限和实际能力？
13-build-system/02-soong-modules.md	Q23	12-build-system/02-soong-modules.md	Q23	应用要在 Android 源码树中编译时，怎样判断 `platform_apis`、签名、特权身份和安装分区该如何配置？
13-build-system/02-soong-modules.md	Q24	12-build-system/02-soong-modules.md	Q24	改了 framework 性能代码后，怎样构建、同步到设备并验证改动？
13-build-system/02-soong-modules.md	Q25	12-build-system/02-soong-modules.md	Q25	"AutoFDO 与插桩 PGO、Baseline Profile 分别差在哪？它会在用户手机运行时""自动优化""吗？"
13-build-system/02-soong-modules.md	Q26	12-build-system/02-soong-modules.md	Q26	Soong 模块怎样接入 AutoFDO？模块声明 afdo: true 能证明本地二进制已经优化了吗？
13-build-system/03-android-executables.md	Q1	12-build-system/03-android-executables.md	Q1	Android 中的可执行文件、ELF、Soong 模块名和设备路径分别是什么？
13-build-system/03-android-executables.md	Q2	12-build-system/03-android-executables.md	Q2	Android 启动时执行的 `/init` 是什么，为什么源码里有两个 init？
13-build-system/03-android-executables.md	Q3	12-build-system/03-android-executables.md	Q3	源码编译的可执行文件和预编译可执行文件有什么区别？
13-build-system/03-android-executables.md	Q4	12-build-system/03-android-executables.md	Q4	`.so`、静态库、Java JAR 和 APK 都是可执行文件吗？
13-build-system/03-android-executables.md	Q5	12-build-system/03-android-executables.md	Q5	构建、打进系统镜像和运行可执行文件分别由什么控制？
13-build-system/03-android-executables.md	Q6	12-build-system/03-android-executables.md	Q6	Android 可执行文件存在却无法运行，应该先查什么？
13-build-system/04-android-system-images.md	Q1	12-build-system/04-android-system-images.md	Q1	`system.img`、整机 ROM、`target_files.zip` 和 OTA 包分别是什么？
13-build-system/04-android-system-images.md	Q2	12-build-system/04-android-system-images.md	Q2	ramdisk 会打包进哪个启动镜像，Android 12 和 Android 13 设备有何区别？
13-build-system/04-android-system-images.md	Q3	12-build-system/04-android-system-images.md	Q3	哪些文件会进入 `system.img`，模块编译成功后为什么可能不在里面？
13-build-system/04-android-system-images.md	Q4	12-build-system/04-android-system-images.md	Q4	`super.img` 和 `system.img` 有什么关系，Android 13 何时生成 `super.img`？
13-build-system/04-android-system-images.md	Q5	12-build-system/04-android-system-images.md	Q5	如何只构建 `system.img`，如何构建当前产品的整套镜像？
13-build-system/04-android-system-images.md	Q6	12-build-system/04-android-system-images.md	Q6	镜像构建失败、镜像过大或改动没有生效时如何排查？
13-build-system/04-android-system-images.md	Q7	12-build-system/04-android-system-images.md	Q7	如何判断 `system.img` 的文件系统格式和稀疏格式？
13-build-system/04-android-system-images.md	Q8	12-build-system/04-android-system-images.md	Q8	`system.img`、`super.img` 和 OTA 包应该怎样刷入设备？
13-build-system/05-android-kernel-build.md	Q1	12-build-system/05-android-kernel-build.md	Q1	为什么定制 AAOS 模拟器内核时，不能只选相同的 Linux 主版本或随意使用 `gki_defconfig`？
13-build-system/05-android-kernel-build.md	Q2	12-build-system/05-android-kernel-build.md	Q2	如何确定与 AAOS 13 模拟器预编译内核匹配的源码版本？
13-build-system/05-android-kernel-build.md	Q3	12-build-system/05-android-kernel-build.md	Q3	为什么应从目标预编译内核提取 `.config`，而不是拼凑 defconfig？
13-build-system/05-android-kernel-build.md	Q4	12-build-system/05-android-kernel-build.md	Q4	AAOS 13 内核案例中的 `ARCH`、`LLVM`、`LLVM_IAS` 和 `PATH` 各控制什么？
13-build-system/05-android-kernel-build.md	Q5	12-build-system/05-android-kernel-build.md	Q5	`make olddefconfig` 和 `make -jN` 在内核构建流程中各自解决什么问题？
13-build-system/05-android-kernel-build.md	Q6	12-build-system/05-android-kernel-build.md	Q6	在内核源码树内添加自定义驱动时，源码、Kconfig、Makefile 与 `.config` 如何关联？
13-build-system/05-android-kernel-build.md	Q7	12-build-system/05-android-kernel-build.md	Q7	将自编译内核交给模拟器启动时，如何确认替换的是实际运行的内核？
13-build-system/05-android-kernel-build.md	Q8	12-build-system/05-android-kernel-build.md	Q8	为什么内核和 `.ko` 模块需要来自匹配的构建配置与源码版本？
13-build-system/05-android-kernel-build.md	Q9	12-build-system/05-android-kernel-build.md	Q9	更换内核后出现黑屏、adb offline 或启动循环时，如何区分配置、版本和模拟器状态问题？
13-build-system/05-android-kernel-build.md	Q10	12-build-system/05-android-kernel-build.md	Q10	为什么 `emulator -show-kernel` 常用于捕获内核早期日志，设备运行后还可用哪些证据验证？
13-build-system/05-android-kernel-build.md	Q11	12-build-system/05-android-kernel-build.md	Q11	编译 Linux 内核时，`libelf`、`dwarves/pahole`、`flex`、`bison` 等主机依赖解决什么问题？
13-build-system/05-android-kernel-build.md	Q12	12-build-system/05-android-kernel-build.md	Q12	为什么编译 Android 平台不等于编译内核，Android Common Kernel 应怎样单独构建？
13-build-system/05-android-kernel-build.md	Q13	12-build-system/05-android-kernel-build.md	Q13	用 Cuttlefish 验证 framework 改动的边界在哪？为什么 Android 内核必须单独构建？
13-build-system/05-android-kernel-build.md	Q14	12-build-system/05-android-kernel-build.md	Q14	Android 17 GKI 的 kernel.afdo 是怎么从设备采样生成的？README 的 Pixel 8 收益数字为什么不能写进产品承诺？
13-build-system/06-kernel-modules.md	Q1	12-build-system/06-kernel-modules.md	Q1	Kconfig 的 `bool`/`tristate` 和 Kbuild 的 `obj-y`/`obj-m` 怎样共同决定驱动是否进入内核或生成 `.ko`？
13-build-system/06-kernel-modules.md	Q2	12-build-system/06-kernel-modules.md	Q2	外部内核模块怎样通过 Kbuild 编译？为什么宿主机默认编译器和工具链不能直接用于设备模块？
13-build-system/06-kernel-modules.md	Q3	12-build-system/06-kernel-modules.md	Q3	外部模块 `.ko` 已经构建成功，为什么 Android 设备仍可能拒绝加载？
13-build-system/06-kernel-modules.md	Q4	12-build-system/06-kernel-modules.md	Q4	修改字符驱动后，如何安排重构建、部署、验证和清理？
13-build-system/07-aconfig.md	Q1	12-build-system/07-aconfig.md	Q1	aconfig 是什么，它和以前用 `Build.IS_BOARD_*` 之类的宏有什么本质不同？
13-build-system/07-aconfig.md	Q2	12-build-system/07-aconfig.md	Q2	声明一个 aconfig 标志需要哪几个必填字段，`container` 与 `package` 分别管什么？
13-build-system/07-aconfig.md	Q3	12-build-system/07-aconfig.md	Q3	构建期生成了什么代码，Java 侧的入口是什么样的？
13-build-system/07-aconfig.md	Q4	12-build-system/07-aconfig.md	Q4	代码生成有几种模板，分别在什么条件下选用？
13-build-system/07-aconfig.md	Q5	12-build-system/07-aconfig.md	Q5	只读标志的优化是怎么做到的，为什么它对包体和性能有影响？
13-build-system/07-aconfig.md	Q6	12-build-system/07-aconfig.md	Q6	版本配置（release config）是什么，`trunk_staging` 与正式发布的区别？
13-build-system/07-aconfig.md	Q7	12-build-system/07-aconfig.md	Q7	声明里 `namespace` 字段的约束是什么，自建镜像该怎么处理？
13-build-system/07-aconfig.md	Q8	12-build-system/07-aconfig.md	Q8	这套体系跨版本会变吗，迁移时必须重新核对什么？
13-build-system/07-aconfig.md	Q9	12-build-system/07-aconfig.md	Q9	一个标志从声明到生效，完整链路经过哪几步，哪一步最容易断？
14-cpu-power/01-scheduler-power-framework.md	Q1	14-cpu-power/01-scheduler-power-framework.md	Q1	分析 Perfetto 的 CPU 轨道前，为什么要先区分微架构、调度器 capacity、cpufreq policy 与能量模型性能域？
14-cpu-power/01-scheduler-power-framework.md	Q2	14-cpu-power/01-scheduler-power-framework.md	Q2	"从 CFS 到 EEVDF，公平调度""记账""和""选人""分别怎么工作？nice 值改变的是什么？"
14-cpu-power/01-scheduler-power-framework.md	Q3	14-cpu-power/01-scheduler-power-framework.md	Q3	EAS 的选核在什么条件下生效？它管的是不是所有任务迁移？
14-cpu-power/01-scheduler-power-framework.md	Q4	14-cpu-power/01-scheduler-power-framework.md	Q4	"`fits_capacity` 预留了多少余量？温控为什么会让""冷机能装下的任务""变成 misfit？"
14-cpu-power/01-scheduler-power-framework.md	Q5	14-cpu-power/01-scheduler-power-framework.md	Q5	"schedutil 把哪些信号合成为目标频率？""CPU 百分比 × 最高频率""错在哪？"
14-cpu-power/01-scheduler-power-framework.md	Q6	14-cpu-power/01-scheduler-power-framework.md	Q6	"一个线程实际能运行在哪些 CPU 上？为什么""把 RenderThread 绑到大核""不是默认优化？"
14-cpu-power/01-scheduler-power-framework.md	Q7	14-cpu-power/01-scheduler-power-framework.md	Q7	Android 用户空间怎么把进程状态翻译成调度约束？task profile、nice 与 UClamp 能互相替代吗？
14-cpu-power/01-scheduler-power-framework.md	Q8	14-cpu-power/01-scheduler-power-framework.md	Q8	"DVFS 的节能依据是什么？为什么""降频一定省电""不成立？"
14-cpu-power/01-scheduler-power-framework.md	Q9	14-cpu-power/01-scheduler-power-framework.md	Q9	Linux CPUFreq 分几层？`scaling_cur_freq` 是硬件实频吗？
14-cpu-power/01-scheduler-power-framework.md	Q10	14-cpu-power/01-scheduler-power-framework.md	Q10	"从应用持有 WakeLock 到系统挂起，中间经过哪些层？""CPU idle 比例接近 100%""能证明系统已挂起吗？"
14-cpu-power/01-scheduler-power-framework.md	Q11	14-cpu-power/01-scheduler-power-framework.md	Q11	使用 PARTIAL_WAKE_LOCK 的正确姿势是什么？哪些表现说明锁被滥用了？
14-cpu-power/01-scheduler-power-framework.md	Q12	14-cpu-power/01-scheduler-power-framework.md	Q12	"Android 的温控为什么分""控制平面""和""报告平面""？ThermalManagerService 与 Thermal status 是什么关系？"
14-cpu-power/01-scheduler-power-framework.md	Q13	14-cpu-power/01-scheduler-power-framework.md	Q13	`getThermalHeadroom()` 返回的数值怎么解读？应用侧降载策略要满足什么条件？
14-cpu-power/01-scheduler-power-framework.md	Q14	14-cpu-power/01-scheduler-power-framework.md	Q14	Power HAL 的 setMode/setBoost 和性能提示会话能保证频率吗？GameManager 的 GAME_LOADING 有什么限制？
14-cpu-power/01-scheduler-power-framework.md	Q15	14-cpu-power/01-scheduler-power-framework.md	Q15	"Doze、App Standby Bucket 与用户""后台受限""分别约束什么？待机桶有哪些档位？"
14-cpu-power/01-scheduler-power-framework.md	Q16	14-cpu-power/01-scheduler-power-framework.md	Q16	JobScheduler 从 schedule() 到 onStartJob() 经过什么？JobService 回调有哪些必须遵守的生命周期约定？
14-cpu-power/01-scheduler-power-framework.md	Q17	14-cpu-power/01-scheduler-power-framework.md	Q17	WorkManager、JobScheduler、UIDT、expedited、FGS 与 exact alarm 怎么选？各有什么 API 版本边界？
14-cpu-power/01-scheduler-power-framework.md	Q18	14-cpu-power/01-scheduler-power-framework.md	Q18	App Hibernation 与待机桶、应用归档有什么区别？应用进入休眠后发生了什么、怎么恢复？
14-cpu-power/01-scheduler-power-framework.md	Q19	14-cpu-power/01-scheduler-power-framework.md	Q19	ADPF 的 HintSession 是反馈回路还是升频开关？Android 13 上能用到哪些 API？
14-cpu-power/01-scheduler-power-framework.md	Q20	14-cpu-power/01-scheduler-power-framework.md	Q20	target duration 应该填整帧周期吗？事后上报 actual 能修复已经掉的那一帧吗？
14-cpu-power/01-scheduler-power-framework.md	Q21	14-cpu-power/01-scheduler-power-framework.md	Q21	Performance Hint、CPU/GPU Headroom 与 Thermal 状态三类信号怎么分工？
14-cpu-power/01-scheduler-power-framework.md	Q22	14-cpu-power/01-scheduler-power-framework.md	Q22	Android 上有哪几条端侧推理路径？为什么混用会误判成本？
14-cpu-power/01-scheduler-power-framework.md	Q23	14-cpu-power/01-scheduler-power-framework.md	Q23	"为什么""实验室里最快的推理后端""放进真实页面未必改善体验？"
14-cpu-power/01-scheduler-power-framework.md	Q24	14-cpu-power/01-scheduler-power-framework.md	Q24	NPU 加速的收益取决于什么？Android 17 的 NPU 声明与调度控制面是做什么的？
14-cpu-power/01-scheduler-power-framework.md	Q25	14-cpu-power/01-scheduler-power-framework.md	Q25	"端侧推理的内存由哪些部分组成？""模型文件 100 MB 所以最多占 100 MB""错在哪？"
14-cpu-power/01-scheduler-power-framework.md	Q26	14-cpu-power/01-scheduler-power-framework.md	Q26	Android 17 的 cgroup 是纯 v2 统一层级吗？一个进程的 CPU 组和冻结组分别写在哪里？
14-cpu-power/01-scheduler-power-framework.md	Q27	14-cpu-power/01-scheduler-power-framework.md	Q27	libprocessgroup 和 task profile 把什么抽象掉了？`SetClamps` 为什么不能用？
14-cpu-power/01-scheduler-power-framework.md	Q28	14-cpu-power/01-scheduler-power-framework.md	Q28	framework 的 schedGroup 如何落到 cgroup？为什么短时间内可能看到新 schedGroup 与旧 cgroup 路径并存？
14-cpu-power/01-scheduler-power-framework.md	Q29	14-cpu-power/01-scheduler-power-framework.md	Q29	SoC 型号能预测流畅度吗？跨 SoC 分析要把哪三层证据分开，CPU 分析的四个概念怎样区分？
14-cpu-power/01-scheduler-power-framework.md	Q30	14-cpu-power/01-scheduler-power-framework.md	Q30	"厂商内核 hook 与 EAS 是什么关系？一段""多核同时升频""的 trace 怎样查证来源？"
14-cpu-power/01-scheduler-power-framework.md	Q31	14-cpu-power/01-scheduler-power-framework.md	Q31	MUSCHED 的 VIP 是什么机制？它证明了什么，又有哪些不能外推成 Android 17 默认行为？
14-cpu-power/01-scheduler-power-framework.md	Q32	14-cpu-power/01-scheduler-power-framework.md	Q32	Power HAL 的 Mode/Boost 与 Hint Session 是两条什么路径？应用能直接调用 setMode 吗？
14-cpu-power/01-scheduler-power-framework.md	Q33	14-cpu-power/01-scheduler-power-framework.md	Q33	"schedutil 怎么决定 CPU 频率？""利用率 × 最高频率""错在哪？频率上不去时应检查什么？"
14-cpu-power/01-scheduler-power-framework.md	Q34	14-cpu-power/01-scheduler-power-framework.md	Q34	PerformanceHintManager 的 Hint Session 怎么用？thermal headroom 的数值怎么读才不会误判？
14-cpu-power/01-scheduler-power-framework.md	Q35	14-cpu-power/01-scheduler-power-framework.md	Q35	"PowerStats HAL 报告哪三组数据？为什么""dumpsys powerstats 能列出对象""不等于设备能做应用耗电归因？"
14-cpu-power/02-energy-efficiency.md	Q1	14-cpu-power/02-energy-efficiency.md	Q1	端侧 LLM 推理的 TTFT 和 TPOT 应该怎么定义与测量，为什么平均 TPOT 不足以描述生成体验？
14-cpu-power/02-energy-efficiency.md	Q2	14-cpu-power/02-energy-efficiency.md	Q2	Android 上 EAS 与 CPUFreq（schedutil）分别负责什么，为什么看到频率变化不能归因于调度器改了放置？
14-cpu-power/02-energy-efficiency.md	Q3	14-cpu-power/02-energy-efficiency.md	Q3	LLM decode 阶段 CPU 与 GPU 利用率都不高，TPOT 却很差，可能有哪些原因？
14-cpu-power/02-energy-efficiency.md	Q4	14-cpu-power/02-energy-efficiency.md	Q4	普通应用在端侧 LLM 能效上能做什么、不能做什么？
14-cpu-power/02-energy-efficiency.md	Q5	14-cpu-power/02-energy-efficiency.md	Q5	应用如何用 PerformanceHintManager 为 LLM decode 建立性能提示，Android 13 与 Android 17 的 API 差异是什么？
14-cpu-power/02-energy-efficiency.md	Q6	14-cpu-power/02-energy-efficiency.md	Q6	测 LLM 推理能耗时，整机电池电流与 power rails（部件能量轨道）各能说明什么？
14-cpu-power/02-energy-efficiency.md	Q7	14-cpu-power/02-energy-efficiency.md	Q7	传感器批处理（batching）到底省了哪部分电，为什么它不能减少采样？
14-cpu-power/02-energy-efficiency.md	Q8	14-cpu-power/02-energy-efficiency.md	Q8	`registerListener` 的 `samplingPeriodUs` 与 `maxReportLatencyUs` 分别控制什么，请求 50 Hz 加 5 秒延迟会不会变成 0.2 Hz？
14-cpu-power/02-energy-efficiency.md	Q9	14-cpu-power/02-energy-efficiency.md	Q9	同一个传感器被多个应用以不同参数请求时，硬件最终采用谁的配置？
14-cpu-power/02-energy-efficiency.md	Q10	14-cpu-power/02-energy-efficiency.md	Q10	灭屏后 non-wake-up 传感器事件缺失，是 HAL 丢包吗？wake-up 传感器又是怎么工作的？
14-cpu-power/02-energy-efficiency.md	Q11	14-cpu-power/02-energy-efficiency.md	Q11	Android 12 起的高采样率限制是什么，为什么声明了 `HIGH_SAMPLING_RATE_SENSORS` 还可能被限？
14-cpu-power/02-energy-efficiency.md	Q12	14-cpu-power/02-energy-efficiency.md	Q12	多线程分别更新相邻计数器导致变慢，怎样判断是不是 false sharing，缓解的优先顺序是什么？
14-cpu-power/02-energy-efficiency.md	Q13	14-cpu-power/02-energy-efficiency.md	Q13	C/C++ 数据布局中 AoS（结构体数组）与 SoA（分字段数组）怎么选？
14-cpu-power/02-energy-efficiency.md	Q14	14-cpu-power/02-energy-efficiency.md	Q14	把热循环里的 `List<Float>` 换成 `FloatArray`，收益来自哪里，什么时候值得做？
14-cpu-power/02-energy-efficiency.md	Q15	14-cpu-power/02-energy-efficiency.md	Q15	线程迁移到另一个 CPU 后会发生什么，`cpu-migrations` 上升能说明什么？
14-cpu-power/02-energy-efficiency.md	Q16	14-cpu-power/02-energy-efficiency.md	Q16	怎么用 Simpleperf 判断一段代码是不是 memory-bound（主要受内存访问限制）？
14-cpu-power/02-energy-efficiency.md	Q17	14-cpu-power/02-energy-efficiency.md	Q17	Startup Profile 与 Baseline Profile 各做什么，DEX 布局优化从哪个 AGP 版本开始可用？
14-cpu-power/02-energy-efficiency.md	Q18	14-cpu-power/02-energy-efficiency.md	Q18	Adreno、Mali/Xclipse 的架构名称与厂商 NPU 百分比能说明什么？GPU 或内存数据缺失时怎么避免误判？
14-cpu-power/03-app-power-practice.md	Q1	14-cpu-power/03-app-power-practice.md	Q1	"用户反馈""应用掉电快""，第一步要把感受转换成什么？三类功耗证据各能回答什么？"
14-cpu-power/03-app-power-practice.md	Q2	14-cpu-power/03-app-power-practice.md	Q2	一轮可复现的 BatteryStats 采集怎么搭？Battery Historian、Power Profiler 与 Macrobenchmark `PowerMetric` 各适合什么问题？
14-cpu-power/03-app-power-practice.md	Q3	14-cpu-power/03-app-power-practice.md	Q3	OEM 后台限制的排查为什么要从 AOSP 状态开始？具体按什么顺序取证？
14-cpu-power/03-app-power-practice.md	Q4	14-cpu-power/03-app-power-practice.md	Q4	"`BACKGROUND_RESTRICTED` 能由系统自动打上吗？""耗电豁免""是什么性质的东西？"
14-cpu-power/03-app-power-practice.md	Q5	14-cpu-power/03-app-power-practice.md	Q5	应用侧怎么降低厂商后台差异带来的不可预期性？
14-cpu-power/03-app-power-practice.md	Q6	14-cpu-power/03-app-power-practice.md	Q6	评审一个后台任务应该连续回答哪些问题？Doze、待机分组与任务接口为什么不能互相替代？
14-cpu-power/03-app-power-practice.md	Q7	14-cpu-power/03-app-power-practice.md	Q7	从 `startForegroundService()` 到真正以前台服务运行，要过哪三道互相独立的检查？
14-cpu-power/03-app-power-practice.md	Q8	14-cpu-power/03-app-power-practice.md	Q8	`startForegroundService()` 之后迟迟不调 `startForeground()` 会发生什么？怎么避免晋升超时？
14-cpu-power/03-app-power-practice.md	Q9	14-cpu-power/03-app-power-practice.md	Q9	"前台服务到底""买到""了什么？FGS 与后台启动 Activity（BAL）是什么关系？"
14-cpu-power/03-app-power-practice.md	Q10	14-cpu-power/03-app-power-practice.md	Q10	WakeLock 和 Alarm 分别解决什么问题？为什么说它们都不是保活接口？
14-cpu-power/03-app-power-practice.md	Q11	14-cpu-power/03-app-power-practice.md	Q11	AlarmManager 的各 API 怎么选？时间基准与 PendingIntent 身份有哪些坑？
14-cpu-power/03-app-power-practice.md	Q12	14-cpu-power/03-app-power-practice.md	Q12	Android 17 的 Listener 版 `setExactAndAllowWhileIdle()` 适合什么场景、边界在哪？
14-cpu-power/03-app-power-practice.md	Q13	14-cpu-power/03-app-power-practice.md	Q13	WorkManager 的唯一工作、任务链与 `Data` 传参各有哪些边界？
14-cpu-power/03-app-power-practice.md	Q14	14-cpu-power/03-app-power-practice.md	Q14	"Job 一直不执行，怎么按""WorkManager 层 → 系统层 → Worker 层""取证？Pending reasons 怎么读？"
14-cpu-power/03-app-power-practice.md	Q15	14-cpu-power/03-app-power-practice.md	Q15	`setExpedited()` 与长时 Worker（`setForeground()`）的使用边界是什么？
14-cpu-power/03-app-power-practice.md	Q16	14-cpu-power/03-app-power-practice.md	Q16	FusedLocationProvider 的请求参数哪些是承诺、哪些只是请求条件？批量交付要注意什么？
14-cpu-power/03-app-power-practice.md	Q17	14-cpu-power/03-app-power-practice.md	Q17	一次性定位、地理围栏还是被动定位，怎么按业务选并守住退出条件？
14-cpu-power/03-app-power-practice.md	Q18	14-cpu-power/03-app-power-practice.md	Q18	传感器采集会话的注册、交付与注销有哪些必须守住的纪律？（批处理机制之外）
14-cpu-power/03-app-power-practice.md	Q19	14-cpu-power/03-app-power-practice.md	Q19	Wi-Fi RTT 与 BLE 测距会话怎么治理功耗与失败？
14-cpu-power/03-app-power-practice.md	Q20	14-cpu-power/03-app-power-practice.md	Q20	Android 17 的后台音频硬化分哪两级？失败为什么是静默的？怎么取证？
14-cpu-power/03-app-power-practice.md	Q21	14-cpu-power/03-app-power-practice.md	Q21	"声音已经停了，但网络、解码、WakeLock 还在跑——""僵尸播放""怎么治理？"
14-cpu-power/03-app-power-practice.md	Q22	14-cpu-power/03-app-power-practice.md	Q22	"Hybrid 页面的功耗都花在哪？为什么不能按""一个页面一个进程""估内存？"
14-cpu-power/03-app-power-practice.md	Q23	14-cpu-power/03-app-power-practice.md	Q23	"""原生比 Web 省电""的论文结论能直接推出某个 Hybrid 页面必须原生化吗？"
14-cpu-power/03-app-power-practice.md	Q24	14-cpu-power/03-app-power-practice.md	Q24	WebView 的生命周期与 renderer 异常应该怎么接？
14-cpu-power/03-app-power-practice.md	Q25	14-cpu-power/03-app-power-practice.md	Q25	原生化与保留 WebView 的取舍怎么落地成可执行规则？
14-cpu-power/03-app-power-practice.md	Q26	14-cpu-power/03-app-power-practice.md	Q26	"应用退后台一段时间后 WebSocket 心跳超时被服务端断开、解冻后定时任务瞬间连发，甚至后台""无故""死亡——缓存进程冻结（Freezer）下发生了什么？怎么治理长连接？"
14-cpu-power/03-app-power-practice.md	Q27	14-cpu-power/03-app-power-practice.md	Q27	Android 14 强制的 foregroundServiceType 有哪些？从 BOOT_COMPLETED 能拉起哪几种前台服务？
14-cpu-power/03-app-power-practice.md	Q28	14-cpu-power/03-app-power-practice.md	Q28	"后台任务应该选哪个系统 API？为什么""加白名单""或""全用前台服务""不是万能解？行业案例的百分比能直接复用吗？"
14-cpu-power/04-app-cpu-size-optimization.md	Q1	14-cpu-power/04-app-cpu-size-optimization.md	Q1	"应用层做 CPU 优化时，为什么""CPU 高""不能直接指向改法？墙钟时间与线程 CPU 时间、Runnable 与 Blocked 各回答什么问题？"
14-cpu-power/04-app-cpu-size-optimization.md	Q2	14-cpu-power/04-app-cpu-size-optimization.md	Q2	"ThreadPoolExecutor.execute() 的三段决策顺序是什么？为什么""workers = availableProcessors()""这类公式不能当工程规则？"
14-cpu-power/04-app-cpu-size-optimization.md	Q3	14-cpu-power/04-app-cpu-size-optimization.md	Q3	有界计算线程池为什么常配 AbortPolicy？CallerRunsPolicy 在什么条件下危险？线程工厂里 `Process.setThreadPriority()` 为什么必须写在新线程体内？
14-cpu-power/04-app-cpu-size-optimization.md	Q4	14-cpu-power/04-app-cpu-size-optimization.md	Q4	"应用进程怎么用公开 API 采样自己的 CPU？""等效占用核数""怎么算？/proc 解析有哪些陷阱？"
14-cpu-power/04-app-cpu-size-optimization.md	Q5	14-cpu-power/04-app-cpu-size-optimization.md	Q5	scheduleAtFixedRate 与 scheduleWithFixedDelay 语义差在哪？任务抛出未处理异常后周期任务会怎样？Android 16 起补跑行为有什么变化？
14-cpu-power/04-app-cpu-size-optimization.md	Q6	14-cpu-power/04-app-cpu-size-optimization.md	Q6	缓存进程因 CPU 使用过量被系统终止的机制是怎么工作的？为什么不能把它当成 Android 17 新增或与 JobScheduler 配额绑定？
14-cpu-power/04-app-cpu-size-optimization.md	Q7	14-cpu-power/04-app-cpu-size-optimization.md	Q7	"""CPU 占用不高但用户等很久""指向锁竞争时，应该按什么顺序优化？为什么不能假设 synchronized 固定""自旋后休眠""？"
14-cpu-power/04-app-cpu-size-optimization.md	Q8	14-cpu-power/04-app-cpu-size-optimization.md	Q8	Dispatchers.Default 与 Dispatchers.IO 是什么关系？limitedParallelism() 视图承诺什么、不承诺什么？
14-cpu-power/04-app-cpu-size-optimization.md	Q9	14-cpu-power/04-app-cpu-size-optimization.md	Q9	"把一组周期性工作线程标记为""能效优先""（setPreferPowerEfficiency）适合什么场景？它承诺省电吗？"
14-cpu-power/04-app-cpu-size-optimization.md	Q10	14-cpu-power/04-app-cpu-size-optimization.md	Q10	PerformanceHintManager.Session 的生命周期与线程归属要注意什么？createHintSession 为什么可能返回 null？
14-cpu-power/04-app-cpu-size-optimization.md	Q11	14-cpu-power/04-app-cpu-size-optimization.md	Q11	Android 13（API 33）上能用 PerformanceHintManager 的哪些能力？API 34/35/36 各加了什么？
14-cpu-power/04-app-cpu-size-optimization.md	Q12	14-cpu-power/04-app-cpu-size-optimization.md	Q12	PowerMonitor / SystemHealthManager 的能耗读数怎么用？为什么相邻两次读数可能出现零差值？
14-cpu-power/04-app-cpu-size-optimization.md	Q13	14-cpu-power/04-app-cpu-size-optimization.md	Q13	怎么验证能效提示真的有效？没有 PowerMonitor 的设备怎么降级？
14-cpu-power/04-app-cpu-size-optimization.md	Q14	14-cpu-power/04-app-cpu-size-optimization.md	Q14	"应用侧热治理的公开入口在哪？为什么查不到""系统当前启用了哪些热缓解动作""？"
14-cpu-power/04-app-cpu-size-optimization.md	Q15	14-cpu-power/04-app-cpu-size-optimization.md	Q15	全局热状态是怎么聚合出来的？为什么不能从它反推某个 CPU 集群的频率？
14-cpu-power/04-app-cpu-size-optimization.md	Q16	14-cpu-power/04-app-cpu-size-optimization.md	Q16	怎么证明一次性能退化是热节流造成的，而不是普通 DVFS 或负载变化？
14-cpu-power/04-app-cpu-size-optimization.md	Q17	14-cpu-power/04-app-cpu-size-optimization.md	Q17	热状态升高时的降载状态机要满足什么条件才不会反复振荡？
14-cpu-power/04-app-cpu-size-optimization.md	Q18	14-cpu-power/04-app-cpu-size-optimization.md	Q18	"体积治理要先固定哪四种口径？为什么""下载少 1 MB，安装空间未必同步少 1 MB""？"
14-cpu-power/04-app-cpu-size-optimization.md	Q19	14-cpu-power/04-app-cpu-size-optimization.md	Q19	"""64K 限制""到底限制什么？Defined Methods 与 Referenced Methods 差在哪？"
14-cpu-power/04-app-cpu-size-optimization.md	Q20	14-cpu-power/04-app-cpu-size-optimization.md	Q20	"R8 的 keep 规则为什么容易膨胀？怎么找到""是谁保留了这段代码""并安全放宽？"
14-cpu-power/04-app-cpu-size-optimization.md	Q21	14-cpu-power/04-app-cpu-size-optimization.md	Q21	minSdk ≥ 21 的应用还需要 multidex 兼容处理吗？DEX 个数多会拖慢启动吗？
14-cpu-power/04-app-cpu-size-optimization.md	Q22	14-cpu-power/04-app-cpu-size-optimization.md	Q22	Native SO 的 strip 与节区分析怎么做？哪些字节删了会出问题？
14-cpu-power/04-app-cpu-size-optimization.md	Q23	14-cpu-power/04-app-cpu-size-optimization.md	Q23	安装期系统怎么为一个包选择 ABI？16 KB 页对齐要满足哪两层？动态加载 .so 有什么新要求？
14-cpu-power/04-app-cpu-size-optimization.md	Q24	14-cpu-power/04-app-cpu-size-optimization.md	Q24	"资源体积优化中，""删""与""换""分别要守住哪些边界？"
14-cpu-power/04-app-cpu-size-optimization.md	Q25	14-cpu-power/04-app-cpu-size-optimization.md	Q25	AAB 上传后设备实际收到什么？bundletool get-size total 两条命令为什么不能相减？
14-cpu-power/04-app-cpu-size-optimization.md	Q26	14-cpu-power/04-app-cpu-size-optimization.md	Q26	on-demand 动态特性模块的工程边界有哪些？为什么 base 不能引用 feature 的实现类？
14-cpu-power/04-app-cpu-size-optimization.md	Q27	14-cpu-power/04-app-cpu-size-optimization.md	Q27	"非 Play 渠道怎么替代 AAB 能力？为什么""运行时下载 DEX/SO""不能当体积方案？"
14-cpu-power/04-app-cpu-size-optimization.md	Q28	14-cpu-power/04-app-cpu-size-optimization.md	Q28	debuggable=false 的 release 包会自动删除 Log.d() 吗？R8 按级别删除日志怎么配置？
15-performance/01-smoothness.md	Q1	15-performance/05-smoothness.md	Q1	"用户反馈""页面有点卡""，为什么必须先区分渲染 jank、响应延迟与 ANR 三类工程口径，各自动用哪些证据？"
15-performance/01-smoothness.md	Q2	15-performance/05-smoothness.md	Q2	FrameTimeline 用什么结构记录一帧，`surface_frame_token` 与 `display_frame_token` 为什么不能互换？
15-performance/01-smoothness.md	Q3	15-performance/05-smoothness.md	Q3	JankType 位标志如何支撑 App、SurfaceFlinger 与 Display 三层归因，哪些标志在 AAOS13 里还不存在？
15-performance/01-smoothness.md	Q4	15-performance/05-smoothness.md	Q5	"`dequeueBuffer` 或 `queueBuffer` 变长为什么不能直接写成""SurfaceFlinger 正在合成""，buffer 背压如何传播延迟？"
15-performance/01-smoothness.md	Q5	15-performance/05-smoothness.md	Q6	Android vitals 的慢帧与冻结帧阈值是什么口径，为什么不能替代逐帧 deadline 归因？
15-performance/01-smoothness.md	Q6	15-performance/05-smoothness.md	Q7	一次可靠的 FrameTimeline 单帧归因要按什么顺序取证据，为什么会把 Binder、GC 误判成根因？
15-performance/01-smoothness.md	Q7	15-performance/05-smoothness.md	Q8	Perfetto 的线程状态里 Runnable、Sleeping、Uninterruptible Sleep 各意味着什么，为什么 Runnable 不等于等锁、`D` 状态不等于磁盘 I/O？
15-performance/01-smoothness.md	Q8	15-performance/05-smoothness.md	Q9	把同步 Binder 归为某帧卡顿根因需要什么证据，为什么只统计 Binder 次数无效？
15-performance/01-smoothness.md	Q9	15-performance/05-smoothness.md	Q10	列表滑动的拖动阶段与 fling 阶段驱动方式有何不同，RecyclerView 留在 trace 里的三组线索分别指向什么？
15-performance/01-smoothness.md	Q10	15-performance/05-smoothness.md	Q11	"WeSing 歌房进房案例中，为什么根因不是""312 ms 的长方法""而是进房依赖没有分类？"
15-performance/01-smoothness.md	Q11	15-performance/05-smoothness.md	Q12	"某版本升级后线程数增加约 30 个、卡顿率上升，如何把""线程变多""从相关性推进到调度根因？"
15-performance/01-smoothness.md	Q12	15-performance/05-smoothness.md	Q13	App 侧没有长任务、SurfaceFlinger 的 GPU 合成区间却变长，这类卡顿在 Android 17 语境下如何重建证据链？
15-performance/01-smoothness.md	Q13	15-performance/05-smoothness.md	Q14	长时间游戏后帧率波动，什么样的证据链才能把原因落到温控而不是巧合？
15-performance/01-smoothness.md	Q14	15-performance/05-smoothness.md	Q15	"FrameTimeline 全绿为什么不能证明运动轨迹均匀，""无掉帧卡顿""应该怎样继续拆？"
15-performance/01-smoothness.md	Q15	15-performance/05-smoothness.md	Q16	`OverScroller` 的 fling 轨迹里藏着哪三种离散化，120 Hz 下 8/9 ms 交替是随机抖动吗？
15-performance/01-smoothness.md	Q16	15-performance/05-smoothness.md	Q17	怎样量化一段滚动的步幅波动，为什么不能对减速 fling 直接计算 Δx 方差？
15-performance/01-smoothness.md	Q17	15-performance/05-smoothness.md	Q18	"触摸重采样的 5 ms 回退与 8 ms 外推上限各是什么语义，""等于触摸固定慢 5 ms""错在哪？"
15-performance/01-smoothness.md	Q18	15-performance/05-smoothness.md	Q19	自有动画应该用什么时间基准，为什么 EMA 平滑和 Android 17 的 Buffer Stuffing Recovery 都不是通用修复？
15-performance/01-smoothness.md	Q19	15-performance/05-smoothness.md	Q20	"Android 17 的 SystemUI 有哪三个独立窗口入口，SceneContainer 为什么让""一张固定架构图""失效？"
15-performance/01-smoothness.md	Q20	15-performance/05-smoothness.md	Q21	通知从入库到显示经历哪些阶段，为什么异步绑定没有消除 UI 线程成本？
15-performance/01-smoothness.md	Q21	15-performance/05-smoothness.md	Q22	"NSSL 的 `onMeasure` 为什么连 GONE 的子 View 也要测量，""屏幕上可见几条通知""与测量成本为什么不同？"
15-performance/01-smoothness.md	Q22	15-performance/05-smoothness.md	Q23	通知面板展开掉帧时，怎样证明责任在 SystemUI 而不是发布通知的应用？
15-performance/01-smoothness.md	Q23	15-performance/05-smoothness.md	Q24	HWC 的 `DEVICE` 与 `CLIENT` 合成类型分别是什么，为什么看到 `DEVICE` 不能断言该 layer 独占一个物理 overlay plane？
15-performance/01-smoothness.md	Q24	15-performance/05-smoothness.md	Q25	Android 13 的 SurfaceFlinger 每帧怎样与 HWC 交互，`presentOrValidate` 的快速分支省掉了什么？
15-performance/01-smoothness.md	Q25	15-performance/05-smoothness.md	Q26	SurfaceView 视频加半透明控制栏后画面从 `DEVICE` 变 `CLIENT`，如何设计单变量实验找出触发属性？
15-performance/01-smoothness.md	Q26	15-performance/05-smoothness.md	Q27	Accessibility 的事件上报与节点查询为什么方向相反，`oneway` 为什么不等于零成本？
15-performance/01-smoothness.md	Q27	15-performance/05-smoothness.md	Q28	一次无障碍节点查询会遍历整棵 View 树吗，AAOS13 源码里 prefetch 的上限与保护是什么？
15-performance/01-smoothness.md	Q28	15-performance/05-smoothness.md	Q29	应用侧做无障碍性能优化时，哪些做法安全、哪些会破坏语义，`minDurationBetweenContentChanges` 解决什么问题？
15-performance/01-smoothness.md	Q29	15-performance/05-smoothness.md	Q30	"ContentCapture 与 Autofill 都会读视图结构，两者的触发条件与线程路径差在哪，为什么不能统称""全树扫描""？"
15-performance/01-smoothness.md	Q30	15-performance/05-smoothness.md	Q4	分析一段渲染 trace 时，为什么应先固定 Producer、输出 Surface、layer 拓扑与合成位置四个坐标，而不是从最长的 trace slice 入手？
15-performance/01-smoothness.md	Q31	15-performance/05-smoothness.md	Q31	dequeueBuffer 长时间等待时，为什么不能直接得出「队列深度不够、应该加 buffer」的结论？
15-performance/01-smoothness.md	Q32	15-performance/05-smoothness.md	Q32	游戏性能分析为什么不能从 UI 线程 doFrame 开始？60 FPS 能推出输入延迟只有一帧吗？
15-performance/01-smoothness.md	Q33	15-performance/05-smoothness.md	Q33	Unity 的 `Gfx.WaitForPresentOnGfxThread` 变长能直接判定 GPU bound 吗？Perfetto 里为什么看不到 `PlayerLoop`？
15-performance/01-smoothness.md	Q34	15-performance/05-smoothness.md	Q34	Swappy、Frame Rate API、ADPF Hint Session、Game Mode、Game State 各管什么？哪些能力在 Android 13 上还没有？
15-performance/01-smoothness.md	Q35	15-performance/05-smoothness.md	Q35	"游戏的 CPU bound、GPU bound、pacing bound、display bound 各自的证据形态是什么？""每帧超过 1000 draw call 就有问题""成立吗？"
15-performance/02-responsiveness.md	Q1	15-performance/06-responsiveness.md	Q1	"测量""点击响应慢""时，为什么按压反馈与点击结果要用不同的起点，event-to-photon 与 touch-to-photon 差在哪？"
15-performance/02-responsiveness.md	Q2	15-performance/06-responsiveness.md	Q2	一次触摸从内核到上屏经过哪些阶段，ACK 很快为什么不代表反馈已完成？
15-performance/02-responsiveness.md	Q3	15-performance/06-responsiveness.md	Q3	AOSP 把性能问题分为 capacity 与 jitter 两类，这个分类如何决定优化方向和报告口径？
15-performance/02-responsiveness.md	Q4	15-performance/06-responsiveness.md	Q4	"Android Vitals 的慢帧、冻结帧、TTID/TTFD 各回答什么问题，ANR 为什么不能简化成""主线程超过某个时长""？"
15-performance/02-responsiveness.md	Q5	15-performance/06-responsiveness.md	Q5	同一应用内 `startActivity()` 的成本为什么差异巨大，Fragment 的 `commit()` 与 `commitNow()` 如何选择？
15-performance/02-responsiveness.md	Q6	15-performance/06-responsiveness.md	Q6	ViewPager2 的 `offscreenPageLimit` 交换的是什么成本，`FragmentStateAdapter` 下数据加载应绑在哪个生命周期？
15-performance/02-responsiveness.md	Q7	15-performance/06-responsiveness.md	Q7	实时搜索的延迟由哪四段组成，debounce 与 `distinctUntilChanged` 各解决什么问题、边界在哪？
15-performance/02-responsiveness.md	Q8	15-performance/06-responsiveness.md	Q8	"Duolingo 案例""课程结束点击后等待长""的优化为什么有效，提前显示完成反馈的前提是什么？"
15-performance/02-responsiveness.md	Q9	15-performance/06-responsiveness.md	Q9	冷启动、温启动、热启动的判定依据是什么，为什么不能凭生命周期日志下结论？
15-performance/02-responsiveness.md	Q10	15-performance/06-responsiveness.md	Q10	TTID 与 TTFD 各自的语义与阈值是什么，`reportFullyDrawn()` 报早或报晚会发生什么？
15-performance/02-responsiveness.md	Q11	15-performance/06-responsiveness.md	Q11	用 Binder trace 归因冷启动时，一笔同步事务的四段怎么分解，SystemServer 的 Binder 线程上限是多少？
15-performance/02-responsiveness.md	Q12	15-performance/06-responsiveness.md	Q12	目标进程被冻结时同步与 oneway 事务的内核行为差在哪，为什么 `server_dur = 0` 查不到 frozen rejection？
15-performance/02-responsiveness.md	Q13	15-performance/06-responsiveness.md	Q13	"启动优化的正确推进顺序是什么，为什么""把任务移到后台""常常不算优化？"
15-performance/02-responsiveness.md	Q14	15-performance/06-responsiveness.md	Q14	Jetpack App Startup 解决什么问题、边界在哪，第三方 ContentProvider 的自动初始化如何处置？
15-performance/02-responsiveness.md	Q15	15-performance/06-responsiveness.md	Q15	系统 SplashScreen 与自定义 Splash Activity 的差别在哪，`ViewStub` 与 `AsyncLayoutInflater` 的适用前提是什么？
15-performance/02-responsiveness.md	Q16	15-performance/06-responsiveness.md	Q16	Baseline Profile、Startup Profile 与 Cloud Profile 分别作用于什么阶段，生产案例的百分比为什么不能相加？
15-performance/02-responsiveness.md	Q17	15-performance/06-responsiveness.md	Q17	"""协程切换""为什么要拆成挂起恢复、dispatch 与内核上下文切换三种事件，如何量化调度成本？"
15-performance/02-responsiveness.md	Q18	15-performance/06-responsiveness.md	Q18	四个标准 Dispatcher 各适合什么工作，`Dispatchers.IO.limitedParallelism(n)` 限制了什么、没限制什么？
15-performance/02-responsiveness.md	Q19	15-performance/06-responsiveness.md	Q19	结构化并发下 Job 的失败与取消如何传播，`viewModelScope` 与 `repeatOnLifecycle` 各自解决什么、不解决什么？
15-performance/02-responsiveness.md	Q20	15-performance/06-responsiveness.md	Q20	默认 Flow、`buffer`、`conflate`、`collectLatest` 在慢消费者面前的行为差异是什么，`flowOn` 改变了什么边界？
15-performance/02-responsiveness.md	Q21	15-performance/06-responsiveness.md	Q21	一次 Keystore 签名实际分几段，为什么耗时埋点只包住 `sign()` 会漏掉大头，`Cipher.init()` 期间发生了什么？
15-performance/02-responsiveness.md	Q22	15-performance/06-responsiveness.md	Q22	`setUserAuthenticationRequired(true)` 的 per-use 与 time-based 密钥流程差在哪，`CryptoObject` 为什么必须用认证回调返回的同一对象？
15-performance/02-responsiveness.md	Q23	15-performance/06-responsiveness.md	Q23	StrongBox 与 TEE 的选择是性能问题吗，slot 用尽时系统如何处置、应用该怎么避免？
15-performance/02-responsiveness.md	Q24	15-performance/06-responsiveness.md	Q24	BiometricPrompt 从调用到回调跨哪些进程，依赖方应用能稳定观测什么、不能声称观测什么？
15-performance/02-responsiveness.md	Q25	15-performance/06-responsiveness.md	Q25	"""推送慢""可能指哪五件事，为什么没有一个公开 API 能用同一时钟记录全链路？"
15-performance/02-responsiveness.md	Q26	15-performance/06-responsiveness.md	Q26	FCM 的 high priority 承诺了什么、没承诺什么，`onMessageReceived()` 里能做多少事？
15-performance/02-responsiveness.md	Q27	15-performance/06-responsiveness.md	Q27	`notify()` 返回前后分别发生什么，NMS 的限速是怎么算的，SystemUI 侧的成本来自哪？
15-performance/02-responsiveness.md	Q28	15-performance/06-responsiveness.md	Q28	Play Integrity 的 Standard 与 Classic 请求差在哪，prepare 阶段该放在什么时候？
15-performance/02-responsiveness.md	Q29	15-performance/06-responsiveness.md	Q29	`requestHash`（Classic 的 nonce）要满足什么条件，服务端解密后还要检查哪些项？
15-performance/02-responsiveness.md	Q30	15-performance/06-responsiveness.md	Q30	Play Integrity 的端到端延迟怎么拆，重试、修复对话框与观测各要注意什么？
15-performance/02-responsiveness.md	Q31	15-performance/06-responsiveness.md	Q31	"触控采样率 1000 Hz、高刷新率、异步注入，各自能改善""跟手""吗？应该怎么测量？"
15-performance/03-anr.md	Q1	15-performance/08-anr.md	Q2	system_server 处理一条应用 ANR 经过哪几层？为什么报告处理要异步排队、可能只转储目标进程自身？
15-performance/03-anr.md	Q2	15-performance/08-anr.md	Q3	system_server 的 Watchdog 与应用 ANR 有什么区别？AAOS13 的 pre-watchdog 抓栈发生在什么时刻？
15-performance/03-anr.md	Q3	15-performance/08-anr.md	Q4	"Input connection ANR 从哪个动作开始计时？报告里的""队首事件""能当作触发超时的那条事件吗？"
15-performance/03-anr.md	Q4	15-performance/08-anr.md	Q5	"""Application does not have a focused window"" 指向什么问题？为什么不能按""点击事件处理超过 5 秒""来排查？"
15-performance/03-anr.md	Q5	15-performance/08-anr.md	Q6	"execute-service ANR 的""前台 20 秒""和前台服务（FGS）是什么关系？"
15-performance/03-anr.md	Q6	15-performance/08-anr.md	Q7	前台服务相关的超时有哪几类结果？shortService 和 dataSync 超时算 ANR 吗？
15-performance/03-anr.md	Q7	15-performance/08-anr.md	Q8	JobService 有哪几条互相独立的时间线？job 被系统停止本身算 ANR 吗？
15-performance/03-anr.md	Q8	15-performance/08-anr.md	Q9	EventLog 的 am_anr、ANR trace、DropBox 三类产物各回答什么？应用侧能回捞到多少？
15-performance/03-anr.md	Q9	15-performance/08-anr.md	Q10	"""系统发 SIGQUIT、ART 写 traces.txt""的说法现在还准确吗？"
15-performance/03-anr.md	Q10	15-performance/08-anr.md	Q11	ANR trace 里出现的进程都是 Binder 对端吗？什么情况下采集范围会缩小？
15-performance/03-anr.md	Q11	15-performance/08-anr.md	Q12	同一段线程栈里的 ART 状态、Linux 状态和 Java 栈怎么区分解读？
15-performance/03-anr.md	Q12	15-performance/08-anr.md	Q13	怎样从两段线程栈判断死锁？ART 的 tid 和 Perfetto 的 TID 有什么区别？
15-performance/03-anr.md	Q13	15-performance/08-anr.md	Q14	主线程栈停在 nativePollOnce 能证明它空闲吗？为什么要用采集延迟校准？
15-performance/03-anr.md	Q14	15-performance/08-anr.md	Q15	ANR 报告里的 CPU 百分比、Load 和 PSI 分别能说明什么、不能说明什么？
15-performance/03-anr.md	Q15	15-performance/08-anr.md	Q16	SharedPreferences.apply() 已经返回，哪些组件边界还会替它等待写盘？
15-performance/03-anr.md	Q16	15-performance/08-anr.md	Q17	"""A 调 B、B 回调 A""为什么不算死锁？看到 15 条 Binder 线程能断定线程池耗尽吗？"
15-performance/03-anr.md	Q17	15-performance/08-anr.md	Q18	怀疑进程被 Cached Apps Freezer 冻结导致输入 ANR，证据链怎么建？
15-performance/03-anr.md	Q18	15-performance/08-anr.md	Q19	ANR 根因结论的证据分级怎么定？
15-performance/03-anr.md	Q19	15-performance/08-anr.md	Q20	慢消息日志与 ANR 时间差了 52 秒，为什么不能据此归因？
15-performance/03-anr.md	Q20	15-performance/08-anr.md	Q21	am_process_start_timeout 能证明 Application.onCreate() 太慢吗？
15-performance/03-anr.md	Q21	15-performance/08-anr.md	Q22	NotificationManager.notify() 是异步的吗？发布线程在等 system_server 做什么？
15-performance/03-anr.md	Q22	15-performance/08-anr.md	Q23	通知更新被限流丢弃时应用能收到失败回调吗？限流的判定单位是什么？
15-performance/03-anr.md	Q23	15-performance/08-anr.md	Q24	NotificationListenerService 的回调跑在哪个线程？在回调里查数据库会怎样？
15-performance/03-anr.md	Q24	15-performance/08-anr.md	Q25	ContentProvider 的 10 秒、20 秒、3 秒、23 秒分别计什么？哪一条会真正产生 ANR？
15-performance/03-anr.md	Q25	15-performance/08-anr.md	Q26	ContentProviderClient.setDetectNotResponding() 配置后，检测是如何运行的？为什么普通应用不能把它当通用超时？
15-performance/03-anr.md	Q26	15-performance/08-anr.md	Q27	Android 17 的 ANR 预警回调提供什么信息？有哪些边界？AAOS13 能用吗？
15-performance/03-anr.md	Q27	15-performance/08-anr.md	Q28	Android 17 的预警覆盖为什么小于 AnrTypes 的 11 个枚举？no-focused-window 的预警时刻怎么算？
15-performance/03-anr.md	Q28	15-performance/08-anr.md	Q29	warning 的 anrId 与最终 ANR 如何关联？多进程应用为什么会收到重复通知？
15-performance/03-anr.md	Q29	15-performance/08-anr.md	Q1	"Android 的 ANR 有哪几套独立计时器？""主线程卡 5 秒就会 ANR""对吗？"
15-performance/04-memory-performance.md	Q1	15-performance/09-memory-performance.md	Q1	Debug.MemoryInfo 的 App Summary 口径是什么？为什么 getProcessMemoryInfo() 不能高频调用？
15-performance/04-memory-performance.md	Q2	15-performance/09-memory-performance.md	Q2	heap dump 的 Shallow Size、Retained Size、GC Root path 各回答什么？怎样做一次可复现的泄漏检查？
15-performance/04-memory-performance.md	Q3	15-performance/09-memory-performance.md	Q3	heapprofd 能回答什么、不能回答什么？
15-performance/04-memory-performance.md	Q4	15-performance/09-memory-performance.md	Q4	"""Native Heap RSS 减 heapprofd unreleased 等于碎片""为什么不成立？"
15-performance/04-memory-performance.md	Q5	15-performance/09-memory-performance.md	Q5	"Java OOM 的崩溃点栈为什么回答不了""内存被谁占用""？线上 Hprof 方案的关键环节是什么？"
15-performance/04-memory-performance.md	Q6	15-performance/09-memory-performance.md	Q6	像 renderD128 映射增长这类 GPU 驱动侧 OOM，排查方法有什么可迁移的？
15-performance/04-memory-performance.md	Q7	15-performance/09-memory-performance.md	Q7	低内存的性能损失为什么没有固定顺序？不同页面的回收成本差在哪？
15-performance/04-memory-performance.md	Q8	15-performance/09-memory-performance.md	Q8	LowMemDetector 和 lmkd 都消费 PSI，它们的分工是什么？
15-performance/04-memory-performance.md	Q9	15-performance/09-memory-performance.md	Q9	lmkd kill 之后的性能损失怎么量化？
15-performance/04-memory-performance.md	Q10	15-performance/09-memory-performance.md	Q10	全局内存压力会直接改变前台应用的 GC 行为吗？
15-performance/04-memory-performance.md	Q11	15-performance/09-memory-performance.md	Q11	低内存拖慢冷启动的证据链怎么建？以 682 ms 与 624 ms 的对比案例说明。
15-performance/04-memory-performance.md	Q12	15-performance/09-memory-performance.md	Q12	ZRAM、MGLRU 和回收事件观测有哪些设备与版本边界？
15-performance/04-memory-performance.md	Q13	15-performance/09-memory-performance.md	Q13	内存抖动、泄漏、缓存增长在曲线上怎么区分？
15-performance/04-memory-performance.md	Q14	15-performance/09-memory-performance.md	Q14	TLAB 让分配很快，为什么高频分配仍然会拖慢帧？
15-performance/04-memory-performance.md	Q15	15-performance/09-memory-performance.md	Q15	常见的 Java 分配热点有哪些？各自怎么证实和修？
15-performance/04-memory-performance.md	Q16	15-performance/09-memory-performance.md	Q16	Java/Kotlin 分配和 GC 在开发期与线上怎么观测？能复制 BinderInternal.GcWatcher 吗？
15-performance/04-memory-performance.md	Q17	15-performance/09-memory-performance.md	Q17	Compose 的内存抖动怎么治理？remember、strong skipping、derivedStateOf 各解决什么？
15-performance/04-memory-performance.md	Q18	15-performance/09-memory-performance.md	Q18	为什么图形内存没有一个统一数字？四类工具各回答什么、为什么不能相加？
15-performance/04-memory-performance.md	Q19	15-performance/09-memory-performance.md	Q19	dumpsys meminfo 的 Graphics 摘要由什么组成？Graphics 为 0 说明没有 GPU 内存吗？
15-performance/04-memory-performance.md	Q20	15-performance/09-memory-performance.md	Q20	dumpsys gpu --gpumem 和 Perfetto 的 android.gpu.memory 怎么配合使用？
15-performance/04-memory-performance.md	Q21	15-performance/09-memory-performance.md	Q21	进程 fd、sysfs、debugfs 三个 DMA-BUF 入口怎么分工？进程 fd 大小总和能当系统物理占用吗？
15-performance/04-memory-performance.md	Q22	15-performance/09-memory-performance.md	Q22	"图形内存""泄漏""为什么先要排除三类延迟释放？"
15-performance/04-memory-performance.md	Q23	15-performance/09-memory-performance.md	Q23	SurfaceView 和 TextureView 谁更省内存？BufferQueue 的 buffer 数是固定的吗？
15-performance/05-power.md	Q1	15-performance/10-power.md	Q1	BatteryStats 的活动时长、PowerStats HAL 的能量读数（µWs）与设置页的应用耗电百分比，为什么不能直接换算和横向比较？
15-performance/05-power.md	Q2	15-performance/10-power.md	Q2	`power_profile.xml` 在功耗估算里承担什么角色？为什么用 AOSP 默认值算真机耗电没有意义，PMIC rail 的电流能直接填进去吗？
15-performance/05-power.md	Q3	15-performance/10-power.md	Q3	Android 13 与 Android 17 把组件耗电归因到 UID 的管线有什么不同？设备提供 screen energy consumer 时，屏幕耗电怎么分给应用？
15-performance/05-power.md	Q4	15-performance/10-power.md	Q4	"设置页里""某应用耗电占比 20%""能当作应用的精确耗电量吗？它与库仑计、燃料计的读数是什么关系，统计什么时候会自动重置？"
15-performance/05-power.md	Q5	15-performance/10-power.md	Q5	Light Doze 与 Deep Doze 的触发条件、限制强度和维护窗口有什么区别？把应用加入电池优化豁免列表后，Doze 还会限制什么？
15-performance/05-power.md	Q6	15-performance/10-power.md	Q6	"Low Power Standby、Doze、Battery Saver、Data Saver 分别约束什么？""前台服务还活着却断网""应该怎么排查？"
15-performance/05-power.md	Q7	15-performance/10-power.md	Q7	"用 WorkManager 承担可延迟上传时，约束应该怎么表达？""UNMETERED 等于 Wi-Fi""错在哪？为什么同一任务要用唯一工作而不是重复 enqueue？"
15-performance/05-power.md	Q8	15-performance/10-power.md	Q8	应用在后台持续以 1 秒间隔请求 GPS 高精度定位有什么问题？请求参数、生命周期与后台定位的权限边界应该怎么定？
15-performance/05-power.md	Q9	15-performance/10-power.md	Q9	大量间隔很短的网络请求在蜂窝环境会带来什么功耗风险？应用层能控制什么，能引用固定的 radio tail 时长吗？
15-performance/05-power.md	Q10	15-performance/10-power.md	Q10	用前台服务每 5 秒轮询一次消息接口为什么是典型的功耗反模式？按业务时效应该怎么选消息机制，FCM 的 normal 与 high 优先级怎么用？
15-performance/05-power.md	Q11	15-performance/10-power.md	Q11	Android 的两种精确闹钟权限有什么区别？`setExactAndAllowWhileIdle()` 约九分钟一次的频率边界决定了它适合什么场景？
15-performance/05-power.md	Q12	15-performance/10-power.md	Q12	`shortService`、`dataSync`、`mediaProcessing` 三类前台服务的运行时限规则是什么？超时回调后不停止服务会发生什么？
15-performance/05-power.md	Q13	15-performance/10-power.md	Q13	"Activity 注册了 NetworkCallback 却从不注销，这种泄漏怎样才能与""耗电异常""建立因果证据链？RSS 下降能证明省电吗？"
15-performance/05-power.md	Q14	15-performance/10-power.md	Q14	WakeLock 的 tag 为什么必须稳定且不能包含用户信息？用 WorkSource 把锁记到别的 UID 名下可行吗？
15-performance/05-power.md	Q15	15-performance/10-power.md	Q15	客户端 `isHeld()` 返回 true 的 WakeLock，为什么在系统侧可能根本不生效？`WakeLockStateListener` 观察到的又是什么？
15-performance/05-power.md	Q16	15-performance/10-power.md	Q16	BatteryStats 里能看到几十个应用 wakelock tag，内核 `/sys/kernel/debug/wakeup_sources` 里却对不上号——应用 tag、suspend blocker 与内核 wakeup_source 三层为什么不一一对应？
15-performance/05-power.md	Q17	15-performance/10-power.md	Q17	应用没有调用过 `newWakeLock()`，Android vitals 里为什么仍会出现归因到它的锁？excessive partial wake lock 指标怎么算、超了会怎样？
15-performance/05-power.md	Q18	15-performance/10-power.md	Q18	BLE 扫描的能耗由哪些参数决定？`ScanFilter` 与 `setReportDelay()` 分别省的是什么，`SCAN_MODE_LOW_LATENCY` 能长期开着吗？
15-performance/05-power.md	Q19	15-performance/10-power.md	Q19	进程可能被回收时仍要发现 BLE 设备，应该用什么方案？周期用 Job/Alarm 启动扫描、连续 start/stop 为什么都被系统限制？
15-performance/05-power.md	Q20	15-performance/10-power.md	Q20	GATT 连接已经建立，为什么蓝牙功耗仍然很高？连接优先级、MTU、notification 与轮询应该怎么组合？
15-performance/05-power.md	Q21	15-performance/10-power.md	Q21	"排查蓝牙功耗异常时，应用日志、`dumpsys bluetooth_manager`、BatteryStats 与 controller activity 各能回答什么？""BLE scan 归因时间很短""能证明 controller 没在工作吗？"
15-performance/05-power.md	Q22	15-performance/10-power.md	Q22	"""亮度 50%""为什么不是跨设备可比的物理量？比较屏幕耗电时有哪几种口径，Android 13 与 17 的显示归因有什么差别？"
15-performance/05-power.md	Q23	15-performance/10-power.md	Q23	应用请求 120 Hz 就等于面板运行在 120 Hz 吗？Android 的刷新率由谁决定，`Surface.setFrameRate()` 承诺了什么？
15-performance/05-power.md	Q24	15-performance/10-power.md	Q24	"为什么""深色模式省电 X%""与""省电模式提升续航 Y%""不能直接写进产品文案？这两类结论各依赖什么条件？"
15-performance/05-power.md	Q25	15-performance/10-power.md	Q25	设计一次可信的用户设置类功耗实验（对比刷新率、深色模式等），变量应该怎么安排？统计与失败样本要注意什么？
15-performance/06-network-performance.md	Q1	15-performance/11-network-performance.md	Q1	一次 HTTPS 请求应该按哪些分段计时？TTFB 为什么不能单独证明服务端慢？
15-performance/06-network-performance.md	Q2	15-performance/11-network-performance.md	Q2	"主线程发起网络会抛 `NetworkOnMainThreadException`，但""主线程等待后台网络结果""为什么同样危险？BlockGuard 覆盖哪些入口？"
15-performance/06-network-performance.md	Q3	15-performance/11-network-performance.md	Q3	"HTTP/2 与 HTTP/3 在同连接并发与丢包处理上的本质区别是什么？""上了 HTTP/3 就一定更快""错在哪？"
15-performance/06-network-performance.md	Q4	15-performance/11-network-performance.md	Q4	TLS 1.3 的 0-RTT early data 为什么只能承载能容忍重放的操作？QUIC 连接迁移是无条件的吗？
15-performance/06-network-performance.md	Q5	15-performance/11-network-performance.md	Q5	"为什么整个进程要共享一个 OkHttpClient？连接池默认的""5 和 5 分钟""是什么口径，一次连接复用要满足什么条件？"
15-performance/06-network-performance.md	Q6	15-performance/11-network-performance.md	Q6	OkHttp 的 `callTimeout`、`connectTimeout`、`readTimeout`、`writeTimeout` 分别约束哪一段？弱网下把超时一律调大或调小各有什么问题？
15-performance/06-network-performance.md	Q7	15-performance/11-network-performance.md	Q7	"判断""失败后能不能自动重试""的依据是什么？""请求体已发出后连接中断""为什么最危险？"
15-performance/06-network-performance.md	Q8	15-performance/11-network-performance.md	Q8	HTTP 连接复用、TLS 会话恢复与 TLS 1.3 0-RTT 三者有什么区别？客户端持有 session ticket 就一定能恢复吗？
15-performance/06-network-performance.md	Q9	15-performance/11-network-performance.md	Q9	targetSdk 决定的明文流量默认值是什么？Network Security Config 还能管什么，证书固定为什么不是默认推荐？
15-performance/06-network-performance.md	Q10	15-performance/11-network-performance.md	Q10	"Android 17 的 Encrypted Client Hello 解决什么问题？一次连接真正发出 ECH 要同时满足哪些条件，""失败会静默降级""可靠吗？"
15-performance/06-network-performance.md	Q11	15-performance/11-network-performance.md	Q11	"Android 17 的 Certificate Transparency 什么条件下默认开启？为什么""至少两个 SCT""不是完整策略？"
15-performance/06-network-performance.md	Q12	15-performance/11-network-performance.md	Q12	用 OkHttp `EventListener` 做网络监控要注意什么？`NetworkCallback` 的 `VALIDATED` 能证明业务域名可达吗？
15-performance/06-network-performance.md	Q13	15-performance/11-network-performance.md	Q13	HTTP cache 与业务离线数据各管什么？`onlyIfCached()` 在缓存缺失时返回什么？
15-performance/06-network-performance.md	Q14	15-performance/11-network-performance.md	Q14	"""netd 负责 Android 的 DNS""错在哪？DNS resolver 从 netd 到独立模块经历了怎样的迁移？"
15-performance/06-network-performance.md	Q15	15-performance/11-network-performance.md	Q15	`DnsResolver` 的 Looper、Executor 与 CancellationSignal 分别控制什么？`query()` 与 `rawQuery()` 的错误信息差别为什么重要？
15-performance/06-network-performance.md	Q16	15-performance/11-network-performance.md	Q16	"切网后""域名已解析到新地址、请求却还在走旧链路""是怎么回事？系统怎么组织 DNS 缓存与配置？"
15-performance/06-network-performance.md	Q17	15-performance/11-network-performance.md	Q17	Private DNS 与应用自带 DoH 各保护哪一段？接入应用 DoH 要处理哪些边界？
15-performance/06-network-performance.md	Q18	15-performance/11-network-performance.md	Q18	DNS 故障诊断应收集哪些系统证据？resolver 的 querylog 与 server 统计能回答什么、不能回答什么？
15-performance/06-network-performance.md	Q19	15-performance/11-network-performance.md	Q19	用 OkHttp 自定义 `Dns` 接 HTTPDNS 时，缓存 key、TTL 与 bootstrap 有什么约束？为什么 URL 不能改成裸 IP？
15-performance/06-network-performance.md	Q20	15-performance/11-network-performance.md	Q20	网络性能日志应该记录什么、不应该记录什么？OkHttp、Cronet 与平台 `HttpEngine` 的选型边界是什么？
15-performance/07-platform-optimization.md	Q1	15-performance/12-platform-optimization.md	Q1	一轮 AOSP 平台性能优化开始前，怎样判断问题属于平台而不是单个应用？结论需要哪三类证据共同约束？
15-performance/07-platform-optimization.md	Q2	15-performance/12-platform-optimization.md	Q2	"系统启动优化怎么定义""启动完成""？为什么 first boot 与 OTA 后首启的样本要单独分组？"
15-performance/07-platform-optimization.md	Q3	15-performance/12-platform-optimization.md	Q3	init 的 Action 队列是串行的，为什么启动期间还能多进程并发？把慢的驱动 probe 或 module 移出关键路径要防什么回退？
15-performance/07-platform-optimization.md	Q4	15-performance/12-platform-optimization.md	Q4	"AppFlow 论文把 GB 级应用冷启动当成什么问题？为什么""只加文件预读""可能反而变慢？"
15-performance/07-platform-optimization.md	Q5	15-performance/12-platform-optimization.md	Q5	"Android 的 lmkd 基线是怎样工作的？AppFlow 式的""预测哪个应用可杀""在现平台上缺什么？"
15-performance/07-platform-optimization.md	Q6	15-performance/12-platform-optimization.md	Q6	想借鉴 AppFlow，普通应用、特权 framework 原型、产品级 OS 三种权限下分别能做什么、不能做什么？
15-performance/07-platform-optimization.md	Q7	15-performance/12-platform-optimization.md	Q7	AOHP 想把 Android 改造成什么样？评估它时为什么要区分论文设计、原型实现与标准平台三类证据？
15-performance/07-platform-optimization.md	Q8	15-performance/12-platform-optimization.md	Q8	AOHP 用特权虚拟显示、结构化 UI 和事件流替代 GUI 往返；标准平台的 VirtualDisplay 与 AppFunctions 分别给到哪一步？
15-performance/07-platform-optimization.md	Q9	15-performance/12-platform-optimization.md	Q9	AOHP 的安全信息流设计了六步流程，原型现状与论文的差距在哪？五个 security case 通过能说明什么、不能说明什么？
15-performance/07-platform-optimization.md	Q10	15-performance/12-platform-optimization.md	Q10	"AOSP 的 Game Mode 给了系统什么信号、没给什么？""游戏事件在 InputDispatcher 有专属优先级""为什么不成立？"
15-performance/07-platform-optimization.md	Q11	15-performance/12-platform-optimization.md	Q11	"Media Performance Class 是什么？Android 17 新增的等级为什么打破了""非零值等于 API 级别""的旧假设？"
15-performance/07-platform-optimization.md	Q12	15-performance/12-platform-optimization.md	Q12	用 Jetpack DevicePerformance 读 MPC 有什么兼容性坑？业务分级为什么不能用 mpc >= 34 这类比较？
15-performance/07-platform-optimization.md	Q13	15-performance/12-platform-optimization.md	Q13	MPC 与运行时能力查询怎样组合决策？值为 0 或低等级的设备怎么设计体验？
15-performance/08-performance-learning-path.md	Q1	15-performance/01-performance-learning-path.md	Q1	"Android 性能学习路线为什么围绕""记录现象、采集证据、解释机制、验证修改""四个动作组织，而不是按目录通读？"
15-performance/08-performance-learning-path.md	Q2	15-performance/01-performance-learning-path.md	Q2	"分析 Android 性能时，源码版本坐标为什么要""平台 tag + 内核 tag""双锚点？读带版本烙印的旧文章时怎么处理？"
15-performance/08-performance-learning-path.md	Q3	15-performance/01-performance-learning-path.md	Q3	"开始一次性能排查前，""先固定测试条件""要记录哪些项？为什么必须留正常对照样本、把信号与原因分开记录？"
15-performance/08-performance-learning-path.md	Q4	15-performance/01-performance-learning-path.md	Q4	卡顿排查为什么要先确认渲染路径、再进 Perfetto 时间线？method tracing 为什么要先做无插桩对照？
15-performance/08-performance-learning-path.md	Q5	15-performance/01-performance-learning-path.md	Q5	启动排查时，多套测量口径为什么要先对齐？只看到 base.odex 文件为什么不能证明 Baseline Profile 已被采用？
15-performance/08-performance-learning-path.md	Q6	15-performance/01-performance-learning-path.md	Q6	"内存问题为什么要先区分故障类型再定位？""锯齿曲线""和""基线抬升""分别指向什么？"
15-performance/08-performance-learning-path.md	Q7	15-performance/01-performance-learning-path.md	Q7	"功耗问题为什么先按现象分类复现场景？哪些后台行为最容易成为""待机耗电""的来源？"
15-performance/08-performance-learning-path.md	Q8	15-performance/01-performance-learning-path.md	Q8	"一份可复查的性能案例报告要包含什么？为什么""工具截图里的一条长条""不能判定责任组件？"
15-performance/09-app-stability.md	Q1	15-performance/13-app-stability.md	Q1	"用户报障""闪退、卡死、白屏""时，为什么必须先区分故障事件与进程结局，怎样据此选择第一手证据？"
15-performance/09-app-stability.md	Q2	15-performance/13-app-stability.md	Q2	API 30 的 `ApplicationExitInfo` 能回答什么、不能回答什么？读取时有哪些边界？
15-performance/09-app-stability.md	Q3	15-performance/13-app-stability.md	Q3	"团队内部崩溃指标为什么必须写清分子、分母、时间窗与去重键？""UV 崩溃率""这类缩写为什么不够？"
15-performance/09-app-stability.md	Q4	15-performance/13-app-stability.md	Q4	Crashlytics 的 Crash-Free Users 与 Crash-Free Sessions 怎么定义？解读时有哪些陷阱？
15-performance/09-app-stability.md	Q5	15-performance/13-app-stability.md	Q5	Google Play 的 user-perceived crash rate 与 user-perceived ANR rate 口径是什么？阈值应该怎么理解？
15-performance/09-app-stability.md	Q6	15-performance/13-app-stability.md	Q6	崩溃聚类为什么要同时生成 exact 与 family 两层指纹？哪些字段不应直接进入指纹？
15-performance/09-app-stability.md	Q7	15-performance/13-app-stability.md	Q7	故障归因为什么比较发生率而不是原始计数？first observed 与 introduced 为什么必须区分？
15-performance/09-app-stability.md	Q8	15-performance/13-app-stability.md	Q8	Android 应用未捕获异常到达线程顶层后经过怎样的默认处理链？自定义 UncaughtExceptionHandler 为什么必须委托？
15-performance/09-app-stability.md	Q9	15-performance/13-app-stability.md	Q9	自定义致命异常处理器的最小正确结构是什么？致命路径上哪些工作不能做？
15-performance/09-app-stability.md	Q10	15-performance/13-app-stability.md	Q10	`Thread.getAllStackTraces()` 为什么不是原子快照？跨线程取栈的真实成本是什么？
15-performance/09-app-stability.md	Q11	15-performance/13-app-stability.md	Q11	Java 未捕获异常、系统 ANR、Native 致命信号、进程已退出四类现场，为什么不能共用一套采集代码？
15-performance/09-app-stability.md	Q12	15-performance/13-app-stability.md	Q12	ART 收到 SIGQUIT 后怎样生成全线程 dump？为什么普通应用拿不到等价的 monitor 持有关系？
15-performance/09-app-stability.md	Q13	15-performance/13-app-stability.md	Q13	Kotlin 协程异常在什么条件下会变成 Java Crash？
15-performance/09-app-stability.md	Q14	15-performance/13-app-stability.md	Q14	应用 SafeMode 怎样识别 crash loop 并决定降级？为什么启动标记缺失不能直接计为启动失败？
15-performance/09-app-stability.md	Q15	15-performance/13-app-stability.md	Q15	AAOS13 中 Native Crash 从致命信号到 tombstone 经过哪些系统组件？为什么不经过 Java UncaughtExceptionHandler？
15-performance/09-app-stability.md	Q16	15-performance/13-app-stability.md	Q16	为什么只凭 SIGSEGV、SIGABRT 的信号编号不能完成 Native 崩溃归因？
15-performance/09-app-stability.md	Q17	15-performance/13-app-stability.md	Q17	tombstone 里的 pc 是绝对地址吗？解读一份 tombstone 应按什么顺序？
15-performance/09-app-stability.md	Q18	15-performance/13-app-stability.md	Q18	"栈回溯（unwind）与符号化（symbolication）为什么是两个独立环节？错误符号为什么也会""看起来对""？"
15-performance/09-app-stability.md	Q19	15-performance/13-app-stability.md	Q19	Native 符号产物应该怎样归档与验证？AGP 的 debugSymbolLevel 两档有什么区别？
15-performance/09-app-stability.md	Q20	15-performance/13-app-stability.md	Q20	应用自研 Native 信号处理器有哪些安全边界？接入多个崩溃采集器为什么会互相破坏？
15-performance/09-app-stability.md	Q21	15-performance/13-app-stability.md	Q21	广播 ANR 的时间窗口怎么算？`goAsync()` 会延长它吗？
15-performance/09-app-stability.md	Q22	15-performance/13-app-stability.md	Q22	"ANR 治理中主线程预算怎么建立？""已经异步""为什么不能证明预算达标？"
15-performance/09-app-stability.md	Q23	15-performance/13-app-stability.md	Q23	同步 Binder 调用为什么没有通用超时？调用方和服务端各应怎样控制等待？
15-performance/09-app-stability.md	Q24	15-performance/13-app-stability.md	Q24	应用侧 ANR Watchdog 怎样设计才能避免探针互相确认或误报？它的能力边界在哪里？
15-performance/09-app-stability.md	Q25	15-performance/13-app-stability.md	Q25	"疑似系统负载导致的 ANR 怎样识别与过滤，才不会变成""甩锅""？"
15-performance/10-app-crash-patterns.md	Q1	15-performance/14-app-crash-patterns.md	Q1	排查偶现缺陷时为什么应先怀疑时序，而不是功能逻辑？
15-performance/10-app-crash-patterns.md	Q2	15-performance/14-app-crash-patterns.md	Q2	该项目 11 个 A 级缺陷呈现什么规律？对排查有什么指导意义？
15-performance/10-app-crash-patterns.md	Q3	15-performance/14-app-crash-patterns.md	Q3	"偶现 A 级缺陷为什么常藏在""取消""这类非主流分支上？（SIR-6044）"
15-performance/10-app-crash-patterns.md	Q4	15-performance/14-app-crash-patterns.md	Q4	反复开关机压测为什么能暴露回调重复注册类问题？治本位置在哪？（SIR-2138）
15-performance/10-app-crash-patterns.md	Q5	15-performance/14-app-crash-patterns.md	Q5	偶现 A 级崩溃的崩溃栈应该按什么路径分析？（SIR-2104）
15-performance/10-app-crash-patterns.md	Q6	15-performance/14-app-crash-patterns.md	Q6	"""点击无反应 + 应用进程异常""的组合应该先查什么？（SIR-5983）"
15-performance/10-app-crash-patterns.md	Q7	15-performance/14-app-crash-patterns.md	Q7	monkey 测试暴露的崩溃与 ANR 有哪些典型形态？（SIR-8541、SIR-6008）
15-performance/10-app-crash-patterns.md	Q8	15-performance/14-app-crash-patterns.md	Q8	Fragment 生命周期类崩溃有哪些形态？排查清单是什么？
15-performance/10-app-crash-patterns.md	Q9	15-performance/14-app-crash-patterns.md	Q9	"系统服务的""占位/幽灵""状态如何污染应用状态机？（SIR-5769）"
15-performance/10-app-crash-patterns.md	Q10	15-performance/14-app-crash-patterns.md	Q10	"长驻进程的信号订阅""静默失效""如何排查与兜底？（SIR-5446）"
15-performance/10-app-crash-patterns.md	Q11	15-performance/14-app-crash-patterns.md	Q11	上下电、睡眠唤醒场景的初始化时序竞态如何排查？（SIR-6170）
15-performance/10-app-crash-patterns.md	Q12	15-performance/14-app-crash-patterns.md	Q12	"状态机如何对""带着历史脏状态到达的新事件""自愈？（SIR-5468）"
15-performance/10-app-crash-patterns.md	Q13	15-performance/14-app-crash-patterns.md	Q13	"日志量化定位""双驱动回滚""类缺陷的方法是什么？（SIR-3241）"
15-performance/10-app-crash-patterns.md	Q14	15-performance/14-app-crash-patterns.md	Q14	"""状态横跳/回退""类偶现显示错乱，排查路径是什么？（SIR-5737、SIR-8259）"
15-performance/10-app-crash-patterns.md	Q15	15-performance/14-app-crash-patterns.md	Q15	"""卡在 Loading/正在同步""类偶现，排查清单是什么？（SIR-4087、SIR-6525）"
15-performance/10-app-crash-patterns.md	Q16	15-performance/14-app-crash-patterns.md	Q16	为什么防御机制叠加造成的死锁比没有防御更难查？如何系统性排查？
15-performance/10-app-crash-patterns.md	Q17	15-performance/14-app-crash-patterns.md	Q17	偶现问题有哪些可用的复现手段？各对应什么 bug 类型？
15-performance/10-app-crash-patterns.md	Q18	15-performance/14-app-crash-patterns.md	Q18	"CarPlay 连接成功后承载连接流程的 OSD 浮窗卡死不消失，这类必现 A 级""流程卡死""如何排查？（SIR-6185）"
15-performance/10-app-crash-patterns.md	Q19	15-performance/14-app-crash-patterns.md	Q19	仪表 D/R 档白屏、回桌面后 Kanzi 白屏这类渲染异常，应按什么顺序定位信号链与渲染链？（SIR-7936/7938、SIR-7922）
15-performance/10-app-crash-patterns.md	Q20	15-performance/14-app-crash-patterns.md	Q20	"""副蓝牙耳机听不到车机音乐""这类横跨应用、协议栈与 dsp 的音频缺陷，如何分层定位并划清归因边界？（SIR-2463）"
15-performance/11-app-startup-optimization.md	Q1	15-performance/07-app-startup-optimization.md	Q1	启动监控为什么不能只上报 `Application.onCreate()` 的出入口耗时，为更早拿到时间点新增自动初始化 Provider 错在哪？
15-performance/11-app-startup-optimization.md	Q2	15-performance/07-app-startup-optimization.md	Q2	`ApplicationStartInfo` 提供哪些系统侧启动信息，Android 13 设备上能用吗，读取时间戳有哪些陷阱？
15-performance/11-app-startup-optimization.md	Q3	15-performance/07-app-startup-optimization.md	Q3	启动各阶段耗时为什么要用单调时钟相减，`uptimeNanos`、`elapsedRealtimeNanos`、`nanoTime`、`currentTimeMillis` 各适合什么？
15-performance/11-app-startup-optimization.md	Q4	15-performance/07-app-startup-optimization.md	Q4	"线上启动分位数应该怎么聚合，""TTFD 变好但完成率下降""说明什么？"
15-performance/11-app-startup-optimization.md	Q5	15-performance/07-app-startup-optimization.md	Q5	启动优化为什么先删任务再谈编排框架，任务按什么阶段分级？
15-performance/11-app-startup-optimization.md	Q6	15-performance/07-app-startup-optimization.md	Q6	"启动任务图的节点为什么必须把""异步完成""建模成一等状态，""SDK init 已提交""与""SDK 已就绪""差在哪？"
15-performance/11-app-startup-optimization.md	Q7	15-performance/07-app-startup-optimization.md	Q7	构建启动任务图时必须拒绝哪些无效输入，DFS 与 Kahn 检测环各怎么做？
15-performance/11-app-startup-optimization.md	Q8	15-performance/07-app-startup-optimization.md	Q8	"启动任务的超时与失败语义怎么定义，""A 超时就当作完成""会破坏什么？"
15-performance/11-app-startup-optimization.md	Q9	15-performance/07-app-startup-optimization.md	Q9	Jetpack App Startup 1.2.0 的执行模型是什么，动态特性模块与多进程场景各有哪些坑？
15-performance/11-app-startup-optimization.md	Q10	15-performance/07-app-startup-optimization.md	Q10	"`MessageQueue.IdleHandler` 的 `queueIdle()` 在什么条件下被调用，为什么不能当""设备空闲""信号？"
15-performance/11-app-startup-optimization.md	Q11	15-performance/07-app-startup-optimization.md	Q11	"""首帧已提交""为什么不能靠 `view.post()` 或 `onResume` 判断，`registerFrameCommitCallback()` 有哪些边界？"
15-performance/11-app-startup-optimization.md	Q12	15-performance/07-app-startup-optimization.md	Q12	"启动线程池为什么""按核数创建 + 无界队列""常常无效，`CallerRunsPolicy` 会把什么搬回主线程？"
15-performance/11-app-startup-optimization.md	Q13	15-performance/07-app-startup-optimization.md	Q13	多进程应用为什么必须逐进程建初始化清单，在 `Application.onCreate()` 里按进程名分支漏掉了什么？
15-performance/11-app-startup-optimization.md	Q14	15-performance/07-app-startup-optimization.md	Q14	"ContentProvider 自动初始化的成本从哪里来，""Provider 数量少""能直接换算成启动快吗？"
15-performance/11-app-startup-optimization.md	Q15	15-performance/07-app-startup-optimization.md	Q15	`android:initOrder` 和 Manifest 书写顺序能表达依赖吗，边界在哪？
15-performance/11-app-startup-optimization.md	Q16	15-performance/07-app-startup-optimization.md	Q16	首帧前同步访问远程 Provider 或同步等待 Binder 会发生什么，`MODE_MULTI_PROCESS` 和 `Application.onTerminate()` 为什么不可依赖？
15-performance/11-app-startup-optimization.md	Q17	15-performance/07-app-startup-optimization.md	Q17	Baseline Profile、Startup Profile、Cloud Profile 与本地运行时 profile 各由谁生产、被谁消费？
15-performance/11-app-startup-optimization.md	Q18	15-performance/07-app-startup-optimization.md	Q18	请求了 `speed-profile` 就一定得到 speed-profile 产物吗，怎么确认设备实际编译状态？
15-performance/11-app-startup-optimization.md	Q19	15-performance/07-app-startup-optimization.md	Q19	`.dm` 文件是什么、不等同于什么，ART 接受一个外部 profile 要满足什么条件？
15-performance/11-app-startup-optimization.md	Q20	15-performance/07-app-startup-optimization.md	Q20	"Startup Profile 的 DEX layout 收益怎么验证，""多了一个 classes.dex""是回归吗？"
15-performance/11-app-startup-optimization.md	Q21	15-performance/07-app-startup-optimization.md	Q21	"用户点击图标后看到的""启动画面""有哪些可能的实现，热启动会显示 Splash 吗？"
15-performance/11-app-startup-optimization.md	Q22	15-performance/07-app-startup-optimization.md	Q22	AndroidX core-splashscreen 在不同系统版本上的能力边界是什么，starting theme 各属性控制什么？
15-performance/11-app-startup-optimization.md	Q23	15-performance/07-app-startup-optimization.md	Q23	自定义 Splash 退出动画必须做什么收尾，旧 `windowBackground` 与专用 SplashActivity 在 Android 12+ 的问题是什么？
15-performance/11-app-startup-optimization.md	Q24	15-performance/07-app-startup-optimization.md	Q24	Privacy Sandbox 的 SDK Runtime 现在还能用于新项目吗，Android 13 设备上是什么状态？
15-performance/11-app-startup-optimization.md	Q25	15-performance/07-app-startup-optimization.md	Q25	"SDK Runtime 退场后广告 SDK 的启动治理应该怎么做，""异步 init""返回后能假设什么？"
15-performance/11-app-startup-optimization.md	Q26	15-performance/07-app-startup-optimization.md	Q26	并发 GC 时代 GC 还会拖慢启动吗，`HeapTaskDaemon` 在 Perfetto 里 Running 就等于在 GC 吗？
15-performance/11-app-startup-optimization.md	Q27	15-performance/07-app-startup-optimization.md	Q27	"应用进程 fork 后 ART 对启动期堆做了什么，这等于""关闭了两秒 GC""吗？"
15-performance/11-app-startup-optimization.md	Q28	15-performance/07-app-startup-optimization.md	Q28	"哪些""GC 抑制""手段不可用于生产应用，启动期分配治理的正确顺序是什么？"
15-performance/11-app-startup-optimization.md	Q29	15-performance/07-app-startup-optimization.md	Q29	`@HiltAndroidApp` 的 component 什么时候创建，ContentProvider 与 ViewModel 场景的注入时机差在哪？
15-performance/11-app-startup-optimization.md	Q30	15-performance/07-app-startup-optimization.md	Q30	"`@Singleton`、直接注入、`Lazy<T>`、`Provider<T>` 的构造时机差在哪，""图里有 2000 个 binding""等于启动创建了 2000 个对象吗？"
15-performance/11-app-startup-optimization.md	Q31	15-performance/07-app-startup-optimization.md	Q31	Koin 的启动成本分哪两段，`createdAtStart`、`lazyModules` 与 KSP 迁移各要注意什么？
15-performance/11-app-startup-optimization.md	Q32	15-performance/07-app-startup-optimization.md	Q32	Compose 的 `setContent` 到首帧经过哪些阶段，初始组合会执行哪些 composable？
15-performance/11-app-startup-optimization.md	Q33	15-performance/07-app-startup-optimization.md	Q33	Compose 自带的 Baseline Profile 覆盖什么，为什么 `Class.forName()` 预热不是替代品？
15-performance/11-app-startup-optimization.md	Q34	15-performance/07-app-startup-optimization.md	Q34	"`Column`、Lazy layout 与 `SubcomposeLayout` 怎么选，什么模式会让""首帧后立刻再来一帧""？"
15-performance/12-app-observability-governance.md	Q1	15-performance/16-app-observability-governance.md	Q1	指标、日志、追踪三类可观测性信号分别回答什么问题？为什么不能共用同一套存储、标签和采样规则？
15-performance/12-app-observability-governance.md	Q2	15-performance/16-app-observability-governance.md	Q2	可观测性事件为什么同时保存墙钟与单调时钟？最小事件信封应包含哪些字段？
15-performance/12-app-observability-governance.md	Q3	15-performance/16-app-observability-governance.md	Q3	高频性能事件的采样为什么用确定性分桶而不是逐事件随机？纳入概率为什么必须随事件上报？
15-performance/12-app-observability-governance.md	Q4	15-performance/16-app-observability-governance.md	Q4	"监控 SDK 为什么必须""主线程只入队""？普通 App 能采到哪些系统层信号，哪些采不到？"
15-performance/12-app-observability-governance.md	Q5	15-performance/16-app-observability-governance.md	Q5	"Crash SDK 的""捕获、序列化、持久化、上报""四段各做什么？为什么上报要交给下次启动？"
15-performance/12-app-observability-governance.md	Q6	15-performance/16-app-observability-governance.md	Q6	多进程应用的崩溃采集怎么归集？isolated 进程有什么限制？
15-performance/12-app-observability-governance.md	Q7	15-performance/16-app-observability-governance.md	Q7	用 ApplicationExitInfo 补偿崩溃采集时，为什么同一事件可能被 SDK 和系统历史各记一次？怎么去重？
15-performance/12-app-observability-governance.md	Q8	15-performance/16-app-observability-governance.md	Q8	发布构建的符号化产物为什么要与二进制绑定归档？缺 mapping 时门禁应该怎么做？
15-performance/12-app-observability-governance.md	Q9	15-performance/16-app-observability-governance.md	Q9	"ANR 监控为什么要分""端侧疑似、系统预警、系统确认""三层？"
15-performance/12-app-observability-governance.md	Q10	15-performance/16-app-observability-governance.md	Q10	"线上排障的推进顺序是什么？""证据等级""为什么要区分 A–D？"
15-performance/12-app-observability-governance.md	Q11	15-performance/16-app-observability-governance.md	Q11	远程日志与动态日志级别要控制哪三类成本？哪些字段永远不该进日志？
15-performance/12-app-observability-governance.md	Q12	15-performance/16-app-observability-governance.md	Q12	诊断命令通道的安全设计要点是什么？为什么不能通过它下发可执行代码？
15-performance/12-app-observability-governance.md	Q13	15-performance/16-app-observability-governance.md	Q13	非 Play 渠道与国内 ROM 场景，可观测性会缺什么？怎么补齐而不误判？
15-performance/12-app-observability-governance.md	Q14	15-performance/16-app-observability-governance.md	Q14	"性能 A/B 实验的随机化单元和暴露口径怎么定？为什么""只分析成功激活的用户""会引入偏差？"
15-performance/12-app-observability-governance.md	Q15	15-performance/16-app-observability-governance.md	Q15	用 P90/P99 做实验主指标时，判定协议与均值有什么不同？分群分位值能加权相加吗？
15-performance/12-app-observability-governance.md	Q16	15-performance/16-app-observability-governance.md	Q16	SRM（样本比例失衡）检查为什么必须先于性能指标判断？常见原因有哪些？
15-performance/12-app-observability-governance.md	Q17	15-performance/16-app-observability-governance.md	Q17	把 Macrobenchmark 接进 CI 门禁，指标可用性与基线选择有哪些硬边界？
15-performance/12-app-observability-governance.md	Q18	15-performance/16-app-observability-governance.md	Q18	发版门禁应检查哪些域？产物身份为什么要先冻结？
15-performance/12-app-observability-governance.md	Q19	15-performance/16-app-observability-governance.md	Q19	"staged rollout 的 userFraction、暂停（halt）与""回滚""各是什么语义？灰度期间为什么不能只看崩溃率？"
15-performance/12-app-observability-governance.md	Q20	15-performance/16-app-observability-governance.md	Q20	App Performance Score 的静态分与动态分分别评估什么？分数怎么转换成工程任务？
15-performance/12-app-observability-governance.md	Q21	15-performance/16-app-observability-governance.md	Q21	getHistoricalProcessExitReasons() 的三个参数怎么用？历史容量有多大？
15-performance/12-app-observability-governance.md	Q22	15-performance/16-app-observability-governance.md	Q22	ApplicationExitInfo 的 reason 与 status 怎么解释？哪些 reason 容易误判？
15-performance/12-app-observability-governance.md	Q23	15-performance/16-app-observability-governance.md	Q23	ApplicationExitInfo 的 trace 附件有哪些读取边界？
15-performance/12-app-observability-governance.md	Q24	15-performance/16-app-observability-governance.md	Q24	ProfilingManager 与 ProfilingTrigger 的能力从哪个版本开始？AAOS13 上能用吗？结果为什么可能没有？
15-performance/12-app-observability-governance.md	Q25	15-performance/16-app-observability-governance.md	Q25	ApplicationStartInfo 给启动样本补了什么？它和 TTID/TTFD、业务埋点是什么关系？
15-performance/12-app-observability-governance.md	Q26	15-performance/16-app-observability-governance.md	Q26	读 ApplicationStartInfo 时为什么先看 startupState 再看 startType？时间戳相减要满足什么条件？
15-performance/12-app-observability-governance.md	Q27	15-performance/16-app-observability-governance.md	Q27	线上冷启动 SLA 应该统计哪些启动？ApplicationStartInfo 与 ApplicationExitInfo 怎么关联？
15-performance/13-app-observability-diagnostics.md	Q1	15-performance/17-app-observability-diagnostics.md	Q1	Android Vitals 与内部 APM 是两套什么口径的数据？为什么内部 crash-free 率和 Play 的 user-perceived crash rate 不能放在同一张图上直接比较？
15-performance/13-app-observability-diagnostics.md	Q2	15-performance/17-app-observability-diagnostics.md	Q2	2026 年 Play 的 core vitals 有哪些指标、阈值是多少？整体阈值与机型阈值分别约束什么范围？
15-performance/13-app-observability-diagnostics.md	Q3	15-performance/17-app-observability-diagnostics.md	Q3	Vitals 的 user-perceived crash/ANR 与自建 Crash SDK 的口径差在哪？用 Play 聚合数据定位一个崩溃时，三层证据怎么配合？
15-performance/13-app-observability-diagnostics.md	Q4	15-performance/17-app-observability-diagnostics.md	Q4	"Play 的 slow startup、frozen frame、user-perceived LMK 各自的统计边界是什么？为什么""这一帧超过 700 ms""推不出 ANR，""LMK 高于 1%""不能写进发版门禁？"
15-performance/13-app-observability-diagnostics.md	Q5	15-performance/17-app-observability-diagnostics.md	Q5	"用 Play Developer Reporting API 把 Vitals 数据入仓时，哪些口径错误会让曲线""看似完整""却不可信？"
15-performance/13-app-observability-diagnostics.md	Q6	15-performance/17-app-observability-diagnostics.md	Q6	"一次""打开页面卡住""要建哪些存储观测事件？为什么 wall time 与 CPU time 必须分开记录、事件必须带 scope？"
15-performance/13-app-observability-diagnostics.md	Q7	15-performance/17-app-observability-diagnostics.md	Q7	线上 I/O 采集为什么优先公开 API 回调而不是 Native Hook？直接 Hook libc 的 read/write 要逐项验证什么？
15-performance/13-app-observability-diagnostics.md	Q8	15-performance/17-app-observability-diagnostics.md	Q8	"StrictMode 能证明""主线程发生了磁盘操作""吗？能测出这次 I/O 花了多久吗？为什么不能反射替换 CloseGuard 的 reporter 做长期监控？"
15-performance/13-app-observability-diagnostics.md	Q9	15-performance/17-app-observability-diagnostics.md	Q9	一个 DAO 方法耗时 300 ms，怎么分层定位慢在 SQL 本身、连接等待还是结果映射？验证查询计划时要注意什么？
15-performance/13-app-observability-diagnostics.md	Q10	15-performance/17-app-observability-diagnostics.md	Q10	Android 框架内部的 SQLite 诊断信息（OperationLog、语句缓存统计、慢查询开关）能搬进普通 App 吗？AAOS13 与 Android 17 有什么差异？
15-performance/13-app-observability-diagnostics.md	Q11	15-performance/17-app-observability-diagnostics.md	Q11	"SQLite 报错按 message 搜 ""corrupt"" 为什么不可靠？发现损坏后的恢复策略要区分什么？远程清理要满足什么条件？"
15-performance/13-app-observability-diagnostics.md	Q12	15-performance/17-app-observability-diagnostics.md	Q12	网络质量监控为什么要同时保留客户端、接入层、系统网络状态三层观察？接入层没有这条请求记录时能丢弃客户端样本吗？
15-performance/13-app-observability-diagnostics.md	Q13	15-performance/17-app-observability-diagnostics.md	Q13	"OkHttp EventListener 和 Cronet Metrics 的阶段事件为什么不能假设序列固定？连接复用时""阶段为空""为什么不能记成 0 ms？"
15-performance/13-app-observability-diagnostics.md	Q14	15-performance/17-app-observability-diagnostics.md	Q14	TrafficStats 的字节数为什么必须按相邻差值使用？`registerDefaultNetworkCallback()` 之后应该在哪一步读网络属性？
15-performance/13-app-observability-diagnostics.md	Q15	15-performance/17-app-observability-diagnostics.md	Q15	功耗分析常把哪四类不同性质的数据混为一谈？Battery Historian 能回答其中哪个、不能回答哪个？
15-performance/13-app-observability-diagnostics.md	Q16	15-performance/17-app-observability-diagnostics.md	Q16	"API 35 的 `PowerMonitor` 读数为什么""单次累计值没有场景意义""？AAOS13 上能用吗？"
15-performance/13-app-observability-diagnostics.md	Q17	15-performance/17-app-observability-diagnostics.md	Q17	普通 App 在 Android 13/17 上还能从系统读到哪些功耗相关数据？哪些路径走不通？
15-performance/13-app-observability-diagnostics.md	Q18	15-performance/17-app-observability-diagnostics.md	Q18	"验证一个""后台同步更省电""的改动，为什么""功率降低了""或""时间线更安静了""都不算结论？网络功耗的固定排名（Wi-Fi 低、5G 高）为什么不可用？"
15-performance/13-app-observability-diagnostics.md	Q19	15-performance/17-app-observability-diagnostics.md	Q19	"字节码插桩能改什么、不能改什么？""无业务手写埋点""为什么仍不等于零侵入？"
15-performance/13-app-observability-diagnostics.md	Q20	15-performance/17-app-observability-diagnostics.md	Q20	Transform API 已经怎样了？用 AGP Instrumentation API 注册 `AsmClassVisitorFactory` 要遵守哪些约束？
15-performance/13-app-observability-diagnostics.md	Q21	15-performance/17-app-observability-diagnostics.md	Q21	给方法插 `Trace.beginSection()/endSection()` 时，为什么只检查 RETURN 和 ATHROW 两条退出路径不够？section 名称与协程有什么限制？
15-performance/13-app-observability-diagnostics.md	Q22	15-performance/17-app-observability-diagnostics.md	Q22	"插桩产物进入 R8 之后，为什么必须在 minified release 上验证 trace？""注入直接调用""和""反射桥接""对 keep 规则的要求差在哪？"
15-performance/13-app-observability-diagnostics.md	Q23	15-performance/17-app-observability-diagnostics.md	Q23	在量产 user build 上，谁有权对一个应用做 native heap 采样？普通 App 想在线上采自己的堆 profile 应走哪条路？
15-performance/13-app-observability-diagnostics.md	Q24	15-performance/17-app-observability-diagnostics.md	Q24	"用 heapprofd 判断 native 泄漏，为什么第一个 dump 不能当基线？哪些""看起来在涨""其实不是 malloc 泄漏？"
15-performance/13-app-observability-diagnostics.md	Q25	15-performance/17-app-observability-diagnostics.md	Q25	"普通应用为什么读不了 `/proc/stat` 和 `/proc/loadavg`？""CPU 使用率""的核等价口径与整机占比口径差在哪？"
15-performance/13-app-observability-diagnostics.md	Q26	15-performance/17-app-observability-diagnostics.md	Q26	`ProcessCpuTracker` 是什么、谁能用？自建采样器从它身上要避开哪些坑？
15-performance/13-app-observability-diagnostics.md	Q27	15-performance/17-app-observability-diagnostics.md	Q27	minor fault 和 major fault 的计数边界在哪？为什么不能用 Δfaults × 4 KB 估算分配字节？
15-performance/13-app-observability-diagnostics.md	Q28	15-performance/17-app-observability-diagnostics.md	Q28	从系统调用层重建 Binder 调用语义为什么这么难？`BINDER_WRITE_READ` 的 ioctl 耗时能当 Binder RPC 耗时吗？
15-performance/13-app-observability-diagnostics.md	Q29	15-performance/17-app-observability-diagnostics.md	Q29	"Profilo 的 ATrace provider 到底捕到了什么？""它采集的 trace 与 Perfetto system trace 一样""错在哪？"
15-performance/13-app-observability-diagnostics.md	Q30	15-performance/17-app-observability-diagnostics.md	Q30	新项目要做线上应用内 trace 或系统级追踪，公共选项有哪些？Profilo 的架构还有什么参考价值？
15-performance/13-app-observability-diagnostics.md	Q31	15-performance/17-app-observability-diagnostics.md	Q31	JVMTI/ART TI 在 Android 上从哪个版本可用、谁能 attach agent？agent 的生命周期入口有哪些？
15-performance/13-app-observability-diagnostics.md	Q32	15-performance/17-app-observability-diagnostics.md	Q32	"在 ART 上启用 JVMTI 事件和类重定义会改变什么？""任意 agent 都会让全进程永久解释执行""对吗？"
15-performance/13-app-observability-diagnostics.md	Q33	15-performance/17-app-observability-diagnostics.md	Q33	"XTrace 这类""线上动态方法追踪""方案的核心机制是什么？""Non-Invasive""应该怎么理解？"
15-performance/14-performance-methodology.md	Q1	15-performance/02-performance-methodology.md	Q1	"性能优化中""道、术、器""各承担什么工作？为什么""应用很慢""这类反馈必须先改写成关键用户旅程才能开工？"
15-performance/14-performance-methodology.md	Q2	15-performance/02-performance-methodology.md	Q2	一次性能调查的六步分析流程是什么？每一步最容易被省略的东西是什么？
15-performance/14-performance-methodology.md	Q3	15-performance/02-performance-methodology.md	Q3	"性能报告的结论为什么要按证据等级分级？""观测、机制、干预、复现""四级分别允许写出什么结论？"
15-performance/14-performance-methodology.md	Q4	15-performance/02-performance-methodology.md	Q4	"性能测量有哪些常见偏差来源？为什么说测量协议比""多跑几次""更有价值？"
15-performance/14-performance-methodology.md	Q5	15-performance/02-performance-methodology.md	Q5	"实验室数据与线上数据各自能回答什么问题？为什么""GC""""Binder""""I/O""这类工具标签不能当根因？"
15-performance/14-performance-methodology.md	Q6	15-performance/02-performance-methodology.md	Q6	性能优化的优先级怎么排？团队要固定哪些治理机制，优化收益才不会随版本回退？
15-performance/14-performance-methodology.md	Q7	15-performance/02-performance-methodology.md	Q7	"""系统问题""和""App 问题""为什么不是归因终点？一份可复查的归因报告应该分哪四层？"
15-performance/14-performance-methodology.md	Q8	15-performance/02-performance-methodology.md	Q8	"主线程长时间处于 Runnable 应该按什么顺序归因？""全核满载""和""整机利用率低""分别会误导什么判断？"
15-performance/14-performance-methodology.md	Q9	15-performance/02-performance-methodology.md	Q9	kswapd 活跃、App 频繁 GC、进程被 lmkd 杀掉，这三者之间能直接推出因果吗？
15-performance/14-performance-methodology.md	Q10	15-performance/02-performance-methodology.md	Q10	"系统升级后应用出现性能回退，怎样用 A/B 对照方法把""版本回归""从噪声里分离出来？"
15-performance/14-performance-methodology.md	Q11	15-performance/02-performance-methodology.md	Q11	一个长期性能指标的定义要写清哪些字段？指标按职责分为哪四类？
15-performance/14-performance-methodology.md	Q12	15-performance/02-performance-methodology.md	Q12	FPS、Android Vitals 的 slow/frozen frame、FrameMetrics 三种帧口径各描述什么？为什么 16.67 ms 不能当所有设备的统一帧预算？
15-performance/14-performance-methodology.md	Q13	15-performance/02-performance-methodology.md	Q13	TTID 和 TTFD 的起点与终点有什么不同？Play 的 slow startup 口径是什么，为什么内部预算不能直接抄它？
15-performance/14-performance-methodology.md	Q14	15-performance/02-performance-methodology.md	Q14	分位数为什么不能跨分片求平均？线上采样为什么必须区分基线样本与异常触发样本？
15-performance/14-performance-methodology.md	Q15	15-performance/02-performance-methodology.md	Q15	一套线上监控系统分哪三层？ANR 相关的线上事件至少要分成哪三类，为什么不能互相替换？
15-performance/14-performance-methodology.md	Q16	15-performance/02-performance-methodology.md	Q16	"设备分级为什么要把""稳定能力画像、工作负载策略、会话期压力""分成三层，而不是给整机算一个高/中/低总分？"
15-performance/14-performance-methodology.md	Q17	15-performance/02-performance-methodology.md	Q17	设备能力评估应该用哪些公开 API 信号？它们各自的版本边界和常见误读是什么？
15-performance/14-performance-methodology.md	Q18	15-performance/02-performance-methodology.md	Q18	会话期的动态降级为什么需要迟滞和最短驻留时间？查询 thermal 与 CPU/GPU headroom 有什么限制？
15-performance/14-performance-methodology.md	Q19	15-performance/02-performance-methodology.md	Q19	远端下发的设备策略为什么必须能离线启动？验证分级收益时要注意哪些陷阱？
15-performance/14-performance-methodology.md	Q20	15-performance/02-performance-methodology.md	Q20	为什么性能测试测量的是分布而不是一个数字？测试合同要固定哪三部分？
15-performance/14-performance-methodology.md	Q21	15-performance/02-performance-methodology.md	Q21	"性能回归测试的环境标准化有哪些关键约束？为什么 `cmd thermalservice override-status` 不能用来制造""未降频""基准？"
15-performance/14-performance-methodology.md	Q22	15-performance/02-performance-methodology.md	Q22	Macrobenchmark 的 StartupMode 和 CompilationMode 分别控制什么？哪些边界最容易误读？
15-performance/14-performance-methodology.md	Q23	15-performance/02-performance-methodology.md	Q23	"性能回归判定为什么要""排除规则预先定义 + 噪声下限 + 效应量""三件套？基线需要保存哪些内容？"
15-performance/14-performance-methodology.md	Q24	15-performance/02-performance-methodology.md	Q24	"竞品性能对比要满足哪些""同""才可复现？为什么 FrameMetrics 和 Macrobenchmark 往往用不到竞品身上？"
15-performance/14-performance-methodology.md	Q25	15-performance/02-performance-methodology.md	Q25	"`adb shell am start -W` 的输出应该怎么读？""冷启动""与""清缓存""为什么不是一回事？"
15-performance/14-performance-methodology.md	Q26	15-performance/02-performance-methodology.md	Q26	"竞品包体积对比前为什么要先选定""包""的对象？哪些数字不能混用？"
15-performance/14-performance-methodology.md	Q27	15-performance/02-performance-methodology.md	Q27	"阅读 AOSP 源码前要固定哪三个坐标？为什么""我看了 AOSP 最新代码""无法复核？"
15-performance/14-performance-methodology.md	Q28	15-performance/02-performance-methodology.md	Q28	"Android Code Search 怎么用才有效？为什么""搜索命中""不等于""执行证据""？"
15-performance/14-performance-methodology.md	Q29	15-performance/02-performance-methodology.md	Q29	只有一条 Logcat 日志（例如 Choreographer 的跳帧警告）时，怎样反查到源码并追到引入版本？
15-performance/14-performance-methodology.md	Q30	15-performance/02-performance-methodology.md	Q30	从 Perfetto slice 反查源码时，为什么要先确认 track 和进程？native 层的 trace 宏名怎么对应 slice 名？
15-performance/14-performance-methodology.md	Q31	15-performance/02-performance-methodology.md	Q31	Google Android Bench 的任务是怎么构建出来的？它的分数能证明什么、不能证明什么？
15-performance/14-performance-methodology.md	Q32	15-performance/02-performance-methodology.md	Q32	复现一次 Android Bench 实验要记录什么？为什么换了执行框架，同样的模型分数会变？
15-performance/14-performance-methodology.md	Q33	15-performance/02-performance-methodology.md	Q33	Android Bench 的 verifier 状态有哪些？读 pass@1 和公开排行榜时最容易犯什么错？
15-performance/14-performance-methodology.md	Q34	15-performance/02-performance-methodology.md	Q34	"为什么""Android 17 上发生""不足以描述性能问题？版本、交付路径与 target SDK 要怎样拆开记录？"
15-performance/14-performance-methodology.md	Q35	15-performance/02-performance-methodology.md	Q35	"同一个 APK 在两台设备上启动、掉帧或后台行为不同，怎样把差异归因到具体层而不是笼统的""ROM 优化""？"
15-performance/15-performance-tools.md	Q1	15-performance/03-performance-tools.md	Q1	Android Studio Profiler 的 System Trace、Callstack Sample 与 Record Java/Kotlin Methods 三种 CPU 任务分别回答什么问题，为什么它们的时间读数不能互换使用？
15-performance/15-performance-tools.md	Q2	15-performance/03-performance-tools.md	Q2	Callstack Sample 报告里某函数占比 30% 能说明什么、不能说明什么？主线程大部分时间在等 Binder 时为什么 CPU 样本反而很少？
15-performance/15-performance-tools.md	Q3	15-performance/03-performance-tools.md	Q3	Android Studio Memory Profiler 顶部的内存分类是什么口径？看到曲线上升就宣布泄漏为什么不可靠？
15-performance/15-performance-tools.md	Q4	15-performance/03-performance-tools.md	Q4	`<profileable>` 与 `debuggable` 两种构建在 Profiler 能力上差在哪？接近发布的性能问题为什么要先用 profileable 构建采集？
15-performance/15-performance-tools.md	Q5	15-performance/03-performance-tools.md	Q5	simpleperf 的 `stat`、`record`、`report` 各产出什么证据？报告里的 Overhead 为什么不能一律当墙钟时间读？
15-performance/15-performance-tools.md	Q6	15-performance/03-performance-tools.md	Q6	非 root 设备上用 simpleperf 分析应用有哪些授权路径？Android 16 前后设备内置与侧载二进制的权限差别是怎么回事？
15-performance/15-performance-tools.md	Q7	15-performance/03-performance-tools.md	Q7	simpleperf 的 `-g` 默认怎么还原调用栈？帧指针模式什么时候更快、什么时候反而断栈？丢样了按什么顺序排查？
15-performance/15-performance-tools.md	Q8	15-performance/03-performance-tools.md	Q8	线程因锁或 I/O 离开 CPU 的时间，普通 CPU 采样为什么采不到？`--trace-offcpu` 怎么补齐，边界是什么？
15-performance/15-performance-tools.md	Q9	15-performance/03-performance-tools.md	Q9	"ARM Topdown 把流水线 slot 分成哪四类？为什么""分类名称相同""不能把 Intel 的公式直接搬到 Arm CPU 上？SPE 能补什么、不能补什么？"
15-performance/15-performance-tools.md	Q10	15-performance/03-performance-tools.md	Q10	"LeakCanary 判定一个对象""泄漏""的流程是什么？为什么""等待期和 GC 后仍被保留""不等于""永远无法释放""？"
15-performance/15-performance-tools.md	Q11	15-performance/03-performance-tools.md	Q11	`adb shell am dumpheap` 从 shell 到 ART 经过哪些层？为什么 user 构建上对普通发布应用执行会失败？
15-performance/15-performance-tools.md	Q12	15-performance/03-performance-tools.md	Q12	"ART 生成 HPROF 时为什么整个采集期间都处于停顿？""app/zygote/image""堆空间归类对裁剪文件有什么约束？"
15-performance/15-performance-tools.md	Q13	15-performance/03-performance-tools.md	Q13	Perfetto 的 `android.java_hprof` 与完整 ART HPROF 差在哪？它的 fork 管线为什么停顿更短但仍不是零成本？
15-performance/15-performance-tools.md	Q14	15-performance/03-performance-tools.md	Q14	排查 native 内存安全错误时，malloc debug、HWASan 与 MTE 应该怎么选？各自的前提是什么？
15-performance/15-performance-tools.md	Q15	15-performance/03-performance-tools.md	Q15	"`dumpsys` 输出的是哪种证据？为什么 `dumpsys cpuinfo` 的结果不能叫""瞬时 CPU""？"
15-performance/15-performance-tools.md	Q16	15-performance/03-performance-tools.md	Q16	`dumpsys activity oom` 里的 cur、set、curRaw、setRaw 和 adjType 各代表什么？OOM adjustment 数值高就代表进程会被杀吗？
15-performance/15-performance-tools.md	Q17	15-performance/03-performance-tools.md	Q17	"`dumpsys gfxinfo` 的 `reset`、`framestats` 与聚合统计各承担什么？""Number Slow bitmap uploads"" 高就是图片解码慢吗？"
15-performance/15-performance-tools.md	Q18	15-performance/03-performance-tools.md	Q18	排查图层缺失或晚呈现时，Android 13 上 `dumpsys SurfaceFlinger` 的 `--list` 与 `--latency` 怎么用？`--frontend` 为什么是无效参数？
15-performance/15-performance-tools.md	Q19	15-performance/03-performance-tools.md	Q19	"""WLAN rail 在 20 秒窗口增加 4.2 J""与""目标 UID 被 BatteryStats 归因 0.3 mAh""为什么不能放进同一列比较？"
15-performance/15-performance-tools.md	Q20	15-performance/03-performance-tools.md	Q20	Battery Historian 时间线里的色块、top_app 和电池百分比分别代表什么？哪些解读是错的？
15-performance/15-performance-tools.md	Q21	15-performance/03-performance-tools.md	Q21	采集一份可比较的 bugreport 给 Battery Historian，命令顺序和状态开关怎么安排？Historian 现在还能用吗？
15-performance/15-performance-tools.md	Q22	15-performance/03-performance-tools.md	Q22	"Macrobenchmark 与 Microbenchmark 的进程边界和编译控制有什么不同？""Microbenchmark 数字更稳定""能替代 Macrobenchmark 吗？"
15-performance/15-performance-tools.md	Q23	15-performance/03-performance-tools.md	Q23	StartupTimingMetric 的 TTID 与 TTFD 分别计到哪里？CompilationMode 的 DEFAULT、None、Partial、Full、Ignore 各用于什么？
15-performance/15-performance-tools.md	Q24	15-performance/03-performance-tools.md	Q24	为什么 Espresso 不能用来驱动 Macrobenchmark 的测量区间？UI Automator、Monkey 与 Android CLI 在性能链路里各承担什么？
15-performance/15-performance-tools.md	Q25	15-performance/03-performance-tools.md	Q25	性能 CI 的五个阶段各固定什么？为什么模拟器跑出的基准数字不能进物理设备基线？
15-performance/15-performance-tools.md	Q26	15-performance/03-performance-tools.md	Q26	ProfilingManager 解决什么问题？它是什么时候引入的，Android 13 上能用吗？
15-performance/15-performance-tools.md	Q27	15-performance/03-performance-tools.md	Q27	"发起一次 ProfilingManager 显式请求要注意什么？""提交成功""等于""采集成功""吗？"
15-performance/15-performance-tools.md	Q28	15-performance/03-performance-tools.md	Q28	"system-triggered profiling 为什么""注册了 ANR trigger 却常常拿不到文件""？APP_FULLY_DRAWN 与 COLD_START 两个 trigger 的窗口差在哪？"
15-performance/15-performance-tools.md	Q29	15-performance/03-performance-tools.md	Q29	statsd 在系统观测里处在什么位置？pushed atom 与 pulled atom 有什么区别？
15-performance/15-performance-tools.md	Q30	15-performance/03-performance-tools.md	Q30	statsd 配置里的 AtomMatcher、Predicate 与各类 metric 各管什么？报告里缺条目按什么顺序排查？
15-performance/15-performance-tools.md	Q31	15-performance/03-performance-tools.md	Q31	本地用 `cmd stats` 验证一份 statsd 配置的流程是什么？为什么这套命令不能进量产自动化？
15-performance/15-performance-tools.md	Q32	15-performance/03-performance-tools.md	Q32	一次 ANR 排查里，statsd、Perfetto、logcat、dumpsys 各能提供什么？为什么缺一类证据结论就会偏窄？
15-performance/15-performance-tools.md	Q33	15-performance/03-performance-tools.md	Q33	StrictMode 的 ThreadPolicy 与 VmPolicy 各管什么范围？在 Application.onCreate() 里 setThreadPolicy() 之后，线程池里的磁盘操作为什么检测不到？
15-performance/15-performance-tools.md	Q34	15-performance/03-performance-tools.md	Q34	StrictMode 的磁盘与网络检测点在哪里？为什么 SharedPreferences 后台加载 XML 时主线程卡住、却不报 DiskReadViolation？
15-performance/15-performance-tools.md	Q35	15-performance/03-performance-tools.md	Q35	StrictMode 的 penalty 各是什么语义？用 penaltyListener 记录违规时为什么要用独立 Executor？
15-performance/15-performance-tools.md	Q36	15-performance/03-performance-tools.md	Q36	"应用堆栈里出现""发生在 system_server 的 DiskReadViolation""是怎么回事？用 `allowThreadDiskReads()` 临时放行时要注意什么？"
15-performance/15-performance-tools.md	Q37	15-performance/03-performance-tools.md	Q37	如何用 ADB 查看 Android 设备上某个应用的进程？
15-performance/15-performance-tools.md	Q38	15-performance/03-performance-tools.md	Q38	bootanalyze、bootio 与 bootstat 各自回答什么问题？使用时有哪些容易踩的坑？
15-performance/16-perfetto-analysis.md	Q1	15-performance/04-perfetto-analysis.md	Q1	Perfetto 由哪些部分组成，为什么跨线程、跨进程的时间关系问题要优先用它而不是日志和单次堆栈？
15-performance/16-perfetto-analysis.md	Q2	15-performance/04-perfetto-analysis.md	Q2	`traced` 与 `traced_probes` 在采集链路中各负责什么？为什么不能说 `traced_probes` 以 root 运行？
15-performance/16-perfetto-analysis.md	Q3	15-performance/04-perfetto-analysis.md	Q3	从 Android 9 到 Android 12+，向 `perfetto` CLI 传入采集配置的方式有什么版本差异？
15-performance/16-perfetto-analysis.md	Q4	15-performance/04-perfetto-analysis.md	Q4	`TraceConfig` 的 `fill_policy` 与 long trace 写盘字段分别决定什么？
15-performance/16-perfetto-analysis.md	Q5	15-performance/04-perfetto-analysis.md	Q5	常见 data source 各有哪些版本与权限门槛？user build 上为什么有些能力抓不到？
15-performance/16-perfetto-analysis.md	Q6	15-performance/04-perfetto-analysis.md	Q6	`android.os.Trace` 的公开 API 有哪几个？同步区间、异步区间和 Counter 分别怎么正确使用？
15-performance/16-perfetto-analysis.md	Q7	15-performance/04-perfetto-analysis.md	Q7	"在 Android 13 上，`Trace.beginSection()` 的事件实际走哪条路径？""每个埋点都双写 ATrace 和 Perfetto""的说法对吗？"
15-performance/16-perfetto-analysis.md	Q8	15-performance/04-perfetto-analysis.md	Q8	Perfetto trace 里怎么找 lmkd 杀进程的证据？有哪些版本差异？
15-performance/16-perfetto-analysis.md	Q9	15-performance/04-perfetto-analysis.md	Q9	trace 太大打不开时怎么处理？为什么流水线必须固定主机工具版本？
15-performance/16-perfetto-analysis.md	Q10	15-performance/04-perfetto-analysis.md	Q10	`slice.dur`、`thread_dur` 与 Self Duration 三种时间分别是什么？为什么 NULL 不能按 0 处理？
15-performance/16-perfetto-analysis.md	Q11	15-performance/04-perfetto-analysis.md	Q11	Perfetto 的线程状态（Running/R/R+/S/D 等）从哪里来？各状态能确认什么？
15-performance/16-perfetto-analysis.md	Q12	15-performance/04-perfetto-analysis.md	Q12	线程处于 D 状态能直接判为磁盘 I/O 慢吗？`io_wait` 和 `blocked_function` 什么时候才有值？
15-performance/16-perfetto-analysis.md	Q13	15-performance/04-perfetto-analysis.md	Q13	Perfetto 的 Flow 能证明什么？读一个同步 Binder 调用要检查哪些环节？
15-performance/16-perfetto-analysis.md	Q14	15-performance/04-perfetto-analysis.md	Q14	FrameTimeline 的 Expected/Actual 与颜色编码怎么读？有哪些容易踩的边界？
15-performance/16-perfetto-analysis.md	Q15	15-performance/04-perfetto-analysis.md	Q15	state track 是什么？在 Android 13 平台上能用吗，等价替代怎么做？
15-performance/16-perfetto-analysis.md	Q16	15-performance/04-perfetto-analysis.md	Q16	线程 Running 区间很长说明什么？中断处理的时间会算到谁的头上？
15-performance/16-perfetto-analysis.md	Q17	15-performance/04-perfetto-analysis.md	Q17	"Runnable 区间变长就是调度器选错了吗？怎么量化""被唤醒到开始运行""的延迟？"
15-performance/16-perfetto-analysis.md	Q18	15-performance/04-perfetto-analysis.md	Q18	"主线程关键区间内长时间 Sleeping 怎么追？""Woken by"" 是业务源头吗？"
15-performance/16-perfetto-analysis.md	Q19	15-performance/04-perfetto-analysis.md	Q19	为什么要把线程状态裁进业务区间统计？ANR 判定和 D 状态是什么关系？
15-performance/16-perfetto-analysis.md	Q20	15-performance/04-perfetto-analysis.md	Q20	调大 `TraceConfig.buffers.size_kb` 为什么不一定解决丢包？`stats` 表应该怎么查、哪些项容易漏？
15-performance/16-perfetto-analysis.md	Q21	15-performance/04-perfetto-analysis.md	Q21	自定义指标应该选标准库、Trace Summarization 还是 v1 指标？
15-performance/16-perfetto-analysis.md	Q22	15-performance/04-perfetto-analysis.md	Q22	指标查询返回空表或需要进 CI 时，哪些结果不能直接当数值用？
15-performance/16-perfetto-analysis.md	Q23	15-performance/04-perfetto-analysis.md	Q23	把 Perfetto 查询放进 CI 门禁时，怎么避免诊断配置污染测量？埋点开销怎么治理？
15-performance/16-perfetto-analysis.md	Q24	15-performance/04-perfetto-analysis.md	Q24	`android_input_events` 与 `android.input.inputevent` 的三张原始视图是什么关系？为什么不能桥接？
15-performance/16-perfetto-analysis.md	Q25	15-performance/04-perfetto-analysis.md	Q25	`android_input_events` 的四段延迟和 `end_to_end_latency_dur` 分别怎么定义？怎么解读分段异常？
15-performance/16-perfetto-analysis.md	Q26	15-performance/04-perfetto-analysis.md	Q26	"标准库把输入事件关联到帧的规则是什么？哪些情况会给出""不可信""的帧关联？"
15-performance/16-perfetto-analysis.md	Q27	15-performance/04-perfetto-analysis.md	Q27	InputDispatcher 的 `iq`、`oq`、`wq` 队列计数器在 trace 里长什么样？怎么把采样点变成区间？
15-performance/16-perfetto-analysis.md	Q28	15-performance/04-perfetto-analysis.md	Q28	分析输入 ANR 时，为什么 `android_input_events` 里可能没有卡住的那个事件？正确的证据组合是什么？
15-performance/16-perfetto-analysis.md	Q29	15-performance/04-perfetto-analysis.md	Q29	"tracepoint 和 tracer 有什么区别？""function / function_graph / tracepoint 三种模式""的说法准确吗？"
15-performance/16-perfetto-analysis.md	Q30	15-performance/04-perfetto-analysis.md	Q30	某条轨道没有数据时，按什么顺序排查最快？
15-performance/16-perfetto-analysis.md	Q31	15-performance/04-perfetto-analysis.md	Q31	`SPAN_JOIN` 的输入要满足什么条件？违反约束会怎样？各变体怎么选？
15-performance/16-perfetto-analysis.md	Q32	15-performance/04-perfetto-analysis.md	Q32	Binder 客户端调用耗时长，怎么区分是服务端执行慢还是客户端在等调度？
15-performance/16-perfetto-analysis.md	Q33	15-performance/04-perfetto-analysis.md	Q33	"为什么启动时间不要用 ""bindApplication 到第一个 doFrame"" 手工拼 slice？标准库提供了什么？"
15-performance/16-perfetto-analysis.md	Q34	15-performance/04-perfetto-analysis.md	Q34	`android_jank_cuj` 为什么看不到第三方 App 的 CUJ？系统 CUJ 指标的输入和第三方路径分别是什么？
15-performance/16-perfetto-analysis.md	Q35	15-performance/04-perfetto-analysis.md	Q35	"分析一帧""慢""，怎么把 doFrame、FrameTimeline、锁与调度证据拼起来？哪些时间不能相加？"
15-performance/17-perfetto-advanced.md	Q1	15-performance/15-perfetto-advanced.md	Q1	用 Perfetto 分析卡顿时，原生 system trace、pprof、Simpleperf protobuf 与 linux.perf 四种输入在 Trace Processor 中各落在哪些表，能各自证明什么？
15-performance/17-perfetto-advanced.md	Q2	15-performance/15-perfetto-advanced.md	Q2	用 Simpleperf 生成 Perfetto 可导入的 protobuf 时，为什么漏掉 --show-callchain 之后火焰图只剩叶节点？
15-performance/17-perfetto-advanced.md	Q3	15-performance/15-perfetto-advanced.md	Q3	"为什么""trace 文件能否被新版 Perfetto 打开""和""设备能否录到 linux.perf""是两条独立版本线？Android 13 设备怎么录 CPU 采样？"
15-performance/17-perfetto-advanced.md	Q4	15-performance/15-perfetto-advanced.md	Q4	火焰图里一个调度函数 cumulative 很宽而 self 很窄，说明什么？火焰图宽度能当执行时长读吗？
15-performance/17-perfetto-advanced.md	Q5	15-performance/15-perfetto-advanced.md	Q5	录好的 trace 里函数名是地址或混淆名，怎么补 native 符号与 R8 映射？
15-performance/17-perfetto-advanced.md	Q6	15-performance/15-perfetto-advanced.md	Q6	Perfetto 里 CPU 频率数据从哪三条采集路径来？频率轨道开头留白说明什么？
15-performance/17-perfetto-advanced.md	Q7	15-performance/15-perfetto-advanced.md	Q7	Perfetto 的 CPU 频率轨能当硬件实测时钟读吗？文档和实现有什么出入？
15-performance/17-perfetto-advanced.md	Q8	15-performance/15-perfetto-advanced.md	Q8	怎样用 SQL 把 CPU 频率还原成时间区间并与目标线程的 Running 区间求交？为什么分区键必须用 ucpu？
15-performance/17-perfetto-advanced.md	Q9	15-performance/15-perfetto-advanced.md	Q9	"冷启动时关键线程长时间低频 Running，能直接得出""governor 调频响应慢""吗？"
15-performance/17-perfetto-advanced.md	Q10	15-performance/15-perfetto-advanced.md	Q10	连续渲染负载与后台批处理，频率分析的关注点有什么不同？
15-performance/17-perfetto-advanced.md	Q11	15-performance/15-perfetto-advanced.md	Q11	Android 13 上 App 窗口的 dequeueBuffer 什么时候会等？一条长 dequeue slice 应该怎么读？
15-performance/17-perfetto-advanced.md	Q12	15-performance/15-perfetto-advanced.md	Q12	怎样从 FrameTimeline 选出 Buffer Stuffing 候选帧？为什么 on_time_finish=1 也可能出现 Buffer Stuffing？
15-performance/17-perfetto-advanced.md	Q13	15-performance/15-perfetto-advanced.md	Q13	"QueuedBuffer、BufferTX 与 BufferQueueCore::mQueue.size() 三种""积压""信号有什么区别？"
15-performance/17-perfetto-advanced.md	Q14	15-performance/15-perfetto-advanced.md	Q14	判断 BufferQueue 背压为什么必须成组取证？哪四类等待容易被混为一谈？
15-performance/17-perfetto-advanced.md	Q15	15-performance/15-perfetto-advanced.md	Q15	多 Surface 页面分析 BufferQueue 阻塞时，为什么必须先理清队列拓扑？thread_state 怎样裁切才可信？
15-performance/17-perfetto-advanced.md	Q16	15-performance/15-perfetto-advanced.md	Q16	"Agent 辅助分析 trace 时，为什么 scratchpad 必须把""已验证事实""和""假设""分开存放？"
15-performance/17-perfetto-advanced.md	Q17	15-performance/15-perfetto-advanced.md	Q17	Agent 写 Perfetto SQL 之前必须固定什么？哪些口径错误会让语法正确的查询给出误导结果？
15-performance/17-perfetto-advanced.md	Q18	15-performance/15-perfetto-advanced.md	Q18	长 slice 的 dur 等于 CPU 执行时间吗？怎样用 thread_state 把可疑长 slice 的调查方向定下来？
15-performance/17-perfetto-advanced.md	Q19	15-performance/15-perfetto-advanced.md	Q19	Agent 的开放性 trace 调查按哪六类方向组织？什么时候应该停止归因？
15-performance/17-perfetto-advanced.md	Q20	15-performance/15-perfetto-advanced.md	Q20	android.os.Trace/ATrace_\*、Perfetto SDK 的 track_event 与 custom data source 三层埋点怎么选？
15-performance/17-perfetto-advanced.md	Q21	15-performance/15-perfetto-advanced.md	Q21	应用用 Perfetto SDK 起一个 in-process session，有哪些容易踩错的关键点？
15-performance/17-perfetto-advanced.md	Q22	15-performance/15-perfetto-advanced.md	Q22	应用以 system backend 充当 Perfetto producer 时，权限边界在哪里？Android 13 与 Android 17 有什么差别？
15-performance/17-perfetto-advanced.md	Q23	15-performance/15-perfetto-advanced.md	Q23	custom data source 的生命周期回调各有什么约束？停止协议为什么要异步确认？
15-performance/17-perfetto-advanced.md	Q24	15-performance/15-perfetto-advanced.md	Q24	Perfetto SDK 的 startup tracing 与 trigger 分别解决什么问题？为什么故障后才启动 trace 看不到故障前？
15-performance/17-perfetto-advanced.md	Q25	15-performance/15-perfetto-advanced.md	Q25	应用集成了 Perfetto SDK 后，它的 TrackEvent 会自动出现在 ProfilingManager 的 system trace 结果里吗？
15-performance/17-perfetto-advanced.md	Q26	15-performance/15-perfetto-advanced.md	Q26	FrameTimeline 的 Expected slice 宽度等于刷新周期吗？Android 13 是怎么计算唤醒时间的？
15-performance/17-perfetto-advanced.md	Q27	15-performance/15-perfetto-advanced.md	Q27	FrameTracer 的 trace 里缺少某个帧事件（如 AcquireFenceSignaled 或 RELEASE_FENCE），能说明什么、不能说明什么？
15-performance/17-perfetto-advanced.md	Q28	15-performance/15-perfetto-advanced.md	Q28	FrameTracer 数据经 importer 生成的 APP\_、GPU\_、SF\_、Display\_ 四类 phase 各量什么？哪些误读最常见？
15-performance/17-perfetto-advanced.md	Q29	15-performance/15-perfetto-advanced.md	Q29	API 33 的 Choreographer.postVsyncCallback 与 FrameData 怎么用？Android 13 上要注意什么？
15-performance/17-perfetto-advanced.md	Q30	15-performance/15-perfetto-advanced.md	Q30	统计 FrameTimeline 的 jank 时，为什么应该用 jank_tag 而不是自己解析 jank_type 字符串？Android 13 与 17 的分类有什么差别？
15-performance/18-apm-platform.md	Q1	15-performance/18-apm-platform.md	Q1	应用上线后的性能问题由哪四类工具能力分层处理？为什么客户端 APM、官方信号、线下诊断和 Benchmark 不能互相替代？
15-performance/18-apm-platform.md	Q2	15-performance/18-apm-platform.md	Q2	把 Android vitals、Firebase Performance 与自建 APM 的同类发生率放进同一看板时，为什么不能强求数值一致？上线前要先固定哪些数据合同要素？
15-performance/18-apm-platform.md	Q3	15-performance/18-apm-platform.md	Q3	Firebase Performance 的 `_app_start` 从什么时刻计到什么时刻？为什么它不能当进程启动或首屏完整耗时用？
15-performance/18-apm-platform.md	Q4	15-performance/18-apm-platform.md	Q4	Firebase 自动 screen trace 的 slow/frozen frame 阈值和汇总口径是什么？为什么 120 Hz 设备上的卡顿可能被低估？
15-performance/18-apm-platform.md	Q5	15-performance/18-apm-platform.md	Q5	接入 Firebase Performance 时，为什么关掉运行时采集仍可能继续执行构建期插桩？两套开关分别怎么配？
15-performance/18-apm-platform.md	Q6	15-performance/18-apm-platform.md	Q6	Firebase Performance 记录到的事件为什么不一定出现在控制台？采样、限流、时效与告警门槛各怎么影响解读？
15-performance/18-apm-platform.md	Q7	15-performance/18-apm-platform.md	Q7	选型 Sentry、APMPlus、Bugly 这类商业 APM 时，为什么功能清单不足以形成验收结论？以 Sentry 的 UI profiling 为例说明版本分支风险。
15-performance/18-apm-platform.md	Q8	15-performance/18-apm-platform.md	Q8	androidx.tracing 2.0 的进程内 `Tracer` 与经典 `trace {}` 为什么是两条路径而不是替代关系？
15-performance/18-apm-platform.md	Q9	15-performance/18-apm-platform.md	Q9	非 debuggable 进程里 `Trace.isEnabled()` 返回 true 需要什么条件？各 API 段允许应用写 trace 的前提有什么差别？
15-performance/18-apm-platform.md	Q10	15-performance/18-apm-platform.md	Q10	"btrace 3.0 用""运行时 Hook + 同步抓栈""采集方法栈——为什么调小 `-sampleInterval` 也不能保证固定周期采样？`-m` 参数最常见的误解是什么？"
15-performance/18-apm-platform.md	Q11	15-performance/18-apm-platform.md	Q11	btrace 的开源 Android 产物为什么不能直接接入 Android 17 / API 37 生产项目？维护 source fork 至少要验收什么？
15-performance/18-apm-platform.md	Q12	15-performance/18-apm-platform.md	Q12	Matrix 2.1.0 的 Gradle 插件为什么在 AGP 8+ 工程无法工作？评估 Matrix 时运行时模块和构建插件为什么要拆开？
15-performance/18-apm-platform.md	Q13	15-performance/18-apm-platform.md	Q13	"Trace Canary 的方法调用树报告依赖哪两份映射文件？插桩失效时报告会出现什么""假象""？"
15-performance/18-apm-platform.md	Q14	15-performance/18-apm-platform.md	Q14	LeakCanary 2.14 默认自动观察哪几类对象？为什么 Service watcher 被列为高版本验证重点？
15-performance/18-apm-platform.md	Q15	15-performance/18-apm-platform.md	Q15	LeakCanary 把泄漏分为 Application Leak 与 Library Leak 的依据是什么？给自家问题挂 matcher 会造成什么后果？
15-performance/18-apm-platform.md	Q16	15-performance/18-apm-platform.md	Q16	为什么 LeakCanary 的完整能力（自动 dump、分析、通知）只能进 debug 变体？线上要用 heap 分析时要处理哪些问题？
15-performance/18-apm-platform.md	Q17	15-performance/18-apm-platform.md	Q17	KOOM 的 java/native/thread leak 三个模块各判定什么？公共版本的 API 与 ABI 门槛怎么限制接入？
15-performance/18-apm-platform.md	Q18	15-performance/18-apm-platform.md	Q18	KOOM 用 fork 子进程写 Hprof 来降低主进程停顿——为什么诊断动作本身仍可能加速进程退出？自动路径产出的 Hprof 会脱敏吗？
15-performance/18-apm-platform.md	Q19	15-performance/18-apm-platform.md	Q19	"DoKit 的""断网""""超时""与 Mock 模式为什么都会先发出真实请求？哪些接口绝对不能用它们测试？"
15-performance/18-apm-platform.md	Q20	15-performance/18-apm-platform.md	Q20	DoKit 性能浮窗的 FPS、CPU、内存、卡顿读数各来自什么数据源？为什么浮窗数值不能当版本级性能结论？
15-performance/18-apm-platform.md	Q21	15-performance/18-apm-platform.md	Q21	在 API 37 工程里接入 DoKit 3.7.11 有哪些硬边界？Release 隔离最终以什么为准？
15-performance/18-apm-platform.md	Q22	15-performance/18-apm-platform.md	Q22	Measure APM 在 Android 17 上支持 OOM 自动 heap dump 吗？它的会话与采集模型有哪些边界？
15-performance/18-apm-platform.md	Q23	15-performance/18-apm-platform.md	Q23	BlockCanary 检测主线程卡顿的采样窗口是怎么安排的？为什么阈值内前段的热点可能完全错过？
15-performance/18-apm-platform.md	Q24	15-performance/18-apm-platform.md	Q24	"Collie 的 FPS、""ANR""、启动与泄漏监控里有哪些口径陷阱？为什么这些实现只能当反例教学？"
15-performance/18-apm-platform.md	Q25	15-performance/18-apm-platform.md	Q25	评估 AndroidGodEye、Rabbit 这类历史开源 APM 要看哪四个维度？把它们的旧能力迁到现代 Android 时怎么映射？
15-performance/18-apm-platform.md	Q26	15-performance/18-apm-platform.md	Q26	Microbenchmark 里手工加一万次循环、循环内打日志、返回值没人用分别测错了什么？warmup 与 AOT 口径为什么必须写进报告？
15-performance/18-apm-platform.md	Q27	15-performance/18-apm-platform.md	Q27	Macrobenchmark 为什么必须用独立的 `com.android.test` 模块和 non-debuggable 且 profileable 的目标应用？setupBlock 与 measureBlock 各承担什么？
15-performance/18-apm-platform.md	Q28	15-performance/18-apm-platform.md	Q28	"为什么""生成 Baseline Profile""和""验证 Baseline Profile 收益""是两项任务？生成环境与验证实验各有什么要求？"
15-performance/18-apm-platform.md	Q29	15-performance/18-apm-platform.md	Q29	`FrameTimingMetric` 的三个输出怎么读？`TraceSectionMetric` 默认 `Mode.Sum` 的陷阱是什么？
15-performance/18-apm-platform.md	Q30	15-performance/18-apm-platform.md	Q30	把 Benchmark 接进 CI 门禁时，为什么不能照搬单元测试的 pass/fail？门禁阈值应该怎么定？
15-performance/19-apm-internals.md	Q1	15-performance/19-apm-internals.md	Q1	PerfDog 不要求被测 App 接入 SDK 也不要求设备 root，为什么仍不能用它代替线上 APM 和系统 trace 做根因定位？
15-performance/19-apm-internals.md	Q2	15-performance/19-apm-internals.md	Q2	PerfDog 的 Jank 用固定的 24 FPS 门槛判定，为什么在 120 Hz 屏幕上不能把这套 Jank 计数直接当系统卡顿分类使用？
15-performance/19-apm-internals.md	Q3	15-performance/19-apm-internals.md	Q3	用 PerfDog 做功耗回归时为什么必须在 Wi-Fi 模式下拔掉 USB 采集 Battery Power？发现帧率退化后怎样组合证据判断是热降频？
15-performance/19-apm-internals.md	Q4	15-performance/19-apm-internals.md	Q4	"Geekbench、3DMark、安兔兔、PCMark 的分数在什么条件下才能放进同一组比较？""多核分数高所以多开线程一定快""错在哪里？"
15-performance/19-apm-internals.md	Q5	15-performance/19-apm-internals.md	Q5	做机型分层时为什么应保存分项能力向量而不是一个综合档位？Media Performance Class 能当作档位标准吗？
15-performance/19-apm-internals.md	Q6	15-performance/19-apm-internals.md	Q6	"网络 APM 说""无侵入""，采集器实际插在哪里？为什么只记一个 attempt 数组的 schema 在 HTTP/2 和重试场景会失真？"
15-performance/19-apm-internals.md	Q7	15-performance/19-apm-internals.md	Q7	"用 OkHttp EventListener 采集网络指标时，哪些事件序列例外会破坏""一次 call 一条记录""的假设？注册为什么必须用 eventListenerFactory 而不是 eventListener？"
15-performance/19-apm-internals.md	Q8	15-performance/19-apm-internals.md	Q8	"网络 APM 的 Exchange TTFB 和 post-send wait 应该怎么计算？""connectStart 到 connectEnd 就是 TCP 握手""为什么是错的？"
15-performance/19-apm-internals.md	Q9	15-performance/19-apm-internals.md	Q9	对 HttpURLConnection、Cronet 和纯 Native 网络库，网络 APM 分别能捕获到什么程度？
15-performance/19-apm-internals.md	Q10	15-performance/19-apm-internals.md	Q10	网络 APM 的脱敏为什么必须在端侧生成内存样本之前完成？事件回调里哪些操作必须禁止？
15-performance/19-apm-internals.md	Q11	15-performance/19-apm-internals.md	Q11	APM 代理 Thread.setDefaultUncaughtExceptionHandler 时，为什么必须保存并继续调用 previous handler？多个 SDK 各自接管会出什么问题？
15-performance/19-apm-internals.md	Q12	15-performance/19-apm-internals.md	Q12	"Native 崩溃的 signal handler 里为什么只能做""读取上下文并通知外部进程""这一件事？"
15-performance/19-apm-internals.md	Q13	15-performance/19-apm-internals.md	Q13	从崩溃采集的视角看，为什么三方 APM 不能轮询 /data/anr、注册 SIGQUIT handler 或 Hook ART SignalCatcher 来抓系统 ANR？
15-performance/19-apm-internals.md	Q14	15-performance/19-apm-internals.md	Q14	用 ApplicationExitInfo 补采集崩溃与 ANR 证据时有哪些字段语义陷阱？Android 13 与 Android 17 的能力差在哪里？
15-performance/19-apm-internals.md	Q15	15-performance/19-apm-internals.md	Q15	GWP-ASan 为什么能以极低开销在线上抓到 heap use-after-free？Android 13 与 Android 17 的默认行为差在哪里？
15-performance/19-apm-internals.md	Q16	15-performance/19-apm-internals.md	Q16	监控线上 OOM 时为什么先要区分失败的资源？哪些信号必须靠正常运行期预采样而不是崩溃时抓取？
15-performance/19-apm-internals.md	Q17	15-performance/19-apm-internals.md	Q17	"耗电 APM 为什么不能把""方法执行了多久""换算成 mAh？应该记录哪三层证据？"
15-performance/19-apm-internals.md	Q18	15-performance/19-apm-internals.md	Q18	"线上监控 WakeLock 时为什么要区分""申请过、当前持有、最终释放""？Android 13 的 WakeLock 对象有哪些必须写进模型的语义？"
15-performance/19-apm-internals.md	Q19	15-performance/19-apm-internals.md	Q19	追踪 Alarm 的耗电影响时为什么要把设置、接受、取消、投递分成四个事件？精确 Alarm 权限在 Android 12 到 17 之间怎么变化？
15-performance/19-apm-internals.md	Q20	15-performance/19-apm-internals.md	Q20	BatteryManager 的电流、电荷、能量属性在 Android 13 上语义是什么？为什么不能用它给单个方法计费？
15-performance/19-apm-internals.md	Q21	15-performance/19-apm-internals.md	Q21	Thermal status 与 thermal headroom 分别适合驱动什么决策？Android 13 上这套 API 覆盖到什么程度？
15-performance/19-apm-internals.md	Q22	15-performance/19-apm-internals.md	Q22	"WebView 页面的""加载完成""有哪几个互不相同的口径？为什么不能从 loadEventEnd 推导一个 TTI？"
15-performance/19-apm-internals.md	Q23	15-performance/19-apm-internals.md	Q23	WebView 的 performance.now() 与 Flutter FrameTiming 的 raw timestamp 都不能直接和 elapsedRealtime 对齐，正确做法分别是什么？
15-performance/19-apm-internals.md	Q24	15-performance/19-apm-internals.md	Q24	H5 白屏检测为什么要组合生命周期、DOM 和像素三类信号？PixelCopy 失败时样本应该怎么记？
15-performance/19-apm-internals.md	Q25	15-performance/19-apm-internals.md	Q25	WebView renderer 退出和无响应分别通过什么 API 感知？为什么 renderer 崩溃不会触发 App 的 crash handler？
15-performance/19-apm-internals.md	Q26	15-performance/19-apm-internals.md	Q26	监控 JSBridge 时为什么应优先用 addWebMessageListener？addJavascriptInterface 在 Android 13 上有哪些必须写进设计的边界？
15-performance/19-apm-internals.md	Q27	15-performance/19-apm-internals.md	Q27	为什么 Android 侧的 JankStats 和主线程监控看不到 Flutter 页面的卡顿根因？Flutter 版本升级对 APM 的线程模型有什么影响？
15-performance/19-apm-internals.md	Q28	15-performance/19-apm-internals.md	Q28	"千万级 DAU 的 APM 端侧 SDK 必须守住哪三条硬约束？为什么说""千万级""改变的是发布风险而不是队列大小？"
15-performance/19-apm-internals.md	Q29	15-performance/19-apm-internals.md	Q29	"用 Channel.trySend() 做 APM 事件入口时""立即返回""和""无锁""是什么关系？为什么普通 FIFO 队列保护不了崩溃证据？"
15-performance/19-apm-internals.md	Q30	15-performance/19-apm-internals.md	Q30	"APM 本地 spool 为什么要求单写者和""只上传 sealed 文件""？多进程 App 与进程被杀分别怎么处理？"
15-performance/19-apm-internals.md	Q31	15-performance/19-apm-internals.md	Q31	"用 mmap 写 APM 日志为什么不能想当然地获得""crash-safe""？force()、SIGBUS 和文件格式各自解决什么问题？"
15-performance/19-apm-internals.md	Q32	15-performance/19-apm-internals.md	Q32	"远程下发""重取证""指令（trace、heap dump）时，普通发布 App 的能力上限在哪里？指令从接收到执行要过哪些校验？"
